Date,Open,High,Low,Close,Volume
2019-01-02 00:00:00+00:00,36.78413837044897,37.7245827857424,36.62739703060972,37.503719329833984,148158800
2019-01-03 00:00:00+00:00,34.19317161474013,34.60639781423897,33.72295119720163,33.76807403564453,365248800
2019-01-04 00:00:00+00:00,34.32379724419946,35.27849047559891,34.1504337518255,35.209617614746094,234428400
2019-01-07 00:00:00+00:00,35.3141057597988,35.34498004544206,34.64914539714357,35.13124084472656,219111200
2019-01-08 00:00:00+00:00,35.51834447775036,36.05506423362693,35.271361057087084,35.80095291137695,164101200
2019-01-09 00:00:00+00:00,35.929194550467045,36.69864919303754,35.534971211573676,36.40891647338867,180396400
2019-01-10 00:00:00+00:00,36.21654426234322,36.565648290377936,35.82706812801261,36.52527618408203,143122800
2019-01-11 00:00:00+00:00,36.30680629526423,36.501542638359126,35.98144849990563,36.16668701171875,108092800
2019-01-14 00:00:00+00:00,35.824712768467144,35.924456309448,35.437609988385816,35.62284851074219,129756800
2019-01-15 00:00:00+00:00,35.68696444823326,36.42791840883774,35.634717322934954,36.351924896240234,114843600
2019-01-16 00:00:00+00:00,36.35429336518652,37.01925372022599,36.33529408375769,36.796016693115234,122278800
2019-01-17 00:00:00+00:00,36.62028785981504,37.44198983365644,36.397050760758674,37.0145149230957,119284800
2019-01-18 00:00:00+00:00,37.40397730943639,37.49422298571699,37.042998228056234,37.242488861083984,135004000
2019-01-22 00:00:00+00:00,37.14511631915699,37.221109811985436,36.24504404145378,36.40653610229492,121576000
2019-01-23 00:00:00+00:00,36.608400270150376,36.8435122960888,36.02656133084995,36.55377960205078,92522400
2019-01-24 00:00:00+00:00,36.59890508773824,36.68677359804413,36.036065388764655,36.2640495300293,101766000
2019-01-25 00:00:00+00:00,36.92425809596469,37.5535970765076,36.6487775687618,37.46572494506836,134142000
2019-01-28 00:00:00+00:00,36.99786810096469,37.126112312913,36.49202640019958,37.118988037109375,104768400
2019-01-29 00:00:00+00:00,37.10712999950282,37.553604147254646,36.59891089197935,36.734275817871094,166348800
2019-01-30 00:00:00+00:00,38.76951665488747,39.458223311358054,38.05230926781852,39.24448776245117,244439200
2019-01-31 00:00:00+00:00,39.4487289349215,40.13506210044691,39.080625569606816,39.527099609375,162958400
2019-02-01 00:00:00+00:00,39.65059102884413,40.130309255024635,39.405977566123646,39.54609680175781,130672400
2019-02-04 00:00:00+00:00,39.757463103861134,40.76677685151774,39.72658881786463,40.66940689086914,125982000
2019-02-05 00:00:00+00:00,41.051766667858935,41.57898506305087,40.93065029956902,41.3652458190918,144406400
2019-02-06 00:00:00+00:00,41.476860058781234,41.695350007409324,41.04938886264292,41.379493713378906,112958400
2019-02-07 00:00:00+00:00,40.94251782527925,41.30824769496477,40.45329804715444,40.59579086303711,126966800
2019-02-08 00:00:00+00:00,40.30480305960627,40.70310440951638,40.168853996357676,40.64347839355469,95280000
2019-02-11 00:00:00+00:00,40.79613874916217,40.83430028954994,40.36683051801173,40.409759521484375,83973600
2019-02-12 00:00:00+00:00,40.5695636403469,40.784215952805525,40.474159782032444,40.75798034667969,89134000
2019-02-13 00:00:00+00:00,40.877214588225634,41.1371831649396,40.52661329551529,40.588623046875,89960800
2019-02-14 00:00:00+00:00,40.47652361789425,40.84620198114671,40.39781684528093,40.73649215698242,87342800
2019-02-15 00:00:00+00:00,40.84382522454604,40.951151336695425,40.48606909119235,40.64586639404297,98507200
2019-02-19 00:00:00+00:00,40.47652261820741,40.88913359236876,40.42405143776113,40.767494201660156,75891200
2019-02-20 00:00:00+00:00,40.82951887269788,41.33753378782997,40.781818778905716,41.02986145019531,104457600
2019-02-21 00:00:00+00:00,40.97501734607539,41.11096283125137,40.61726108922249,40.79852294921875,68998800
2019-02-22 00:00:00+00:00,40.922542033388446,41.26121748586465,40.874841931781916,41.25406265258789,75652800
2019-02-25 00:00:00+00:00,41.537879662607395,41.945719682081254,41.48779219461515,41.55457305908203,87493600
2019-02-26 00:00:00+00:00,41.430551160576144,41.809771827642344,41.30175690127716,41.57842254638672,68280800
2019-02-27 00:00:00+00:00,41.31131161705293,41.738232508280774,41.196826987602115,41.70722579956055,111341600
2019-02-28 00:00:00+00:00,41.5760424809069,41.71675904686079,41.242134508972,41.29698944091797,112861600
2019-03-01 00:00:00+00:00,41.56649922650965,41.773996653747055,41.234978633444705,41.7310676574707,103544800
2019-03-04 00:00:00+00:00,41.90279457840128,42.394112543739396,41.4925671504077,41.940956115722656,109744800
2019-03-05 00:00:00+00:00,41.962415400636054,41.97672506553204,41.62850744949889,41.864627838134766,78949600
2019-03-06 00:00:00+00:00,41.65951913111731,41.85509427950601,41.4854121219237,41.62374496459961,83241600
2019-03-07 00:00:00+00:00,41.46870577446307,41.60465485527707,41.02747538290695,41.1419563293457,99185600
2019-03-08 00:00:00+00:00,40.622021328865515,41.27790762437119,40.42644621389484,41.23974609375,95997600
2019-03-11 00:00:00+00:00,41.85509203085361,42.72085956762917,41.82170159746949,42.66838836669922,128044000
2019-03-12 00:00:00+00:00,42.93074174869042,43.56754731458191,42.7804829879991,43.14778137207031,129870400
2019-03-13 00:00:00+00:00,43.46737934842093,43.71780942231808,43.15016840672244,43.33858871459961,124130000
2019-03-14 00:00:00+00:00,43.86090353758059,43.90860727009879,43.54130890969814,43.82035827636719,94318000
2019-03-15 00:00:00+00:00,44.08749085728255,44.67898009371108,43.82275112158004,44.39038848876953,156171600
2019-03-18 00:00:00+00:00,44.31405327937814,44.931777896307814,44.31166590973371,44.84353256225586,104879200
2019-03-19 00:00:00+00:00,44.92224984377744,45.074892326124115,44.34268297347357,44.4881706237793,126585600
2019-03-20 00:00:00+00:00,44.41661922842223,45.19414495340022,44.05886306469387,44.87693405151367,124140800
2019-03-21 00:00:00+00:00,45.32054841838831,46.82550865122841,45.27046095796305,46.529762268066406,204136800
2019-03-22 00:00:00+00:00,46.58939664841029,47.14988281885893,45.501818379976086,45.56621551513672,169630800
2019-03-25 00:00:00+00:00,45.67593565660519,45.7880329159187,44.5048828613594,45.015281677246094,175381200
2019-03-26 00:00:00+00:00,45.71169986519132,46.002675178612826,44.02309028279383,44.5501823425293,199202000
2019-03-27 00:00:00+00:00,45.01765519484567,45.25854305952079,44.49294682904075,44.95087432861328,119393600
2019-03-28 00:00:00+00:00,45.065356795101245,45.210844466944145,44.72668135098658,45.010501861572266,83121600
2019-03-29 00:00:00+00:00,45.27524800364219,45.33487404742733,44.96757557971136,45.30386734008789,94256000
2019-04-01 00:00:00+00:00,45.7069457892149,45.716484356147824,44.92942338955068,45.61154556274414,111448000
2019-04-02 00:00:00+00:00,45.57574398561771,46.379505213666505,45.56620542365809,46.27456283569336,91062800
2019-04-03 00:00:00+00:00,46.090925278762874,46.866063737526034,46.06707340893333,46.5917854309082,93087200
2019-04-04 00:00:00+00:00,46.458222344190496,46.83505934250355,46.06469194760166,46.67287826538086,76457200
2019-04-05 00:00:00+00:00,46.85413541671345,47.009165284142306,46.7301122506272,46.985313415527344,74106400
2019-04-08 00:00:00+00:00,46.84698094558115,47.755681101848495,46.82790017839874,47.72467803955078,103526800
2019-04-09 00:00:00+00:00,47.7771447875635,48.380559891254,47.51717254330135,47.58156967163086,143072800
2019-04-10 00:00:00+00:00,47.38599150967466,47.87731299886768,47.266739463025445,47.848690032958984,86781200
2019-04-11 00:00:00+00:00,47.90354213237058,47.939316285825846,47.32874647163496,47.450382232666016,83603200
2019-04-12 00:00:00+00:00,47.51002699837706,47.734221486599644,46.79690190331519,47.43132019042969,111042800
2019-04-15 00:00:00+00:00,47.362151350453125,47.66505261953051,47.22620224726255,47.51717758178711,70146400
2019-04-16 00:00:00+00:00,47.57203723861774,48.027577378944855,47.35738132962048,47.521949768066406,102785600
2019-04-17 00:00:00+00:00,47.591116877015516,48.50697558632508,47.369309762567,48.447349548339844,115627200
2019-04-18 00:00:00+00:00,48.44496176516435,48.69062074842897,48.30186145878901,48.621456146240234,96783200
2019-04-22 00:00:00+00:00,48.37578991902685,48.879033745551126,48.25892159292873,48.781246185302734,77758000
2019-04-23 00:00:00+00:00,48.75739448502875,49.54922989372461,48.63098759521515,49.484832763671875,93292000
2019-04-24 00:00:00+00:00,49.45620457268247,49.72332796906071,49.38226889256231,49.408504486083984,70162400
2019-04-25 00:00:00+00:00,49.32980707961694,49.55161416212724,48.92196343723849,48.96012496948242,74172800
2019-04-26 00:00:00+00:00,48.86948347053771,48.893335333730924,48.20644243374002,48.726383209228516,74596400
2019-04-29 00:00:00+00:00,48.75023221383634,49.124685364122875,48.62144161266725,48.80031967163086,88818800
2019-04-30 00:00:00+00:00,48.43064325999435,48.51173378273669,47.4885527676354,47.860618591308594,186139600
2019-05-01 00:00:00+00:00,50.05724596672888,51.352321593970665,49.9022161048594,50.20988845825195,259309200
2019-05-02 00:00:00+00:00,50.04770517932468,50.71790119448601,49.63986515980281,49.88313674926758,127985200
2019-05-03 00:00:00+00:00,50.29813262307989,50.52471080427624,50.140719033888494,50.50324630737305,83569600
2019-05-06 00:00:00+00:00,48.723994998277156,49.80918924773549,48.535578383723276,49.72332763671875,129772400
2019-05-07 00:00:00+00:00,49.10322560559148,49.47052032079765,47.898779164566115,48.38294219970703,155054800
2019-05-08 00:00:00+00:00,48.1539710543252,48.97442565064983,48.118196898961244,48.39247512817383,105358000
2019-05-09 00:00:00+00:00,47.796231701804864,48.10151673222708,46.90422848199932,47.872554779052734,139634400
2019-05-10 00:00:00+00:00,47.26680951074046,47.60918573031847,46.1534958760035,47.209346771240234,164834800
2019-05-13 00:00:00+00:00,44.94201315243579,45.365788479732885,43.77841929201786,44.46556091308594,229722400
2019-05-14 00:00:00+00:00,44.630770853179754,45.418469654624175,44.39134823649402,45.169471740722656,146118800
2019-05-15 00:00:00+00:00,44.597257442752564,45.90929252430421,44.53740178105204,45.7105712890625,106178800
2019-05-16 00:00:00+00:00,45.46875522341543,46.08167660785888,45.2125712406131,45.509456634521484,132125600
2019-05-17 00:00:00+00:00,44.75525946053676,45.7057673600336,44.71455806184704,45.2508659362793,131516400
2019-05-20 00:00:00+00:00,43.93882624365462,44.13754739332549,43.16309588686329,43.835872650146484,154449200
2019-05-21 00:00:00+00:00,44.3458613070241,45.011455948466185,44.221360512327884,44.676265716552734,113459200
2019-05-22 00:00:00+00:00,44.2117848841149,44.4631793828225,43.70660297552515,43.76166915893555,118994400
2019-05-23 00:00:00+00:00,43.048190348330664,43.22536075947972,42.57173799121202,43.014671325683594,146118800
2019-05-24 00:00:00+00:00,43.143941678474405,43.608421998150384,42.765653620731065,42.84945297241211,94858800
2019-05-28 00:00:00+00:00,42.837496817068114,43.237332173533716,42.59568127428577,42.67229461669922,111792800
2019-05-29 00:00:00+00:00,42.23892942786569,42.94043945879135,42.138372386702336,42.46877670288086,113924800
2019-05-30 00:00:00+00:00,42.605253206009266,42.91171385804956,42.29879255396897,42.68905258178711,84873600
2019-05-31 00:00:00+00:00,42.19343784970935,42.61482390464401,41.89655620551277,41.91571044921875,108174400
2019-06-03 00:00:00+00:00,42.042604554336634,42.598063014392494,40.766481823880554,41.4919319152832,161584400
2019-06-04 00:00:00+00:00,42.00430204941067,43.05536713031265,41.78403369307506,43.0098762512207,123872000
2019-06-05 00:00:00+00:00,44.120793541794136,44.29078518409569,43.36900677323679,43.70419692993164,119093600
2019-06-06 00:00:00+00:00,43.833499019531246,44.40571900453818,43.610834056234154,44.345863342285156,90105200
2019-06-07 00:00:00+00:00,44.654712574082296,45.94998985503987,44.47754216929505,45.52621078491211,122737600
2019-06-10 00:00:00+00:00,45.9236528950948,46.77599685145349,45.87816201203644,46.108009338378906,104883600
2019-06-11 00:00:00+00:00,46.65389004356182,46.92683167348995,46.35221886941992,46.64191818237305,107731600
2019-06-12 00:00:00+00:00,46.436006506558954,46.91964111865078,46.30193045250542,46.49346923828125,73012800
2019-06-13 00:00:00+00:00,46.615577503193705,47.11596983908178,46.35221484639415,46.48389434814453,86698400
2019-06-14 00:00:00+00:00,45.86140682062975,46.34982739236637,45.56212852455843,46.14632034301758,75046000
2019-06-17 00:00:00+00:00,46.1846126421805,46.67782620889428,46.009835187677666,46.4216423034668,58676400
2019-06-18 00:00:00+00:00,46.938811023926256,47.953960716640516,46.73769687574321,47.513423919677734,106204000
2019-06-19 00:00:00+00:00,47.80790034833085,47.85578778829949,47.240469987030195,47.37454605102539,84496800
2019-06-20 00:00:00+00:00,47.973090227385484,48.03055294864719,47.41284239495067,47.755218505859375,86056000
2019-06-21 00:00:00+00:00,47.59722340535266,48.08804056701421,47.44159649134794,47.59243392944336,191202400
2019-06-24 00:00:00+00:00,47.53496145541416,47.92282855213777,47.446376262360126,47.54454040527344,72881600
2019-06-25 00:00:00+00:00,47.508624365019834,47.7073455597451,46.75683755347193,46.82387924194336,84281200
2019-06-26 00:00:00+00:00,47.35062688987037,48.12156825151583,47.25006979747753,47.83665466308594,104270000
2019-06-27 00:00:00+00:00,47.953948941552476,48.26041321777397,47.7815680377949,47.822269439697266,83598800
2019-06-28 00:00:00+00:00,47.568476416564636,47.764804685647896,47.17822009560668,47.38651657104492,124442400
2019-07-01 00:00:00+00:00,48.64349012878817,48.95952972038265,48.04014414238902,48.2556266784668,109012000
2019-07-02 00:00:00+00:00,48.222111012389796,48.63391821311523,48.21013915067002,48.53814697265625,67740800
2019-07-03 00:00:00+00:00,48.6698275650695,48.94755866772957,48.528569102842056,48.94037628173828,45448000
2019-07-05 00:00:00+00:00,48.68659222111898,49.10079233915633,48.57884911730465,48.897281646728516,69062000
2019-07-08 00:00:00+00:00,48.07845117383741,48.219709629436664,47.50383840170208,47.88930892944336,101354400
2019-07-09 00:00:00+00:00,47.69299130442526,48.246057043195734,47.59961661675362,48.18141555786133,82312000
2019-07-10 00:00:00+00:00,48.32744769253809,48.77755964433517,48.258013100706,48.6578483581543,71588400
2019-07-11 00:00:00+00:00,48.67701126809106,48.93558813067086,48.29393727609442,48.30351257324219,80767200
2019-07-12 00:00:00+00:00,48.471114683238646,48.84222052079679,48.41125902083571,48.674625396728516,70380800
2019-07-15 00:00:00+00:00,48.86375644132579,49.28992836732956,48.84220928460961,49.13191223144531,67789600
2019-07-16 00:00:00+00:00,48.983472665475254,49.34739606869253,48.722502887977654,48.9619255065918,67467200
2019-07-17 00:00:00+00:00,48.85418720836417,49.10318513012988,48.667437853715064,48.68659210205078,56430000
2019-07-18 00:00:00+00:00,48.84221213411293,49.29232780714967,48.770384620902945,49.239654541015625,74162400
2019-07-19 00:00:00+00:00,49.2707788735222,49.440770539487346,48.449561048653315,48.5046272277832,83717200
2019-07-22 00:00:00+00:00,48.75840736425008,49.61554064622825,48.74883206842125,49.6131477355957,89111600
2019-07-23 00:00:00+00:00,49.91002899056307,50.01776841303781,49.62990137751102,50.001007080078125,73420800
2019-07-24 00:00:00+00:00,49.72090068663171,50.075245181428414,49.601189363077445,49.960323333740234,59966400
2019-07-25 00:00:00+00:00,50.0129885793759,50.09678795373076,49.49583486785246,49.565269470214844,55638400
2019-07-26 00:00:00+00:00,49.6754072312038,50.21410815935007,49.59400441218691,49.7376594543457,70475600
2019-07-29 00:00:00+00:00,49.910033358512514,50.4319728369032,49.90524388391939,50.202125549316406,86693600
2019-07-30 00:00:00+00:00,49.9818514561341,50.31704522638405,49.63468948072739,49.98664093017578,135742800
2019-07-31 00:00:00+00:00,51.81584139677293,53.00098259885539,50.58999878893159,51.006591796875,277125600
2019-08-01 00:00:00+00:00,51.21249694274107,52.20131353212769,49.4982337605151,49.902854919433594,216071600
2019-08-02 00:00:00+00:00,49.20853077764251,49.42400967424095,48.274784021316925,48.84700393676758,163448400
2019-08-05 00:00:00+00:00,47.40328781920137,47.561303978461524,46.108010514374186,46.28997039794922,209572000
2019-08-06 00:00:00+00:00,47.001046156589894,47.42243223605077,46.45755587635723,47.1662483215332,143299200
2019-08-07 00:00:00+00:00,46.78557668796127,47.77917913440648,46.404895585633525,47.65467834472656,133457600
2019-08-08 00:00:00+00:00,47.93241159599385,48.72968942224073,47.738479842936414,48.705745697021484,108038000
2019-08-09 00:00:00+00:00,48.378892379334594,48.72977548121816,47.89582211277538,48.30438995361328,98478800
2019-08-12 00:00:00+00:00,47.975122589913205,48.55913186457045,47.862166138995526,48.18180847167969,89927600
2019-08-13 00:00:00+00:00,48.31159207921757,50.9840856450634,48.18181060480173,50.222232818603516,188874000
2019-08-14 00:00:00+00:00,48.825904511255764,49.61419405795877,48.68891335806939,48.72736740112305,146189600
2019-08-15 00:00:00+00:00,48.89800235789184,49.30175878721862,47.98714105517574,48.4846305847168,108909600
2019-08-16 00:00:00+00:00,49.09507082514442,49.78722886579138,48.989324050359016,49.62860870361328,110481600
2019-08-19 00:00:00+00:00,50.61877729536903,51.12587848929439,50.47698214806522,50.553890228271484,97654400
2019-08-20 00:00:00+00:00,50.68127111152873,51.274892121646914,50.54668562484565,50.556297302246094,107537200
2019-08-21 00:00:00+00:00,51.18837344081834,51.34698995795277,50.85431171958834,51.10425567626953,86141600
2019-08-22 00:00:00+00:00,51.23643854407338,51.536853889289645,50.65002720346251,51.060997009277344,89014800
2019-08-23 00:00:00+00:00,50.33278606566632,50.96245911325128,48.306786768888905,48.700931549072266,187272000
2019-08-26 00:00:00+00:00,49.474802566101914,49.79444493377358,49.28253601154714,49.62621307373047,104174400
2019-08-27 00:00:00+00:00,49.95546709208185,50.12129694945658,48.91482789577303,49.06623840332031,103493200
2019-08-28 00:00:00+00:00,49.0518153700021,49.441152454824554,48.86435650196321,49.39548873901367,63755200
2019-08-29 00:00:00+00:00,50.109281524994124,50.306355759343454,49.667070999812736,50.231849670410156,83962000
2019-08-30 00:00:00+00:00,50.508233068974185,50.57792781692434,49.79684790345952,50.166961669921875,84573600
2019-09-03 00:00:00+00:00,49.611789494397975,49.74397297835489,49.08065722319765,49.43634796142578,80092000
2019-09-04 00:00:00+00:00,50.082834187024794,50.344795442434986,49.825680603113376,50.27510070800781,76752400
2019-09-05 00:00:00+00:00,50.95043926969008,51.42389411665541,50.832675141759566,51.25806427001953,95654800
2019-09-06 00:00:00+00:00,51.44312995297315,51.53205173117485,51.07301615444194,51.253265380859375,77449200
2019-09-09 00:00:00+00:00,51.63298798303403,52.017521111519436,50.72693789572652,51.47196578979492,109237600
2019-09-10 00:00:00+00:00,51.397459068892765,52.09922885258903,50.88074615868259,52.08000183105469,127111600
2019-09-11 00:00:00+00:00,52.40926543357923,53.764739433347756,52.32754966606249,53.735897064208984,177158400
2019-09-12 00:00:00+00:00,54.02670011962347,54.4160372602079,53.56045488514693,53.61573028564453,128906800
2019-09-13 00:00:00+00:00,52.87310442243304,53.06296532020904,52.15691521661223,52.572689056396484,159053200
2019-09-16 00:00:00+00:00,52.32754329567108,52.904342934889065,52.286687250476454,52.849063873291016,84632400
2019-09-17 00:00:00+00:00,52.863481104937044,53.07016697794983,52.66159923635368,53.041324615478516,73274800
2019-09-18 00:00:00+00:00,53.12784858296348,53.558045380154766,52.73851149691622,53.538818359375,101360000
2019-09-19 00:00:00+00:00,53.356155255904,53.77673664416649,52.96201055873373,53.10380935668945,88242400
2019-09-20 00:00:00+00:00,53.20476016935374,53.48835049337496,52.2650600947515,52.327545166015625,221652400
2019-09-23 00:00:00+00:00,52.620754678997145,52.83465027251121,52.30832196549194,52.56547927856445,76662000
2019-09-24 00:00:00+00:00,53.12065122006928,53.471538013059494,52.19777601182611,52.31553649902344,124763200
2019-09-25 00:00:00+00:00,52.52462435934759,53.23360390363498,52.18575493970242,53.12064743041992,87613600
2019-09-26 00:00:00+00:00,52.8731011259611,53.09901405388438,52.59191280094367,52.84666442871094,75334000
2019-09-27 00:00:00+00:00,53.002883868542426,53.10382666173709,52.21940189013441,52.589515686035156,101408000
2019-09-30 00:00:00+00:00,53.08939905865949,53.973823753885995,53.06296236123528,53.82722091674805,103909600
2019-10-01 00:00:00+00:00,54.09159276622988,54.84863804778662,53.88250117060058,53.97623062133789,139223200
2019-10-02 00:00:00+00:00,53.60851764627017,53.73349145834526,52.37561187967944,52.6231575012207,138449200
2019-10-03 00:00:00+00:00,52.495781281747504,53.10382536010926,51.70268764433087,53.0701789855957,114426000
2019-10-04 00:00:00+00:00,54.228580544588866,54.67319677071832,53.807999015561506,54.55783462524414,138478800
2019-10-07 00:00:00+00:00,54.37999002003267,55.259603442439,54.276645225102136,54.56985092163086,122306000
2019-10-08 00:00:00+00:00,54.271839962271294,54.81018194958028,53.91374352685756,53.930564880371094,111820000
2019-10-09 00:00:00+00:00,54.56263732910156,54.74528854203184,54.22857560601276,54.56263732910156,74770400
2019-10-10 00:00:00+00:00,54.77893513356194,55.38217150680817,54.62752828997779,55.29805374145508,113013600
2019-10-11 00:00:00+00:00,55.98540478852595,57.11256378651316,55.83159227355159,56.768890380859375,166795600
2019-10-14 00:00:00+00:00,56.45405313736609,57.230329070079826,56.39877773778656,56.68717575073242,96427600
2019-10-15 00:00:00+00:00,56.812142470885,57.11495979657442,56.449242080538056,56.554988861083984,87360000
2019-10-16 00:00:00+00:00,56.08634313450599,56.53576699278494,56.04548708687691,56.32667541503906,73903200
2019-10-17 00:00:00+00:00,56.49971210622329,56.754463724015515,56.12239235171388,56.54537582397461,67585200
2019-10-18 00:00:00+00:00,56.379556624359665,57.09815156293575,56.30745619677068,56.81696319580078,97433600
2019-10-21 00:00:00+00:00,57.083727362633255,57.91768071421455,57.03566163738293,57.80231857299805,87247200
2019-10-22 00:00:00+00:00,57.95853733426326,58.20848130833189,57.58842354511688,57.67013931274414,82293600
2019-10-23 00:00:00+00:00,58.1844522125686,58.458430892193235,57.97295861174259,58.444007873535156,75828800
2019-10-24 00:00:00+00:00,58.763645508761726,58.8333439248231,58.11474907464559,58.540138244628906,69275200
2019-10-25 00:00:00+00:00,58.439206652670734,59.297191111126104,58.371913897779336,59.26114273071289,73477200
2019-10-28 00:00:00+00:00,59.46301260952673,59.90282112444377,59.294780746023385,59.85475540161133,96572800
2019-10-29 00:00:00+00:00,59.83553309820382,60.02299199906073,58.297407843177915,58.47044372558594,142839600
2019-10-30 00:00:00+00:00,58.823740074007766,58.95352158649812,57.970563231851635,58.46324157714844,124522000
2019-10-31 00:00:00+00:00,59.41976222287998,59.883601825447826,57.021243105367084,59.785064697265625,139162000
2019-11-01 00:00:00+00:00,59.9725064023454,61.508229290929656,59.881182643538374,61.48179626464844,151125200
2019-11-04 00:00:00+00:00,61.844699369305836,61.96967684280091,61.37605584677562,61.88555908203125,103272000
2019-11-05 00:00:00+00:00,61.77741161321152,62.05139394165395,61.60197373719849,61.7966423034668,79897600
2019-11-06 00:00:00+00:00,61.71011025859934,61.883149774964124,61.37364656965626,61.82306671142578,75864400
2019-11-07 00:00:00+00:00,62.370255243239974,62.75835567028647,62.218390178586034,62.536582946777344,94940400
2019-11-08 00:00:00+00:00,62.3582098215494,62.78005398312433,61.914671700144595,62.707740783691406,69986400
2019-11-11 00:00:00+00:00,62.26419939293928,63.269397069308496,62.259380964786935,63.204315185546875,81821200
2019-11-12 00:00:00+00:00,63.047624721518574,63.34653646560139,62.8957669917644,63.14645767211914,87388800
2019-11-13 00:00:00+00:00,62.946387894835354,63.826232904316335,62.93192525352502,63.75150680541992,102734400
2019-11-14 00:00:00+00:00,63.5779452383564,63.85033723289111,63.18020790529742,63.31037902832031,89182800
2019-11-15 00:00:00+00:00,63.5610658168469,64.06728028085237,63.39956388635737,64.06246185302734,100206400
2019-11-18 00:00:00+00:00,64.07209319455887,64.46501204164511,63.69364434245913,64.38546752929688,86703200
2019-11-19 00:00:00+00:00,64.5783168124191,64.60242366565966,63.97327672744023,64.19022369384766,76167200
2019-11-20 00:00:00+00:00,64.00942526376622,64.13958901338246,62.77040525583335,63.44294738769531,106234400
2019-11-21 00:00:00+00:00,63.5634845963379,63.64062358695327,62.95843713304087,63.15851593017578,121395200
2019-11-22 00:00:00+00:00,63.298333792468384,63.440554690647915,62.876489526953094,63.10308074951172,65325200
2019-11-25 00:00:00+00:00,63.32726038211015,64.2263939691162,63.28145955811588,64.20951843261719,84020400
2019-11-26 00:00:00+00:00,64.3468980545779,64.39993018161393,63.27661865903487,63.708106994628906,105207600
2019-11-27 00:00:00+00:00,64.01907401320656,64.59760910005717,63.95399212630652,64.56385803222656,65235600
2019-11-29 00:00:00+00:00,64.2649473538178,64.60242121725912,64.09620674390789,64.421630859375,46617600
2019-12-02 00:00:00+00:00,64.42645844153186,64.66269385769631,63.50563834538534,63.67678451538086,94487200
2019-12-03 00:00:00+00:00,62.266603688120284,62.56068960514451,61.77967768232319,62.54140853881836,114430400
2019-12-04 00:00:00+00:00,62.93192000275179,63.47187818362995,62.83790548569971,63.093421936035156,67181600
2019-12-05 00:00:00+00:00,63.58757726755583,64.09379166553936,63.33206085496577,64.01905822753906,74424400
2019-12-06 00:00:00+00:00,64.4770846926847,65.32559157331079,64.43368941001637,65.25568389892578,106075600
2019-12-09 00:00:00+00:00,65.08452929679349,65.27736940401036,63.85756627540826,64.34208679199219,128042400
2019-12-10 00:00:00+00:00,64.74705730032277,65.10140670875774,64.08656483345956,64.71813201904297,90420400
2019-12-11 00:00:00+00:00,64.79767816395331,65.34969348345126,64.7229520666511,65.2701416015625,78756800
2019-12-12 00:00:00+00:00,64.54940123697496,65.70163837389192,64.43851852305019,65.43647766113281,137310400
2019-12-13 00:00:00+00:00,65.4364539980619,66.36209958719724,65.30869579489323,66.32594299316406,133587600
2019-12-16 00:00:00+00:00,66.77190857113695,67.68550461462198,66.76709014300219,67.46131896972656,128186000
2019-12-17 00:00:00+00:00,67.39141065519956,67.92172458582058,67.20579452656094,67.5938949584961,114158400
2019-12-18 00:00:00+00:00,67.44687383838529,67.95308846634468,67.28295896270495,67.43241119384766,116028400
2019-12-19 00:00:00+00:00,67.37454784079026,67.77951652381924,67.24197117220628,67.49989318847656,98369200
2019-12-20 00:00:00+00:00,68.03261138491365,68.13384985354818,67.14794077021222,67.36006927490234,275978000
2019-12-23 00:00:00+00:00,67.62283998023321,68.5195606460034,67.58427047933793,68.45929718017578,98572000
2019-12-24 00:00:00+00:00,68.62562177025686,68.67383548324801,68.19895910016623,68.52437591552734,48478800
2019-12-26 00:00:00+00:00,68.6569481192903,69.90078666508992,68.628022839031,69.8839111328125,93121200
2019-12-27 00:00:00+00:00,70.17559948118166,70.86260446261116,69.45243789154644,69.85740661621094,146266000
2019-12-30 00:00:00+00:00,69.77544807084396,70.55405468487673,68.75338206119498,70.27201843261719,144114400
2019-12-31 00:00:00+00:00,69.88873327875099,70.79268511683624,69.78990032835488,70.78545379638672,100805600
2020-01-02 00:00:00+00:00,71.40980781920854,72.46080669028501,71.15670415670473,72.40054321289062,135480400
2020-01-03 00:00:00+00:00,71.62914523544616,72.45595811976894,71.47246171476719,71.69664001464844,146322800
2020-01-06 00:00:00+00:00,70.81917825640933,72.3064756689983,70.56848031437993,72.26790618896484,118387200
2020-01-07 00:00:00+00:00,72.27757077764687,72.53308721808551,71.70868733859578,71.92804718017578,108872000
2020-01-08 00:00:00+00:00,71.63155170295238,73.38642316119072,71.63155170295238,73.0851058959961,132079200
2020-01-09 00:00:00+00:00,74.06136720541696,74.83032941641996,73.81067654984861,74.63748931884766,170108400
2020-01-10 00:00:00+00:00,74.87130260503702,75.37028567561227,74.30482477296201,74.80621337890625,140644800
2020-01-13 00:00:00+00:00,75.12200317385458,76.43092342751396,75.00388181987825,76.40440368652344,121532000
2020-01-14 00:00:00+00:00,76.34172912165194,76.55144471689502,75.24975587757001,75.37268829345703,161954400
2020-01-15 00:00:00+00:00,75.17262239843001,76.05246721987251,74.61819429330173,75.0496826171875,121923600
2020-01-16 00:00:00+00:00,75.59205460116348,76.10068190640935,75.23047392822782,75.98979187011719,108829200
2020-01-17 00:00:00+00:00,76.23808752279956,76.83349074089385,75.93195182564011,76.83108520507812,137816400
2020-01-21 00:00:00+00:00,76.45986173724447,76.90098699093934,76.1730071029982,76.31040954589844,110843200
2020-01-22 00:00:00+00:00,76.79492300181599,77.13480977194556,76.48878729766383,76.58280181884766,101832400
2020-01-23 00:00:00+00:00,76.63581926484824,77.03114362991317,76.08862248837322,76.95159912109375,104472000
2020-01-24 00:00:00+00:00,77.19746512519868,77.9399074546243,76.53938572501609,76.72982025146484,146537600
2020-01-27 00:00:00+00:00,74.74114561147599,75.15334557711078,73.49248860994267,74.47357940673828,161940000
2020-01-28 00:00:00+00:00,75.35342032568062,76.75152944120848,75.25458738363722,76.58038330078125,162234000
2020-01-29 00:00:00+00:00,78.20992276333985,79.02950436307852,77.46988569545148,78.18340301513672,216229200
2020-01-30 00:00:00+00:00,77.26743065438222,78.12316918406619,76.8359420494391,78.07013702392578,126743200
2020-01-31 00:00:00+00:00,77.36138873428479,77.78323285410741,74.31447274556798,74.60855865478516,199588400
2020-02-03 00:00:00+00:00,73.3526878513845,75.56797344941275,72.8512990512171,74.4036865234375,173788400
2020-02-04 00:00:00+00:00,76.00668324335653,77.050450456367,75.60171457078681,76.86001586914062,136616400
2020-02-05 00:00:00+00:00,77.98574655750554,78.28465836318001,76.88413594573808,77.48677062988281,118826800
2020-02-06 00:00:00+00:00,77.7567339114429,78.39552507490272,77.1999001655233,78.39311218261719,105425600
2020-02-07 00:00:00+00:00,77.89296432100895,78.1418387801139,76.83705999088563,77.32756042480469,117684000
2020-02-10 00:00:00+00:00,75.91401971596468,77.6948013305664,75.83428641741939,77.6948013305664,109348800
2020-02-11 00:00:00+00:00,78.19015142253798,78.26263625107545,77.0085971005104,77.22605895996094,94323200
2020-02-12 00:00:00+00:00,77.67547849475221,79.06482742202022,77.67547849475221,79.05999755859375,113730400
2020-02-13 00:00:00+00:00,78.3327054260137,78.82320573508036,78.12974054369347,78.49700927734375,94747600
2020-02-14 00:00:00+00:00,78.4656030374421,78.76522420824622,78.00893385896474,78.51634979248047,80113600
2020-02-18 00:00:00+00:00,76.19914481922879,77.25988612279623,76.01792538344428,77.07866668701172,152531200
2020-02-19 00:00:00+00:00,77.32029218115534,78.4245243735885,77.32029218115534,78.19497680664062,93984000
2020-02-20 00:00:00+00:00,77.9557766771897,78.4438584118609,76.88778679879077,77.39278411865234,100566000
2020-02-21 00:00:00+00:00,76.98686488364316,77.42904453523326,75.02486319974747,75.64100646972656,129554000
2020-02-24 00:00:00+00:00,71.8257352845529,73.49778279969091,69.88547911921196,72.04802703857422,222195200
2020-02-25 00:00:00+00:00,72.71733735421887,73.09910313567873,69.13643877148064,69.60760498046875,230673600
2020-02-26 00:00:00+00:00,69.23307309062069,71.97552869907848,69.22582460812832,70.71182250976562,198054800
2020-02-27 00:00:00+00:00,67.92104419759342,69.10500967174747,65.95420576749399,66.08951568603516,320605600
2020-02-28 00:00:00+00:00,62.16065743483807,67.27104177535811,61.94560692728381,66.05082702636719,426510000
2020-03-02 00:00:00+00:00,68.20615768991611,72.83571074634416,67.10434419306169,72.20023345947266,341397200
2020-03-03 00:00:00+00:00,73.3745366413102,73.45426993984877,69.05667582944147,69.9072036743164,319475600
2020-03-04 00:00:00+00:00,71.62758575768213,73.30930003617219,70.82780458094045,73.14982604980469,219178400
2020-03-05 00:00:00+00:00,71.4052521112386,72.37900376778175,70.41217363562914,70.77703094482422,187572800
2020-03-06 00:00:00+00:00,68.1384906030925,70.26963239805877,67.95244135070753,69.83712005615234,226176800
2020-03-09 00:00:00+00:00,63.72883020122201,67.19374467213605,63.54761077884886,64.31356811523438,286744800
2020-03-10 00:00:00+00:00,66.96421319736713,69.21133137729244,65.08677501833562,68.94554138183594,285290000
2020-03-11 00:00:00+00:00,67.0246098194062,67.95003374263217,65.68841155580724,66.55101776123047,255598800
2020-03-12 00:00:00+00:00,61.84174314573799,65.23900324323806,59.92323260860385,59.97880554199219,418474000
2020-03-13 00:00:00+00:00,64.00428573904365,67.63592258199654,61.11926832671573,67.16474914550781,370732000
2020-03-16 00:00:00+00:00,58.4613905994218,62.60044010140755,57.99022079286357,58.52421569824219,322423600
2020-03-17 00:00:00+00:00,59.80483021639644,62.245249799692694,57.60361793460999,61.097530364990234,324056000
2020-03-18 00:00:00+00:00,57.934642818544056,60.40647473225053,57.29433197423103,59.60186004638672,300233600
2020-03-19 00:00:00+00:00,59.77583883377371,61.09269941838276,58.62086718026377,59.14519500732422,271857200
2020-03-20 00:00:00+00:00,59.725089265820536,60.84865193316744,55.090706190239764,55.390323638916016,401693200
2020-03-23 00:00:00+00:00,55.11003383943649,55.21151627155354,51.372080998658355,54.213600158691406,336752800
2020-03-24 00:00:00+00:00,57.110704962845915,59.848327192203485,56.61295613694801,59.652610778808594,287531200
2020-03-25 00:00:00+00:00,60.58770003932158,62.399894457247456,59.029213577289134,59.323997497558594,303602000
2020-03-26 00:00:00+00:00,59.56562765348039,62.50379627651141,59.52696661828964,62.44580841064453,252087200
2020-03-27 00:00:00+00:00,61.07094557233669,61.82481719246613,59.69367869443923,59.86040115356445,204216800
2020-03-30 00:00:00+00:00,60.585279571290975,61.740251079824446,60.26149806281595,61.568695068359375,167976400
2020-03-31 00:00:00+00:00,61.759583420299464,63.42438208826982,60.88972867869349,61.443050384521484,197002000
2020-04-01 00:00:00+00:00,59.56078230159109,60.09719207609643,57.78000065964953,58.2100944519043,176218400
2020-04-02 00:00:00+00:00,58.072368803656616,59.234588810411715,57.24117510511811,59.18143081665039,165934000
2020-04-03 00:00:00+00:00,58.66678493104596,59.36749875348412,57.74135704437456,58.33092498779297,129880000
2020-04-06 00:00:00+00:00,60.62393470039306,63.57418477082714,60.256665999907646,63.41954803466797,201820400
2020-04-07 00:00:00+00:00,65.43228251516715,65.64975169679985,62.58110020442296,62.68499755859375,202887200
2020-04-08 00:00:00+00:00,63.48478743589154,64.6035165473233,63.1199373363336,64.2894058227539,168895200
2020-04-09 00:00:00+00:00,64.92489377394622,65.25592013573771,63.95839000283478,64.75333404541016,161834800
2020-04-13 00:00:00+00:00,64.83065918840516,66.13302662112467,64.23142416734326,66.0242919921875,131022800
2020-04-14 00:00:00+00:00,67.65525160710325,69.64866527052683,67.1840781553046,69.35871124267578,194994800
2020-04-15 00:00:00+00:00,68.23514673339383,69.18473466784468,67.80747158227939,68.72564697265625,131154400
2020-04-16 00:00:00+00:00,69.43845097329417,69.63658597716727,68.22307301485074,69.271728515625,157125200
2020-04-17 00:00:00+00:00,68.78849422470407,69.3345712466482,66.8965588537916,68.33181762695312,215250000
2020-04-20 00:00:00+00:00,67.15993057649021,68.06119058127958,66.89414057720502,66.91346740722656,130015200
2020-04-21 00:00:00+00:00,66.75640806793423,66.99078550242736,64.13476539316186,64.84514617919922,180991600
2020-04-22 00:00:00+00:00,66.11126755910753,67.14784486961675,65.77058148476895,66.71292114257812,116862400
2020-04-23 00:00:00+00:00,66.65734110784256,68.0781026916564,66.41571518879498,66.45437622070312,124814400
2020-04-24 00:00:00+00:00,66.9787077583751,68.3825537591584,66.93037962499518,68.37288665771484,126161200
2020-04-27 00:00:00+00:00,68.09018514896542,68.7522452213369,67.64318307081028,68.42121887207031,117087600
2020-04-28 00:00:00+00:00,68.88271760948632,69.06393705890572,67.22033738750322,67.31214904785156,112004800
2020-04-29 00:00:00+00:00,68.79814778505363,69.99178036647727,68.59518290617446,69.52302551269531,137280800
2020-04-30 00:00:00+00:00,70.06184250590752,71.16607461666706,69.67282835408629,70.98968505859375,183064000
2020-05-01 00:00:00+00:00,69.16542249456992,72.24615310349837,69.06877359729275,69.84680938720703,240616800
2020-05-04 00:00:00+00:00,69.87097499683554,70.9631215704607,69.18233960605242,70.8350601196289,133568000
2020-05-05 00:00:00+00:00,71.29412868376939,72.72938694291523,71.14915168685677,71.898193359375,147751200
2020-05-06 00:00:00+00:00,72.59890448979868,73.27062409174145,72.21472025377234,72.63998413085938,142333600
2020-05-07 00:00:00+00:00,73.26580616038919,73.73697961793019,72.96377378346223,73.39144897460938,115215200
2020-05-08 00:00:00+00:00,74.05045567520663,75.19159229593362,73.72337622769179,75.13829040527344,133838400
2020-05-11 00:00:00+00:00,74.64645469079235,76.81485582493812,74.4380900872954,76.32061004638672,145946400
2020-05-12 00:00:00+00:00,77.00385116379037,77.45449582037008,75.32727766040104,75.44841766357422,162301200
2020-05-13 00:00:00+00:00,75.6276896528906,76.54835795686193,73.46170617265714,74.53742980957031,200622400
2020-05-14 00:00:00+00:00,73.77667808210235,75.0559160635201,73.05468108965971,74.99534606933594,158929200
2020-05-15 00:00:00+00:00,72.76880920502032,74.59802049199271,72.73488645146278,74.55198669433594,166348400
2020-05-18 00:00:00+00:00,75.8748339325949,76.68162311206635,75.18433442581173,76.30850982666016,135178400
2020-05-19 00:00:00+00:00,76.32545901161194,77.17101374486556,75.83605613168199,75.8675537109375,101729600
2020-05-20 00:00:00+00:00,76.72522208271401,77.41329633678234,76.68645639876391,77.3430404663086,111504800
2020-05-21 00:00:00+00:00,77.204952332668,77.74523944094076,76.52898900422082,76.76642608642578,102688800
2020-05-22 00:00:00+00:00,76.5047612593345,77.3430554740474,76.40300778879455,77.26068115234375,81803200
2020-05-26 00:00:00+00:00,78.37757568234818,78.55686050645615,76.68161577577496,76.73734283447266,125522000
2020-05-27 00:00:00+00:00,76.59440888025136,77.21706291080646,75.85545038481993,77.07169342041016,112945200
2020-05-28 00:00:00+00:00,76.74701384773941,78.36302429903517,76.47081856121721,77.1055908203125,133560800
2020-05-29 00:00:00+00:00,77.34789618259597,77.8082267406315,76.67435802451047,77.03050994873047,153532400
2020-06-01 00:00:00+00:00,76.98445678308985,78.09894607051093,76.85362353528801,77.9778060913086,80791200
2020-06-02 00:00:00+00:00,77.71130190496551,78.36303562857958,77.27035057638682,78.33880615234375,87642800
2020-06-03 00:00:00+00:00,78.65864144374004,79.0317547887438,78.08685668442773,78.77008819580078,104491200
2020-06-04 00:00:00+00:00,78.59321910796065,78.8912188000404,77.71858439241902,78.0916976928711,87560400
2020-06-05 00:00:00+00:00,78.34126062068505,80.3764116911507,78.31218819584709,80.31584167480469,137250400
2020-06-08 00:00:00+00:00,80.01297837924804,80.82461794300563,79.30309967941871,80.79069519042969,95654400
2020-06-09 00:00:00+00:00,80.47087656345983,83.73438081455681,80.43937898287314,83.34188842773438,147712400
2020-06-10 00:00:00+00:00,84.28919748972832,85.95365964938672,83.85067134903046,85.4860610961914,166651600
2020-06-11 00:00:00+00:00,84.63081897651477,85.05480894028344,81.28009011611704,81.38184356689453,201662400
2020-06-12 00:00:00+00:00,83.5187504243347,84.26496946856898,80.97481077374836,82.0844497680664,200146000
2020-06-15 00:00:00+00:00,80.73981210877636,83.75135081292053,80.5774812512651,83.09961700439453,138808800
2020-06-16 00:00:00+00:00,85.15172088189794,85.57329308072946,83.51875616005826,85.30193328857422,165428800
2020-06-17 00:00:00+00:00,86.04573607358105,86.10630607045023,85.06207991592963,85.18321990966797,114406400
2020-06-18 00:00:00+00:00,85.1396240743936,85.63387739334637,84.60903023062069,85.21715545654297,96820400
2020-06-19 00:00:00+00:00,85.92217671437545,86.38735014117718,83.62293464807695,84.73015594482422,264476000
2020-06-22 00:00:00+00:00,85.12266086900618,87.08997343752344,85.07662707395669,86.94702911376953,135445200
2020-06-23 00:00:00+00:00,88.18992644325299,90.22023417459731,87.77077935086206,88.80289459228516,212155600
2020-06-24 00:00:00+00:00,88.43220009652119,89.3504433677871,86.86222303304002,87.23533630371094,192623200
2020-06-25 00:00:00+00:00,87.39038973838228,88.4321906709593,86.63205223537432,88.39342498779297,137522400
2020-06-26 00:00:00+00:00,88.28927658625297,88.50975232569775,85.52970318400959,85.67749786376953,205256800
2020-06-29 00:00:00+00:00,85.58542072848591,87.74656185266537,85.10812877290344,87.65206909179688,130646000
2020-06-30 00:00:00+00:00,87.240188892032,88.66964696675093,87.22080974313869,88.38375091552734,140223200
2020-07-01 00:00:00+00:00,88.46126551068063,89.00397030229519,88.16810880383152,88.21656036376953,110737200
2020-07-02 00:00:00+00:00,89.12269252080957,89.75746488824406,88.10269587070599,88.21656036376953,114041600
2020-07-06 00:00:00+00:00,89.64359085564888,91.04396881704737,89.61209327585406,90.57637023925781,118655600
2020-07-07 00:00:00+00:00,90.95433575857336,91.7320524889195,90.18388713248098,90.29533386230469,112424400
2020-07-08 00:00:00+00:00,91.27171499364255,92.42981301031341,91.18449035546323,92.3983154296875,117092000
2020-07-09 00:00:00+00:00,93.28993079556898,93.343232702607,91.74903321832477,92.79568481445312,125642800
2020-07-10 00:00:00+00:00,92.39105063414506,93.01613714978424,91.78050772022172,92.9579849243164,90257200
2020-07-13 00:00:00+00:00,94.26143682269026,96.86837145256374,92.31592911855529,92.52913665771484,191649200
2020-07-14 00:00:00+00:00,91.91134148904221,94.25176728421596,90.97856936107081,94.06037139892578,170989200
2020-07-15 00:00:00+00:00,95.93317328027695,96.18272134953932,93.51037361994408,94.70723724365234,153198000
2020-07-16 00:00:00+00:00,93.58065869622936,94.39714118909534,92.94346105400828,93.5418930053711,110577600
2020-07-17 00:00:00+00:00,93.99252801605422,94.14758336972574,92.8804563206502,93.3529052734375,92186800
2020-07-20 00:00:00+00:00,93.44012565034129,95.45831468469305,93.09608481622666,95.3202133178711,90318000
2020-07-21 00:00:00+00:00,96.11003683309417,96.18514302833793,93.75507535287011,94.00462341308594,103433200
2020-07-22 00:00:00+00:00,93.70663117027293,94.94952872983103,93.61941392094188,94.26872253417969,89001600
2020-07-23 00:00:00+00:00,94.00220251459487,94.07973387894577,89.16872158432245,89.97793579101562,197004400
2020-07-24 00:00:00+00:00,88.17779782726093,90.0990762102355,86.3921882418588,89.75503540039062,185438800
2020-07-27 00:00:00+00:00,90.81622514062431,91.97432312790853,90.59333170366311,91.88225555419922,121214000
2020-07-28 00:00:00+00:00,91.45344592380489,91.63031301270213,90.36802869554506,90.37287902832031,103625600
2020-07-29 00:00:00+00:00,90.85499791564365,92.28929873601002,90.81865739523712,92.10516357421875,90329200
2020-07-30 00:00:00+00:00,91.27898520449537,93.32382888856975,90.87195660039106,93.21965026855469,158130000
2020-07-31 00:00:00+00:00,99.70790378289954,103.12889587437893,97.71151174507618,102.97868347167969,374336800
2020-08-03 00:00:00+00:00,104.85878784183842,108.19013805785316,104.56078815454649,105.57351684570312,308151200
2020-08-04 00:00:00+00:00,105.76249918664718,107.36881693797415,105.04050204922461,106.27855682373047,173071600
2020-08-05 00:00:00+00:00,105.99992015103618,106.98357631299436,105.53473931977294,106.66376495361328,121776800
2020-08-06 00:00:00+00:00,106.99569046941184,110.87943850296628,106.40695185464003,110.38518524169922,202428800
2020-08-07 00:00:00+00:00,109.9070500983417,110.36335897935025,107.0794001665455,107.8755111694336,198045600
2020-08-10 00:00:00+00:00,109.31964010708016,110.46041197638358,106.79538698699508,109.44342803955078,212403600
2020-08-11 00:00:00+00:00,108.70802360073796,109.20559017872704,105.9289127146506,106.1886215209961,187902400
2020-08-12 00:00:00+00:00,107.2783964791796,109.97498398938008,107.08422600127558,109.71770477294922,165598000
2020-08-13 00:00:00+00:00,111.09635710424106,112.66188375277733,110.60849386446708,111.65946197509766,210082000
2020-08-14 00:00:00+00:00,111.48470252378944,111.64974819993897,109.75170070282874,111.55994415283203,165565200
2020-08-17 00:00:00+00:00,112.68129051352851,112.70556367842538,110.64247058340116,111.2686767578125,119561600
2020-08-18 00:00:00+00:00,111.02110562369826,112.62060863769267,110.68615521459195,112.19585418701172,105633600
2020-08-19 00:00:00+00:00,112.60361413274605,113.74923783578949,112.24196843606359,112.33662414550781,145538000
2020-08-20 00:00:00+00:00,112.37788905057565,114.94340764743272,112.3608970952543,114.82933044433594,126907200
2020-08-21 00:00:00+00:00,115.78804028950229,121.22975391383697,115.77590741300223,120.74674987792969,338054800
2020-08-24 00:00:00+00:00,124.94820069131609,125.03316047656546,120.32687724435412,122.1909408569336,345937600
2020-08-25 00:00:00+00:00,121.06475702327823,121.53319883315285,119.46767577356589,121.18853759765625,211495600
2020-08-26 00:00:00+00:00,122.50401940268071,123.29284897570295,121.43848913169968,122.83654022216797,163022400
2020-08-27 00:00:00+00:00,123.43851570109679,123.77103661532279,120.22493942657042,121.3681411743164,155552400
2020-08-28 00:00:00+00:00,122.3414212260646,122.75889449051752,120.94822892350749,121.1715316772461,187630000
2020-08-31 00:00:00+00:00,123.86324282555849,127.18360697027765,122.32927082637391,125.28070068359375,225702700
2020-09-01 00:00:00+00:00,128.89232070779244,130.87289803905446,126.72729105741708,130.2709503173828,151948100
2020-09-02 00:00:00+00:00,133.58161557752118,133.96025319602614,123.30013540143739,127.57194519042969,200119000
2020-09-03 00:00:00+00:00,123.2127726268104,125.08653940539764,116.98950967695433,117.35843658447266,257599600
2020-09-04 00:00:00+00:00,116.57203254505438,120.0962780604988,107.65947073062564,117.43610382080078,332607200
2020-09-08 00:00:00+00:00,110.63034169954362,115.52351448044385,109.39734331128103,109.53326416015625,231366600
2020-09-09 00:00:00+00:00,113.84389572106855,115.66912348309229,111.90216122256825,113.90214538574219,176940500
2020-09-10 00:00:00+00:00,116.85360038621577,116.98952122909824,109.22258206036143,110.1837387084961,182274400
2020-09-11 00:00:00+00:00,111.23224987919093,111.87302575822105,106.7953872680664,108.73712158203125,180860300
2020-09-14 00:00:00+00:00,111.37791301404883,112.55266171822818,109.51384932182032,111.999267578125,140150100
2020-09-15 00:00:00+00:00,114.88270850580793,115.36814206757629,110.3002144975742,112.17398834228516,184642000
2020-09-16 00:00:00+00:00,111.87303669164397,112.62060121644382,108.77596778791039,108.86334228515625,154679000
2020-09-17 00:00:00+00:00,106.52357050283204,108.93131746592069,105.5429923714999,107.12550354003906,178011000
2020-09-18 00:00:00+00:00,107.18375552641913,107.64976770036112,102.99931226553164,103.72746276855469,287104900
2020-09-21 00:00:00+00:00,101.49445700826324,106.97985811734019,100.09640588332402,106.87306213378906,195713800
2020-09-22 00:00:00+00:00,109.39730751367478,109.57206389177682,105.97985850616931,108.55265045166016,183055400
2020-09-23 00:00:00+00:00,108.36822438593991,108.84394734905581,103.65951146024476,103.99932098388672,150718700
2020-09-24 00:00:00+00:00,102.10610509006938,107.03811241012444,101.94105943821374,105.06725311279297,167743300
2020-09-25 00:00:00+00:00,105.27115689090073,109.16433740208637,104.53329556197552,109.00899505615234,149981400
2020-09-28 00:00:00+00:00,111.65944720543573,111.96041368995603,109.49440992627346,111.61090087890625,137672400
2020-09-29 00:00:00+00:00,111.21285610238571,111.9507099432901,110.26140285567331,110.76625061035156,99382200
2020-09-30 00:00:00+00:00,110.4749932403561,113.84390402616219,110.30994757365427,112.43614196777344,142675200
2020-10-01 00:00:00+00:00,114.21282419285578,114.29049535158379,112.45555681762868,113.38758850097656,116120400
2020-10-02 00:00:00+00:00,109.60120691204848,112.00896103141628,108.95072761058432,109.7274169921875,144712000
2020-10-05 00:00:00+00:00,110.59149819179417,113.25167253166546,110.24198536966455,113.10604095458984,106243800
2020-10-06 00:00:00+00:00,112.32934639868184,112.73711630408881,108.97985709448719,109.86334991455078,161498200
2020-10-07 00:00:00+00:00,111.28081129884058,112.18371817362878,110.80508099423795,111.72740936279297,96849000
2020-10-08 00:00:00+00:00,112.86333746821694,113.00896906250527,111.25169399711908,111.6206283569336,83477200
2020-10-09 00:00:00+00:00,111.92160188910647,113.59149513954675,111.57208900379892,113.56237030029297,100506900
2020-10-12 00:00:00+00:00,116.56232621166858,121.53316947743221,115.80505089927543,120.77589416503906,240226800
2020-10-13 00:00:00+00:00,121.62052821230519,121.73703494031142,116.16425940876682,117.57201385498047,262330500
2020-10-14 00:00:00+00:00,117.47493379758126,119.44579307201987,116.13513969852242,117.6594009399414,150712000
2020-10-15 00:00:00+00:00,115.26137355970408,117.66912045188067,114.70797946369227,117.19339752197266,112559200
2020-10-16 00:00:00+00:00,117.74676650337912,118.00890478128451,115.34872346310462,115.55260467529297,115393800
2020-10-19 00:00:00+00:00,116.46522833536906,116.91182635817701,112.29050382279274,112.60118103027344,120639300
2020-10-20 00:00:00+00:00,112.81479042703165,115.51380805714416,112.26139629791038,114.08663177490234,124423700
2020-10-21 00:00:00+00:00,113.2710930798733,115.25166338254114,113.05750107559587,113.46527099609375,89946000
2020-10-22 00:00:00+00:00,114.0283784935599,114.60119413802467,111.25169700728709,112.3779067993164,101988000
2020-10-23 00:00:00+00:00,112.99924512599237,113.15458745033783,110.95071451824744,111.6885757446289,82572600
2020-10-26 00:00:00+00:00,110.68856994284661,113.1545734839859,109.59148528217365,111.69827270507812,111850700
2020-10-27 00:00:00+00:00,112.12547682460935,113.86333040398806,111.20315573383206,113.20314025878906,92276800
2020-10-28 00:00:00+00:00,111.69829454102945,112.06722147724142,107.86336396260268,107.96044921875,143937800
2020-10-29 00:00:00+00:00,109.09636307884779,113.52351567412646,108.93131000553764,111.96041870117188,146129200
2020-10-30 00:00:00+00:00,107.82452675254544,108.72743369464578,104.58183332192213,105.6886215209961,190272600
2020-11-02 00:00:00+00:00,105.93131786786421,107.45557903361015,104.19346473885868,105.6012191772461,122866900
2020-11-03 00:00:00+00:00,106.46531227233,108.24199381190596,105.56240538196562,107.22258758544922,107624400
2020-11-04 00:00:00+00:00,110.81478854874675,112.22254311397377,109.07693526315951,111.60118865966797,138235500
2020-11-05 00:00:00+00:00,114.51379370413532,116.13514770518474,113.46526266207991,115.56233215332031,126387100
2020-11-06 00:00:00+00:00,115.07120982324268,115.92704441463144,112.94133971591968,115.4310531616211,114457900
2020-11-09 00:00:00+00:00,117.19133287792215,118.6404186508716,112.86352313794548,113.12610626220703,154515300
2020-11-10 00:00:00+00:00,112.37726248118744,114.36124218625869,110.99624681601809,112.78572845458984,138023400
2020-11-11 00:00:00+00:00,113.97223311704505,116.34523125447596,113.24282640096855,116.20907592773438,112295000
2020-11-12 00:00:00+00:00,116.33550583009225,117.22051541325983,115.31433350652887,115.93675994873047,103162300
2020-11-13 00:00:00+00:00,116.16046289142338,116.38414348107418,114.633571669367,115.98540496826172,81581900
2020-11-16 00:00:00+00:00,115.65472076865481,117.66788289766848,114.90586651270257,116.99683380126953,91183000
2020-11-17 00:00:00+00:00,116.26742672482064,117.35666927518157,115.6936229499769,116.11181640625,74271000
2020-11-18 00:00:00+00:00,115.35323030643576,116.53000547162844,114.7599789740788,114.78915405273438,76322100
2020-11-19 00:00:00+00:00,114.36122072155214,115.79085878003733,113.60263907906791,115.38239288330078,74113000
2020-11-20 00:00:00+00:00,115.38242633677936,115.50885417388024,114.06949561951376,114.11811828613281,73604300
2020-11-23 00:00:00+00:00,113.96248988252185,114.39041080457727,110.6266699980908,110.72392272949219,127959300
2020-11-24 00:00:00+00:00,110.782277431187,112.66900411514756,109.49851469831438,112.00767517089844,113874200
2020-11-25 00:00:00+00:00,112.37726193090761,113.54430968345936,112.00769112066959,112.84407806396484,76499200
2020-11-27 00:00:00+00:00,113.36926243956174,114.26399962865095,113.02887409805055,113.38871002197266,46691300
2020-11-30 00:00:00+00:00,113.75826877571102,117.64843779643516,113.60265845332594,115.78115844726562,169410200
2020-12-01 00:00:00+00:00,117.68734871878834,120.07980194572332,116.71480639467286,119.35039520263672,127728200
2020-12-02 00:00:00+00:00,118.66960823368215,119.98254627518949,117.57063810536371,119.70050811767578,89004200
2020-12-03 00:00:00+00:00,120.12843050881996,120.38129360308123,118.85440237603919,119.56436157226562,78967600
2020-12-04 00:00:00+00:00,119.23369125780223,119.48655434771668,118.18334373345853,118.89330291748047,78260400
2020-12-07 00:00:00+00:00,118.95164096391939,121.14958854018184,118.89329080292673,120.35210418701172,86712000
2020-12-08 00:00:00+00:00,120.95510078016575,121.54835223688058,119.7102402772839,120.9648208618164,82225500
2020-12-09 00:00:00+00:00,121.1106943933289,122.49170271232049,117.67762117756554,118.43620300292969,115089200
2020-12-10 00:00:00+00:00,117.19135328461722,120.4688236783502,116.85096494578069,119.85611724853516,81312200
2020-12-11 00:00:00+00:00,119.06835963048555,119.38930038520903,117.23998269251022,119.04891204833984,86939800
2020-12-14 00:00:00+00:00,119.23368741163418,119.96309415447033,118.20279492279666,118.43620300292969,79184500
2020-12-15 00:00:00+00:00,120.92590514212858,124.3881607505194,120.72167215100104,124.36870574951172,157243700
2020-12-16 00:00:00+00:00,123.91161767905837,124.84524997430788,123.08495079030278,124.30062866210938,98208600
2020-12-17 00:00:00+00:00,125.3606965932024,126.02203307421959,124.52430962121518,125.16619110107422,94359800
2020-12-18 00:00:00+00:00,125.41904757982878,125.55520289308356,122.65702389685748,123.18219757080078,192541500
2020-12-21 00:00:00+00:00,121.5872313887212,124.78689634893868,120.06034032088816,124.70909118652344,121251600
2020-12-22 00:00:00+00:00,127.99627481697722,130.71939584455194,126.09008564573021,128.2588653564453,168904800
2020-12-23 00:00:00+00:00,128.53119113827395,128.79376686890285,127.18907804467862,127.36414337158203,88223700
2020-12-24 00:00:00+00:00,127.71428885467729,129.79552922137646,127.50032831643357,128.346435546875,54930100
2020-12-28 00:00:00+00:00,130.3109520335808,133.56895993255333,129.84412103088945,132.9368133544922,124486200
2020-12-29 00:00:00+00:00,134.25942401755736,134.97909558908609,130.65128672314287,131.16673278808594,121047300
2020-12-30 00:00:00+00:00,131.85729981121693,132.25604575507535,129.7371496715403,130.04837036132812,96452100
2020-12-31 00:00:00+00:00,130.3984948026051,131.04037638768824,128.10329400367584,129.04666137695312,99116600
2021-01-04 00:00:00+00:00,129.85386209713596,129.94138734935098,123.27947356294186,125.8567123413086,143301900
2021-01-05 00:00:00+00:00,125.35100302677368,128.12275510528912,124.90362694441386,127.41278839111328,97664900
2021-01-06 00:00:00+00:00,124.21309795786028,127.45166544679954,122.90988747820573,123.12384796142578,155088000
2021-01-07 00:00:00+00:00,124.83554255858496,128.01576034902203,124.34927136052875,127.32524871826172,109578200
2021-01-08 00:00:00+00:00,128.79373496048996,128.9882552399278,126.65414544499792,128.42417907714844,105158200
2021-01-11 00:00:00+00:00,125.64273221772613,126.595819441527,124.97167570919714,125.43849182128906,100384500
2021-01-12 00:00:00+00:00,124.97167735433455,126.12900498980764,123.3767086805256,125.26344299316406,91951100
2021-01-13 00:00:00+00:00,125.22456136179542,127.84070294426009,124.96198558320008,127.29608154296875,88636800
2021-01-14 00:00:00+00:00,127.20854980715394,127.40305532059554,125.22455498651907,125.37044525146484,90221800
2021-01-15 00:00:00+00:00,125.2439937099894,126.64445696844105,123.51286963768597,123.6490249633789,111598500
2021-01-19 00:00:00+00:00,124.27144590893572,125.17591790643084,123.4545139910682,124.32007598876953,90757300
2021-01-20 00:00:00+00:00,125.127277070296,128.85211530015263,125.02029683978466,128.4047393798828,104319500
2021-01-21 00:00:00+00:00,130.12616498605254,135.83498363825382,129.9219245699571,133.1118621826172,120150900
2021-01-22 00:00:00+00:00,132.53807846792435,136.01006199526975,131.31268037347158,135.25148010253906,114459400
2021-01-25 00:00:00+00:00,139.1416483205631,141.106173284309,132.79093279458516,138.99575805664062,157611700
2021-01-26 00:00:00+00:00,139.65709277779112,140.33786948106203,137.48831256904506,139.2291717529297,98390600
2021-01-27 00:00:00+00:00,139.49172564743122,140.3378474829839,136.55465878230473,138.1593475341797,140843800
2021-01-28 00:00:00+00:00,135.68910643879175,138.09128711738055,132.94653001780165,133.32582092285156,142621100
2021-01-29 00:00:00+00:00,132.1004347436925,132.98545188101477,126.63475125528835,128.33670043945312,177523800
2021-02-01 00:00:00+00:00,130.0775571695549,131.66280616641993,127.33498024294086,130.45684814453125,106239800
2021-02-02 00:00:00+00:00,132.00314951845078,132.56722577893618,130.9139069960329,131.28347778320312,83305400
2021-02-03 00:00:00+00:00,132.0323330550851,132.0420679752551,129.9413731133275,130.26231384277344,89880900
2021-02-04 00:00:00+00:00,132.55751669715318,133.6273043090521,130.8944628567243,133.61758422851562,84183100
2021-02-05 00:00:00+00:00,133.77829722031976,133.8464691818489,132.32703847356598,133.20362854003906,75693800
2021-02-08 00:00:00+00:00,132.49261062393538,133.39843419416206,131.411474992241,133.3497314453125,71297200
2021-02-09 00:00:00+00:00,133.06726715184539,134.29451105529114,132.31730127973145,132.47312927246094,76774200
2021-02-10 00:00:00+00:00,132.9308835611612,133.42763071013312,130.9049714138388,131.86923217773438,73046600
2021-02-11 00:00:00+00:00,132.3659630385237,132.84322611365104,130.2913630347836,131.61599731445312,64280000
2021-02-12 00:00:00+00:00,130.85631242835694,132.0056200817279,130.21347177715296,131.8497772216797,60145100
2021-02-16 00:00:00+00:00,131.96664818421948,132.47311511495084,129.33684859330893,129.72645568847656,80576300
2021-02-17 00:00:00+00:00,127.83688742969167,128.78166409146453,126.103176926271,127.43754577636719,97918500
2021-02-18 00:00:00+00:00,125.84023543219843,126.61943492722637,124.09678975209331,126.33698272705078,96856700
2021-02-19 00:00:00+00:00,126.85317866159306,127.31095773335569,125.45062277040475,126.49279022216797,87668800
2021-02-22 00:00:00+00:00,124.68116007602796,126.34669893995918,122.33383475744539,122.72343444824219,103916400
2021-02-23 00:00:00+00:00,120.54170021925478,123.41498433079913,115.31134105569778,122.58708953857422,158273000
2021-02-24 00:00:00+00:00,121.691012957123,122.29488547484925,119.0514857660057,122.09034729003906,111039900
2021-02-25 00:00:00+00:00,121.43776543888308,123.17147632846172,117.40542445743719,117.84371948242188,148199500
2021-02-26 00:00:00+00:00,119.4020977442568,121.60332952526318,118.04824467349069,118.106689453125,164560400
2021-03-01 00:00:00+00:00,120.53195302229754,124.60325484384613,119.5969181572381,124.4668960571289,116307900
2021-03-02 00:00:00+00:00,125.07077944616279,125.3727157063762,121.75919289657611,121.8663330078125,102260900
2021-03-03 00:00:00+00:00,121.56438254510716,122.44098002866822,118.6716145648539,118.88589477539062,112966300
2021-03-04 00:00:00+00:00,118.58394060046568,120.3858306141505,115.53533765690152,117.00606536865234,178155000
2021-03-05 00:00:00+00:00,117.83397451469976,118.76900926850234,114.51264641529035,118.26252746582031,153766600
2021-03-08 00:00:00+00:00,117.78528895665244,117.85346835184752,113.1880285063647,113.3341293334961,154376600
2021-03-09 00:00:00+00:00,115.93471789759465,118.88592395749875,115.70096098826512,117.94114685058594,129525800
2021-03-10 00:00:00+00:00,118.52551679323263,118.99303047984385,116.34376148572666,116.8599853515625,111943300
2021-03-11 00:00:00+00:00,119.35342480023796,120.00600008566362,118.1067115889779,118.78850555419922,103026500
2021-03-12 00:00:00+00:00,117.2690682655597,118.01904158578925,116.06131583787986,117.88268280029297,88105100
2021-03-15 00:00:00+00:00,118.25281346511821,120.77545858975141,117.28855243734995,120.76571655273438,92403800
2021-03-16 00:00:00+00:00,122.43124321692929,123.91172068145192,121.47673169598399,122.30462646484375,115227900
2021-03-17 00:00:00+00:00,120.82416526324258,122.58709503966791,119.15862613615897,121.51570129394531,111932600
2021-03-18 00:00:00+00:00,119.68457136117527,119.97677300065472,117.19114511333716,117.39568328857422,121229700
2021-03-19 00:00:00+00:00,116.78205680531912,118.27226866588653,116.56777661577428,116.86971282958984,185549500
2021-03-22 00:00:00+00:00,117.20088850037816,120.64883370339138,117.13270910784668,120.18131256103516,111912300
2021-03-23 00:00:00+00:00,120.12287382459728,121.0092059173222,118.96381673388366,119.3534164428711,95467100
2021-03-24 00:00:00+00:00,119.62615173183985,119.70407317138026,116.94766355336753,116.9671401977539,88530500
2021-03-25 00:00:00+00:00,116.43141841542507,118.49629146995656,115.90545997424265,117.45410919189453,98844700
2021-03-26 00:00:00+00:00,117.22037704784019,118.32099690748782,115.82756294666447,118.05801391601562,94071200
2021-03-29 00:00:00+00:00,118.48657071923124,119.39238695881983,117.59049651669116,118.23332977294922,80819200
2021-03-30 00:00:00+00:00,116.9866198017316,117.26907943602144,115.76912522168777,116.7820816040039,85671900
2021-03-31 00:00:00+00:00,118.48656634745086,120.30793336547684,117.99956854695249,118.97356414794922,118323800
2021-04-01 00:00:00+00:00,120.44429326652572,120.95076768283118,119.30471282559485,119.80145263671875,75089100
2021-04-05 00:00:00+00:00,120.6488353850815,122.87928615898178,119.86963594729222,122.62604522705078,88651200
2021-04-06 00:00:00+00:00,123.21043047231339,123.82404496077191,122.38253578537845,122.92797088623047,80171300
2021-04-07 00:00:00+00:00,122.55785008781349,124.59349702523619,121.88579084483872,124.57402038574219,83466700
2021-04-08 00:00:00+00:00,125.59670985066151,126.9992656715053,125.17789894243262,126.97004699707031,88844600
2021-04-09 00:00:00+00:00,126.42461457311639,129.58035037412546,126.1031942856078,129.54139709472656,106686700
2021-04-12 00:00:00+00:00,129.07386893551856,129.395289186928,127.23301830434795,127.82715606689453,91420000
2021-04-13 00:00:00+00:00,128.99597765783932,131.15824904554103,128.49923039780398,130.93421936035156,91266500
2021-04-14 00:00:00+00:00,131.43094899145666,131.48938634080065,128.2362450900617,128.59661865234375,87222800
2021-04-15 00:00:00+00:00,130.34008581919048,131.48939338315375,130.1647588997771,131.0023956298828,89347100
2021-04-16 00:00:00+00:00,130.8076081751269,131.16798178060714,129.81412853121648,130.67124938964844,84922400
2021-04-19 00:00:00+00:00,130.03811104016313,131.94714842450873,129.87253361765187,131.33352661132812,94264200
2021-04-20 00:00:00+00:00,131.50889480005515,132.0056272235911,128.38236227240412,129.6485595703125,94812300
2021-04-21 00:00:00+00:00,128.91804235349915,130.27189547649485,127.88560952240783,130.0283966064453,68847100
2021-04-22 00:00:00+00:00,129.58037371612286,130.66150947358742,127.99277092528317,128.5089874267578,84566500
2021-04-23 00:00:00+00:00,128.72322345292264,131.60624124145804,128.72322345292264,130.82705688476562,78657500
2021-04-26 00:00:00+00:00,131.32384544654548,131.54786030204147,130.08686671385888,131.21670532226562,66905100
2021-04-27 00:00:00+00:00,131.49913616765673,131.88874331170373,130.62254610203854,130.895263671875,66015800
2021-04-28 00:00:00+00:00,130.81733580986761,131.5088791677975,129.61932548257246,130.1063232421875,107760100
2021-04-29 00:00:00+00:00,132.9211473369093,133.50555049492985,129.00568184694694,130.00889587402344,151101000
2021-04-30 00:00:00+00:00,128.35314426527148,130.08685531571498,127.66161568350715,128.04147338867188,109839500
2021-05-03 00:00:00+00:00,128.6063403344398,130.5835645811877,128.40180963228673,129.0933380126953,75135100
2021-05-04 00:00:00+00:00,127.77847076247717,128.07067238199318,123.40522566029897,124.52532196044922,137564700
2021-05-05 00:00:00+00:00,125.84023086704354,127.05772538948398,124.6422204183204,124.76884460449219,84000900
2021-05-06 00:00:00+00:00,124.56429785702491,126.37593028448455,123.8240591134078,126.36619567871094,78128300
2021-05-07 00:00:00+00:00,127.66380595625425,128.0638111341248,126.3271553590937,127.03939056396484,78973300
2021-05-10 00:00:00+00:00,126.25886120807223,126.38568557584613,123.72216543128324,123.76119232177734,88071200
2021-05-11 00:00:00+00:00,120.49278076667929,123.19532812082859,119.78055295740043,122.84410095214844,126142800
2021-05-12 00:00:00+00:00,120.39520469554279,121.60500854306753,119.27320577012671,119.7805404663086,112172300
2021-05-13 00:00:00+00:00,121.54648377421124,123.07825403932372,121.23427605914434,121.92698669433594,105861300
2021-05-14 00:00:00+00:00,123.17580356771927,124.7758688561986,122.78554210729591,124.3465805053711,81918000
2021-05-17 00:00:00+00:00,123.7319305977149,123.83925269137897,122.12210663637244,123.19532012939453,74244600
2021-05-18 00:00:00+00:00,123.47826668103308,123.89779649597985,121.74161080080381,121.80990600585938,63342900
2021-05-19 00:00:00+00:00,120.16105011854478,121.87818865261369,119.86835215925528,121.65379333496094,92612000
2021-05-20 00:00:00+00:00,122.1806452374261,124.61001150333645,122.05380598133526,124.20999145507812,76857100
2021-05-21 00:00:00+00:00,124.70759662181192,124.88321393915864,122.16114924209418,122.37579345703125,79295400
2021-05-24 00:00:00+00:00,122.94166434682049,124.82466923282675,122.87336914136405,124.00511932373047,63092900
2021-05-25 00:00:00+00:00,124.7075784829674,125.19541091008112,123.24410353248182,123.80998229980469,72009500
2021-05-26 00:00:00+00:00,123.86851440973157,124.28804417802037,123.34166255348855,123.76119232177734,56575900
2021-05-27 00:00:00+00:00,123.3611810284224,124.5319579811851,122.03429651202822,122.22942352294922,94625600
2021-05-28 00:00:00+00:00,122.51235234032615,122.73675508280117,121.51719276060966,121.57572937011719,71311100
2021-06-01 00:00:00+00:00,122.03429182182089,122.29771402080185,120.92205152635813,121.25376892089844,67637100
2021-06-02 00:00:00+00:00,121.25377238108098,122.19039542274523,121.02937706510446,122.01477813720703,59278900
2021-06-03 00:00:00+00:00,121.64404739693522,121.80990611741935,120.13178685609535,120.53180694580078,76229200
2021-06-04 00:00:00+00:00,121.04889463757115,123.08800699874061,120.83425044759345,122.82457733154297,75169300
2021-06-07 00:00:00+00:00,123.09775754946514,123.24410653680496,121.7903901347652,122.83433532714844,71057600
2021-06-08 00:00:00+00:00,123.51728685562117,125.33200387040455,123.13678395621102,123.65387725830078,74403800
2021-06-09 00:00:00+00:00,124.11242420165917,124.63927604647924,123.43922338156383,124.03437042236328,56877900
2021-06-10 00:00:00+00:00,123.92705266664278,125.06856875877892,122.87335638380547,123.03921508789062,71186400
2021-06-11 00:00:00+00:00,123.44899833208643,124.33684344114933,123.02946851727127,124.24903106689453,53522400
2021-06-14 00:00:00+00:00,124.70756306020407,127.36132438958391,123.97582567545629,127.30278778076172,96906500
2021-06-15 00:00:00+00:00,126.77595907590421,127.4198916269695,126.23934861668313,126.48326110839844,62746300
2021-06-16 00:00:00+00:00,127.19546385620482,127.70280593735949,125.331983991057,126.98081970214844,91815000
2021-06-17 00:00:00+00:00,126.63936820067508,129.32240559947226,126.49301177385304,128.58090209960938,96721700
2021-06-18 00:00:00+00:00,127.52720715689915,128.30771518043744,127.06865050509046,127.28329467773438,108953300
2021-06-21 00:00:00+00:00,127.12720634134745,129.18582857227696,126.06375134431808,129.07850646972656,79663300
2021-06-22 00:00:00+00:00,128.91264666080772,130.8151612925248,128.41505560442437,130.71759033203125,74783600
2021-06-23 00:00:00+00:00,130.5126690823285,131.0492794134617,129.98580988913096,130.44436645507812,60214200
2021-06-24 00:00:00+00:00,131.17613794325877,131.36151382298493,129.69314579268672,130.16146850585938,68711000
2021-06-25 00:00:00+00:00,130.2102731739654,130.62979558487248,129.57609165578822,129.86878967285156,70783700
2021-06-28 00:00:00+00:00,130.1614570490265,131.95664929646315,130.10292043684166,131.4980926513672,62111300
2021-06-29 00:00:00+00:00,131.51763255879192,133.16648356087228,131.07859300425446,133.0103759765625,64556100
2021-06-30 00:00:00+00:00,132.8542738516881,134.0640853489463,132.56157584088896,133.6250457763672,63261400
2021-07-01 00:00:00+00:00,133.27379128495963,133.98601159157678,132.4542339993765,133.92747497558594,52485800
2021-07-02 00:00:00+00:00,134.5421050302235,136.59097561940857,134.3957635112395,136.5519561767578,78852600
2021-07-06 00:00:00+00:00,136.65929888430668,139.66428770082487,136.65929888430668,138.5618133544922,108181800
2021-07-07 00:00:00+00:00,140.04478004189397,141.36191336128311,139.1862182535438,141.04971313476562,104911600
2021-07-08 00:00:00+00:00,138.13253828734636,140.55214628534262,137.24469315334258,139.7521209716797,105575500
2021-07-09 00:00:00+00:00,139.27401905419063,142.1033977245654,139.17644811221814,141.57655334472656,99890800
2021-07-12 00:00:00+00:00,142.64981360326175,142.75713571421414,140.49362024221452,140.9814453125,76299700
2021-07-13 00:00:00+00:00,140.5228614286861,143.86934850619764,140.1326074026889,142.09365844726562,100827100
2021-07-14 00:00:00+00:00,144.49375275658443,145.92795926693185,144.08396670742601,145.51817321777344,127050800
2021-07-15 00:00:00+00:00,145.6059901139749,146.34747864637848,143.50833398770226,144.86448669433594,106820300
2021-07-16 00:00:00+00:00,144.84502714125577,146.11336042052585,142.3278479795718,142.82542419433594,93251400
2021-07-19 00:00:00+00:00,140.24968646910114,140.56190161268026,138.2203326975493,138.98133850097656,121434600
2021-07-20 00:00:00+00:00,139.96679140907298,143.51815772342314,139.478966284095,142.59127807617188,96350000
2021-07-21 00:00:00+00:00,141.98635160042446,142.57174758950413,141.10827250404336,141.85951232910156,74993500
2021-07-22 00:00:00+00:00,142.38634335455993,144.59130668501456,142.25950410848452,143.22540283203125,77338200
2021-07-23 00:00:00+00:00,143.95714959308972,145.09865822031367,143.34248537564744,144.9425506591797,71447400
2021-07-26 00:00:00+00:00,144.65963709619385,146.18164879238583,144.1035094217646,145.3621063232422,72434100
2021-07-27 00:00:00+00:00,145.48888924785527,145.5767090416399,142.00582730291055,143.1961212158203,104818600
2021-07-28 00:00:00+00:00,141.28387882976534,143.391286472983,139.06914908747908,141.44973754882812,118931200
2021-07-29 00:00:00+00:00,141.16679397009463,142.98150347673163,141.05947187985987,142.09365844726562,56699500
2021-07-30 00:00:00+00:00,140.86439137179315,142.7669064292898,140.60096162929617,142.308349609375,70440600
2021-08-02 00:00:00+00:00,142.79613544954273,143.37176538004852,141.71316334757606,141.97659301757812,62880000
2021-08-03 00:00:00+00:00,142.25952902121162,144.43522442777342,141.64486473611035,143.77178955078125,64786600
2021-08-04 00:00:00+00:00,143.6839649919127,144.191292221281,142.7180662311683,143.3717498779297,56368300
2021-08-05 00:00:00+00:00,143.40105691819448,144.2401166546182,142.61078266741262,143.47911071777344,46397700
2021-08-06 00:00:00+00:00,143.00033556159832,143.74293525391155,142.29681378591434,142.79513549804688,54126800
2021-08-09 00:00:00+00:00,142.8537292225246,143.34228507821692,142.18930041536296,142.74624633789062,48908700
2021-08-10 00:00:00+00:00,143.0882262269222,144.3291621434574,141.97431959044943,142.2674560546875,69023100
2021-08-11 00:00:00+00:00,142.7072143393609,143.36187760745253,142.1991119113098,142.5215606689453,48493500
2021-08-12 00:00:00+00:00,142.84394884807298,145.63848865290169,142.5019538202862,145.48214721679688,72282600
2021-08-13 00:00:00+00:00,145.56033337689462,146.01957707570978,144.8763581583002,145.68736267089844,59375000
2021-08-16 00:00:00+00:00,145.1401675406519,147.72952253031957,143.1175540441941,147.66111755371094,103296000
2021-08-17 00:00:00+00:00,146.79148879708086,148.20829780218608,145.67758203815535,146.75241088867188,92229700
2021-08-18 00:00:00+00:00,146.37129062415443,147.2702313225325,142.8048250703269,143.01002502441406,86326000
2021-08-19 00:00:00+00:00,141.71051038649435,144.61253336364982,141.1926423719419,143.34228515625,86960300
2021-08-20 00:00:00+00:00,144.06536865206095,145.10110479232438,143.4204712746936,144.79820251464844,60549600
2021-08-23 00:00:00+00:00,144.91543614181833,146.75241093803115,144.50505101044897,146.2834014892578,60131800
2021-08-24 00:00:00+00:00,146.02934262692168,147.40707372149436,145.73620613091066,146.19544982910156,48606400
2021-08-25 00:00:00+00:00,146.3811188443998,146.8794554129226,144.41712946066949,144.9643096923828,58991300
2021-08-26 00:00:00+00:00,144.95454377317253,145.70690913613237,144.13375851701343,144.16307067871094,48597200
2021-08-27 00:00:00+00:00,144.1044163600025,145.3453522818871,143.4692997760321,145.19879150390625,55802400
2021-08-30 00:00:00+00:00,145.58963083933705,149.976867364279,145.2085579053338,149.61532592773438,90956700
2021-08-31 00:00:00+00:00,149.1659241974142,149.30271928350763,147.82727059470037,148.35491943359375,86453100
2021-09-01 00:00:00+00:00,149.33198527371385,151.43276949828842,148.8531951656688,149.01930236816406,80313700
2021-09-02 00:00:00+00:00,150.34819027947748,151.17874128646721,148.91183471793337,150.1332244873047,71115500
2021-09-03 00:00:00+00:00,150.24069238740682,151.09078972052774,149.5860293255129,150.76834106445312,57808700
2021-09-07 00:00:00+00:00,151.42301943650597,153.660598936694,150.85629279363835,153.10365295410156,82278300
2021-09-08 00:00:00+00:00,153.38699333617137,153.44561765373206,150.4556581818044,151.55979919433594,74420200
2021-09-09 00:00:00+00:00,151.9310910707807,152.5368955037672,150.42633082753412,150.54359436035156,57305700
2021-09-10 00:00:00+00:00,151.45234744847278,151.92135699493102,145.2965393767227,145.56036376953125,140893200
2021-09-13 00:00:00+00:00,147.18232700871462,147.9542386226374,145.3453524055779,146.12704467773438,102404300
2021-09-14 00:00:00+00:00,146.90878293557242,147.61230470977705,143.54751554982687,144.7298126220703,109296300
2021-09-15 00:00:00+00:00,145.15971382126716,146.0195769004921,143.01983678244974,145.61895751953125,83281300
2021-09-16 00:00:00+00:00,145.04246503666727,145.56033305169905,143.8503875542624,145.3844451904297,68034100
2021-09-17 00:00:00+00:00,145.41380316434896,145.41380316434896,142.42382816362286,142.7169647216797,129868800
2021-09-20 00:00:00+00:00,140.50865153615536,141.5248410433877,138.03656037257468,139.6683349609375,123478900
2021-09-21 00:00:00+00:00,140.6356810985669,141.29035906389458,139.51200859720305,140.14712524414062,75834000
2021-09-22 00:00:00+00:00,141.14379903633161,143.07847626004042,140.41096517330857,142.5117645263672,76404300
2021-09-23 00:00:00+00:00,143.29345719409983,143.71362307292674,142.30657952171666,143.46934509277344,64838200
2021-09-24 00:00:00+00:00,142.32611071447462,144.09468071612673,142.22839356904527,143.55726623535156,53477900
2021-09-27 00:00:00+00:00,142.14045701354505,142.6192471706429,140.52822848156046,142.04273986816406,74150700
2021-09-28 00:00:00+00:00,139.97125238193445,141.43691994614318,138.44696050068399,138.66192626953125,108972300
2021-09-29 00:00:00+00:00,139.2091369382953,141.14381437221513,138.7792053064143,139.56089782714844,74602000
2021-09-30 00:00:00+00:00,140.37185613978193,141.07537768507382,138.0463257589815,138.26129150390625,89056700
2021-10-01 00:00:00+00:00,138.65216064526572,139.64881887167329,135.9260252404235,139.38499450683594,94639600
2021-10-04 00:00:00+00:00,138.5153346198599,138.95504676613083,135.10522468851968,135.95530700683594,98322000
2021-10-05 00:00:00+00:00,136.29728740091528,138.9843440041992,136.17025813588964,137.8802032470703,80861100
2021-10-06 00:00:00+00:00,136.27775625309343,138.8964081885175,135.20292752763442,138.74984741210938,83221100
2021-10-07 00:00:00+00:00,139.78558344753552,140.91903648455812,139.453369081024,140.01031494140625,61732700
2021-10-08 00:00:00+00:00,140.73341358342566,140.87997439192273,139.2970580219821,139.6292724609375,58773200
2021-10-11 00:00:00+00:00,139.01367183693614,141.49552874663496,138.5641939396708,139.5413055419922,64452200
2021-10-12 00:00:00+00:00,139.95167482917654,139.97122123368786,137.81179827609876,138.2710418701172,73035900
2021-10-13 00:00:00+00:00,138.00727840066958,138.163604960137,136.01396194464323,137.68482971191406,78762700
2021-10-14 00:00:00+00:00,138.8573456179309,140.58683751822448,138.27107262847971,140.46957397460938,69907100
2021-10-15 00:00:00+00:00,140.4793699361988,141.58349614959462,140.22531132197605,141.52487182617188,67940300
2021-10-18 00:00:00+00:00,140.1666423418905,143.4790497458413,139.88328656577576,143.19569396972656,85589200
2021-10-19 00:00:00+00:00,143.64521771748375,145.75578303894451,143.195754584487,145.35516357421875,76378900
2021-10-20 00:00:00+00:00,145.29652399244392,146.32249438069462,144.72979735027167,145.8437042236328,58418800
2021-10-21 00:00:00+00:00,145.40399172614036,146.21499623763387,144.4855043297612,146.05865478515625,61421000
2021-10-22 00:00:00+00:00,146.26387023963363,146.74264548774926,145.23789985010384,145.28675842285156,58883400
2021-10-25 00:00:00+00:00,145.27699295562158,145.95120256523685,144.24125670704237,145.2379150390625,50720600
2021-10-26 00:00:00+00:00,145.91212476055014,147.3875583918874,145.59944178965912,145.90235900878906,60893400
2021-10-27 00:00:00+00:00,145.94140632392705,146.30293288736218,145.09132390307514,145.44308471679688,56094900
2021-10-28 00:00:00+00:00,146.39085470391106,149.66416934171193,146.29313758834866,149.07791137695312,100077900
2021-10-29 00:00:00+00:00,143.85037288076313,146.5081176612954,143.05891485963772,146.37132263183594,124953200
2021-11-01 00:00:00+00:00,145.57989504750188,146.2736360885386,144.41712959922393,145.5505828857422,74588300
2021-11-02 00:00:00+00:00,145.25744630214584,148.10084526807523,145.24766564186768,146.58631896972656,69122000
2021-11-03 00:00:00+00:00,146.94783044977856,148.49166875101167,146.39088452432864,148.0226593017578,54511500
2021-11-04 00:00:00+00:00,148.1105804313896,148.94111635864294,147.19209312751175,147.50477600097656,60394600
2021-11-05 00:00:00+00:00,148.6300964838691,148.93344079375584,146.83937063089465,148.03318786621094,65463900
2021-11-08 00:00:00+00:00,148.16042562432813,148.3169952703634,146.93725326087116,147.21124267578125,55020900
2021-11-09 00:00:00+00:00,146.97637928946335,148.17997664131613,146.83938459031998,147.5732879638672,56787900
2021-11-10 00:00:00+00:00,146.80022003816552,146.90785977516097,144.67679516407316,144.7452850341797,65187100
2021-11-11 00:00:00+00:00,145.76296742917557,146.22286636426517,144.5104255646951,144.69635009765625,41000000
2021-11-12 00:00:00+00:00,145.24437287945577,147.17209373098063,144.3147648635999,146.77090454101562,63804000
2021-11-15 00:00:00+00:00,147.14273967083543,148.620341460146,146.22291165316477,146.7806854248047,59222800
2021-11-16 00:00:00+00:00,146.72196856987298,148.23870523347338,146.1348398835429,147.75921630859375,59256200
2021-11-17 00:00:00+00:00,147.75919078814144,151.67334153749616,147.7494107865361,150.1957550048828,88807000
2021-11-18 00:00:00+00:00,150.4110299216061,155.26456834184324,149.765191484069,154.4817352294922,137827700
2021-11-19 00:00:00+00:00,154.26646446197273,157.56414670764048,153.17050700157068,157.10423278808594,117305600
2021-11-22 00:00:00+00:00,158.21000213967926,162.14372871908944,157.54460352782965,157.56417846679688,117467900
2021-11-23 00:00:00+00:00,157.66203166951047,158.3274452479913,155.6462458566702,157.94581604003906,96041900
2021-11-24 00:00:00+00:00,157.29995411244806,158.66012108108276,156.2137765381209,158.46441650390625,69463600
2021-11-26 00:00:00+00:00,156.14530861301552,157.00641185994465,153.00419520836275,153.4445343017578,76959800
2021-11-29 00:00:00+00:00,155.94958045222978,157.73052659848017,155.38202667808307,156.80091857910156,88748200
2021-11-30 00:00:00+00:00,156.5562854284138,161.9675988704111,156.4877806077615,161.7523193359375,174048100
2021-12-01 00:00:00+00:00,163.88553311945805,166.64501732963333,160.99884912795645,161.23370361328125,152052500
2021-12-02 00:00:00+00:00,155.33309702351337,160.6759050938818,154.4132690949476,160.24534606933594,136739200
2021-12-03 00:00:00+00:00,160.4997512359703,161.41957902573364,156.29203631008477,158.3665313720703,118023100
2021-12-06 00:00:00+00:00,160.76395823883925,164.27692006238982,160.75417823673777,161.77186584472656,107497000
2021-12-07 00:00:00+00:00,165.45115282756737,167.8974970290668,164.7270295686555,167.50607299804688,120405400
2021-12-08 00:00:00+00:00,168.43570437579535,172.1835056764081,167.03638765651502,171.3223876953125,116998900
2021-12-09 00:00:00+00:00,171.15603176332104,172.9565375380552,170.18727407030087,170.81353759765625,108923700
2021-12-10 00:00:00+00:00,171.4496116481563,175.77474686026093,170.9407678198788,175.59860229492188,115402700
2021-12-13 00:00:00+00:00,177.23275419312068,178.22108688608395,171.76273170193855,171.96823120117188,153237000
2021-12-14 00:00:00+00:00,171.48875398461132,173.92531854630914,168.51400556372403,170.5885009765625,139380400
2021-12-15 00:00:00+00:00,171.35176719309973,175.6475478496639,168.6118581679586,175.45184326171875,131063300
2021-12-16 00:00:00+00:00,175.43223547777242,177.25231617436867,167.08531019517628,168.56289672851562,150185800
2021-12-17 00:00:00+00:00,166.28294252078598,169.74697513874438,166.0481029746897,167.46697998046875,195432700
2021-12-20 00:00:00+00:00,164.66834446331637,166.91898445345717,163.8659512088188,166.10679626464844,107499100
2021-12-21 00:00:00+00:00,167.87793543850688,169.48273676499653,165.49030091905374,169.27725219726562,91185900
2021-12-22 00:00:00+00:00,169.32618739702795,172.08567137280502,168.45528928513505,171.87039184570312,92135300
2021-12-23 00:00:00+00:00,172.07586375572322,173.0544014741378,171.50831008728667,172.4966278076172,68356600
2021-12-27 00:00:00+00:00,173.28927903509933,176.54781214494253,173.26971902697096,176.45974731445312,74919600
2021-12-28 00:00:00+00:00,176.29336988152778,177.43825729141835,174.69834852343934,175.44203186035156,79144300
2021-12-29 00:00:00+00:00,175.48116046274254,176.7532624077505,174.31669825764985,175.53009033203125,62348900
2021-12-30 00:00:00+00:00,175.6181743920382,176.69457190920295,174.26778749437727,174.37542724609375,59773000
2021-12-31 00:00:00+00:00,174.2677704894889,175.3833028387427,173.45558242966288,173.75894165039062,64062300
2022-01-03 00:00:00+00:00,174.01337226981713,178.95499096160628,173.895952516217,178.10365295410156,104487900
2022-01-04 00:00:00+00:00,178.71035458130368,179.01369889567948,175.2756775127618,175.84323120117188,99310400
2022-01-05 00:00:00+00:00,175.75516158524204,176.3031403228598,170.8918278919333,171.1658172607422,94537600
2022-01-06 00:00:00+00:00,168.99347567343597,171.53767993498516,167.95622799076347,168.30850219726562,96904000
2022-01-07 00:00:00+00:00,169.17940193566972,170.40257420223315,167.35932100577125,168.474853515625,86709100
2022-01-10 00:00:00+00:00,165.4511773077938,168.79777487885306,164.56070430318124,168.4944305419922,106765600
2022-01-11 00:00:00+00:00,168.62162893365016,171.4202325096092,167.15382233749222,171.3223876953125,76138300
2022-01-12 00:00:00+00:00,172.3400748149154,173.37732250749067,171.0679876032979,171.7627410888672,74805200
2022-01-13 00:00:00+00:00,172.00737775161056,172.82934594142114,168.10300645305696,168.4944305419922,84505800
2022-01-14 00:00:00+00:00,167.6626941036259,170.0503291665965,167.41805960834293,169.35557556152344,80440800
2022-01-18 00:00:00+00:00,167.82899175117316,168.836884364845,165.7740715864879,166.15570068359375,90956700
2022-01-19 00:00:00+00:00,166.35143003303915,167.40825267441707,162.37856885772902,162.66233825683594,94815000
2022-01-20 00:00:00+00:00,163.3962685823185,166.0383181560068,160.65635923759166,160.97927856445312,91420500
2022-01-21 00:00:00+00:00,160.89120276470334,162.76021377251277,158.81670715554318,158.92434692382812,122848900
2022-01-24 00:00:00+00:00,156.58559388643394,158.81665846201457,151.37976658921312,158.1512451171875,162294600
2022-01-25 00:00:00+00:00,155.5679206315474,159.26679197315192,153.64999508546384,156.3507537841797,115798400
2022-01-26 00:00:00+00:00,159.99092174206848,160.86181974023197,154.43283450239605,156.2626953125,108275300
2022-01-27 00:00:00+00:00,158.9634528706825,160.3236197319786,154.88295228679408,155.8027801513672,121954600
2022-01-28 00:00:00+00:00,162.15350702087153,166.69392186078738,159.30595841103175,166.67434692382812,179935700
2022-01-31 00:00:00+00:00,166.5079694467073,171.2440880703996,165.87191101795182,171.02880859375,115541600
2022-02-01 00:00:00+00:00,170.27534392743365,171.0875320298687,168.61183278338754,170.8624725341797,86213900
2022-02-02 00:00:00+00:00,170.9994831805343,172.105235689561,169.6099612749151,172.0660858154297,84914300
2022-02-03 00:00:00+00:00,170.7352545735362,172.45749049022623,168.42590499267487,169.1891632080078,89418100
2022-02-04 00:00:00+00:00,168.20939100229583,170.5804825811808,167.22960653014735,168.90504455566406,82465400
2022-02-07 00:00:00+00:00,169.36555780513737,170.43351937589156,167.49416572772904,168.1898193359375,77251200
2022-02-08 00:00:00+00:00,168.25837758980256,171.80520742660315,167.96443926792173,171.29571533203125,74829200
2022-02-09 00:00:00+00:00,172.4910539110368,173.07891560572492,171.36429283315064,172.71640014648438,71285000
2022-02-10 00:00:00+00:00,170.6196718007765,171.93257943938036,168.08203354026793,168.6405029296875,90865900
2022-02-11 00:00:00+00:00,168.84624166520766,169.58107994004882,164.64295836093538,165.2308349609375,98670700
2022-02-14 00:00:00+00:00,163.98653444619794,166.15186486791518,163.19291135712115,165.4660186767578,86185500
2022-02-15 00:00:00+00:00,167.5137664381475,169.45373566949445,166.80832036305304,169.29696655273438,62527400
2022-02-16 00:00:00+00:00,168.3759824121772,169.83585183660028,166.6123672162483,169.06182861328125,61177400
2022-02-17 00:00:00+00:00,167.57254946752525,168.43476465088062,165.06430342539218,165.4660186767578,69589300
2022-02-18 00:00:00+00:00,166.38699918366942,167.0924302194162,162.83037691642315,163.91793823242188,82772700
2022-02-22 00:00:00+00:00,161.64481524353263,163.32025303287986,158.8720237841658,160.9981689453125,91162800
2022-02-23 00:00:00+00:00,162.1935610537394,162.79123034968327,156.5206139252959,156.8341522216797,90009200
2022-02-24 00:00:00+00:00,149.4955488212337,159.5579417081335,148.92727191069304,159.45016479492188,141147500
2022-02-25 00:00:00+00:00,160.52789462372328,161.78201763247694,157.61793335879435,161.51748657226562,91974200
2022-02-28 00:00:00+00:00,159.76367431641097,162.07596656799925,159.1464052349538,161.7820281982422,95056600
2022-03-01 00:00:00+00:00,161.37050993245586,163.23210951924372,158.69570233786408,159.9008331298828,83474400
2022-03-02 00:00:00+00:00,161.0667710705488,163.97673219026618,159.65587901852524,163.19290161132812,79724800
2022-03-03 00:00:00+00:00,165.06429046074288,165.49539801856008,162.20332160924863,162.86956787109375,76678400
2022-03-04 00:00:00+00:00,161.16476749621853,162.20333673673338,158.82308299816066,159.87144470214844,83737200
2022-03-07 00:00:00+00:00,160.05758861933697,161.68403439715155,155.82491261205914,156.0796661376953,96418800
2022-03-08 00:00:00+00:00,155.60935508972088,159.5872770933945,152.65040221518476,154.2572479248047,131148300
2022-03-09 00:00:00+00:00,158.2156144765831,160.10660654613918,156.1874681101056,159.65589904785156,91454900
2022-03-10 00:00:00+00:00,156.96150659042647,157.1476680762386,152.82681394352832,155.3154754638672,105342000
2022-03-11 00:00:00+00:00,155.71714267170483,156.06007322521145,151.37670453340775,151.60205078125,96970100
2022-03-14 00:00:00+00:00,148.38835719355112,151.0043799732345,147.06565710961667,147.57513427734375,108732100
2022-03-15 00:00:00+00:00,147.8494586979721,152.42506496258488,147.33998157862231,151.9547576904297,92964300
2022-03-16 00:00:00+00:00,153.8751991198654,156.7655611637564,151.33756018660605,156.3638458251953,102300200
2022-03-17 00:00:00+00:00,155.40362432397723,157.7453087439647,154.44343967423552,157.37298583984375,75615400
2022-03-18 00:00:00+00:00,157.2652009907308,161.1549465596943,156.53036263312293,160.66505432128906,123511700
2022-03-21 00:00:00+00:00,160.20455132045697,162.98715054298916,159.71465909153343,162.03675842285156,95811400
2022-03-22 00:00:00+00:00,162.16411234772428,165.9950729796282,161.57625067180703,165.40721130371094,81532000
2022-03-23 00:00:00+00:00,164.59404174807565,169.15003475063193,164.2609035784897,166.7691650390625,98062700
2022-03-24 00:00:00+00:00,167.60194065734933,170.61967882805246,166.76913277034842,170.5511016845703,90131400
2022-03-25 00:00:00+00:00,170.3649271443604,171.73661941189775,169.2577659174967,171.1879425048828,80546200
2022-03-28 00:00:00+00:00,168.68948719730128,172.17751745210523,168.52292563460833,172.05015563964844,90371900
2022-03-29 00:00:00+00:00,173.11809426503288,175.39118611815218,172.77516377216674,175.3422088623047,100589400
2022-03-30 00:00:00+00:00,174.94053078604693,175.979099995584,173.12792342578476,174.17630004882812,92633200
2022-03-31 00:00:00+00:00,174.2448693810398,174.4310308254092,170.8744083575564,171.08016967773438,103049300
2022-04-01 00:00:00+00:00,170.5119011506989,171.34472398421482,168.46415506398156,170.78623962402344,78751300
2022-04-04 00:00:00+00:00,171.04097225778014,174.88172536504146,170.91359549990895,174.83273315429688,76468400
2022-04-05 00:00:00+00:00,173.9117489626708,174.6955795536943,170.8940109049415,171.5210723876953,73401800
2022-04-06 00:00:00+00:00,168.87563829115544,170.1199686542609,166.69072328453476,168.35635375976562,89058800
2022-04-07 00:00:00+00:00,167.69992580849703,169.85544881098227,166.41641045043957,168.6601104736328,77594700
2022-04-08 00:00:00+00:00,168.30737316185164,168.30737316185164,165.77952746373003,166.6515350341797,76575500
2022-04-11 00:00:00+00:00,165.29942982629515,165.61295305467232,162.1543153788709,162.39926147460938,72246700
2022-04-12 00:00:00+00:00,164.62341397476007,166.43600652884118,163.2713064320056,164.27069091796875,79265200
2022-04-13 00:00:00+00:00,164.00610048305086,167.5823073528285,163.39863897484116,166.9552459716797,70618900
2022-04-14 00:00:00+00:00,167.17081545269417,167.80768430539896,161.70361651341247,161.9485626220703,75329400
2022-04-18 00:00:00+00:00,160.60627109784113,163.23210129361956,160.2633554980497,161.7330322265625,69023900
2022-04-19 00:00:00+00:00,161.68405307765963,164.42745284930518,160.59649161266293,164.01593017578125,67723800
2022-04-20 00:00:00+00:00,165.3484035950485,165.4659878847408,162.74218855364813,163.84933471679688,67929800
2022-04-21 00:00:00+00:00,165.49540922825548,168.06243992326603,162.55605562621574,163.0557403564453,87227800
2022-04-22 00:00:00+00:00,163.0949712058386,164.4764562999452,158.235232412427,158.5193634033203,84882400
2022-04-25 00:00:00+00:00,157.862880430984,159.87144172970685,155.2566649146805,159.58731079101562,96046400
2022-04-26 00:00:00+00:00,158.9700254572649,159.05820246882445,153.55181869779824,153.6302032470703,95623200
2022-04-27 00:00:00+00:00,152.75821530720194,156.55976925790796,152.23893068313222,153.40487670898438,88063200
2022-04-28 00:00:00+00:00,156.03070106321982,161.194170207573,155.7171628080034,160.3319549560547,130216800
2022-04-29 00:00:00+00:00,158.568327600733,162.84018882642286,154.07112011517893,154.46302795410156,131747600
2022-05-02 00:00:00+00:00,153.5420538968097,155.0313157503038,150.17159242252777,154.76678466796875,123055300
2022-05-03 00:00:00+00:00,154.9529423111533,157.46120366883235,153.1599494897431,156.2560577392578,88966500
2022-05-04 00:00:00+00:00,156.4421664548319,163.11449553252916,156.04045128046997,162.66380310058594,108256500
2022-05-05 00:00:00+00:00,160.53770657596968,160.76305283929582,151.8176149978829,153.600830078125,130525300
2022-05-06 00:00:00+00:00,153.08074566682737,156.44635165846242,151.28510401095104,154.326904296875,116124600
2022-05-09 00:00:00+00:00,152.0210492953049,152.90416000742098,148.6456508199546,149.20494079589844,131577900
2022-05-10 00:00:00+00:00,152.59999379126018,153.79708852885074,150.05861170075954,151.60894775390625,115366700
2022-05-11 00:00:00+00:00,150.6179132038416,152.53129738037643,143.07229678522884,143.7493438720703,142689800
2022-05-12 00:00:00+00:00,140.08936442340104,143.45495579096956,136.19390367446763,139.88330078125,182602000
2022-05-13 00:00:00+00:00,141.87518108716213,145.3192870677171,140.42297369266063,144.34786987304688,113990900
2022-05-16 00:00:00+00:00,142.8171643521235,144.7501769403197,141.4728772141811,142.80734252929688,86643800
2022-05-17 00:00:00+00:00,146.06502676243824,146.95794432736452,143.92595034164182,146.43789672851562,78336300
2022-05-18 00:00:00+00:00,144.09277542323014,144.59319436014727,137.27325546059197,138.17599487304688,109742900
2022-05-19 00:00:00+00:00,137.25361360845713,139.0001910759216,134.03520018713232,134.7711181640625,136095600
2022-05-20 00:00:00+00:00,136.47844306099526,138.05821430560903,130.12011571020568,135.00660705566406,137426100
2022-05-23 00:00:00+00:00,135.20286921997902,140.5701665253798,135.06549843768857,140.42298889160156,117726300
2022-05-24 00:00:00+00:00,138.16617251433556,139.30439614103204,134.7515166065387,137.72462463378906,104132700
2022-05-25 00:00:00+00:00,135.8308524536192,139.12776621000188,135.742545873108,137.88162231445312,92482700
2022-05-26 00:00:00+00:00,134.81036263839988,141.62986633656274,134.56505664226245,141.08038330078125,90601500
2022-05-27 00:00:00+00:00,142.6601806038178,146.8696256795322,142.5326166713653,146.83038330078125,90978500
2022-05-31 00:00:00+00:00,146.27105666109873,147.83119909756292,144.08291654363944,146.0453643798828,103718400
2022-06-01 00:00:00+00:00,147.08549081541827,148.8909545900905,144.90717205322113,145.9178466796875,74286600
2022-06-02 00:00:00+00:00,145.05435330119587,148.429766433254,144.1025647736461,148.3708953857422,72348100
2022-06-03 00:00:00+00:00,144.14182533230215,145.19174238635256,141.74765092180013,142.65037536621094,88570300
2022-06-06 00:00:00+00:00,144.2693764860653,145.78046996633253,142.17936438712687,143.39608764648438,71598400
2022-06-07 00:00:00+00:00,141.63970888221743,146.20239508903217,141.39440285018887,145.9178466796875,67808200
2022-06-08 00:00:00+00:00,145.79026939576806,147.05604181726716,144.6913032640919,145.18191528320312,53950200
2022-06-09 00:00:00+00:00,144.3184289860741,145.17208908244996,139.85385675234653,139.9617919921875,69473000
2022-06-10 00:00:00+00:00,137.6461172993445,138.11710068108783,134.48657445941151,134.55526733398438,91437900
2022-06-13 00:00:00+00:00,130.37522601482007,132.6614796951245,128.9720829038409,129.40382385253906,122207100
2022-06-14 00:00:00+00:00,130.63036655754385,131.3760914682962,129.01133784221852,130.26730346679688,84784300
2022-06-15 00:00:00+00:00,131.76858160626196,134.7613181921413,129.67858439406757,132.88717651367188,91533000
2022-06-16 00:00:00+00:00,129.60007296838003,129.9042500251396,126.61714350302216,127.61799621582031,108123900
2022-06-17 00:00:00+00:00,127.62782938306579,130.58130861525225,127.37270152778396,129.08984375,134520300
2022-06-21 00:00:00+00:00,130.91492771438774,134.48658311474856,130.8168142802015,133.3189239501953,81000500
2022-06-22 00:00:00+00:00,132.2592024365102,135.17343948860204,131.395735327504,132.80870056152344,73409200
2022-06-23 00:00:00+00:00,134.25108671150673,135.9878425646897,133.0834276529192,135.67385864257812,72433800
2022-06-24 00:00:00+00:00,137.27324957478913,139.24551965514786,137.1457006192552,139.00021362304688,89116800
2022-06-27 00:00:00+00:00,140.02068012877845,140.79585557470105,138.32316657888146,139.00021362304688,70207900
2022-06-28 00:00:00+00:00,139.4614107912665,140.7271835163408,134.74172443104214,134.85946655273438,67083400
2022-06-29 00:00:00+00:00,134.87907356263912,138.02879459026983,134.1038981265762,136.61582946777344,66242400
2022-06-30 00:00:00+00:00,134.67301697127326,135.77198324759192,131.25836106107414,134.15296936035156,98964500
2022-07-01 00:00:00+00:00,133.48573480288584,136.42940742984914,133.11287978462988,136.32147216796875,71051600
2022-07-05 00:00:00+00:00,135.18322181452564,138.95111802279916,134.3589823539813,138.9020538330078,73353800
2022-07-06 00:00:00+00:00,138.69604284083624,141.41402301996357,138.4311081218874,140.23655700683594,74064300
2022-07-07 00:00:00+00:00,140.59958423477383,143.79838414491758,140.58977738452884,143.60214233398438,66253700
2022-07-08 00:00:00+00:00,142.53259722881296,144.77960864232728,142.27748437099987,144.2791748046875,64547800
2022-07-11 00:00:00+00:00,142.93491514840724,143.88670373849325,141.08040216848238,142.14993286132812,63141600
2022-07-12 00:00:00+00:00,143.02322474684678,145.66272006961017,142.32656399441228,143.12135314941406,77588800
2022-07-13 00:00:00+00:00,140.3052405126538,143.7002675399076,139.45156535802397,142.75830078125,71185600
2022-07-14 00:00:00+00:00,141.3747989679362,146.15335651872334,140.56038100210378,145.682373046875,78140700
2022-07-15 00:00:00+00:00,146.96774129904725,148.02746510063992,145.4174054581408,147.3504180908203,76259900
2022-07-18 00:00:00+00:00,147.90971463576915,148.7241323716371,143.9455611978647,144.30862426757812,81420900
2022-07-19 00:00:00+00:00,145.1426536934173,148.39050276940443,144.1516228338136,148.16482543945312,82982400
2022-07-20 00:00:00+00:00,148.28258588894056,150.83377461851506,147.5466677906739,150.16653442382812,64823400
2022-07-21 00:00:00+00:00,151.59915039930192,152.64906755964233,149.0872186523304,152.43319702148438,65086600
2022-07-22 00:00:00+00:00,152.47238671293337,153.34567541649065,150.52956751320949,151.19679260253906,66675400
2022-07-25 00:00:00+00:00,151.11834238686484,152.1290021734992,149.4208286149878,150.0782470703125,53623900
2022-07-26 00:00:00+00:00,149.4011670445513,150.21558479499407,147.96858832963514,148.75357055664062,55138700
2022-07-27 00:00:00+00:00,149.7151850174758,154.37599980512033,149.30307266450654,153.84613037109375,78620700
2022-07-28 00:00:00+00:00,154.0325515340952,154.68016301876492,151.51081343985047,154.39561462402344,81378700
2022-07-29 00:00:00+00:00,158.21255085489784,160.55767543376024,156.50521583755506,159.4586944580078,101786900
2022-08-01 00:00:00+00:00,157.9868508307224,160.51841022661148,157.86910875677486,158.4774627685547,67829400
2022-08-02 00:00:00+00:00,157.0939825576486,159.36060780651525,156.63280603827062,157.0056610107422,59907000
2022-08-03 00:00:00+00:00,157.82010334400223,163.46214273028536,157.7317967556544,163.0107879638672,82507500
2022-08-04 00:00:00+00:00,162.8930191834261,164.05087149041262,161.3426831970874,162.69677734375,55474100
2022-08-05 00:00:00+00:00,160.36804367078585,162.96207295817032,160.1616937873522,162.4707794189453,56697000
2022-08-08 00:00:00+00:00,163.47302629545368,164.88795425048374,161.34081388850365,161.9991455078125,60276900
2022-08-09 00:00:00+00:00,161.16392597706255,162.93258559805665,160.40732977942574,162.04824829101562,63135500
2022-08-10 00:00:00+00:00,164.76019658442047,166.39129475740782,163.99377985120265,166.2930450439453,70170500
2022-08-11 00:00:00+00:00,167.09876052441393,168.01257432763373,165.26132743753485,165.5561065673828,57149200
2022-08-12 00:00:00+00:00,166.8629135304174,169.17198373539173,166.45021384103478,169.10321044921875,68039400
2022-08-15 00:00:00+00:00,168.53332166791955,170.370754508125,168.36628368181792,170.1742401123047,54091700
2022-08-16 00:00:00+00:00,169.77138205657383,170.6851957704937,168.6708894053126,170.01702880859375,56377100
2022-08-17 00:00:00+00:00,169.76155547008622,173.08268924248625,169.56504107416526,171.51055908203125,79542000
2022-08-18 00:00:00+00:00,170.72447915963892,171.85444813238172,170.10544459568962,171.1175079345703,62290100
2022-08-19 00:00:00+00:00,170.0170261568602,170.71466951867444,168.3269753298755,168.5333251953125,70346300
2022-08-22 00:00:00+00:00,166.73522546568063,166.9022634916105,164.22962509055057,164.6521453857422,69026800
2022-08-23 00:00:00+00:00,164.17064162540487,165.7722632709113,163.74812140904885,164.31802368164062,54147100
2022-08-24 00:00:00+00:00,164.40644286266408,165.18267989573337,163.35506771138927,164.61277770996094,53841500
2022-08-25 00:00:00+00:00,165.84104108991514,167.17736007756102,165.41853585512217,167.06927490234375,51218200
2022-08-26 00:00:00+00:00,167.59989722186273,168.07153485537452,160.71195171096292,160.77090454101562,78961000
2022-08-29 00:00:00+00:00,158.34386422553015,160.06339120592008,157.037036914349,158.5698699951172,73314000
2022-08-30 00:00:00+00:00,159.3068142254931,159.72931938342805,154.97360252515915,156.14288330078125,77906200
2022-08-31 00:00:00+00:00,157.51850501455607,157.78380767810359,154.4037063115704,154.48231506347656,87991100
2022-09-01 00:00:00+00:00,153.91243529158203,155.66143904544523,151.97673759886456,155.20945739746094,74229900
2022-09-02 00:00:00+00:00,156.9682888748041,157.56766760419046,152.2715237467297,153.09689331054688,76957800
2022-09-06 00:00:00+00:00,153.7453935980758,154.35459275815265,151.0138028574181,151.83917236328125,73714800
2022-09-07 00:00:00+00:00,152.12409905857882,153.94187568438204,150.93516240637726,153.24424743652344,87449600
2022-09-08 00:00:00+00:00,151.94725947173376,153.6373103822705,150.02138227376568,151.77040100097656,84923800
2022-09-09 00:00:00+00:00,152.76280561990976,155.07189112050955,152.0553417641127,154.6297149658203,68028800
2022-09-12 00:00:00+00:00,156.81105233922636,161.39973173078485,156.5261087123494,160.5841827392578,104956000
2022-09-13 00:00:00+00:00,157.11565333541313,157.7445084078153,150.6993615052029,151.1611785888672,122656600
2022-09-14 00:00:00+00:00,152.09465656902455,154.36444545311878,150.93521094229624,152.60560607910156,87965400
2022-09-15 00:00:00+00:00,151.9570788549336,152.5368165999088,148.74403004784534,149.71678161621094,90481100
2022-09-16 00:00:00+00:00,148.57698038414023,148.71454195841454,145.7864220311532,148.0758514404297,162278800
2022-09-19 00:00:00+00:00,146.71006595451675,151.8686478234834,146.50373107588743,151.7900390625,81474200
2022-09-20 00:00:00+00:00,150.7288529156578,155.3273682721185,150.41443284470995,154.16790771484375,107689800
2022-09-21 00:00:00+00:00,154.60024966459952,155.97588059110078,150.92538353116046,151.0432891845703,101696800
2022-09-22 00:00:00+00:00,149.7266360650785,151.78023962875704,148.28223174210513,150.0803680419922,86652500
2022-09-23 00:00:00+00:00,148.55732254844892,148.8324456934816,145.9731140864417,147.810546875,96029900
2022-09-26 00:00:00+00:00,147.05398109807987,151.09241446222893,147.03432515906897,148.1446533203125,93339400
2022-09-27 00:00:00+00:00,150.08034720002962,152.02586530633175,147.33892101138343,149.11740112304688,84442700
2022-09-28 00:00:00+00:00,145.06916155790836,148.01692291304855,142.31791462782627,147.23085021972656,146691400
2022-09-29 00:00:00+00:00,143.55596808972413,144.16516723784525,138.2303333041484,139.99899291992188,128138200
2022-09-30 00:00:00+00:00,138.8199033723931,140.60821907927374,135.59701890511008,135.7935333251953,124925300
2022-10-03 00:00:00+00:00,135.80335372086685,140.57872706512543,135.2924042908768,139.96951293945312,114311700
2022-10-04 00:00:00+00:00,142.50457878595228,143.67385961125873,141.74798266491518,143.5559539794922,87830100
2022-10-05 00:00:00+00:00,141.56132388640066,144.81368463210958,140.51976901629106,143.85073852539062,79471000
2022-10-06 00:00:00+00:00,143.2710319630231,144.9709035584296,142.69130913468942,142.89764404296875,68402200
2022-10-07 00:00:00+00:00,140.05798588921024,140.60824736647388,137.02179475777638,137.65065002441406,85925600
2022-10-10 00:00:00+00:00,137.9748992919922,139.41930374314163,136.15712188264376,137.9748992919922,74899000
2022-10-11 00:00:00+00:00,137.4638994009055,138.88866238055874,135.81316062854552,136.55992126464844,77033700
2022-10-12 00:00:00+00:00,136.70734348798558,137.91592138284778,135.75423283314072,135.93109130859375,70433700
2022-10-13 00:00:00+00:00,132.63942598399592,141.08966528093347,132.0302118420066,140.5001220703125,113224000
2022-10-14 00:00:00+00:00,141.79711592519322,142.00346577520415,135.78368877686898,135.9703826904297,88598000
2022-10-17 00:00:00+00:00,138.61357366022068,140.41169491464842,137.82750095740744,139.93023681640625,85250900
2022-10-18 00:00:00+00:00,142.95656316967438,144.14548483681097,138.1615346456643,141.24685668945312,99136600
2022-10-19 00:00:00+00:00,139.22278329462767,142.42601218125702,139.03608932702545,141.35499572753906,61758300
2022-10-20 00:00:00+00:00,140.52960554450746,143.34962560942563,140.16603813694184,140.89315795898438,64522000
2022-10-21 00:00:00+00:00,140.3821901686459,145.27548388473534,140.16601984417193,144.70558166503906,86548600
2022-10-24 00:00:00+00:00,144.62699951406933,147.61405773965313,143.45771845108737,146.84764099121094,75981900
2022-10-25 00:00:00+00:00,147.476495894735,149.83471395703802,146.75921150175503,149.68731689453125,74732300
2022-10-26 00:00:00+00:00,148.33135548203074,149.3434189974195,145.46218795090752,146.7493896484375,88194300
2022-10-27 00:00:00+00:00,145.49167413504986,146.45460526216635,141.6202786941001,142.2786102294922,109180200
2022-10-28 00:00:00+00:00,145.6193922207591,154.75745443354808,145.24601935139384,153.02810668945312,164762400
2022-10-31 00:00:00+00:00,150.49306337072383,151.5542593756546,149.2746498110423,150.669921875,97943200
2022-11-01 00:00:00+00:00,152.3796018355527,152.74315424703352,146.5332118743015,148.0267333984375,80379300
2022-11-02 00:00:00+00:00,146.35631650525693,149.520247538893,142.47510122901483,142.50457763671875,93604600
2022-11-03 00:00:00+00:00,139.58632020230726,140.31344004952294,136.33395931941936,136.46170043945312,97918500
2022-11-04 00:00:00+00:00,139.84740569973505,140.4182534262788,132.25910018387182,136.1959686279297,140814800
2022-11-07 00:00:00+00:00,134.94598671425354,136.95378268582516,133.52871190234,136.7274169921875,83374600
2022-11-08 00:00:00+00:00,138.19391993058036,139.19781051108808,135.32000793975288,137.29827880859375,89908500
2022-11-09 00:00:00+00:00,136.31409229039105,136.36330615762654,132.46579914921745,132.7413787841797,74917800
2022-11-10 00:00:00+00:00,139.0108096143879,144.55194091796875,137.298266687944,144.55194091796875,118854000
2022-11-11 00:00:00+00:00,143.51854343102002,147.64240042758996,142.09141663457416,147.33729553222656,93979700
2022-11-14 00:00:00+00:00,146.61880940644215,147.90813128864986,145.10310679865555,145.939697265625,73374100
2022-11-15 00:00:00+00:00,149.81750629168315,151.16587871608763,146.21526862726066,147.67190551757812,89868300
2022-11-16 00:00:00+00:00,146.7763108997982,147.5046219917799,144.96533989912186,146.44166564941406,64218300
2022-11-17 00:00:00+00:00,144.11891685845265,149.08921670380388,143.84333724490105,148.34121704101562,80389400
2022-11-18 00:00:00+00:00,149.90608139833125,150.28992540848853,147.60301733738748,148.9021759033203,74829600
2022-11-21 00:00:00+00:00,147.79001023834212,147.9966873729924,145.3885186493538,145.67393493652344,58724100
2022-11-22 00:00:00+00:00,145.79205967642807,148.04590985414606,144.6109873377189,147.8096923828125,51804100
2022-11-23 00:00:00+00:00,147.09122719796105,149.43366845656658,146.98296272757275,148.6856689453125,58301400
2022-11-25 00:00:00+00:00,145.9692403249909,146.5302512983949,144.7980195359923,145.77239990234375,35195900
2022-11-28 00:00:00+00:00,142.8492645206864,144.32559012136235,141.11704788902577,141.94378662109375,69246000
2022-11-29 00:00:00+00:00,142.01267756953146,142.52447466230237,138.13487484288268,138.94192504882812,83763800
2022-11-30 00:00:00+00:00,139.16831456943044,146.37279212190603,138.33173890913272,145.6936798095703,111380900
2022-12-01 00:00:00+00:00,145.87082558028513,146.77630352615344,144.29607218523327,145.96923828125,71250400
2022-12-02 00:00:00+00:00,143.65631938407483,145.66411544857186,143.35119950014382,145.47711181640625,65447400
2022-12-05 00:00:00+00:00,145.4377569527139,148.53803463745106,143.46932286260514,144.3157501220703,68826400
2022-12-06 00:00:00+00:00,144.74881132681773,144.97517704731527,139.68008441838234,140.6544647216797,64727200
2022-12-07 00:00:00+00:00,139.94580150371553,141.10717022124382,137.79036411926236,138.7155303955078,69721100
2022-12-08 00:00:00+00:00,140.1131279990439,141.25482328488022,138.8730200272998,140.39854431152344,62128300
2022-12-09 00:00:00+00:00,140.09345741010685,143.2724894333561,138.6761823933455,139.9163055419922,76097000
2022-12-12 00:00:00+00:00,140.44776160871248,142.21935519606154,138.8336463442299,142.2095184326172,70462700
2022-12-13 00:00:00+00:00,147.1404819226305,147.60306524114876,141.96350448686977,143.17408752441406,93886200
2022-12-14 00:00:00+00:00,143.05596154285573,144.34528354143862,138.93208948952125,140.94973754882812,82291200
2022-12-15 00:00:00+00:00,138.88288378971373,139.5619960317231,133.88305882406812,134.34564208984375,98931900
2022-12-16 00:00:00+00:00,134.53260929976452,135.47744910553232,131.61932069307161,132.3870086669922,160156900
2022-12-19 00:00:00+00:00,132.9775676474043,133.06614357854048,129.24739159594094,130.2808074951172,79592600
2022-12-20 00:00:00+00:00,129.31627297471567,131.14691722297425,127.83994745250583,130.2119140625,77432800
2022-12-21 00:00:00+00:00,130.8811625578248,134.65071518492888,130.6547968699711,133.3121795654297,85928000
2022-12-22 00:00:00+00:00,132.22957105725172,132.43624823454394,128.24348886904642,130.1430206298828,77852100
2022-12-23 00:00:00+00:00,128.85367283616628,130.32999816428637,127.59387642427377,129.77883911132812,63814900
2022-12-27 00:00:00+00:00,129.30642098872343,129.33594629425505,126.68840043322825,127.97772216796875,69007800
2022-12-28 00:00:00+00:00,127.62342547026658,128.9619612841453,123.883405115354,124.05072021484375,85438400
2022-12-29 00:00:00+00:00,125.96991231594082,128.42061016578208,125.71402134183822,127.56434631347656,75703700
2022-12-30 00:00:00+00:00,126.38330400552722,127.89899152283257,125.41876807644428,127.87930297851562,77034200
2023-01-03 00:00:00+00:00,128.22379338136977,128.8340031338152,122.21022673136561,123.09602355957031,112117500
2023-01-04 00:00:00+00:00,124.8873030948284,126.62937150933897,123.10587260552037,124.36566925048828,89113600
2023-01-05 00:00:00+00:00,125.12349705306252,125.7533952948206,122.79090770776376,123.04679870605469,80962700
2023-01-06 00:00:00+00:00,124.02118700839063,128.23362708296847,122.91886125861728,127.57420349121094,87754700
2023-01-09 00:00:00+00:00,128.41078181603234,131.30438194257326,127.83993420444634,128.0958251953125,70790800
2023-01-10 00:00:00+00:00,128.20410381019116,129.18832083166095,126.09787998496417,128.66668701171875,63896200
2023-01-11 00:00:00+00:00,129.1784814447806,131.4028064616691,128.40095662151043,131.3831329345703,69458900
2023-01-12 00:00:00+00:00,131.7670114136582,132.14100375978632,129.3655188993163,131.30442810058594,71379600
2023-01-13 00:00:00+00:00,129.9461488585014,132.7905349401524,129.5819934315568,132.633056640625,57809700
2023-01-17 00:00:00+00:00,132.7019826183309,135.12314807764807,132.01303370787318,133.79446411132812,63646600
2023-01-18 00:00:00+00:00,134.66056331872014,136.42230495988363,132.8988066595986,133.0759735107422,69672800
2023-01-19 00:00:00+00:00,131.9638347529944,134.0995841255356,131.6587298451973,133.1350555419922,58280400
2023-01-20 00:00:00+00:00,133.14486670992753,135.84162653742413,132.1015991542997,135.69398498535156,80223600
2023-01-23 00:00:00+00:00,135.94005904305521,141.0579999020067,135.72353008280908,138.88287353515625,81760300
2023-01-24 00:00:00+00:00,138.0954934654877,140.90051809732327,138.0856567013407,140.28045654296875,66435100
2023-01-25 00:00:00+00:00,138.6663258108729,140.18201330953534,136.61915274790366,139.6210174560547,65799300
2023-01-26 00:00:00+00:00,140.91032647908082,141.97328249331738,139.6603668579937,141.6878662109375,54105100
2023-01-27 00:00:00+00:00,140.900529862646,144.90628582720518,140.82179068901345,143.62680053710938,70555800
2023-01-30 00:00:00+00:00,142.67208313488993,143.25276748002082,140.59538495227355,140.74301147460938,64015300
2023-01-31 00:00:00+00:00,140.4477633640219,142.06187864867766,140.03439402480078,142.01266479492188,65874500
2023-02-01 00:00:00+00:00,141.69774073810188,144.29607334830789,139.08957136310852,143.1346893310547,77663600
2023-02-02 00:00:00+00:00,146.54991104174482,148.79392468833726,145.83143680858885,148.4396209716797,118339000
2023-02-03 00:00:00+00:00,145.69363837431163,154.8960731461596,145.4967979818679,152.0615234375,154357300
2023-02-06 00:00:00+00:00,150.1620199448286,150.6836538403975,148.4002628109197,149.33526611328125,69858300
2023-02-07 00:00:00+00:00,148.26243261630023,152.77998456473935,148.26243261630023,152.20913696289062,83322600
2023-02-08 00:00:00+00:00,151.45130381865607,152.14025265616812,148.78406936876726,149.52223205566406,64120100
2023-02-09 00:00:00+00:00,151.3528748543498,151.89419715713953,148.04590544398496,148.48880004882812,56007100
2023-02-10 00:00:00+00:00,147.32567733632254,149.17882019931434,147.08909918660703,148.85353088378906,57450700
2023-02-13 00:00:00+00:00,148.79438841262413,152.0571182724141,148.7648180243575,151.65298461914062,62199000
2023-02-14 00:00:00+00:00,149.94770404483108,151.57415087909246,148.70570240485208,151.0122833251953,61707600
2023-02-15 00:00:00+00:00,150.92354792770303,153.27941747242824,150.69683660205456,153.11184692382812,65573800
2023-02-16 00:00:00+00:00,151.31784339392544,154.09758049199988,151.16013965459408,151.51499938964844,68167900
2023-02-17 00:00:00+00:00,150.17441057100683,150.81512239489066,148.69583093968438,150.37155151367188,59144100
2023-02-21 00:00:00+00:00,148.05510409777494,149.1394018439348,146.29067235544917,146.3596649169922,58867200
2023-02-22 00:00:00+00:00,146.74410160351695,147.8086807909047,145.0585291708209,146.78353881835938,51011300
2023-02-23 00:00:00+00:00,147.94667430552937,148.1931042440918,145.1373820304515,147.2665252685547,48394200
2023-02-24 00:00:00+00:00,145.00924162382364,145.0881010134071,143.6390916917033,144.61495971679688,55469600
2023-02-27 00:00:00+00:00,145.6006854773172,147.03982803359767,145.344388690471,145.80767822265625,44998500
2023-02-28 00:00:00+00:00,144.95008720013072,146.95109701970668,144.7332276594082,145.30494689941406,50547000
2023-03-01 00:00:00+00:00,144.73323786008925,145.1275197577975,142.93922063146897,143.2349395751953,55479000
2023-03-02 00:00:00+00:00,142.31820514818978,144.61493369350907,141.8450488958328,143.82635498046875,52238100
2023-03-03 00:00:00+00:00,145.9259379185379,148.95210462024477,145.2260853537234,148.8732452392578,70732300
2023-03-06 00:00:00+00:00,151.59386356059247,154.06803024605406,151.26858921507775,151.63330078125,87558000
2023-03-07 00:00:00+00:00,151.50513754277677,151.83042689733767,148.97184535612897,149.4351348876953,56182000
2023-03-08 00:00:00+00:00,150.62784041964048,151.278419098267,149.66183922588297,150.68698120117188,47204800
2023-03-09 00:00:00+00:00,151.36711819838627,152.33311931510104,148.08466971716794,148.4395294189453,53833600
2023-03-10 00:00:00+00:00,148.06496662146847,148.78453780981002,145.5020893181875,146.37937927246094,68572400
2023-03-13 00:00:00+00:00,145.69922529511118,150.95311305935627,145.59079552733544,148.3212432861328,84457100
2023-03-14 00:00:00+00:00,149.11967456920323,151.2093955139033,147.95653254628945,150.4109649658203,73695900
2023-03-15 00:00:00+00:00,149.03098388604963,151.06156433450928,147.77911548729296,150.80528259277344,77167900
2023-03-16 00:00:00+00:00,149.98709719489494,154.22569446185167,149.4745187940127,153.62440490722656,76161100
2023-03-17 00:00:00+00:00,153.8511391851991,154.50171782493953,152.07684064085686,152.78656005859375,98944600
2023-03-20 00:00:00+00:00,152.85558396503848,155.56631354554972,151.94870846939224,155.1522979736328,73641400
2023-03-21 00:00:00+00:00,155.07344501678244,157.1237289497417,154.3045697408097,157.0054473876953,73938300
2023-03-22 00:00:00+00:00,157.0251659140942,159.82460651427928,155.5564380089166,155.57615661621094,75701800
2023-03-23 00:00:00+00:00,156.56186795883147,159.24302685232914,155.4282812343858,156.66043090820312,67622100
2023-03-24 00:00:00+00:00,156.5914437450547,158.0503047976887,155.59587218901564,157.9615936279297,59196500
2023-03-27 00:00:00+00:00,157.6560126824132,158.47416184588545,155.61556566491817,156.01971435546875,52390300
2023-03-28 00:00:00+00:00,155.71416498675424,156.226743517172,153.7525770821358,155.3987274169922,45992200
2023-03-29 00:00:00+00:00,157.09415020907082,158.75016719414856,157.074446643704,158.4741668701172,51305700
2023-03-30 00:00:00+00:00,159.2232937572216,160.14987263415844,158.96701206310877,160.04144287109375,49501700
2023-03-31 00:00:00+00:00,160.12033413577524,162.64377453412575,159.597903820846,162.54519653320312,68749800
2023-04-03 00:00:00+00:00,161.92418140899423,163.91532439911353,161.87489241518372,163.7970428466797,56976200
2023-04-04 00:00:00+00:00,164.22091988909426,164.45748300799937,162.75219201536794,163.2647705078125,46278300
2023-04-05 00:00:00+00:00,162.38747921010668,162.69304993016723,159.48946069965245,161.4214630126953,51511700
2023-04-06 00:00:00+00:00,160.11042820166983,162.60431263964267,159.68657599119575,162.30859375,45390100
2023-04-10 00:00:00+00:00,159.11486640899105,159.71615600585938,157.79400566862077,159.71615600585938,47716900
2023-04-11 00:00:00+00:00,160.03162242596915,160.0414742096721,158.21788648492154,158.50375366210938,47644200
2023-04-12 00:00:00+00:00,158.9177526201656,159.74575366976245,157.49831365463328,157.81375122070312,50133100
2023-04-13 00:00:00+00:00,159.32188371142138,163.4323331532267,159.11487595150933,163.1957550048828,68445600
2023-04-14 00:00:00+00:00,162.23959735915352,163.9449032227771,161.48060404043056,162.8507537841797,49386500
2023-04-17 00:00:00+00:00,162.73246797792896,163.02818690758198,161.68760746192598,162.87046813964844,41516200
2023-04-18 00:00:00+00:00,163.72807715584273,165.01936778477705,163.28449117964493,164.09278869628906,49923000
2023-04-19 00:00:00+00:00,163.4323220199929,165.75862101045766,163.17602528319068,165.23619079589844,47720200
2023-04-20 00:00:00+00:00,163.71820194187683,165.47278202514906,163.19577163848064,164.27020263671875,52456400
2023-04-21 00:00:00+00:00,162.69303779464673,164.0730393438838,162.14103717495192,162.66346740722656,58337300
2023-04-24 00:00:00+00:00,162.64378106752824,163.2352190150396,161.54963139325648,162.9690704345703,41949600
2023-04-25 00:00:00+00:00,162.83104036567903,163.93504162144998,161.3918829793584,161.4313201904297,48714100
2023-04-26 00:00:00+00:00,160.73146218660858,162.91976126426218,160.47518046288778,161.4214630126953,45498800
2023-04-27 00:00:00+00:00,162.83104713478986,166.1529178634098,162.83104713478986,166.00506591796875,64902300
2023-04-28 00:00:00+00:00,166.08394872105114,167.42452836533985,165.48265898999023,167.25694274902344,55275900
2023-05-01 00:00:00+00:00,166.86261170538234,168.01590182570695,166.23175176672046,167.16818237304688,52472900
2023-05-02 00:00:00+00:00,167.6610625345139,167.91735928630777,165.14747425578494,166.13319396972656,48425700
2023-05-03 00:00:00+00:00,167.07949000013943,168.47921017635485,164.77290950021637,165.0587615966797,65136000
2023-05-04 00:00:00+00:00,162.53534351356944,164.6546351492701,161.9636242025262,163.4224853515625,81235400
2023-05-05 00:00:00+00:00,168.5383592942621,171.8109560965244,168.32149974515366,171.0913848876953,113453200
2023-05-08 00:00:00+00:00,170.01693107088172,171.3673772990156,169.65221959190652,171.02236938476562,55962800
2023-05-09 00:00:00+00:00,170.57879765359286,171.06179068201072,169.14950709207488,169.31707763671875,45326900
2023-05-10 00:00:00+00:00,170.54926084220077,171.5448325237521,169.44524432941884,171.08154296875,53724500
2023-05-11 00:00:00+00:00,171.36736154745756,172.0967844383617,169.71134476851833,171.26878356933594,49514700
2023-05-12 00:00:00+00:00,171.3773676163626,171.8116866019269,168.79121464447562,170.3409423828125,45533100
2023-05-15 00:00:00+00:00,170.9233138186056,170.97267098611968,169.25514096380277,169.84739685058594,37266700
2023-05-16 00:00:00+00:00,169.768428394902,170.9035679392614,169.58088019536424,169.84739685058594,42110300
2023-05-17 00:00:00+00:00,169.4920742376562,170.69630196545663,168.21872838992437,170.45941162109375,57951600
2023-05-18 00:00:00+00:00,170.76540150488879,172.97647339745131,170.35082834910114,172.78892517089844,65496700
2023-05-19 00:00:00+00:00,174.11161490131875,174.11161490131875,172.68034719263906,172.8975067138672,55809500
2023-05-22 00:00:00+00:00,171.73274586766902,172.45332751081392,171.2095929310653,171.9499053955078,43570900
2023-05-23 00:00:00+00:00,170.89370662105455,171.1404774028389,169.0675968111729,169.34397888183594,50747300
2023-05-24 00:00:00+00:00,168.88006417332414,170.19288666082696,168.317434571077,169.62037658691406,45143500
2023-05-25 00:00:00+00:00,170.1830440486123,171.6537886011476,169.47234283142473,170.75555419921875,56058300
2023-05-26 00:00:00+00:00,171.08127033696854,173.49962120538788,170.87397623432938,173.16400146484375,54835000
2023-05-30 00:00:00+00:00,174.67423726963298,176.67801481811213,174.28927545149398,175.0098419189453,55964400
2023-05-31 00:00:00+00:00,175.03947872320146,177.03339115324283,174.47683402760893,174.96051025390625,99625300
2023-06-01 00:00:00+00:00,175.40468096744894,177.79342049505456,174.64462268903534,177.76380920410156,68901800
2023-06-02 00:00:00+00:00,178.69165461361322,179.4319669478336,176.94451328757913,178.61268615722656,61996900
2023-06-05 00:00:00+00:00,180.27099781019854,182.56102285189482,175.7402747725204,177.26039123535156,121946500
2023-06-06 00:00:00+00:00,177.64536518975015,177.79342164547316,175.13816542041533,176.8951873779297,64848400
2023-06-07 00:00:00+00:00,176.135134367242,178.86935913776645,175.02960596689772,175.5231475830078,61944600
2023-06-08 00:00:00+00:00,175.60208462454239,178.50411146672758,175.16778069465795,178.23760986328125,50214900
2023-06-09 00:00:00+00:00,179.15559212759166,179.8761586114367,178.29683460490384,178.62257385253906,48900000
2023-06-12 00:00:00+00:00,178.92857679274874,181.51472997018058,178.63244881890137,181.416015625,54274900
2023-06-13 00:00:00+00:00,180.4388079672042,181.7713612206094,180.08345742062403,180.9422149658203,54929100
2023-06-14 00:00:00+00:00,181.00143405215442,182.00826309164242,179.668880824476,181.57394409179688,57462900
2023-06-15 00:00:00+00:00,181.58382192499832,184.11075236554325,181.40613912687283,183.60733032226562,65433200
2023-06-16 00:00:00+00:00,184.31802056497352,184.57467180700263,181.88980460620309,182.53140258789062,101256200
2023-06-20 00:00:00+00:00,182.02802885230534,183.69620198313194,182.02802885230534,182.62026977539062,49799100
2023-06-21 00:00:00+00:00,182.51166200493424,183.01508403325016,180.2315024183292,181.5838165283203,49515700
2023-06-22 00:00:00+00:00,181.36663331958354,184.63387559426894,181.2975302809329,184.5845184326172,51245300
2023-06-23 00:00:00+00:00,183.15329819733586,185.13733008755815,182.62026481317798,184.26869201660156,53117000
2023-06-26 00:00:00+00:00,184.41677010681076,185.62101290744985,182.83743084186574,182.87692260742188,48088700
2023-06-27 00:00:00+00:00,183.48889069387212,185.9565986299679,183.27173119056016,185.630859375,50730800
2023-06-28 00:00:00+00:00,185.50253915791174,187.44709427325768,185.17681495512898,186.8054962158203,51216800
2023-06-29 00:00:00+00:00,186.63766058323907,187.6148782023387,186.49946956190402,187.1410675048828,46347300
2023-06-30 00:00:00+00:00,189.15473724224137,191.96791501002735,188.78950625721086,191.46450805664062,85213200
2023-07-03 00:00:00+00:00,191.27698682945007,191.37570117698604,189.28307449044232,189.9740447998047,31458200
2023-07-05 00:00:00+00:00,189.09553270560195,190.48730854754436,188.15779163185775,188.85862731933594,46920300
2023-07-06 00:00:00+00:00,187.3878728511301,189.53972207962792,186.756140199604,189.33242797851562,45094300
2023-07-07 00:00:00+00:00,188.9375920522482,190.1813114167851,187.7827065576724,188.21701049804688,46815000
2023-07-10 00:00:00+00:00,186.8153498480431,187.53593138541007,184.62402407003376,186.1737518310547,59922200
2023-07-11 00:00:00+00:00,186.71667122446578,186.85486227702734,184.18974051380027,185.65061950683594,46638100
2023-07-12 00:00:00+00:00,187.22993768452707,189.22385000348103,186.03557542450565,187.31878662109375,60750200
2023-07-13 00:00:00+00:00,188.03936545890204,188.72045533421505,187.32866429002723,188.07884216308594,41342300
2023-07-14 00:00:00+00:00,187.77284851528793,188.71057462083735,187.18060758311253,188.22691345214844,41616200
2023-07-17 00:00:00+00:00,189.4212831199665,191.81003800912126,189.3324492359564,191.4842987060547,50520200
2023-07-18 00:00:00+00:00,190.85253399958415,191.81987127398517,189.93453883356673,191.2276153564453,48288200
2023-07-19 00:00:00+00:00,190.60575926840173,195.6694855056854,190.1615598085878,192.57992553710938,80507300
2023-07-20 00:00:00+00:00,192.57003512669965,193.93221460154035,190.0134935554866,190.63536071777344,59581200
2023-07-21 00:00:00+00:00,191.59285775033445,192.45161532627134,188.75991868585442,189.46075439453125,71951700
2023-07-24 00:00:00+00:00,190.9117629424984,192.3923877240068,189.76674282999198,190.26028442382812,45377800
2023-07-25 00:00:00+00:00,190.83277109248917,191.92843389899372,190.42806342033606,191.1190185546875,37283200
2023-07-26 00:00:00+00:00,191.16839008411552,193.112945076557,190.82292002182845,191.9876708984375,47471900
2023-07-27 00:00:00+00:00,193.48807951397325,194.65283061947835,190.06289913711862,190.7242431640625,47460200
2023-07-28 00:00:00+00:00,192.15547128634879,194.0901608500724,191.63231843190331,193.3004913330078,48291400
2023-07-31 00:00:00+00:00,193.52752900074864,193.95198260711592,192.7378594315981,193.91249084472656,38824100
2023-08-01 00:00:00+00:00,193.7052107356477,194.1888718595327,192.75760424557473,193.08334350585938,35175100
2023-08-02 00:00:00+00:00,192.52069974591456,192.65889079076135,189.37191700535638,190.0924835205078,50389300
2023-08-03 00:00:00+00:00,189.09555647139584,189.8852110681393,188.22691834094286,188.70071411132812,61235200
2023-08-04 00:00:00+00:00,183.12368481919472,184.95966022717982,179.57017917093492,179.6392822265625,115956800
2023-08-07 00:00:00+00:00,179.7774569305225,180.76454006954836,175.05920073091434,176.53982543945312,97576100
2023-08-08 00:00:00+00:00,177.3689898212007,177.94149990785485,175.2862435821482,177.47756958007812,67823000
2023-08-09 00:00:00+00:00,178.53371160261662,178.59293417746048,174.7235703168388,175.88833618164062,60378500
2023-08-10 00:00:00+00:00,177.1617092563292,178.41530928434332,175.30600286506225,175.6712188720703,54686900
2023-08-11 00:00:00+00:00,175.26597277471524,176.55090180538758,174.50488805624465,175.7305145263672,52036700
2023-08-14 00:00:00+00:00,175.90844935818416,177.60852659340796,175.25609098331174,177.38119506835938,43675600
2023-08-15 00:00:00+00:00,176.8078826094104,177.40092323969566,174.99907927707545,175.39443969726562,43622600
2023-08-16 00:00:00+00:00,175.07815356283987,176.47180884084688,174.45544657600635,174.52464294433594,46964900
2023-08-17 00:00:00+00:00,175.08803154260252,175.4537406821077,171.47042491030345,171.98440551757812,66062900
2023-08-18 00:00:00+00:00,170.30410101859755,173.07166917955516,169.96804315644715,172.46873474121094,61172200
2023-08-21 00:00:00+00:00,173.04200058882003,174.08971916130307,171.7274054668453,173.80307006835938,46311900
2023-08-22 00:00:00+00:00,175.00894251773767,175.62175563939851,174.2083279343983,175.17697143554688,42038900
2023-08-23 00:00:00+00:00,176.45205395893973,179.44695366375947,176.264252478764,179.0219268798828,52722800
2023-08-24 00:00:00+00:00,178.57713623123834,179.0021629998802,173.97111355320405,174.3368377685547,54945800
2023-08-25 00:00:00+00:00,175.3252376314931,177.0747231196245,173.78331106065053,176.54098510742188,51449600
2023-08-28 00:00:00+00:00,178.0038440119186,178.49805204021447,176.48168992086147,178.10269165039062,43820700
2023-08-29 00:00:00+00:00,177.61837000977968,182.75813070921157,177.4206898063463,181.98716735839844,53003900
2023-08-30 00:00:00+00:00,182.7976884731864,185.67398314097,182.6000082560471,185.47628784179688,60813900
2023-08-31 00:00:00+00:00,185.66408956621913,186.92926105598286,185.30825914209595,185.69374084472656,60794500
2023-09-01 00:00:00+00:00,187.29497110047913,187.7199827815663,186.09898099052413,187.26531982421875,45766500
2023-09-05 00:00:00+00:00,186.09898389331408,187.77928826308653,185.4367469097816,187.50253295898438,45280000
2023-09-06 00:00:00+00:00,186.21759365485326,186.66239298088038,179.3678770840619,180.79119873046875,81755800
2023-09-07 00:00:00+00:00,173.1507234483217,176.14563807720947,171.5297216636145,175.50315856933594,112488800
2023-09-08 00:00:00+00:00,176.2840107997074,178.15211655476327,175.7304851357375,176.115966796875,65551300
2023-09-11 00:00:00+00:00,177.98410020535158,178.21143169284028,175.28571330476424,177.28231811523438,58953100
2023-09-12 00:00:00+00:00,177.4108010563609,178.04338672084478,172.79489994360574,174.25775146484375,90370200
2023-09-13 00:00:00+00:00,174.46531572894506,175.24617287306006,171.96462426919445,172.1919708251953,84267900
2023-09-14 00:00:00+00:00,171.98440467411754,174.060084556446,171.56927171405846,173.70425415039062,60895800
2023-09-15 00:00:00+00:00,174.43570018321154,174.45547273170345,171.80652435113169,172.98272705078125,109259500
2023-09-18 00:00:00+00:00,174.4356864419302,177.3021024660386,174.12927983360214,175.90843200683594,67257600
2023-09-19 00:00:00+00:00,175.46363376102514,177.54919237650395,175.07815207769175,176.9956817626953,51826900
2023-09-20 00:00:00+00:00,177.183440124748,177.6183455616589,173.36815390370754,173.45712280273438,58436200
2023-09-21 00:00:00+00:00,172.52801984046553,174.25774788080986,171.84601037143327,171.91519165039062,63149100
2023-09-22 00:00:00+00:00,172.64662317617766,175.02870938713053,172.03381007438438,172.76522827148438,56725400
2023-09-25 00:00:00+00:00,172.18210166869468,174.92001880772483,172.13267784152856,174.0403289794922,46172700
2023-09-26 00:00:00+00:00,172.7949188930673,173.1705067749598,169.67152023376326,169.96804809570312,64588900
2023-09-27 00:00:00+00:00,170.6203831944849,171.0355161486817,167.09174554279588,168.45574951171875,66921800
2023-09-28 00:00:00+00:00,167.37838547451082,170.03722730338785,165.67830850769053,168.71275329589844,56294400
2023-09-29 00:00:00+00:00,170.02734498983367,171.06518493104676,168.36679806748614,169.2267303466797,51861100
2023-10-02 00:00:00+00:00,169.23658298137698,172.28090596787308,168.94993390517055,171.73727416992188,52164500
2023-10-03 00:00:00+00:00,170.26456118455488,171.61870157072957,168.84125459232132,170.40293884277344,49594600
2023-10-04 00:00:00+00:00,169.10810929534875,172.19197782627828,168.98950418793981,171.64834594726562,53020300
2023-10-05 00:00:00+00:00,171.77684421895017,173.41761872545223,170.67970163713667,172.88388061523438,48527900
2023-10-06 00:00:00+00:00,171.78673241813826,175.92819856079907,171.17390414032383,175.43399047851562,57266700
2023-10-09 00:00:00+00:00,174.76185568517045,176.9759132731787,173.76356081110382,176.91661071777344,42390800
2023-10-10 00:00:00+00:00,176.03692856454262,177.63815795783916,175.8886570875863,176.3235626220703,43698000
2023-10-11 00:00:00+00:00,176.13575227199846,177.76664794425923,175.54271164011269,177.71722412109375,47551100
2023-10-12 00:00:00+00:00,177.98411345020415,180.2278073787141,176.96603088257305,178.61669921875,56743100
2023-10-13 00:00:00+00:00,179.31845034069394,179.82253713140665,176.07644667980117,176.77822875976562,51427100
2023-10-16 00:00:00+00:00,174.70255348644375,177.0055649122618,174.46532818230494,176.6497344970703,52517000
2023-10-17 00:00:00+00:00,174.60372278813253,176.35322375615226,172.77516179309222,175.09793090820312,57549400
2023-10-18 00:00:00+00:00,173.54608733160953,175.52291937992672,173.08153059369246,173.80307006835938,54764400
2023-10-19 00:00:00+00:00,174.0007735918687,175.77992569036093,173.16062890788183,173.42750549316406,59302900
2023-10-20 00:00:00+00:00,173.27923973046956,173.3879661145723,170.64017031492207,170.8773956298828,64244000
2023-10-23 00:00:00+00:00,168.93020088937016,171.99428177951037,167.96154224302492,170.99598693847656,55980100
2023-10-24 00:00:00+00:00,171.045411263789,171.65822442721412,169.4639394511676,171.43089294433594,43816600
2023-10-25 00:00:00+00:00,169.88895954662036,171.05528327402416,168.6731969171006,169.1179962158203,57157000
2023-10-26 00:00:00+00:00,168.39644027726376,169.39475015606334,163.75088778515044,164.95675659179688,70625300
2023-10-27 00:00:00+00:00,164.9765244498122,167.00278034322866,164.8974493569631,166.27134704589844,58499100
2023-10-30 00:00:00+00:00,167.06208999172168,169.18717852998205,166.91381853056686,168.31736755371094,51131000
2023-10-31 00:00:00+00:00,167.38826013413149,168.92029290970513,165.9550448299652,168.79180908203125,44846000
2023-11-01 00:00:00+00:00,169.01914553939386,172.2117251766134,168.14933458405196,171.95474243164062,56934900
2023-11-02 00:00:00+00:00,173.4868054165182,175.7206204672586,173.42750286114074,175.5130615234375,77334800
2023-11-03 00:00:00+00:00,172.22162738228718,174.77174274032964,171.34193765305042,174.60369873046875,79829200
2023-11-06 00:00:00+00:00,174.33684685023218,177.35150406781844,174.16881791314302,177.15382385253906,63841300
2023-11-07 00:00:00+00:00,177.10440348202485,180.32664987384885,176.89684453064555,179.71383666992188,70530000
2023-11-08 00:00:00+00:00,180.23768527185777,181.32493395317235,179.4864793691692,180.77142333984375,49340300
2023-11-09 00:00:00+00:00,180.84061367506283,181.98716487212562,179.7039261272927,180.29698181152344,53763500
2023-11-10 00:00:00+00:00,182.07848170612579,184.65175539538808,181.6430032262288,184.48348999023438,66133400
2023-11-13 00:00:00+00:00,183.9094650326421,184.11729742228064,182.31601793716675,182.8999481201172,43627500
2023-11-14 00:00:00+00:00,185.7701081675421,186.17589626502485,184.38450869065176,185.51278686523438,60108400
2023-11-15 00:00:00+00:00,185.91859136162876,187.55162053928348,185.84930383072194,186.07693481445312,53790500
2023-11-16 00:00:00+00:00,187.62090049490251,188.99660829200764,186.7103463929358,187.75946044921875,54412900
2023-11-17 00:00:00+00:00,188.29392494435922,188.42259316852056,186.63120528706287,187.73968505859375,50922700
2023-11-20 00:00:00+00:00,187.93760923589429,189.93684445013852,187.92771748948175,189.4815673828125,46505100
2023-11-21 00:00:00+00:00,189.44197314241592,189.55084275358138,187.78914548337832,188.6798858642578,38134500
2023-11-22 00:00:00+00:00,189.52115946327928,190.9463411053134,188.8679417719912,189.34300231933594,39617700
2023-11-24 00:00:00+00:00,188.90755574993122,188.93724609528368,187.30421669327737,188.01681518554688,24048300
2023-11-27 00:00:00+00:00,187.96730652329646,188.70959528304604,186.95778958150402,187.83863830566406,40552600
2023-11-28 00:00:00+00:00,187.82873180101734,189.1153685705385,187.45263402635211,188.44235229492188,38415400
2023-11-29 00:00:00+00:00,188.93722623545,190.11499348364924,187.02707707633283,187.42295837402344,43014200
2023-11-30 00:00:00+00:00,187.88809389812533,188.36316949342205,186.25506495725764,187.99696350097656,48794400
2023-12-01 00:00:00+00:00,188.37308016671426,189.59042941044567,187.2843840288066,189.2737274169922,45704800
2023-12-04 00:00:00+00:00,188.0267090138373,188.09599655502976,185.52272251537218,187.48236083984375,43389500
2023-12-05 00:00:00+00:00,188.25434777036742,192.4012552746417,188.22464232394302,191.43133544921875,66628400
2023-12-06 00:00:00+00:00,192.4507413057332,192.75755159573393,190.1348038567878,190.3426513671875,41089700
2023-12-07 00:00:00+00:00,191.63916388460834,192.99507315570867,191.59956669458757,192.2725830078125,47477700
2023-12-08 00:00:00+00:00,192.20330005396386,193.9749043529612,191.67875053796885,193.69778442382812,53406400
2023-12-11 00:00:00+00:00,191.12451418849048,191.50061200003438,189.45188773429211,191.19378662109375,60943700
2023-12-12 00:00:00+00:00,191.09482308550778,192.71796059458774,189.7488055095461,192.70806884765625,52696900
2023-12-13 00:00:00+00:00,193.08413511536142,195.96421892707963,192.8466123940007,195.9246368408203,70404200
2023-12-14 00:00:00+00:00,195.9840185786185,197.56755876987646,194.14314196862804,196.07308959960938,66831600
2023-12-15 00:00:00+00:00,195.4990685795855,196.36011872958818,194.9745190512041,195.53866577148438,128538400
2023-12-18 00:00:00+00:00,194.07384089090513,194.60829718334298,192.39132294807408,193.8759002685547,55751900
2023-12-19 00:00:00+00:00,194.14313632648785,194.92500710230044,193.87590816937887,194.9151153564453,40714100
2023-12-20 00:00:00+00:00,194.87552171417178,195.64750075817219,192.82681274414062,192.82681274414062,52242800
2023-12-21 00:00:00+00:00,194.08377332368417,195.05369307239374,191.51049958819766,192.67835998535156,46482500
2023-12-22 00:00:00+00:00,193.17320815773428,193.40085423729087,190.98593919883143,191.60946655273438,37149600
2023-12-26 00:00:00+00:00,191.61934905102697,191.89646895007564,190.8473700319769,191.0651092529297,28919300
2023-12-27 00:00:00+00:00,190.51087517820892,191.51048519395766,189.12526053943682,191.16407775878906,48087700
2023-12-28 00:00:00+00:00,192.14391575114956,192.65857351066379,191.18388776405135,191.5896759033203,34049900
2023-12-29 00:00:00+00:00,191.90638540499626,192.40124458871406,189.75869835988954,190.55047607421875,42672100
2024-01-02 00:00:00+00:00,185.2257618242656,186.50250680575422,181.99928581163158,183.73129272460938,82488700
2024-01-03 00:00:00+00:00,182.32590048043423,183.96883642924203,181.5440145919006,182.3555908203125,58414500
2024-01-04 00:00:00+00:00,180.27714975909794,181.20748720945008,179.0202186183797,180.0396270751953,71983600
2024-01-05 00:00:00+00:00,180.11885376441708,180.88092604513352,178.31755906038765,179.31716918945312,62379700
2024-01-08 00:00:00+00:00,180.21780632812883,183.6917273170526,179.63387614033877,183.65213012695312,59144500
2024-01-09 00:00:00+00:00,182.0289774717032,183.24632668227045,180.8512103460259,183.23643493652344,42841800
2024-01-10 00:00:00+00:00,182.45460221923815,184.48351295933534,182.02901543293186,184.2756805419922,46792900
2024-01-11 00:00:00+00:00,184.6220684732307,185.12683453552387,181.73209248260326,183.6818389892578,49128400
2024-01-12 00:00:00+00:00,184.14699807850627,184.82001442518902,183.28594792653803,184.00843811035156,40477800
2024-01-16 00:00:00+00:00,180.28710192352952,182.3655014396163,179.06973745492456,181.7419891357422,65603000
2024-01-17 00:00:00+00:00,179.40626628613458,181.0491874231052,178.4462381888341,180.8017578125,47317400
2024-01-18 00:00:00+00:00,184.17667408756796,187.1953179109023,183.91935276727983,186.69056701660156,78005800
2024-01-19 00:00:00+00:00,187.38337121910467,189.97642838325277,186.8786203129096,189.59043884277344,68903000
2024-01-22 00:00:00+00:00,190.32282073770045,193.3216657993532,190.28322355100102,191.89646911621094,60133900
2024-01-23 00:00:00+00:00,193.01485907067706,193.7373491711095,191.83709192633378,193.17320251464844,42355600
2024-01-24 00:00:00+00:00,193.41075266703035,194.36088890095834,192.34185506707502,192.50021362304688,53631300
2024-01-25 00:00:00+00:00,193.21280647175473,194.2520137003454,191.124500268323,192.17359924316406,54822100
2024-01-26 00:00:00+00:00,192.2725896171282,192.75754194727924,189.9665440310004,190.4416046142578,44594000
2024-01-29 00:00:00+00:00,190.03580216218106,190.22385105233468,187.63079398239137,189.75868225097656,47145600
2024-01-30 00:00:00+00:00,188.9768051464624,189.82796344587697,185.54248160944437,186.1066131591797,55859400
2024-01-31 00:00:00+00:00,185.11689921687164,185.17629499887522,182.45456974695213,182.50404357910156,55467800
2024-02-01 00:00:00+00:00,182.0982797244824,185.02783750412453,181.93002942176474,184.9387664794922,64885400
2024-02-02 00:00:00+00:00,178.01074479617154,185.40394215196616,177.40701599262258,183.9391632080078,102551700
2024-02-05 00:00:00+00:00,186.2155198305614,187.30421616342255,183.92927263345797,185.75035095214844,69668800
2024-02-06 00:00:00+00:00,184.93873819845098,187.3635446991359,184.84966718743948,187.35365295410156,43490800
2024-02-07 00:00:00+00:00,188.67988890685803,189.08567701882757,186.6707620426896,187.46253967285156,53439000
2024-02-08 00:00:00+00:00,187.44273393335544,187.5911856262693,185.42371540021887,186.3837432861328,40962000
2024-02-09 00:00:00+00:00,186.9486117161699,188.27653811843788,186.30447993507684,187.14682006835938,45155200
2024-02-12 00:00:00+00:00,186.72067805809255,186.96842336096995,185.1053738445565,185.46212768554688,41781900
2024-02-13 00:00:00+00:00,184.0945819491523,184.53061609699293,181.85495475727518,183.37115478515625,56529500
2024-02-14 00:00:00+00:00,183.64864282656313,183.85674041023526,180.79461213824646,182.4891815185547,54630500
2024-02-15 00:00:00+00:00,181.8946109768474,182.82613576875198,179.71445525689393,182.20181274414062,65434500
2024-02-16 00:00:00+00:00,181.76579187183052,183.18290302222294,180.03157456209792,180.66580200195312,49752500
2024-02-20 00:00:00+00:00,180.15049838773075,180.7847258659811,178.37664837113516,179.92257690429688,53665600
2024-02-21 00:00:00+00:00,180.29911202321813,181.24054108716462,179.03065736673128,180.67568969726562,41371400
2024-02-22 00:00:00+00:00,181.82524161821627,183.29190480468338,180.81445159653885,182.70721435546875,52292200
2024-02-23 00:00:00+00:00,183.34143499372246,183.3711632214272,180.58650833781007,180.8739013671875,45119700
2024-02-26 00:00:00+00:00,180.59641504961763,181.11171437415507,179.0207434868858,179.52615356445312,40867400
2024-02-27 00:00:00+00:00,179.46672518750105,182.2612846793882,177.94060546909574,180.98292541503906,54318900
2024-02-28 00:00:00+00:00,180.8639793914523,181.46847854843006,178.50545433930714,179.7838134765625,48953900
2024-02-29 00:00:00+00:00,179.63518756564144,180.92346630197014,177.9108746304469,179.119873046875,136682600
2024-03-01 00:00:00+00:00,177.93067957222544,178.90183692569335,175.78025215753124,178.03968811035156,73563100
2024-03-04 00:00:00+00:00,174.56134649455421,175.30458245485661,172.2226300679557,173.5208282470703,81510100
2024-03-05 00:00:00+00:00,169.21995126633416,170.48840604509627,168.0902332564625,168.58572387695312,95132400
2024-03-06 00:00:00+00:00,169.5172632726602,169.69564777442116,167.1587228770791,167.59475708007812,68587700
2024-03-07 00:00:00+00:00,167.62447121611535,169.1902233947002,166.97043508778398,167.475830078125,71765100
2024-03-08 00:00:00+00:00,167.4758228221548,172.13343143853632,167.41636636953461,169.19021606445312,76267000
2024-03-11 00:00:00+00:00,171.38030546468005,172.80732093128213,170.49833272784605,171.1920166015625,60139500
2024-03-12 00:00:00+00:00,171.58841376968752,172.46048219171502,169.4677142970823,171.66769409179688,59825400
2024-03-13 00:00:00+00:00,171.21183277143888,171.62804307697533,169.21995080494636,169.5866241455078,52488700
2024-03-14 00:00:00+00:00,171.35057361629615,172.73794133442243,170.49832912625453,171.43975830078125,72913500
2024-03-15 00:00:00+00:00,169.6262667891251,171.0631866455078,168.75419840900892,171.0631866455078,121752700
2024-03-18 00:00:00+00:00,173.98658058844927,176.107279800922,171.95506605696912,172.15325927734375,75604200
2024-03-19 00:00:00+00:00,172.76764601394297,175.0171774056643,171.4694631572472,174.49195861816406,55215200
2024-03-20 00:00:00+00:00,174.1352325028599,177.05862426757812,173.51090945491785,177.05862426757812,53423100
2024-03-21 00:00:00+00:00,175.4532130863986,175.88924720546055,169.2992135808601,169.82443237304688,106181300
2024-03-22 00:00:00+00:00,170.21092760104455,171.48930183291895,168.52626256417108,170.7262420654297,71160100
2024-03-25 00:00:00+00:00,169.03165430796025,170.38929358279395,167.92174518816086,169.3091278076172,54288300
2024-03-26 00:00:00+00:00,168.4668365684045,169.87402832990531,168.0506261984825,168.17945861816406,57388400
2024-03-27 00:00:00+00:00,168.87312383270142,172.0343565405087,168.57582642397568,171.74696350097656,60273300
2024-03-28 00:00:00+00:00,170.20102558587905,170.67669234048742,168.97220342186947,169.93345642089844,65672700
2024-04-01 00:00:00+00:00,169.64606274055888,169.70551918920845,167.95147834818596,168.49652099609375,46240500
2024-04-02 00:00:00+00:00,167.5551169522469,167.81276664190898,166.71277681419204,167.31727600097656,49329500
2024-04-03 00:00:00+00:00,167.2677201117247,169.14067408704202,167.05962251511946,168.11996459960938,47691700
2024-04-04 00:00:00+00:00,168.7541832986243,170.3694875068381,167.29745483398438,167.29745483398438,53704400
2024-04-05 00:00:00+00:00,168.06050251317026,168.85329051832247,167.42627513328318,168.05059814453125,42104800
2024-04-08 00:00:00+00:00,167.50557237539863,167.67403738632925,166.72270378093583,166.93080139160156,37425500
2024-04-09 00:00:00+00:00,167.17854792228746,168.54610700117138,166.8317135282985,168.13980102539062,42373800
2024-04-10 00:00:00+00:00,167.27763553824258,167.5650134431552,165.60287483124418,166.26683044433594,49709300
2024-04-11 00:00:00+00:00,166.82176353298163,173.87755961907308,166.6433941837476,173.46133422851562,91070300
2024-04-12 00:00:00+00:00,172.68839280877705,176.7514221146486,172.63885584160187,174.95774841308594,101670900
2024-04-15 00:00:00+00:00,173.7784557074799,175.03700600653332,170.94424900321735,171.13253784179688,73531800
2024-04-16 00:00:00+00:00,170.20102235595408,172.19288913903023,166.7524119884344,167.85240173339844,73711200
2024-04-17 00:00:00+00:00,168.08034382587564,169.11095775477588,166.48486328125,166.48486328125,50901200
2024-04-18 00:00:00+00:00,166.5145852231191,167.11908441586118,165.04793714543356,165.53350830078125,43122900
2024-04-19 00:00:00+00:00,164.7109957890585,164.89926951971245,162.6002009445124,163.51190185546875,68149400
2024-04-22 00:00:00+00:00,164.0272084619306,165.75150603037284,163.28397258003716,164.3443145751953,48116400
2024-04-23 00:00:00+00:00,163.8587664496344,165.54343166054898,163.4326366212621,165.394775390625,49537800
2024-04-24 00:00:00+00:00,165.03802194946388,167.77314006308927,164.71101142134987,167.49566650390625,48251800
2024-04-25 00:00:00+00:00,168.0010494911784,169.07131105182287,166.63349053238153,168.35780334472656,50558300
2024-04-26 00:00:00+00:00,168.34790327634968,169.79472746518425,167.65420428921547,167.77313232421875,44838400
2024-04-29 00:00:00+00:00,171.80640930182136,174.44242297655094,171.53885525962073,171.93524169921875,68169400
2024-04-30 00:00:00+00:00,171.76678225756265,173.41181476528868,168.46681287321124,168.79383850097656,65934800
2024-05-01 00:00:00+00:00,168.05060587060277,171.1523820898212,167.58484346320657,167.77313232421875,50383100
2024-05-02 00:00:00+00:00,170.95416794412498,171.8559644998941,169.34878317714927,171.469482421875,94214900
2024-05-03 00:00:00+00:00,184.9666328542693,185.31348231884328,181.01262758822543,181.72613525390625,163224100
2024-05-06 00:00:00+00:00,180.7054248623681,182.53873097916653,178.79282331517493,180.07119750976562,78569700
2024-05-06 13:30:00+00:00,182.35400390625,184.1699981689453,181.6300048828125,182.6199951171875,21498066
2024-05-06 14:30:00+00:00,182.88999938964844,183.3800048828125,181.72999572753906,181.99710083007812,8234392
2024-05-06 15:30:00+00:00,182.0050048828125,182.39999389648438,181.5,181.60000610351562,7543780
2024-05-06 16:30:00+00:00,181.60000610351562,181.82989501953125,180.58120727539062,180.58999633789062,7567313
2024-05-06 17:30:00+00:00,180.58999633789062,181.33999633789062,180.4199981689453,180.80499267578125,7890598
2024-05-06 18:30:00+00:00,180.80999755859375,181.6199951171875,180.6999969482422,181.48060607910156,6903326
2024-05-06 19:30:00+00:00,181.49000549316406,182.02000427246094,181.24000549316406,181.6999969482422,8524836
2024-05-07 13:30:00+00:00,183.4499969482422,184.89999389648438,182.7100067138672,182.83990478515625,23887519
2024-05-07 14:30:00+00:00,182.8249969482422,183.11000061035156,182.16000366210938,182.17999267578125,10527042
2024-05-07 15:30:00+00:00,182.16000366210938,182.356201171875,181.41000366210938,181.52000427246094,7432182
2024-05-07 16:30:00+00:00,181.52000427246094,182.72000122070312,181.32000732421875,182.55999755859375,6083145
2024-05-07 17:30:00+00:00,182.55999755859375,182.9199981689453,182.08999633789062,182.37600708007812,5530053
2024-05-07 18:30:00+00:00,182.3699951171875,182.77999877929688,182.1699981689453,182.63499450683594,4785926
2024-05-07 19:30:00+00:00,182.6300048828125,182.67999267578125,182.22000122070312,182.3699951171875,5031993
2024-05-08 13:30:00+00:00,182.7100067138672,182.9600067138672,181.4600067138672,181.91000366210938,10261929
2024-05-08 14:30:00+00:00,181.88999938964844,182.3800048828125,181.7550048828125,182.28500366210938,4657669
2024-05-08 15:30:00+00:00,182.28500366210938,182.61000061035156,181.8509979248047,182.33999633789062,4579068
2024-05-08 16:30:00+00:00,182.33999633789062,182.49000549316406,182.02999877929688,182.3000030517578,3047249
2024-05-08 17:30:00+00:00,182.30499267578125,182.72000122070312,182.2949981689453,182.68499755859375,3954343
2024-05-08 18:30:00+00:00,182.69000244140625,182.99000549316406,182.61000061035156,182.89010620117188,4937356
2024-05-08 19:30:00+00:00,182.89500427246094,183.0500030517578,182.68499755859375,182.74000549316406,5220918
2024-05-09 13:30:00+00:00,182.55999755859375,183.82989501953125,182.1199951171875,183.4199981689453,9634755
2024-05-09 14:30:00+00:00,183.4250030517578,183.86000061035156,183.11000061035156,183.63999938964844,5753829
2024-05-09 15:30:00+00:00,183.64999389648438,183.83999633789062,183.43499755859375,183.60499572753906,4233577
2024-05-09 16:30:00+00:00,183.60499572753906,184.5,183.53990173339844,184.3800048828125,6031102
2024-05-09 17:30:00+00:00,184.38999938964844,184.64999389648438,184.05999755859375,184.25,4829910
2024-05-09 18:30:00+00:00,184.24000549316406,184.61500549316406,184.22000122070312,184.31500244140625,4012982
2024-05-09 19:30:00+00:00,184.30999755859375,184.64999389648438,184.3000030517578,184.64999389648438,5820164
2024-05-10 13:30:00+00:00,184.9199981689453,185.08999633789062,183.14999389648438,183.2050018310547,12508339
2024-05-10 14:30:00+00:00,183.2100067138672,183.3997039794922,182.25999450683594,182.69000244140625,7423228
2024-05-10 15:30:00+00:00,182.6999969482422,182.73500061035156,182.2449951171875,182.48880004882812,3801053
2024-05-10 16:30:00+00:00,182.48500061035156,182.58999633789062,182.2100067138672,182.39500427246094,2997546
2024-05-10 17:30:00+00:00,182.38999938964844,182.85000610351562,182.1300048828125,182.74000549316406,4477086
2024-05-10 18:30:00+00:00,182.72999572753906,182.9600067138672,182.57000732421875,182.94000244140625,4005294
2024-05-10 19:30:00+00:00,182.94000244140625,183.1999969482422,182.7899932861328,183.0,5183512
2024-05-13 13:30:00+00:00,185.43499755859375,185.86500549316406,184.6199951171875,185.68899536132812,13788872
2024-05-13 14:30:00+00:00,185.68499755859375,186.42999267578125,185.6300048828125,185.9199981689453,9423195
2024-05-13 15:30:00+00:00,185.9149932861328,186.5,185.77999877929688,186.2899932861328,7602808
2024-05-13 16:30:00+00:00,186.2899932861328,186.92999267578125,186.25,186.65859985351562,8098301
2024-05-13 17:30:00+00:00,186.66000366210938,186.9499969482422,186.3699951171875,186.6501007080078,5453676
2024-05-13 18:30:00+00:00,186.65989685058594,187.10000610351562,186.55999755859375,186.98989868164062,6516486
2024-05-13 19:30:00+00:00,186.98500061035156,187.02999877929688,186.07000732421875,186.28500366210938,9250536
2024-05-14 13:30:00+00:00,187.64999389648438,188.3000030517578,186.5500030517578,187.00999450683594,14754549
2024-05-14 14:30:00+00:00,187.00999450683594,187.1999969482422,186.2899932861328,186.97999572753906,4957021
2024-05-14 15:30:00+00:00,186.98500061035156,187.0,186.52000427246094,186.8000030517578,3617615
2024-05-14 16:30:00+00:00,186.8000030517578,186.9499969482422,186.4510040283203,186.52999877929688,3012019
2024-05-14 17:30:00+00:00,186.53500366210938,187.3699951171875,186.48500061035156,187.32940673828125,5421425
2024-05-14 18:30:00+00:00,187.3249969482422,187.80999755859375,187.1999969482422,187.7449951171875,4923069
2024-05-14 19:30:00+00:00,187.75,187.91000366210938,187.16000366210938,187.38999938964844,5635981
2024-05-15 13:30:00+00:00,187.97999572753906,189.72999572753906,187.3800048828125,189.57899475097656,15211599
2024-05-15 14:30:00+00:00,189.5800018310547,190.07000732421875,189.52000427246094,189.9199981689453,10479415
2024-05-15 15:30:00+00:00,189.9250030517578,190.2100067138672,189.5399932861328,190.15499877929688,5434851
2024-05-15 16:30:00+00:00,190.15499877929688,190.64999389648438,190.13999938964844,190.3699951171875,6113081
2024-05-15 17:30:00+00:00,190.3800048828125,190.5500030517578,189.8603057861328,189.92999267578125,5363162
2024-05-15 18:30:00+00:00,189.9250030517578,190.25999450683594,189.82000732421875,189.875,6702029
2024-05-15 19:30:00+00:00,189.8800048828125,190.1199951171875,189.5,189.74000549316406,8181060
2024-05-16 13:30:00+00:00,190.51600646972656,191.09500122070312,189.97500610351562,190.5802001953125,13478830
2024-05-16 14:30:00+00:00,190.5850067138672,190.75,189.72500610351562,189.9698944091797,6494017
2024-05-16 15:30:00+00:00,189.96499633789062,190.3800048828125,189.76499938964844,190.32110595703125,5165187
2024-05-16 16:30:00+00:00,190.32949829101562,190.48809814453125,189.97000122070312,190.00999450683594,3483587
2024-05-16 17:30:00+00:00,190.00050354003906,190.25999450683594,189.75999450683594,189.92739868164062,3578815
2024-05-16 18:30:00+00:00,189.9199981689453,190.10000610351562,189.83999633789062,189.88499450683594,3752308
2024-05-16 19:30:00+00:00,189.88999938964844,190.22000122070312,189.66009521484375,189.89999389648438,6377484
2024-05-17 13:30:00+00:00,189.3800048828125,190.80999755859375,189.22000122070312,190.1501007080078,10313420
2024-05-17 14:30:00+00:00,190.16000366210938,190.3000030517578,189.65199279785156,189.69700622558594,3636563
2024-05-17 15:30:00+00:00,189.69000244140625,189.9600067138672,189.42010498046875,189.7899932861328,3477507
2024-05-17 16:30:00+00:00,189.7949981689453,189.99000549316406,189.5811004638672,189.68499755859375,2227185
2024-05-17 17:30:00+00:00,189.69000244140625,189.875,189.3800048828125,189.67999267578125,3173599
2024-05-17 18:30:00+00:00,189.6649932861328,190.1300048828125,189.6199951171875,190.10830688476562,3544941
2024-05-17 19:30:00+00:00,190.10499572753906,190.14999389648438,189.75039672851562,189.92999267578125,5767398
2024-05-20 13:30:00+00:00,189.35000610351562,191.77000427246094,189.00999450683594,191.60499572753906,11170451
2024-05-20 14:30:00+00:00,191.60000610351562,191.91990661621094,191.1699981689453,191.17999267578125,6619615
2024-05-20 15:30:00+00:00,191.1750030517578,191.50999450683594,191.02000427246094,191.1649932861328,3353981
2024-05-20 16:30:00+00:00,191.16000366210938,191.80499267578125,191.16000366210938,191.46499633789062,3398871
2024-05-20 17:30:00+00:00,191.46400451660156,191.6199951171875,191.16009521484375,191.41000366210938,2512725
2024-05-20 18:30:00+00:00,191.41000366210938,191.5,191.0800018310547,191.31399536132812,3014420
2024-05-20 19:30:00+00:00,191.30999755859375,191.34800720214844,190.80999755859375,191.0800018310547,4813353
2024-05-21 13:30:00+00:00,191.08999633789062,192.58999633789062,190.92010498046875,192.2100067138672,9575653
2024-05-21 14:30:00+00:00,192.22999572753906,192.64990234375,191.86000061035156,192.28269958496094,5835087
2024-05-21 15:30:00+00:00,192.2899932861328,192.42300415039062,191.8300018310547,192.17909240722656,3296315
2024-05-21 16:30:00+00:00,192.1750030517578,192.38499450683594,191.77999877929688,192.36000061035156,3030314
2024-05-21 17:30:00+00:00,192.3699951171875,192.5399932861328,192.2949981689453,192.51499938964844,3614416
2024-05-21 18:30:00+00:00,192.51499938964844,192.67999267578125,192.39999389648438,192.52999877929688,3655229
2024-05-21 19:30:00+00:00,192.52999877929688,192.72999572753906,192.27999877929688,192.36000061035156,5302236
2024-05-22 13:30:00+00:00,192.25,192.82310485839844,191.97999572753906,192.71499633789062,6192624
2024-05-22 14:30:00+00:00,192.71499633789062,192.75999450683594,192.0330047607422,192.13999938964844,3840572
2024-05-22 15:30:00+00:00,192.13999938964844,192.1999969482422,191.52499389648438,191.6199951171875,3221517
2024-05-22 16:30:00+00:00,191.61500549316406,191.72999572753906,191.0800018310547,191.3699951171875,2593453
2024-05-22 17:30:00+00:00,191.36000061035156,191.42999267578125,190.27000427246094,190.60000610351562,3969834
2024-05-22 18:30:00+00:00,190.59500122070312,190.94000244140625,190.52000427246094,190.9398956298828,2705299
2024-05-22 19:30:00+00:00,190.9300994873047,191.30499267578125,190.3800048828125,190.97999572753906,4670368
2024-05-23 13:30:00+00:00,191.0,191.0,188.5050048828125,189.0500030517578,10163386
2024-05-23 14:30:00+00:00,189.05999755859375,189.69000244140625,188.67999267578125,189.4499969482422,6137975
2024-05-23 15:30:00+00:00,189.4550018310547,189.7100067138672,189.07000732421875,189.52499389648438,3243022
2024-05-23 16:30:00+00:00,189.52499389648438,189.59950256347656,188.42999267578125,188.64010620117188,3640141
2024-05-23 17:30:00+00:00,188.64999389648438,188.68499755859375,187.30999755859375,187.7050018310547,5194146
2024-05-23 18:30:00+00:00,187.6999969482422,187.8000030517578,187.16000366210938,187.6199951171875,4566990
2024-05-23 19:30:00+00:00,187.6199951171875,187.82000732421875,186.625,186.91000366210938,5803901
2024-05-24 13:30:00+00:00,188.82000732421875,189.52000427246094,188.0404052734375,189.52000427246094,9165795
2024-05-24 14:30:00+00:00,189.51499938964844,190.2899932861328,189.25999450683594,190.1199951171875,4878308
2024-05-24 15:30:00+00:00,190.11000061035156,190.5800018310547,189.72999572753906,190.37989807128906,3569741
2024-05-24 16:30:00+00:00,190.3800048828125,190.55999755859375,190.22999572753906,190.4149932861328,2486685
2024-05-24 17:30:00+00:00,190.4199981689453,190.46499633789062,190.05499267578125,190.14999389648438,3081217
2024-05-24 18:30:00+00:00,190.14999389648438,190.38999938964844,189.93499755859375,190.08999633789062,2750429
2024-05-24 19:30:00+00:00,190.0850067138672,190.24000549316406,189.82000732421875,190.0,3538245
2024-05-28 13:30:00+00:00,191.53199768066406,192.99000549316406,190.33999633789062,191.63999938964844,15396828
2024-05-28 14:30:00+00:00,191.6300048828125,191.77000427246094,191.13009643554688,191.6199951171875,5008372
2024-05-28 15:30:00+00:00,191.61000061035156,191.9499969482422,191.05999755859375,191.2550048828125,4381780
2024-05-28 16:30:00+00:00,191.2501983642578,191.45899963378906,190.86000061035156,190.875,3205058
2024-05-28 17:30:00+00:00,190.875,190.9600067138672,189.64999389648438,189.72979736328125,4766217
2024-05-28 18:30:00+00:00,189.72500610351562,189.8699951171875,189.10000610351562,189.53280639648438,5144489
2024-05-28 19:30:00+00:00,189.53799438476562,190.10000610351562,189.3300018310547,190.10000610351562,4991097
2024-05-29 13:30:00+00:00,189.50999450683594,192.2469940185547,189.50999450683594,191.85000610351562,12968690
2024-05-29 14:30:00+00:00,191.84890747070312,192.24000549316406,191.125,191.48370361328125,6819860
2024-05-29 15:30:00+00:00,191.48500061035156,191.77999877929688,191.0800018310547,191.75999450683594,4646271
2024-05-29 16:30:00+00:00,191.7624969482422,192.02999877929688,191.5030059814453,191.7949981689453,3262501
2024-05-29 17:30:00+00:00,191.7899932861328,191.97000122070312,191.30999755859375,191.5601043701172,4166095
2024-05-29 18:30:00+00:00,191.55999755859375,191.6300048828125,190.72000122070312,191.13999938964844,4716309
2024-05-29 19:30:00+00:00,191.13999938964844,191.2100067138672,189.95989990234375,190.3699951171875,6936004
2024-05-30 13:30:00+00:00,190.78500366210938,192.10000610351562,190.6300048828125,191.44500732421875,11192477
2024-05-30 14:30:00+00:00,191.4499969482422,191.82400512695312,191.0,191.69500732421875,5533218
2024-05-30 15:30:00+00:00,191.6699981689453,191.75,191.10000610351562,191.25999450683594,2975839
2024-05-30 16:30:00+00:00,191.25999450683594,192.13999938964844,191.2050018310547,192.07870483398438,3757523
2024-05-30 17:30:00+00:00,192.0800018310547,192.17999267578125,191.36000061035156,191.53500366210938,3362017
2024-05-30 18:30:00+00:00,191.5366973876953,191.8000030517578,191.41000366210938,191.56500244140625,4143522
2024-05-30 19:30:00+00:00,191.5800018310547,191.83999633789062,190.85000610351562,191.2899932861328,6616325
2024-05-31 13:30:00+00:00,191.44000244140625,192.57000732421875,191.27000427246094,191.69000244140625,10359581
2024-05-31 14:30:00+00:00,191.69000244140625,191.97000122070312,190.10000610351562,190.41000366210938,6925875
2024-05-31 15:30:00+00:00,190.38999938964844,190.7073974609375,189.91000366210938,190.19720458984375,4332092
2024-05-31 16:30:00+00:00,190.1999969482422,190.58999633789062,189.91000366210938,190.57000732421875,3119084
2024-05-31 17:30:00+00:00,190.57000732421875,190.82000732421875,190.3800048828125,190.55499267578125,2877661
2024-05-31 18:30:00+00:00,190.5500030517578,191.26980590820312,190.3300018310547,191.02999877929688,6023627
2024-05-31 19:30:00+00:00,191.02000427246094,192.49000549316406,190.89999389648438,192.47000122070312,9872872
2024-06-03 13:30:00+00:00,192.97999572753906,194.99000549316406,192.52999877929688,194.8350067138672,14806084
2024-06-03 14:30:00+00:00,194.8300018310547,194.9199981689453,193.5800018310547,194.1300048828125,6469352
2024-06-03 15:30:00+00:00,194.1199951171875,194.38999938964844,193.24000549316406,193.28939819335938,4781872
2024-06-03 16:30:00+00:00,193.27999877929688,193.82640075683594,192.83999633789062,193.7899932861328,4233538
2024-06-03 17:30:00+00:00,193.75999450683594,194.05499267578125,193.08999633789062,193.10000610351562,3561086
2024-06-03 18:30:00+00:00,193.10000610351562,193.52000427246094,192.91009521484375,193.35400390625,3785048
2024-06-03 19:30:00+00:00,193.36000061035156,194.11000061035156,193.27999877929688,194.08999633789062,5118764
2024-06-04 13:30:00+00:00,194.72000122070312,195.0,193.03419494628906,194.02999877929688,10693104
2024-06-04 14:30:00+00:00,194.02499389648438,194.39999389648438,193.66000366210938,194.0500030517578,5032304
2024-06-04 15:30:00+00:00,194.05499267578125,194.49000549316406,193.71499633789062,194.47000122070312,3593838
2024-06-04 16:30:00+00:00,194.47000122070312,194.82000732421875,194.33999633789062,194.80499267578125,3308960
2024-06-04 17:30:00+00:00,194.80999755859375,195.32000732421875,194.41000366210938,195.23500061035156,5053574
2024-06-04 18:30:00+00:00,195.22999572753906,195.32000732421875,193.92999267578125,194.5072021484375,5071285
2024-06-04 19:30:00+00:00,194.5050048828125,194.8699951171875,194.17999267578125,194.36500549316406,4327507
2024-06-05 13:30:00+00:00,195.4199981689453,196.4199981689453,194.8800048828125,195.375,11655383
2024-06-05 14:30:00+00:00,195.3800048828125,196.1699981689453,195.19500732421875,196.13999938964844,6044987
2024-06-05 15:30:00+00:00,196.13999938964844,196.89999389648438,195.82000732421875,195.9250030517578,6551624
2024-06-05 16:30:00+00:00,195.9199981689453,196.25999450683594,195.60009765625,195.88519287109375,4380580
2024-06-05 17:30:00+00:00,195.8800048828125,196.6999969482422,195.8800048828125,196.2050018310547,5004091
2024-06-05 18:30:00+00:00,196.1999969482422,196.44000244140625,195.72000122070312,196.139892578125,4731794
2024-06-05 19:30:00+00:00,196.1300048828125,196.4499969482422,195.6199951171875,195.89999389648438,6222302
2024-06-06 13:30:00+00:00,195.68499755859375,196.5,195.2100067138672,195.9199981689453,9631306
2024-06-06 14:30:00+00:00,195.91000366210938,196.0,195.44000244140625,195.8350067138672,4451666
2024-06-06 15:30:00+00:00,195.8350067138672,195.83999633789062,195.41000366210938,195.6699981689453,3210636
2024-06-06 16:30:00+00:00,195.6768035888672,196.07000732421875,195.46499633789062,195.6479949951172,3210252
2024-06-06 17:30:00+00:00,195.64500427246094,195.73500061035156,194.9499969482422,195.54449462890625,3816320
2024-06-06 18:30:00+00:00,195.5399932861328,195.54080200195312,195.02000427246094,195.39300537109375,3431671
2024-06-06 19:30:00+00:00,195.39500427246094,195.5,194.1699981689453,194.47999572753906,5961018
2024-06-07 13:30:00+00:00,194.66000366210938,195.75,194.13999938964844,194.80999755859375,10154074
2024-06-07 14:30:00+00:00,194.80499267578125,195.97000122070312,194.74009704589844,195.6199951171875,6480520
2024-06-07 15:30:00+00:00,195.625,196.18499755859375,195.60000610351562,195.9550018310547,7373793
2024-06-07 16:30:00+00:00,195.9600067138672,196.49000549316406,195.7100067138672,196.36000061035156,4552773
2024-06-07 17:30:00+00:00,196.36000061035156,196.5800018310547,195.72000122070312,195.8699951171875,5669748
2024-06-07 18:30:00+00:00,195.86000061035156,196.44000244140625,195.5800018310547,196.4394989013672,4413006
2024-06-07 19:30:00+00:00,196.43499755859375,196.94000244140625,196.24000549316406,196.89999389648438,7738011
2024-06-10 13:30:00+00:00,197.1999969482422,197.2816925048828,194.8300018310547,195.6199951171875,15640700
2024-06-10 14:30:00+00:00,195.6217041015625,195.74000549316406,195.25,195.55419921875,5515526
2024-06-10 15:30:00+00:00,195.55999755859375,196.2100067138672,195.07000732421875,195.88839721679688,6844150
2024-06-10 16:30:00+00:00,195.88999938964844,196.3800048828125,195.11000061035156,195.4250030517578,7537803
2024-06-10 17:30:00+00:00,195.44000244140625,196.4499969482422,192.14999389648438,193.16000366210938,23696662
2024-06-10 18:30:00+00:00,193.14999389648438,194.3000030517578,192.3300018310547,192.96499633789062,17145821
2024-06-10 19:30:00+00:00,192.9600067138672,193.19000244140625,192.2899932861328,193.1300048828125,9924521
2024-06-11 13:30:00+00:00,193.66000366210938,201.0449981689453,193.63999938964844,200.89999389648438,41754118
2024-06-11 14:30:00+00:00,200.8925018310547,204.50999450683594,200.8800048828125,204.40989685058594,33923446
2024-06-11 15:30:00+00:00,204.39500427246094,205.4499969482422,203.4499969482422,204.22500610351562,23287350
2024-06-11 16:30:00+00:00,204.2476043701172,206.02999877929688,203.8000030517578,205.0399932861328,15916325
2024-06-11 17:30:00+00:00,205.02999877929688,205.41000366210938,204.44000244140625,205.0800018310547,11453848
2024-06-11 18:30:00+00:00,205.08999633789062,205.92999267578125,204.6999969482422,205.72999572753906,12935816
2024-06-11 19:30:00+00:00,205.72999572753906,207.16000366210938,205.49000549316406,207.13999938964844,16510894
2024-06-12 13:30:00+00:00,207.36000061035156,215.99000549316406,206.91000366210938,215.23500061035156,56496065
2024-06-12 14:30:00+00:00,215.22000122070312,218.1199951171875,214.67999267578125,217.58009338378906,28525914
2024-06-12 15:30:00+00:00,217.5800018310547,217.60000610351562,215.27000427246094,215.35000610351562,17483667
2024-06-12 16:30:00+00:00,215.33059692382812,217.36000061035156,214.86099243164062,216.92999267578125,12561436
2024-06-12 17:30:00+00:00,216.92750549316406,219.3249969482422,216.4600067138672,218.960205078125,17876803
2024-06-12 18:30:00+00:00,218.95010375976562,220.1999969482422,217.3699951171875,217.72999572753906,23575609
2024-06-12 19:30:00+00:00,217.74000549316406,217.75999450683594,212.83999633789062,213.1116943359375,27633505
2024-06-13 13:30:00+00:00,214.77999877929688,216.75,213.13999938964844,213.85020446777344,30111186
2024-06-13 14:30:00+00:00,213.8643035888672,214.5590057373047,212.17010498046875,213.44500732421875,11890302
2024-06-13 15:30:00+00:00,213.43589782714844,214.06179809570312,211.60000610351562,212.10000610351562,8952250
2024-06-13 16:30:00+00:00,212.11000061035156,213.74000549316406,212.02999877929688,213.60000610351562,6757287
2024-06-13 17:30:00+00:00,213.60499572753906,213.7899932861328,212.4001007080078,213.19000244140625,6146495
2024-06-13 18:30:00+00:00,213.1999969482422,214.39999389648438,213.0399932861328,214.33999633789062,12111802
2024-06-13 19:30:00+00:00,214.3300018310547,214.8800048828125,213.83200073242188,214.1300048828125,9252524
2024-06-14 13:30:00+00:00,213.80999755859375,215.1699981689453,212.6199951171875,213.38999938964844,16970905
2024-06-14 14:30:00+00:00,213.38999938964844,213.91990661621094,212.66000366210938,213.59500122070312,9007098
2024-06-14 15:30:00+00:00,213.59500122070312,213.82000732421875,211.6699981689453,211.75,9057332
2024-06-14 16:30:00+00:00,211.75,212.2790069580078,211.3000030517578,211.77999877929688,6971182
2024-06-14 17:30:00+00:00,211.77999877929688,212.4499969482422,211.69000244140625,212.22500610351562,5419804
2024-06-14 18:30:00+00:00,212.22950744628906,212.38999938964844,211.67999267578125,212.3800048828125,5080813
2024-06-14 19:30:00+00:00,212.375,212.58790588378906,211.4199981689453,212.52000427246094,7731194
2024-06-17 13:30:00+00:00,213.3000030517578,216.49000549316406,212.72000122070312,216.09140014648438,23579228
2024-06-17 14:30:00+00:00,216.08999633789062,217.3300018310547,215.3300018310547,216.3314971923828,11752782
2024-06-17 15:30:00+00:00,216.3300018310547,217.07000732421875,215.82000732421875,216.5399932861328,7605894
2024-06-17 16:30:00+00:00,216.5399932861328,218.10000610351562,216.1300048828125,217.82000732421875,7465754
2024-06-17 17:30:00+00:00,217.8300018310547,218.75,217.75,218.35000610351562,8525981
2024-06-17 18:30:00+00:00,218.34519958496094,218.94500732421875,217.9600067138672,218.15499877929688,9383966
2024-06-17 19:30:00+00:00,218.16000366210938,218.33999633789062,215.47999572753906,216.7100067138672,11852085
2024-06-18 13:30:00+00:00,217.61000061035156,218.6300048828125,214.44000244140625,215.30999755859375,21562377
2024-06-18 14:30:00+00:00,215.30999755859375,215.8000030517578,213.44000244140625,214.36000061035156,11158176
2024-06-18 15:30:00+00:00,214.35499572753906,214.44000244140625,213.0,213.22000122070312,7665650
2024-06-18 16:30:00+00:00,213.22000122070312,214.22999572753906,213.2165069580078,213.66000366210938,7074821
2024-06-18 17:30:00+00:00,213.66000366210938,214.05569458007812,213.07000732421875,213.72300720214844,5483651
2024-06-18 18:30:00+00:00,213.72500610351562,214.91000366210938,213.4001007080078,214.64999389648438,7084903
2024-06-18 19:30:00+00:00,214.64500427246094,215.10000610351562,213.91000366210938,214.3800048828125,7980426
2024-06-20 13:30:00+00:00,213.92999267578125,214.24000549316406,211.47999572753906,211.6385955810547,18864147
2024-06-20 14:30:00+00:00,211.6300048828125,211.97000122070312,209.52999877929688,209.53500366210938,12783233
2024-06-20 15:30:00+00:00,209.5399932861328,211.1699981689453,209.4199981689453,209.52499389648438,9155236
2024-06-20 16:30:00+00:00,209.52999877929688,210.28990173339844,209.1300048828125,209.3800048828125,6958427
2024-06-20 17:30:00+00:00,209.3699951171875,210.60000610351562,209.2100067138672,210.0399932861328,6536332
2024-06-20 18:30:00+00:00,210.0399932861328,210.1699981689453,209.16000366210938,209.67320251464844,8591610
2024-06-20 19:30:00+00:00,209.6750030517578,209.75,208.85000610351562,209.55999755859375,9279123
2024-06-21 13:30:00+00:00,210.38999938964844,211.88999938964844,209.58999633789062,210.82009887695312,29890095
2024-06-21 14:30:00+00:00,210.8300018310547,211.43479919433594,210.4199981689453,210.82000732421875,9274770
2024-06-21 15:30:00+00:00,210.82000732421875,211.6300048828125,210.72000122070312,211.10000610351562,4060107
2024-06-21 16:30:00+00:00,211.08999633789062,211.10989379882812,209.85000610351562,210.05999755859375,8297469
2024-06-21 17:30:00+00:00,210.05999755859375,210.97999572753906,209.9499969482422,210.84500122070312,5231252
2024-06-21 18:30:00+00:00,210.83999633789062,210.97000122070312,209.97000122070312,210.4199981689453,9306373
2024-06-21 19:30:00+00:00,210.4149932861328,210.85000610351562,207.11000061035156,207.11000061035156,19612185
2024-06-24 13:30:00+00:00,207.72000122070312,209.55999755859375,206.58999633789062,209.0050048828125,15818722
2024-06-24 14:30:00+00:00,209.0,212.6999969482422,208.9199981689453,212.36549377441406,13997902
2024-06-24 15:30:00+00:00,212.3800048828125,212.61000061035156,210.6300048828125,210.91000366210938,8594567
2024-06-24 16:30:00+00:00,210.91000366210938,211.0,209.39199829101562,210.0050048828125,6365972
2024-06-24 17:30:00+00:00,210.0,210.08999633789062,208.8800048828125,209.3699951171875,5647376
2024-06-24 18:30:00+00:00,209.3800048828125,209.50999450683594,208.52000427246094,208.85899353027344,5602001
2024-06-24 19:30:00+00:00,208.85000610351562,208.91000366210938,207.8446044921875,208.14999389648438,8540682
2024-06-25 13:30:00+00:00,209.0800018310547,211.3800048828125,208.61000061035156,209.79989624023438,14332677
2024-06-25 14:30:00+00:00,209.8000030517578,210.25999450683594,209.20010375976562,209.7100067138672,6546201
2024-06-25 15:30:00+00:00,209.72000122070312,210.48500061035156,209.7100067138672,210.03140258789062,3540240
2024-06-25 16:30:00+00:00,210.02999877929688,210.19000244140625,209.3800048828125,210.11500549316406,3379196
2024-06-25 17:30:00+00:00,210.11500549316406,210.67010498046875,209.94000244140625,210.66000366210938,3356142
2024-06-25 18:30:00+00:00,210.65890502929688,210.66900634765625,209.88999938964844,210.14010620117188,3656016
2024-06-25 19:30:00+00:00,210.13999938964844,210.13999938964844,208.82000732421875,209.0760040283203,5902321
2024-06-26 13:30:00+00:00,211.44000244140625,213.0,210.63999938964844,212.36000061035156,15333791
2024-06-26 14:30:00+00:00,212.3699951171875,213.74000549316406,212.343994140625,213.2100067138672,8758442
2024-06-26 15:30:00+00:00,213.2100067138672,214.77999877929688,213.02999877929688,214.34500122070312,6975792
2024-06-26 16:30:00+00:00,214.34500122070312,214.3699951171875,213.22999572753906,213.55999755859375,4272468
2024-06-26 17:30:00+00:00,213.55169677734375,214.86000061035156,213.49000549316406,214.35000610351562,5926758
2024-06-26 18:30:00+00:00,214.34500122070312,214.57000732421875,212.8300018310547,213.26199340820312,5748909
2024-06-26 19:30:00+00:00,213.28990173339844,213.5,212.72000122070312,213.1199951171875,5827438
2024-06-27 13:30:00+00:00,214.6300048828125,215.739501953125,213.38999938964844,213.80999755859375,14261692
2024-06-27 14:30:00+00:00,213.80999755859375,213.9600067138672,212.35000610351562,212.9705047607422,6786057
2024-06-27 15:30:00+00:00,212.97000122070312,213.86000061035156,212.57000732421875,213.85499572753906,4414449
2024-06-27 16:30:00+00:00,213.8513946533203,214.19000244140625,213.55999755859375,214.0,3649798
2024-06-27 17:30:00+00:00,213.99400329589844,214.07000732421875,213.0500030517578,213.4199981689453,3166588
2024-06-27 18:30:00+00:00,213.4199981689453,214.02000427246094,213.27000427246094,213.8289031982422,3516414
2024-06-27 19:30:00+00:00,213.8300018310547,214.1199951171875,213.14500427246094,214.11000061035156,5152491
2024-06-28 13:30:00+00:00,215.80499267578125,216.07000732421875,213.57029724121094,214.63999938964844,13755548
2024-06-28 14:30:00+00:00,214.63499450683594,215.3000030517578,213.77000427246094,214.33999633789062,6226559
2024-06-28 15:30:00+00:00,214.3300018310547,214.7100067138672,213.52000427246094,213.83999633789062,5602697
2024-06-28 16:30:00+00:00,213.8350067138672,214.52999877929688,213.27000427246094,213.83009338378906,4952402
2024-06-28 17:30:00+00:00,213.85000610351562,214.0800018310547,213.1300048828125,213.2100067138672,3774396
2024-06-28 18:30:00+00:00,213.2100067138672,213.48500061035156,212.6999969482422,213.05499267578125,4936041
2024-06-28 19:30:00+00:00,213.0500030517578,213.60989379882812,210.3000030517578,210.61000061035156,13592315
2024-07-01 13:30:00+00:00,212.1300048828125,215.58999633789062,211.9199981689453,215.22999572753906,14827486
2024-07-01 14:30:00+00:00,215.22000122070312,215.55999755859375,214.08999633789062,215.0133056640625,7684917
2024-07-01 15:30:00+00:00,215.00999450683594,216.5800018310547,214.6999969482422,216.5050048828125,6860373
2024-07-01 16:30:00+00:00,216.50999450683594,217.50999450683594,216.47000122070312,217.25430297851562,8436608
2024-07-01 17:30:00+00:00,217.25,217.25,215.9199981689453,215.93499755859375,4141471
2024-07-01 18:30:00+00:00,215.9199981689453,216.24000549316406,215.13999938964844,215.53500366210938,5270483
2024-07-01 19:30:00+00:00,215.53500366210938,217.0,215.4600067138672,216.72999572753906,5500033
2024-07-02 13:30:00+00:00,216.14999389648438,218.89999389648438,215.10000610351562,218.70989990234375,14475116
2024-07-02 14:30:00+00:00,218.7100067138672,220.3300018310547,218.5637969970703,219.51019287109375,11555006
2024-07-02 15:30:00+00:00,219.52999877929688,220.11000061035156,218.75999450683594,219.1649932861328,5151809
2024-07-02 16:30:00+00:00,219.14999389648438,219.5,218.83079528808594,219.39999389648438,3236672
2024-07-02 17:30:00+00:00,219.4001007080078,220.07000732421875,219.27000427246094,220.02999877929688,3762941
2024-07-02 18:30:00+00:00,220.02999877929688,220.3300018310547,219.50999450683594,219.6199951171875,4789218
2024-07-02 19:30:00+00:00,219.61000061035156,220.3800048828125,219.5,220.3699951171875,5279602
2024-07-03 13:30:00+00:00,220.42999267578125,221.39999389648438,219.02999877929688,219.3800048828125,14372255
2024-07-03 14:30:00+00:00,219.37989807128906,220.72999572753906,219.10009765625,220.11500549316406,6600486
2024-07-03 15:30:00+00:00,220.11500549316406,221.3000030517578,219.77000427246094,221.3000030517578,5274586
2024-07-05 13:30:00+00:00,221.64999389648438,225.44000244140625,221.64999389648438,225.17080688476562,17905237
2024-07-05 14:30:00+00:00,225.1699981689453,225.19000244140625,223.8300018310547,224.72000122070312,6883671
2024-07-05 15:30:00+00:00,224.72000122070312,225.41909790039062,224.67999267578125,225.22000122070312,5004157
2024-07-05 16:30:00+00:00,225.22999572753906,225.3699951171875,224.72999572753906,225.35000610351562,3808323
2024-07-05 17:30:00+00:00,225.35499572753906,225.63999938964844,224.97999572753906,225.25,4601702
2024-07-05 18:30:00+00:00,225.25999450683594,225.52499389648438,225.00999450683594,225.4199981689453,4332445
2024-07-05 19:30:00+00:00,225.41990661621094,226.4499969482422,225.36000061035156,226.30999755859375,7165954
2024-07-08 13:30:00+00:00,227.08999633789062,227.35000610351562,223.25,225.1999969482422,16387202
2024-07-08 14:30:00+00:00,225.19979858398438,226.80999755859375,224.783203125,226.50999450683594,8150247
2024-07-08 15:30:00+00:00,226.52999877929688,227.0,225.7899932861328,226.52000427246094,5305936
2024-07-08 16:30:00+00:00,226.50999450683594,226.89999389648438,226.0500030517578,226.5998992919922,4946609
2024-07-08 17:30:00+00:00,226.5800018310547,227.44000244140625,226.38999938964844,227.3300018310547,4890440
2024-07-08 18:30:00+00:00,227.3300018310547,227.36000061035156,226.4600067138672,226.8249969482422,4484923
2024-07-08 19:30:00+00:00,226.80999755859375,227.83999633789062,226.76010131835938,227.8000030517578,6040675
2024-07-09 13:30:00+00:00,228.18499755859375,229.39500427246094,226.37210083007812,228.52999877929688,13450286
2024-07-09 14:30:00+00:00,228.5229034423828,228.65499877929688,227.3000030517578,227.9149932861328,8133838
2024-07-09 15:30:00+00:00,227.91009521484375,228.2480010986328,227.60000610351562,228.17999267578125,4278456
2024-07-09 16:30:00+00:00,228.1699981689453,228.72540283203125,228.00999450683594,228.00999450683594,4244252
2024-07-09 17:30:00+00:00,228.0,228.53500366210938,227.85000610351562,228.44000244140625,3230951
2024-07-09 18:30:00+00:00,228.4499969482422,228.5198974609375,228.16000366210938,228.36000061035156,3274100
2024-07-09 19:30:00+00:00,228.35000610351562,228.77999877929688,228.1842041015625,228.6999969482422,4806474
2024-07-10 13:30:00+00:00,229.44000244140625,231.7220001220703,229.25,231.10000610351562,14711583
2024-07-10 14:30:00+00:00,231.11000061035156,231.15499877929688,230.10499572753906,230.9949951171875,6360484
2024-07-10 15:30:00+00:00,231.0,232.74000549316406,230.9550018310547,232.19500732421875,9467527
2024-07-10 16:30:00+00:00,232.1999969482422,232.4199981689453,230.7100067138672,231.55999755859375,7182941
2024-07-10 17:30:00+00:00,231.57000732421875,232.14999389648438,231.52000427246094,232.10000610351562,4334817
2024-07-10 18:30:00+00:00,232.10000610351562,232.19000244140625,231.6300048828125,231.75999450683594,4261881
2024-07-10 19:30:00+00:00,231.75999450683594,233.0800018310547,231.7050018310547,232.91000366210938,7115598
2024-07-11 13:30:00+00:00,231.31170654296875,232.38999938964844,228.52999877929688,228.89999389648438,16644797
2024-07-11 14:30:00+00:00,228.8699951171875,229.63999938964844,226.27000427246094,226.6199951171875,10923612
2024-07-11 15:30:00+00:00,226.6199951171875,227.83999633789062,225.77000427246094,227.7657928466797,7102718
2024-07-11 16:30:00+00:00,227.75999450683594,228.72000122070312,227.27000427246094,227.97999572753906,5833847
2024-07-11 17:30:00+00:00,227.97000122070312,227.97500610351562,226.58999633789062,227.26499938964844,3327985
2024-07-11 18:30:00+00:00,227.25999450683594,228.5500030517578,227.2100067138672,227.7100067138672,4129270
2024-07-11 19:30:00+00:00,227.72000122070312,228.6999969482422,227.5500030517578,227.5500030517578,6050973
2024-07-12 13:30:00+00:00,229.0,231.5,228.67999267578125,230.8800048828125,14080146
2024-07-12 14:30:00+00:00,230.8800048828125,232.3979949951172,230.6199951171875,231.89990234375,7527748
2024-07-12 15:30:00+00:00,231.89999389648438,231.99000549316406,230.50999450683594,230.7100067138672,5014273
2024-07-12 16:30:00+00:00,230.7100067138672,231.91000366210938,230.57000732421875,231.90249633789062,4220317
2024-07-12 17:30:00+00:00,231.89999389648438,232.63999938964844,231.83999633789062,232.27000427246094,4525973
2024-07-12 18:30:00+00:00,232.26499938964844,232.36000061035156,231.55999755859375,231.85989379882812,3484723
2024-07-12 19:30:00+00:00,231.86000061035156,231.8699951171875,229.91000366210938,230.57000732421875,5822133
2024-07-15 13:30:00+00:00,236.53199768066406,237.22999572753906,233.33999633789062,234.79010009765625,20535733
2024-07-15 14:30:00+00:00,234.82000732421875,236.3101043701172,234.47999572753906,235.67999267578125,6741084
2024-07-15 15:30:00+00:00,235.57000732421875,235.94979858398438,234.5,235.30799865722656,6661308
2024-07-15 16:30:00+00:00,235.32000732421875,235.8800048828125,234.6199951171875,234.69000244140625,3851727
2024-07-15 17:30:00+00:00,234.6595001220703,234.8000030517578,233.9040069580078,234.2050018310547,3774759
2024-07-15 18:30:00+00:00,234.2100067138672,235.07000732421875,233.97000122070312,234.5800018310547,4097236
2024-07-15 19:30:00+00:00,234.5800018310547,234.7899932861328,233.08999633789062,234.4199981689453,5847732
2024-07-16 13:30:00+00:00,235.2050018310547,236.27000427246094,233.00999450683594,233.8300018310547,11433979
2024-07-16 14:30:00+00:00,233.8300018310547,234.91000366210938,233.6750030517578,234.16000366210938,5219269
2024-07-16 15:30:00+00:00,234.16000366210938,234.35000610351562,232.6199951171875,232.94790649414062,5683620
2024-07-16 16:30:00+00:00,232.9250030517578,233.7971954345703,232.3300018310547,233.5449981689453,4383942
2024-07-16 17:30:00+00:00,233.5399932861328,234.5500030517578,233.4149932861328,234.38999938964844,3187466
2024-07-16 18:30:00+00:00,234.39950561523438,234.86500549316406,234.3000030517578,234.55990600585938,3209757
2024-07-16 19:30:00+00:00,234.5500030517578,234.97999572753906,234.28500366210938,234.80999755859375,2857260
2024-07-17 13:30:00+00:00,230.1300048828125,231.45989990234375,226.63999938964844,227.82000732421875,17630432
2024-07-17 14:30:00+00:00,227.8000030517578,228.8300018310547,227.4499969482422,228.6199951171875,5951133
2024-07-17 15:30:00+00:00,228.6300048828125,229.00999450683594,228.09500122070312,228.4949951171875,4229799
2024-07-17 16:30:00+00:00,228.48500061035156,229.00999450683594,228.14999389648438,228.6999969482422,3870619
2024-07-17 17:30:00+00:00,228.67999267578125,229.77999877929688,228.25999450683594,229.51910400390625,4477036
2024-07-17 18:30:00+00:00,229.51800537109375,229.8000030517578,228.9600067138672,229.13999938964844,4776274
2024-07-17 19:30:00+00:00,229.13999938964844,229.82000732421875,228.57000732421875,228.88499450683594,6250577
2024-07-18 13:30:00+00:00,230.34500122070312,230.44000244140625,226.58999633789062,227.88999938964844,12105218
2024-07-18 14:30:00+00:00,227.8699951171875,228.00999450683594,222.7899932861328,222.99000549316406,12436258
2024-07-18 15:30:00+00:00,222.97999572753906,224.02999877929688,222.4499969482422,223.35000610351562,7965624
2024-07-18 16:30:00+00:00,223.35000610351562,225.06500244140625,222.47000122070312,224.55999755859375,6798222
2024-07-18 17:30:00+00:00,224.5500030517578,225.1999969482422,224.4149932861328,224.60009765625,5011871
2024-07-18 18:30:00+00:00,224.5800018310547,225.00999450683594,223.45089721679688,224.1300048828125,4639961
2024-07-18 19:30:00+00:00,224.1199951171875,225.14999389648438,223.8249969482422,224.19000244140625,5051993
2024-07-19 13:30:00+00:00,224.8520050048828,226.8000030517578,224.4199981689453,225.0142059326172,14532936
2024-07-19 14:30:00+00:00,225.05999755859375,225.86000061035156,223.8708038330078,223.9600067138672,5048006
2024-07-19 15:30:00+00:00,223.9600067138672,225.0500030517578,223.55999755859375,223.94500732421875,5582598
2024-07-19 16:30:00+00:00,223.94000244140625,224.57989501953125,223.27499389648438,224.4600067138672,3519449
2024-07-19 17:30:00+00:00,224.42999267578125,224.94500732421875,223.86000061035156,224.44000244140625,3290229
2024-07-19 18:30:00+00:00,224.4600067138672,225.1199951171875,223.88999938964844,225.00999450683594,3663851
2024-07-19 19:30:00+00:00,225.0,225.0699005126953,224.00999450683594,224.3800048828125,5391560
2024-07-22 13:30:00+00:00,227.27000427246094,227.77999877929688,225.5800018310547,226.8000030517578,10034749
2024-07-22 14:30:00+00:00,226.80499267578125,227.12510681152344,223.72000122070312,223.82989501953125,6311242
2024-07-22 15:30:00+00:00,223.77999877929688,224.13999938964844,223.08999633789062,223.8350067138672,5069673
2024-07-22 16:30:00+00:00,223.8300018310547,224.58999633789062,223.6999969482422,224.38999938964844,3586983
2024-07-22 17:30:00+00:00,224.3699951171875,225.42010498046875,224.3300018310547,225.0500030517578,3036671
2024-07-22 18:30:00+00:00,225.05999755859375,225.6300048828125,224.6300048828125,224.67999267578125,4186965
2024-07-22 19:30:00+00:00,224.67999267578125,225.0399932861328,223.77999877929688,223.92999267578125,4547672
2024-07-23 13:30:00+00:00,224.39999389648438,225.13999938964844,222.67999267578125,224.625,7388967
2024-07-23 14:30:00+00:00,224.63999938964844,226.72999572753906,224.10060119628906,226.60890197753906,6042663
2024-07-23 15:30:00+00:00,226.61500549316406,226.92999267578125,225.1999969482422,225.639892578125,4384033
2024-07-23 16:30:00+00:00,225.6300048828125,225.6999053955078,224.61500549316406,224.72000122070312,3440068
2024-07-23 17:30:00+00:00,224.7100067138672,225.0399932861328,224.3800048828125,224.5399932861328,2742571
2024-07-23 18:30:00+00:00,224.57240295410156,225.10000610351562,224.3280029296875,225.07470703125,2717902
2024-07-23 19:30:00+00:00,225.05999755859375,225.27999877929688,224.32000732421875,225.00999450683594,3762733
2024-07-24 13:30:00+00:00,224.0,224.8000030517578,220.3000030517578,220.88999938964844,11171284
2024-07-24 14:30:00+00:00,220.89999389648438,221.02999877929688,218.2899932861328,218.6750030517578,9222223
2024-07-24 15:30:00+00:00,218.6699981689453,218.83999633789062,217.1300048828125,217.90499877929688,6271860
2024-07-24 16:30:00+00:00,217.90989685058594,218.5500030517578,217.72000122070312,218.0258026123047,4492564
2024-07-24 17:30:00+00:00,218.02000427246094,218.86000061035156,217.83999633789062,218.16000366210938,3875716
2024-07-24 18:30:00+00:00,218.16000366210938,218.42999267578125,217.7563018798828,217.88999938964844,4462246
2024-07-24 19:30:00+00:00,217.8800048828125,218.77999877929688,217.6999969482422,218.57000732421875,7678488
2024-07-25 13:30:00+00:00,219.48989868164062,219.84500122070312,214.6199951171875,215.80999755859375,14511135
2024-07-25 14:30:00+00:00,215.82000732421875,219.39999389648438,215.44009399414062,218.67999267578125,7290939
2024-07-25 15:30:00+00:00,218.6840057373047,220.52000427246094,218.11000061035156,220.19200134277344,5424720
2024-07-25 16:30:00+00:00,220.1999969482422,220.85000610351562,219.27000427246094,219.4199981689453,4035246
2024-07-25 17:30:00+00:00,219.42999267578125,220.47999572753906,219.3572998046875,219.8800048828125,3151089
2024-07-25 18:30:00+00:00,219.86000061035156,220.4199981689453,218.61700439453125,220.125,3922802
2024-07-25 19:30:00+00:00,220.10000610351562,220.27000427246094,217.3300018310547,217.49000549316406,5667186
2024-07-26 13:30:00+00:00,218.85000610351562,219.14990234375,216.00999450683594,217.39999389648438,10822541
2024-07-26 14:30:00+00:00,217.39500427246094,218.1540069580078,216.45590209960938,217.9553985595703,4349192
2024-07-26 15:30:00+00:00,217.9550018310547,219.02000427246094,217.50999450683594,218.69119262695312,4508080
2024-07-26 16:30:00+00:00,218.7100067138672,219.49000549316406,218.7100067138672,219.30450439453125,3011413
2024-07-26 17:30:00+00:00,219.30499267578125,219.326904296875,217.67999267578125,218.14999389648438,3519375
2024-07-26 18:30:00+00:00,218.16000366210938,218.75,217.56100463867188,218.60499572753906,3261740
2024-07-26 19:30:00+00:00,218.6199951171875,218.6199951171875,217.1300048828125,218.1199951171875,4479378
2024-07-29 13:30:00+00:00,216.67999267578125,219.3000030517578,215.75999450683594,217.72999572753906,9684510
2024-07-29 14:30:00+00:00,217.75,218.69000244140625,216.50999450683594,217.13999938964844,5007715
2024-07-29 15:30:00+00:00,217.11000061035156,218.9600067138672,216.60049438476562,218.5449981689453,3349338
2024-07-29 16:30:00+00:00,218.5500030517578,219.27999877929688,218.375,218.6999969482422,2769535
2024-07-29 17:30:00+00:00,218.6999969482422,219.08689880371094,218.0500030517578,218.35000610351562,2855524
2024-07-29 18:30:00+00:00,218.33999633789062,218.75,217.97000122070312,218.58999633789062,3092834
2024-07-29 19:30:00+00:00,218.58999633789062,219.1199951171875,218.0,218.2100067138672,3984140
2024-07-30 13:30:00+00:00,219.0399932861328,220.3249969482422,218.55999755859375,219.07000732421875,8172417
2024-07-30 14:30:00+00:00,219.07000732421875,219.33580017089844,217.1699981689453,217.2899932861328,5639492
2024-07-30 15:30:00+00:00,217.27999877929688,217.5399932861328,216.3300018310547,216.97999572753906,3537121
2024-07-30 16:30:00+00:00,216.9600067138672,217.35000610351562,216.1199951171875,217.25,3365740
2024-07-30 17:30:00+00:00,217.24000549316406,218.74000549316406,216.9600067138672,218.28500366210938,3146102
2024-07-30 18:30:00+00:00,218.27999877929688,218.7100067138672,217.97000122070312,218.6300048828125,3328246
2024-07-30 19:30:00+00:00,218.63999938964844,219.9199981689453,218.4499969482422,218.7899932861328,5666938
2024-07-31 13:30:00+00:00,221.52999877929688,223.44000244140625,220.63999938964844,222.8300018310547,10706115
2024-07-31 14:30:00+00:00,222.83999633789062,223.82000732421875,222.3000030517578,223.15499877929688,5147851
2024-07-31 15:30:00+00:00,223.15499877929688,223.3699951171875,222.1699981689453,222.3699951171875,3107571
2024-07-31 16:30:00+00:00,222.38360595703125,223.00999450683594,222.08009338378906,222.60000610351562,3484238
2024-07-31 17:30:00+00:00,222.59500122070312,223.00999450683594,221.30999755859375,222.92999267578125,3509520
2024-07-31 18:30:00+00:00,222.94000244140625,223.3699951171875,221.28500366210938,221.610107421875,4951278
2024-07-31 19:30:00+00:00,221.63999938964844,223.00929260253906,221.3699951171875,221.99000549316406,5618520
2024-08-01 13:30:00+00:00,224.3699951171875,224.45050048828125,221.25999450683594,221.27999877929688,10512069
2024-08-01 14:30:00+00:00,221.27969360351562,221.72999572753906,220.1199951171875,220.5399932861328,6309661
2024-08-01 15:30:00+00:00,220.55999755859375,220.85000610351562,219.02000427246094,219.32000732421875,4477931
2024-08-01 16:30:00+00:00,219.33999633789062,219.5,217.6300048828125,218.14999389648438,4455108
2024-08-01 17:30:00+00:00,218.16000366210938,218.8000030517578,217.1907958984375,217.7899932861328,6390068
2024-08-01 18:30:00+00:00,217.7949981689453,218.15989685058594,217.02000427246094,218.05499267578125,6030523
2024-08-01 19:30:00+00:00,218.0500030517578,219.0,217.13499450683594,218.27999877929688,7438049
2024-08-02 13:30:00+00:00,220.28939819335938,224.4149932861328,217.7100067138672,222.65499877929688,29536982
2024-08-02 14:30:00+00:00,222.6300048828125,224.37989807128906,221.75999450683594,222.8300018310547,14319380
2024-08-02 15:30:00+00:00,222.86000061035156,224.72000122070312,221.4199981689453,224.6199951171875,9098444
2024-08-02 16:30:00+00:00,224.61500549316406,225.60000610351562,223.4499969482422,224.63999938964844,7487153
2024-08-02 17:30:00+00:00,224.6300048828125,225.0050048828125,221.91000366210938,223.43499755859375,7549443
2024-08-02 18:30:00+00:00,223.4199981689453,224.10000610351562,222.11000061035156,222.6199951171875,6527167
2024-08-02 19:30:00+00:00,222.6300048828125,222.98829650878906,219.05999755859375,219.8000030517578,11042774
2024-08-05 13:30:00+00:00,199.0,211.11000061035156,198.22999572753906,207.97869873046875,43357359
2024-08-05 14:30:00+00:00,207.94070434570312,213.47000122070312,207.82000732421875,211.1699981689453,13404154
2024-08-05 15:30:00+00:00,211.1999969482422,213.0,209.5050048828125,212.61500549316406,8715135
2024-08-05 16:30:00+00:00,212.6199951171875,212.64999389648438,209.72000122070312,210.80999755859375,6246693
2024-08-05 17:30:00+00:00,210.7899932861328,211.88999938964844,209.3699951171875,210.61000061035156,5113963
2024-08-05 18:30:00+00:00,210.56300354003906,210.9499969482422,203.9199981689453,206.42999267578125,16677734
2024-08-05 19:30:00+00:00,206.42999267578125,209.35000610351562,206.01170349121094,209.19000244140625,11251750
2024-08-06 13:30:00+00:00,205.38999938964844,206.25,201.07000732421875,204.89010620117188,23694537
2024-08-06 14:30:00+00:00,204.97999572753906,207.739501953125,204.3699951171875,206.11000061035156,7809373
2024-08-06 15:30:00+00:00,206.1204071044922,208.99000549316406,206.05999755859375,208.63099670410156,5843682
2024-08-06 16:30:00+00:00,208.6699981689453,209.97999572753906,208.36000061035156,208.99000549316406,4607591
2024-08-06 17:30:00+00:00,209.00999450683594,209.4799041748047,207.85000610351562,209.44639587402344,4690988
2024-08-06 18:30:00+00:00,209.4499969482422,209.9499969482422,207.39999389648438,208.5050048828125,5270629
2024-08-06 19:30:00+00:00,208.5050048828125,208.58999633789062,206.39999389648438,207.125,6503258
2024-08-07 13:30:00+00:00,206.88999938964844,212.89999389648438,206.41000366210938,211.6999969482422,15714668
2024-08-07 14:30:00+00:00,211.69000244140625,213.58999633789062,211.47000122070312,213.16000366210938,6367518
2024-08-07 15:30:00+00:00,213.12399291992188,213.63999938964844,211.17999267578125,212.5850067138672,5060827
2024-08-07 16:30:00+00:00,212.59970092773438,212.97000122070312,210.35000610351562,211.0399932861328,5212227
2024-08-07 17:30:00+00:00,211.0399932861328,211.49000549316406,210.02000427246094,211.05999755859375,5095212
2024-08-07 18:30:00+00:00,211.02000427246094,211.02000427246094,208.47999572753906,210.5200958251953,6015049
2024-08-07 19:30:00+00:00,210.5500030517578,210.99000549316406,209.41000366210938,209.86000061035156,5358011
2024-08-08 13:30:00+00:00,213.09500122070312,213.2100067138672,208.8300018310547,212.55999755859375,10203691
2024-08-08 14:30:00+00:00,212.5800018310547,212.99000549316406,211.0800018310547,212.2100067138672,4980328
2024-08-08 15:30:00+00:00,212.2100067138672,213.4600067138672,211.7100067138672,213.25,4471605
2024-08-08 16:30:00+00:00,213.26499938964844,213.99000549316406,212.5,213.89759826660156,3897513
2024-08-08 17:30:00+00:00,213.89999389648438,214.1999969482422,212.70750427246094,212.97999572753906,3971724
2024-08-08 18:30:00+00:00,212.9958953857422,213.42999267578125,212.1199951171875,212.13009643554688,3833831
2024-08-08 19:30:00+00:00,212.13999938964844,213.52000427246094,211.8800048828125,213.33999633789062,4665159
2024-08-09 13:30:00+00:00,212.0800018310547,214.7895050048828,211.97999572753906,214.6999969482422,7767530
2024-08-09 14:30:00+00:00,214.7100067138672,215.73500061035156,213.6699981689453,215.13499450683594,4852988
2024-08-09 15:30:00+00:00,215.1199951171875,215.7100067138672,214.41000366210938,214.5301055908203,3993538
2024-08-09 16:30:00+00:00,214.52999877929688,216.5399932861328,214.51010131835938,216.53500366210938,3806159
2024-08-09 17:30:00+00:00,216.5399932861328,216.77999877929688,214.9199981689453,215.27999877929688,3531367
2024-08-09 18:30:00+00:00,215.27499389648438,216.3800048828125,214.89999389648438,216.28500366210938,4226291
2024-08-09 19:30:00+00:00,216.25999450683594,216.61500549316406,215.33999633789062,216.3000030517578,5238718
2024-08-12 13:30:00+00:00,216.0,218.71499633789062,215.60000610351562,218.4499969482422,8545889
2024-08-12 14:30:00+00:00,218.44000244140625,219.50990295410156,217.14999389648438,217.80999755859375,5732544
2024-08-12 15:30:00+00:00,217.7947998046875,218.7574005126953,217.35000610351562,217.97999572753906,4072901
2024-08-12 16:30:00+00:00,217.97000122070312,218.33999633789062,217.02999877929688,217.24769592285156,3376508
2024-08-12 17:30:00+00:00,217.25,217.4550018310547,216.47999572753906,216.7449951171875,2928826
2024-08-12 18:30:00+00:00,216.6999969482422,217.42999267578125,216.59500122070312,217.02999877929688,2657864
2024-08-12 19:30:00+00:00,217.0399932861328,217.6300048828125,216.58999633789062,217.5500030517578,3179687
2024-08-13 13:30:00+00:00,219.10499572753906,221.7100067138672,219.00999450683594,221.0,11857628
2024-08-13 14:30:00+00:00,220.9949951171875,221.5,220.26060485839844,221.05499267578125,4325256
2024-08-13 15:30:00+00:00,221.0500030517578,221.59869384765625,220.88999938964844,221.11050415039062,3691243
2024-08-13 16:30:00+00:00,221.08999633789062,221.8000030517578,220.9600067138672,221.69000244140625,2825480
2024-08-13 17:30:00+00:00,221.69000244140625,221.88999938964844,220.56500244140625,221.21800231933594,3040248
2024-08-13 18:30:00+00:00,221.24609375,221.48489379882812,220.5399932861328,220.66000366210938,2559260
2024-08-13 19:30:00+00:00,220.6699981689453,221.27999877929688,220.4199981689453,221.27000427246094,3842702
2024-08-14 13:30:00+00:00,220.56500244140625,222.02000427246094,219.6999969482422,221.1103973388672,10322006
2024-08-14 14:30:00+00:00,221.11000061035156,222.55999755859375,220.4550018310547,222.55870056152344,4517827
2024-08-14 15:30:00+00:00,222.5500030517578,223.02999877929688,221.01499938964844,221.30499267578125,4029799
2024-08-14 16:30:00+00:00,221.32000732421875,221.4600067138672,220.3800048828125,221.1750030517578,3645945
2024-08-14 17:30:00+00:00,221.16000366210938,221.7689971923828,220.91000366210938,221.5399932861328,3099853
2024-08-14 18:30:00+00:00,221.52999877929688,221.61000061035156,220.80999755859375,221.16000366210938,2990194
2024-08-14 19:30:00+00:00,221.16000366210938,222.35000610351562,221.15310668945312,221.6199951171875,4112373
2024-08-15 13:30:00+00:00,224.5500030517578,224.99000549316406,222.75999450683594,224.7899932861328,9897134
2024-08-15 14:30:00+00:00,224.77999877929688,225.33999633789062,223.89999389648438,224.0050048828125,5316678
2024-08-15 15:30:00+00:00,224.00999450683594,225.01499938964844,223.85000610351562,224.9949951171875,3233561
2024-08-15 16:30:00+00:00,225.0,225.02000427246094,224.2449951171875,224.5449981689453,3507566
2024-08-15 17:30:00+00:00,224.55999755859375,225.14999389648438,224.50999450683594,225.07000732421875,2520626
2024-08-15 18:30:00+00:00,225.05999755859375,225.3300018310547,224.91380310058594,225.05999755859375,3818557
2024-08-15 19:30:00+00:00,225.05499267578125,225.08999633789062,223.84500122070312,224.7100067138672,5065291
2024-08-16 13:30:00+00:00,223.9199981689453,225.02000427246094,223.6501007080078,224.38999938964844,11905855
2024-08-16 14:30:00+00:00,224.3800048828125,225.02000427246094,223.96609497070312,224.91000366210938,4388806
2024-08-16 15:30:00+00:00,224.91000366210938,226.4456024169922,224.91000366210938,226.33999633789062,5068731
2024-08-16 16:30:00+00:00,226.35000610351562,226.8271026611328,226.30999755859375,226.5500030517578,4500362
2024-08-16 17:30:00+00:00,226.5500030517578,226.6699981689453,225.6300048828125,225.99000549316406,3023962
2024-08-16 18:30:00+00:00,225.98500061035156,226.2100067138672,225.7635955810547,225.9600067138672,2364036
2024-08-16 19:30:00+00:00,225.9604949951172,226.13999938964844,225.5399932861328,226.10000610351562,3252354
2024-08-19 13:30:00+00:00,225.69500732421875,225.69500732421875,223.0399932861328,224.16000366210938,9670189
2024-08-19 14:30:00+00:00,224.16000366210938,224.72999572753906,223.49000549316406,224.43020629882812,4193053
2024-08-19 15:30:00+00:00,224.42759704589844,224.64999389648438,223.75,224.4250030517578,3379602
2024-08-19 16:30:00+00:00,224.41000366210938,224.46499633789062,223.75,224.02499389648438,2649753
2024-08-19 17:30:00+00:00,224.02999877929688,224.66000366210938,223.8000030517578,224.63999938964844,3556772
2024-08-19 18:30:00+00:00,224.64500427246094,224.9499969482422,224.5800018310547,224.92999267578125,2814556
2024-08-19 19:30:00+00:00,224.9250030517578,225.97000122070312,224.88999938964844,225.89999389648438,4867293
2024-08-20 13:30:00+00:00,225.77000427246094,227.1699981689453,225.4499969482422,226.66000366210938,7693400
2024-08-20 14:30:00+00:00,226.67999267578125,226.69000244140625,225.7100067138672,226.2100067138672,3611714
2024-08-20 15:30:00+00:00,226.2050018310547,227.09500122070312,226.08999633789062,226.89999389648438,2572227
2024-08-20 16:30:00+00:00,226.89500427246094,227.08999633789062,226.11000061035156,226.7100067138672,2086631
2024-08-20 17:30:00+00:00,226.6999969482422,227.11000061035156,226.35000610351562,227.01499938964844,1991274
2024-08-20 18:30:00+00:00,227.02999877929688,227.05999755859375,226.19000244140625,226.48500061035156,2299219
2024-08-20 19:30:00+00:00,226.47999572753906,226.92999267578125,226.38999938964844,226.49000549316406,2581538
2024-08-21 13:30:00+00:00,226.49000549316406,227.6699981689453,225.91000366210938,227.22500610351562,8159799
2024-08-21 14:30:00+00:00,227.22999572753906,227.97999572753906,225.8800048828125,226.49000549316406,4755603
2024-08-21 15:30:00+00:00,226.49989318847656,226.58999633789062,225.63499450683594,226.24000549316406,2772090
2024-08-21 16:30:00+00:00,226.25,226.50399780273438,225.92010498046875,226.00010681152344,2061134
2024-08-21 17:30:00+00:00,226.00999450683594,226.4499969482422,225.8300018310547,226.4499969482422,2566714
2024-08-21 18:30:00+00:00,226.4499969482422,226.5800018310547,225.3302001953125,225.77000427246094,2984227
2024-08-21 19:30:00+00:00,225.77999877929688,226.55999755859375,225.1909942626953,226.39999389648438,3834165
2024-08-22 13:30:00+00:00,227.60000610351562,228.33999633789062,226.5500030517578,226.77000427246094,8837839
2024-08-22 14:30:00+00:00,226.75999450683594,227.2100067138672,226.13999938964844,226.17999267578125,3513476
2024-08-22 15:30:00+00:00,226.13999938964844,226.44000244140625,224.92010498046875,226.42999267578125,3401206
2024-08-22 16:30:00+00:00,226.43499755859375,226.61000061035156,225.0847930908203,225.64500427246094,2873698
2024-08-22 17:30:00+00:00,225.6300048828125,225.82000732421875,223.89999389648438,224.85989379882812,3951613
2024-08-22 18:30:00+00:00,224.86000061035156,224.94000244140625,224.14999389648438,224.32000732421875,2652812
2024-08-22 19:30:00+00:00,224.33999633789062,224.9199981689453,224.02999877929688,224.52999877929688,4874043
2024-08-23 13:30:00+00:00,225.65890502929688,228.22000122070312,225.52000427246094,227.97500610351562,8606738
2024-08-23 14:30:00+00:00,227.99000549316406,228.10000610351562,225.19009399414062,225.9499969482422,5457419
2024-08-23 15:30:00+00:00,225.968505859375,226.7100067138672,224.8800048828125,225.11500549316406,3192087
2024-08-23 16:30:00+00:00,225.11000061035156,225.99000549316406,224.33999633789062,225.96499633789062,2664126
2024-08-23 17:30:00+00:00,225.97000122070312,226.5500030517578,225.9499969482422,226.45269775390625,2323736
2024-08-23 18:30:00+00:00,226.4550018310547,227.10000610351562,226.22000122070312,227.05999755859375,2752049
2024-08-23 19:30:00+00:00,227.06500244140625,227.16690063476562,226.22999572753906,226.7736053466797,3536618
2024-08-26 13:30:00+00:00,227.2100067138672,227.2100067138672,224.47720336914062,224.9499969482422,6251104
2024-08-26 14:30:00+00:00,224.9199981689453,225.19000244140625,223.8905029296875,225.07000732421875,3930509
2024-08-26 15:30:00+00:00,225.05999755859375,225.82000732421875,224.63999938964844,225.8105010986328,3335827
2024-08-26 16:30:00+00:00,225.81100463867188,226.39999389648438,225.75,226.1199951171875,2092165
2024-08-26 17:30:00+00:00,226.1300048828125,226.4250030517578,225.4429931640625,225.8699951171875,2251610
2024-08-26 18:30:00+00:00,225.86000061035156,226.6699981689453,225.76010131835938,226.4300994873047,2444527
2024-08-26 19:30:00+00:00,226.42999267578125,227.27999877929688,226.2899932861328,227.25999450683594,3543413
2024-08-27 13:30:00+00:00,226.21009826660156,228.22000122070312,224.88999938964844,227.97000122070312,8575296
2024-08-27 14:30:00+00:00,227.9600067138672,228.8459930419922,227.6501007080078,228.6300048828125,4591987
2024-08-27 15:30:00+00:00,228.57000732421875,228.66000366210938,227.8699951171875,227.94000244140625,2877065
2024-08-27 16:30:00+00:00,227.92999267578125,228.52999877929688,227.5500030517578,228.49000549316406,2150303
2024-08-27 17:30:00+00:00,228.5,228.66400146484375,228.07000732421875,228.4832000732422,1944293
2024-08-27 18:30:00+00:00,228.47999572753906,228.5489959716797,228.08999633789062,228.14999389648438,1885195
2024-08-27 19:30:00+00:00,228.14999389648438,228.27000427246094,227.75,228.13999938964844,3396614
2024-08-28 13:30:00+00:00,228.0500030517578,229.66000366210938,227.87100219726562,229.63999938964844,8121114
2024-08-28 14:30:00+00:00,229.6300048828125,229.85000610351562,226.3300018310547,226.80999755859375,5991731
2024-08-28 15:30:00+00:00,226.8000030517578,227.27000427246094,226.25999450683594,227.02999877929688,5540740
2024-08-28 16:30:00+00:00,227.02000427246094,227.75999450683594,227.00999450683594,227.47000122070312,2481723
2024-08-28 17:30:00+00:00,227.47000122070312,227.60000610351562,225.6800994873047,226.0800018310547,2007338
2024-08-28 18:30:00+00:00,226.0800018310547,227.63999938964844,225.9600067138672,227.4600067138672,3017614
2024-08-28 19:30:00+00:00,227.4499969482422,227.5399932861328,226.33999633789062,226.49000549316406,3607065
2024-08-29 13:30:00+00:00,230.27999877929688,231.94000244140625,228.8800048828125,231.4199981689453,15038494
2024-08-29 14:30:00+00:00,231.42999267578125,232.9199981689453,231.4199981689453,232.4499969482422,7514577
2024-08-29 15:30:00+00:00,232.44760131835938,232.7091064453125,231.49000549316406,232.4499969482422,5159347
2024-08-29 16:30:00+00:00,232.4499969482422,232.7100067138672,231.8699951171875,232.1300048828125,3294078
2024-08-29 17:30:00+00:00,232.13999938964844,232.5,230.5500030517578,230.83599853515625,4397159
2024-08-29 18:30:00+00:00,230.8300018310547,230.97000122070312,229.62010192871094,230.13999938964844,5247050
2024-08-29 19:30:00+00:00,230.1699981689453,230.77000427246094,229.3300018310547,229.80999755859375,4555191
2024-08-30 13:30:00+00:00,230.0,230.39999389648438,228.54010009765625,229.19500732421875,8962269
2024-08-30 14:30:00+00:00,229.1999969482422,230.00999450683594,227.72999572753906,228.2449951171875,4933862
2024-08-30 15:30:00+00:00,228.22000122070312,228.875,227.5500030517578,228.02999877929688,3257176
2024-08-30 16:30:00+00:00,228.02020263671875,228.6999969482422,227.47999572753906,228.14999389648438,2683350
2024-08-30 17:30:00+00:00,228.13499450683594,228.31500244140625,227.66000366210938,227.99000549316406,2414533
2024-08-30 18:30:00+00:00,228.0,229.0500030517578,227.9499969482422,229.0399932861328,3332557
2024-08-30 19:30:00+00:00,229.0399932861328,229.85000610351562,228.3800048828125,228.86000061035156,6922500
2024-09-03 13:30:00+00:00,228.23849487304688,229.0,224.72999572753906,225.30999755859375,10969784
2024-09-03 14:30:00+00:00,225.30499267578125,225.30499267578125,223.50999450683594,223.85499572753906,5984800
2024-09-03 15:30:00+00:00,223.86000061035156,224.42999267578125,223.27000427246094,223.88999938964844,3719653
2024-09-03 16:30:00+00:00,223.8800048828125,224.14999389648438,223.4499969482422,223.8314971923828,2520844
2024-09-03 17:30:00+00:00,223.8251953125,223.9199981689453,221.83999633789062,222.1300048828125,4242288
2024-09-03 18:30:00+00:00,222.1199951171875,222.72999572753906,221.77000427246094,222.4499969482422,4336460
2024-09-03 19:30:00+00:00,222.44000244140625,222.77999877929688,221.1699981689453,222.75,6650499
2024-09-04 13:30:00+00:00,221.4499969482422,221.7550048828125,217.47999572753906,218.63499450683594,13419708
2024-09-04 14:30:00+00:00,218.6300048828125,220.25,218.5399932861328,218.6800994873047,6164994
2024-09-04 15:30:00+00:00,218.69500732421875,219.96499633789062,218.02000427246094,219.92999267578125,3511069
2024-09-04 16:30:00+00:00,219.9199981689453,220.7843017578125,219.5399932861328,220.1199951171875,3078968
2024-09-04 17:30:00+00:00,220.10459899902344,221.11000061035156,220.07000732421875,220.91000366210938,3084195
2024-09-04 18:30:00+00:00,220.89999389648438,221.13999938964844,220.1699981689453,220.5500030517578,3235652
2024-09-04 19:30:00+00:00,220.5500030517578,221.4300994873047,220.4199981689453,220.7899932861328,4798702
2024-09-05 13:30:00+00:00,221.52000427246094,225.47999572753906,221.52000427246094,225.05999755859375,10704328
2024-09-05 14:30:00+00:00,225.0800018310547,225.38999938964844,222.3800048828125,222.47999572753906,4610709
2024-09-05 15:30:00+00:00,222.4600067138672,222.81959533691406,221.88999938964844,222.79519653320312,3171908
2024-09-05 16:30:00+00:00,222.7899932861328,223.14999389648438,222.33999633789062,222.38999938964844,2425313
2024-09-05 17:30:00+00:00,222.397705078125,223.75,222.37420654296875,223.33059692382812,2790012
2024-09-05 18:30:00+00:00,223.33999633789062,223.89999389648438,222.11000061035156,222.8300018310547,2545064
2024-09-05 19:30:00+00:00,222.82000732421875,223.3699951171875,221.8101043701172,222.39999389648438,3426613
2024-09-06 13:30:00+00:00,223.89999389648438,225.19659423828125,222.3800048828125,222.69000244140625,10837039
2024-09-06 14:30:00+00:00,222.6699981689453,223.02000427246094,220.8300018310547,221.25,6152793
2024-09-06 15:30:00+00:00,221.25,222.0677947998047,220.66200256347656,220.68569946289062,3892594
2024-09-06 16:30:00+00:00,220.6999969482422,221.63999938964844,220.4600067138672,220.97999572753906,3419148
2024-09-06 17:30:00+00:00,220.9499969482422,221.08999633789062,219.77000427246094,220.18780517578125,3000383
2024-09-06 18:30:00+00:00,220.19000244140625,221.47000122070312,219.82000732421875,221.05999755859375,3924346
2024-09-06 19:30:00+00:00,221.0625,221.5500030517578,220.13999938964844,220.91000366210938,4597875
2024-09-09 13:30:00+00:00,220.89999389648438,221.27000427246094,217.82000732421875,218.875,13584735
2024-09-09 14:30:00+00:00,218.8800048828125,219.00999450683594,217.0500030517578,218.9600067138672,6687156
2024-09-09 15:30:00+00:00,218.97999572753906,220.5,218.92999267578125,220.2039031982422,4368450
2024-09-09 16:30:00+00:00,220.2126007080078,220.92999267578125,219.80999755859375,220.83999633789062,4747989
2024-09-09 17:30:00+00:00,220.83799743652344,220.85000610351562,217.0800018310547,217.1699981689453,11488645
2024-09-09 18:30:00+00:00,217.13999938964844,219.2725067138672,216.72000122070312,219.25999450683594,9269515
2024-09-09 19:30:00+00:00,219.27000427246094,221.0364990234375,219.27000427246094,220.99000549316406,8206929
2024-09-10 13:30:00+00:00,218.88499450683594,220.02000427246094,216.72999572753906,219.77999877929688,14107205
2024-09-10 14:30:00+00:00,219.76499938964844,220.22000122070312,218.22000122070312,219.9499969482422,6070511
2024-09-10 15:30:00+00:00,219.9499969482422,220.41000366210938,218.0404052734375,218.5399932861328,4556201
2024-09-10 16:30:00+00:00,218.5301055908203,220.64999389648438,218.49000549316406,220.27000427246094,3685902
2024-09-10 17:30:00+00:00,220.27000427246094,221.47999572753906,220.19590759277344,220.80999755859375,3978034
2024-09-10 18:30:00+00:00,220.8300018310547,221.0449981689453,220.2100067138672,220.75,5332395
2024-09-10 19:30:00+00:00,220.7449951171875,221.11000061035156,219.67999267578125,220.1699981689453,4674197
2024-09-11 13:30:00+00:00,221.4250030517578,223.08999633789062,219.14999389648438,219.25,9711642
2024-09-11 14:30:00+00:00,219.24000549316406,219.33999633789062,217.88999938964844,218.89999389648438,4829296
2024-09-11 15:30:00+00:00,218.89999389648438,220.9499969482422,218.6699981689453,220.835205078125,3877449
2024-09-11 16:30:00+00:00,220.86000061035156,221.85000610351562,220.50999450683594,221.32000732421875,2788950
2024-09-11 17:30:00+00:00,221.25999450683594,221.6999969482422,220.83999633789062,221.6199951171875,3552924
2024-09-11 18:30:00+00:00,221.64999389648438,221.97000122070312,221.11000061035156,221.97000122070312,4285668
2024-09-11 19:30:00+00:00,221.9550018310547,223.0,221.67999267578125,222.86000061035156,5531388
2024-09-12 13:30:00+00:00,221.67999267578125,222.5800018310547,219.82000732421875,222.07000732421875,8196037
2024-09-12 14:30:00+00:00,222.07119750976562,223.0675048828125,221.08999633789062,221.89999389648438,4368515
2024-09-12 15:30:00+00:00,221.89999389648438,222.5399932861328,221.6199951171875,221.92999267578125,2289208
2024-09-12 16:30:00+00:00,221.9499969482422,223.0500030517578,221.7100067138672,222.6199951171875,2450018
2024-09-12 17:30:00+00:00,222.60000610351562,223.22999572753906,222.5800018310547,223.14010620117188,2928926
2024-09-12 18:30:00+00:00,223.13999938964844,223.5399932861328,222.16000366210938,222.94000244140625,3839512
2024-09-12 19:30:00+00:00,222.92999267578125,223.3489990234375,222.44000244140625,222.8699951171875,5236457
2024-09-13 13:30:00+00:00,223.59500122070312,223.85000610351562,222.19000244140625,222.3699951171875,9588879
2024-09-13 14:30:00+00:00,222.35000610351562,223.75,221.91000366210938,223.5449981689453,4492924
2024-09-13 15:30:00+00:00,223.5449981689453,223.99000549316406,223.05499267578125,223.3101043701172,2825345
2024-09-13 16:30:00+00:00,223.32000732421875,224.02999877929688,223.22000122070312,223.58380126953125,2326834
2024-09-13 17:30:00+00:00,223.5800018310547,224.02000427246094,222.85000610351562,223.0,2945593
2024-09-13 18:30:00+00:00,222.9949951171875,223.0500030517578,222.33120727539062,222.53399658203125,3150741
2024-09-13 19:30:00+00:00,222.5399932861328,222.84300231933594,222.30999755859375,222.4600067138672,4426267
2024-09-16 13:30:00+00:00,216.5500030517578,217.1999969482422,213.9199981689453,216.66000366210938,21390264
2024-09-16 14:30:00+00:00,216.64010620117188,216.9149932861328,214.83999633789062,216.55650329589844,8162076
2024-09-16 15:30:00+00:00,216.5500030517578,216.5800018310547,214.91000366210938,215.39999389648438,4852521
2024-09-16 16:30:00+00:00,215.38999938964844,215.97999572753906,214.92010498046875,215.96499633789062,3748142
2024-09-16 17:30:00+00:00,215.9600067138672,216.52000427246094,215.75,216.42999267578125,3606890
2024-09-16 18:30:00+00:00,216.4250030517578,216.466796875,215.9199981689453,216.22500610351562,4144167
2024-09-16 19:30:00+00:00,216.3000030517578,216.6999969482422,216.17999267578125,216.3000030517578,5232224
2024-09-17 13:30:00+00:00,215.75,216.58990478515625,214.5,216.4199981689453,11537502
2024-09-17 14:30:00+00:00,216.39999389648438,216.89999389648438,215.8426055908203,216.2050018310547,5086619
2024-09-17 15:30:00+00:00,216.2100067138672,216.83999633789062,215.50999450683594,215.75999450683594,4563369
2024-09-17 16:30:00+00:00,215.77000427246094,216.22999572753906,215.22999572753906,216.1699981689453,4929353
2024-09-17 17:30:00+00:00,216.16000366210938,216.38999938964844,215.05999755859375,216.14999389648438,3204596
2024-09-17 18:30:00+00:00,216.13999938964844,216.6199951171875,215.3000030517578,216.61000061035156,3928149
2024-09-17 19:30:00+00:00,216.60000610351562,216.85000610351562,216.1699981689453,216.85000610351562,4733527
2024-09-18 13:30:00+00:00,217.58999633789062,220.73500061035156,217.5399932861328,220.73500061035156,11719770
2024-09-18 14:30:00+00:00,220.7301025390625,221.61000061035156,220.25100708007812,220.6300048828125,8156545
2024-09-18 15:30:00+00:00,220.63999938964844,220.86990356445312,219.52000427246094,220.80999755859375,4730443
2024-09-18 16:30:00+00:00,220.8000030517578,221.35000610351562,220.25999450683594,221.21009826660156,4663209
2024-09-18 17:30:00+00:00,221.22000122070312,222.6999969482422,219.92999267578125,221.4073028564453,7417109
2024-09-18 18:30:00+00:00,221.4958953857422,221.85000610351562,218.92999267578125,221.5,7309128
2024-09-18 19:30:00+00:00,221.5399932861328,221.80999755859375,219.8800048828125,220.69000244140625,6247706
2024-09-19 13:30:00+00:00,224.94000244140625,229.60000610351562,224.63999938964844,229.4949951171875,18240508
2024-09-19 14:30:00+00:00,229.60499572753906,229.82000732421875,227.66000366210938,228.49000549316406,8846328
2024-09-19 15:30:00+00:00,228.48460388183594,229.17999267578125,228.0,228.9949951171875,5729594
2024-09-19 16:30:00+00:00,228.99000549316406,229.3300018310547,228.72079467773438,229.17010498046875,4098355
2024-09-19 17:30:00+00:00,229.20689392089844,229.45570373535156,228.39999389648438,228.8699951171875,4410441
2024-09-19 18:30:00+00:00,228.8699951171875,229.49000549316406,228.76010131835938,229.46719360351562,4815301
2024-09-19 19:30:00+00:00,229.4600067138672,229.58999633789062,228.2899932861328,228.82000732421875,7376731
2024-09-20 13:30:00+00:00,229.97000122070312,231.16000366210938,229.22000122070312,230.0345001220703,28984531
2024-09-20 14:30:00+00:00,230.02999877929688,230.5800018310547,229.1999969482422,229.77000427246094,12497143
2024-09-20 15:30:00+00:00,229.75999450683594,231.74000549316406,229.74000549316406,231.72999572753906,7914719
2024-09-20 16:30:00+00:00,231.72000122070312,231.9199981689453,230.61000061035156,230.75,6485883
2024-09-20 17:30:00+00:00,230.74000549316406,231.25999450683594,229.60000610351562,229.77720642089844,7870480
2024-09-20 18:30:00+00:00,229.77000427246094,232.0,229.5,231.97500610351562,10546962
2024-09-20 19:30:00+00:00,231.97500610351562,233.08999633789062,227.6199951171875,228.52999877929688,25542112
2024-09-23 13:30:00+00:00,227.33999633789062,228.02310180664062,225.86000061035156,228.00999450683594,13371890
2024-09-23 14:30:00+00:00,228.00999450683594,229.4499969482422,227.6300048828125,228.6533966064453,6527851
2024-09-23 15:30:00+00:00,228.66000366210938,228.89999389648438,226.92999267578125,226.94000244140625,3575768
2024-09-23 16:30:00+00:00,226.94000244140625,227.41000366210938,226.62010192871094,226.74000549316406,3228628
2024-09-23 17:30:00+00:00,226.74899291992188,227.17999267578125,226.50999450683594,226.67999267578125,2921492
2024-09-23 18:30:00+00:00,226.69000244140625,226.75999450683594,226.0,226.2899932861328,3625613
2024-09-23 19:30:00+00:00,226.27999877929688,226.6999969482422,225.80999755859375,226.4499969482422,4381769
2024-09-24 13:30:00+00:00,229.17999267578125,229.35000610351562,226.0500030517578,226.07000732421875,7586055
2024-09-24 14:30:00+00:00,226.07000732421875,227.47999572753906,225.74000549316406,227.01210021972656,4155816
2024-09-24 15:30:00+00:00,227.02000427246094,227.73939514160156,226.6999969482422,227.5500030517578,2884573
2024-09-24 16:30:00+00:00,227.5399932861328,227.75999450683594,226.80999755859375,227.24000549316406,2149179
2024-09-24 17:30:00+00:00,227.24220275878906,227.47999572753906,226.80999755859375,226.8791046142578,1936488
2024-09-24 18:30:00+00:00,226.8699951171875,227.08999633789062,226.5399932861328,227.0260009765625,1999556
2024-09-24 19:30:00+00:00,227.0399932861328,227.5,226.3699951171875,227.36000061035156,4656959
2024-09-25 13:30:00+00:00,224.92999267578125,227.2899932861328,224.61000061035156,226.38499450683594,8474136
2024-09-25 14:30:00+00:00,226.3699951171875,226.79989624023438,225.3000030517578,225.4499969482422,4105730
2024-09-25 15:30:00+00:00,225.39999389648438,225.98989868164062,225.32000732421875,225.87010192871094,2773314
2024-09-25 16:30:00+00:00,225.86000061035156,226.02000427246094,225.27000427246094,225.36000061035156,2776012
2024-09-25 17:30:00+00:00,225.35000610351562,225.4499969482422,224.02999877929688,224.89999389648438,4550963
2024-09-25 18:30:00+00:00,224.88999938964844,225.32000732421875,224.72999572753906,225.25990295410156,2750104
2024-09-25 19:30:00+00:00,225.25,226.44000244140625,225.19000244140625,226.30999755859375,4052788
2024-09-26 13:30:00+00:00,227.3000030517578,227.6199951171875,225.41000366210938,226.89999389648438,8068088
2024-09-26 14:30:00+00:00,226.91000366210938,228.5,226.52999877929688,227.3896942138672,5650345
2024-09-26 15:30:00+00:00,227.38650512695312,227.82000732421875,226.67999267578125,227.30999755859375,2992378
2024-09-26 16:30:00+00:00,227.31500244140625,227.39999389648438,226.6699981689453,227.15499877929688,1819367
2024-09-26 17:30:00+00:00,227.15499877929688,227.7100067138672,226.9709930419922,227.7050018310547,2270366
2024-09-26 18:30:00+00:00,227.7100067138672,227.86500549316406,227.46200561523438,227.5749969482422,2387943
2024-09-26 19:30:00+00:00,227.5800018310547,227.7899932861328,226.99000549316406,227.6199951171875,3934449
2024-09-27 13:30:00+00:00,228.42999267578125,229.52000427246094,227.99000549316406,228.95089721679688,7047356
2024-09-27 14:30:00+00:00,228.93960571289062,229.07000732421875,227.83999633789062,228.1300048828125,4099029
2024-09-27 15:30:00+00:00,228.1199951171875,228.25,227.3000030517578,228.14999389648438,3339358
2024-09-27 16:30:00+00:00,228.13999938964844,228.6199951171875,227.9199981689453,227.9949951171875,1914209
2024-09-27 17:30:00+00:00,227.99000549316406,228.52000427246094,227.80999755859375,227.89500427246094,2008696
2024-09-27 18:30:00+00:00,227.89999389648438,228.19000244140625,227.52999877929688,227.80999755859375,2165156
2024-09-27 19:30:00+00:00,227.82000732421875,228.0,227.5500030517578,227.82000732421875,3703154
2024-09-30 13:30:00+00:00,230.15499877929688,232.34120178222656,229.65499877929688,230.97999572753906,11787517
2024-09-30 14:30:00+00:00,230.97000122070312,232.04989624023438,230.75,231.89999389648438,4589294
2024-09-30 15:30:00+00:00,232.02000427246094,232.53829956054688,231.8300018310547,232.1199951171875,3947937
2024-09-30 16:30:00+00:00,232.1199951171875,232.1999969482422,231.30999755859375,231.64500427246094,2500766
2024-09-30 17:30:00+00:00,231.64999389648438,232.0,230.5500030517578,231.00999450683594,3105354
2024-09-30 18:30:00+00:00,231.0,231.91000366210938,230.77639770507812,231.22000122070312,3385830
2024-09-30 19:30:00+00:00,231.2050018310547,233.0,231.11000061035156,233.0,9077998
2024-10-01 13:30:00+00:00,229.5500030517578,229.6199951171875,224.66000366210938,224.9600067138672,18785859
2024-10-01 14:30:00+00:00,224.97999572753906,225.5,224.52000427246094,225.47500610351562,7238550
2024-10-01 15:30:00+00:00,225.47000122070312,225.94000244140625,225.0500030517578,225.31300354003906,5236262
2024-10-01 16:30:00+00:00,225.3000030517578,225.39500427246094,223.74000549316406,223.92999267578125,4629057
2024-10-01 17:30:00+00:00,223.92999267578125,225.63999938964844,223.83999633789062,225.4600067138672,4115947
2024-10-01 18:30:00+00:00,225.44000244140625,226.1884002685547,225.24600219726562,226.1501007080078,4202375
2024-10-01 19:30:00+00:00,226.14999389648438,226.33999633789062,225.87570190429688,226.25999450683594,5044106
2024-10-02 13:30:00+00:00,225.6999969482422,226.11000061035156,223.02999877929688,225.4199981689453,9385176
2024-10-02 14:30:00+00:00,225.39999389648438,226.60000610351562,225.27000427246094,226.2050018310547,4586645
2024-10-02 15:30:00+00:00,226.22000122070312,227.0500030517578,226.1649932861328,226.95199584960938,3954712
2024-10-02 16:30:00+00:00,226.9499969482422,227.03939819335938,226.58999633789062,226.95989990234375,2173028
2024-10-02 17:30:00+00:00,226.94000244140625,227.17999267578125,226.35000610351562,226.82000732421875,2418335
2024-10-02 18:30:00+00:00,226.8000030517578,227.3300018310547,226.64999389648438,227.24000549316406,2105356
2024-10-02 19:30:00+00:00,227.22500610351562,227.3699951171875,226.69009399414062,226.80999755859375,2793983
2024-10-03 13:30:00+00:00,225.24000549316406,226.8000030517578,224.72000122070312,224.8350067138672,6220681
2024-10-03 14:30:00+00:00,224.80999755859375,225.52999877929688,224.26499938964844,224.87420654296875,4150076
2024-10-03 15:30:00+00:00,224.88839721679688,225.3699951171875,224.8300018310547,225.07119750976562,3280055
2024-10-03 16:30:00+00:00,225.08999633789062,225.09629821777344,223.3238983154297,223.8350067138672,3492200
2024-10-03 17:30:00+00:00,223.83999633789062,224.40989685058594,223.70010375976562,223.84010314941406,1911305
2024-10-03 18:30:00+00:00,223.8350067138672,224.0399932861328,223.50010681152344,223.6999969482422,2380663
2024-10-03 19:30:00+00:00,223.7100067138672,225.83999633789062,223.66000366210938,225.6699981689453,5709739
2024-10-04 13:30:00+00:00,227.88999938964844,228.0,224.3800048828125,224.510498046875,8338473
2024-10-04 14:30:00+00:00,224.49000549316406,225.5399932861328,224.13999938964844,224.55999755859375,4171900
2024-10-04 15:30:00+00:00,224.52999877929688,225.57000732421875,224.3249969482422,224.9499969482422,3129678
2024-10-04 16:30:00+00:00,224.9571075439453,225.47999572753906,224.8675994873047,225.10009765625,1978865
2024-10-04 17:30:00+00:00,225.1199951171875,225.35000610351562,224.5500030517578,225.08999633789062,2430951
2024-10-04 18:30:00+00:00,225.08999633789062,226.19000244140625,225.0399932861328,226.09010314941406,3128943
2024-10-04 19:30:00+00:00,226.09500122070312,226.97999572753906,225.92999267578125,226.77999877929688,4791908
2024-10-07 13:30:00+00:00,224.4600067138672,225.5399932861328,224.05499267578125,225.32000732421875,7846943
2024-10-07 14:30:00+00:00,225.31500244140625,225.69000244140625,224.47999572753906,225.0601043701172,3155397
2024-10-07 15:30:00+00:00,225.0800018310547,225.27999877929688,224.07000732421875,224.25999450683594,2733871
2024-10-07 16:30:00+00:00,224.25,224.57000732421875,223.80999755859375,223.80999755859375,2471325
2024-10-07 17:30:00+00:00,223.7801055908203,224.05999755859375,223.39999389648438,223.74989318847656,2377594
2024-10-07 18:30:00+00:00,223.72999572753906,223.72999572753906,222.22999572753906,222.56500244140625,4495723
2024-10-07 19:30:00+00:00,222.56399536132812,222.6300048828125,221.3350067138672,221.72000122070312,4695507
2024-10-08 13:30:00+00:00,224.30999755859375,225.8800048828125,223.25,224.89999389648438,8969276
2024-10-08 14:30:00+00:00,224.89759826660156,225.9600067138672,224.66000366210938,225.3300018310547,3802538
2024-10-08 15:30:00+00:00,225.33929443359375,225.60000610351562,224.74000549316406,224.82000732421875,2178501
2024-10-08 16:30:00+00:00,224.8300018310547,225.0,224.22239685058594,224.74000549316406,1971901
2024-10-08 17:30:00+00:00,224.74000549316406,225.11500549316406,224.66000366210938,224.92970275878906,1560837
2024-10-08 18:30:00+00:00,224.9199981689453,225.58999633789062,224.77999877929688,225.27000427246094,2592549
2024-10-08 19:30:00+00:00,225.27000427246094,225.97500610351562,225.23500061035156,225.77999877929688,3794652
2024-10-09 13:30:00+00:00,225.5,227.1699981689453,224.8300018310547,227.10000610351562,6790643
2024-10-09 14:30:00+00:00,227.10000610351562,228.2899932861328,226.97000122070312,228.19000244140625,4601032
2024-10-09 15:30:00+00:00,228.2100067138672,228.7100067138672,228.08200073242188,228.7100067138672,3064533
2024-10-09 16:30:00+00:00,228.72000122070312,229.03990173339844,228.52000427246094,228.86000061035156,2317434
2024-10-09 17:30:00+00:00,228.83999633789062,229.6699981689453,228.02999877929688,229.6300048828125,2705052
2024-10-09 18:30:00+00:00,229.6199951171875,229.62989807128906,228.8000030517578,229.07420349121094,3361168
2024-10-09 19:30:00+00:00,229.07000732421875,229.75,229.05999755859375,229.50999450683594,3238655
2024-10-10 13:30:00+00:00,227.77999877929688,228.82980346679688,227.1699981689453,228.2554931640625,6391325
2024-10-10 14:30:00+00:00,228.2364044189453,228.39599609375,227.6300048828125,228.2899932861328,3150593
2024-10-10 15:30:00+00:00,228.2899932861328,229.22999572753906,228.13999938964844,228.7100067138672,2234297
2024-10-10 16:30:00+00:00,228.72500610351562,228.73910522460938,228.12030029296875,228.5,1857916
2024-10-10 17:30:00+00:00,228.49000549316406,228.8000030517578,228.0399932861328,228.32000732421875,1786905
2024-10-10 18:30:00+00:00,228.32000732421875,228.94500732421875,228.07000732421875,228.85499572753906,1924289
2024-10-10 19:30:00+00:00,228.85499572753906,229.5,228.80499267578125,229.02999877929688,3089900
2024-10-11 13:30:00+00:00,228.2949981689453,228.89999389648438,227.33999633789062,228.75999450683594,6270537
2024-10-11 14:30:00+00:00,228.74000549316406,229.19000244140625,227.7899932861328,227.97500610351562,3392321
2024-10-11 15:30:00+00:00,227.9700927734375,228.11000061035156,227.66000366210938,227.83009338378906,3047535
2024-10-11 16:30:00+00:00,227.8300018310547,227.98500061035156,227.41000366210938,227.83999633789062,2091191
2024-10-11 17:30:00+00:00,227.8249969482422,228.4499969482422,227.5800018310547,228.19500732421875,2354655
2024-10-11 18:30:00+00:00,228.19500732421875,228.97000122070312,228.05999755859375,228.69000244140625,2828890
2024-10-11 19:30:00+00:00,228.68870544433594,228.75999450683594,227.5,227.52000427246094,3955806
2024-10-14 13:30:00+00:00,228.6999969482422,231.30999755859375,228.60000610351562,230.68499755859375,8542412
2024-10-14 14:30:00+00:00,230.68499755859375,230.8800048828125,229.14999389648438,229.69000244140625,3661063
2024-10-14 15:30:00+00:00,229.67999267578125,230.52920532226562,229.42999267578125,230.24949645996094,2488171
2024-10-14 16:30:00+00:00,230.25999450683594,230.6063995361328,230.1999969482422,230.42999267578125,1601087
2024-10-14 17:30:00+00:00,230.41000366210938,230.55029296875,230.05999755859375,230.4600067138672,2240039
2024-10-14 18:30:00+00:00,230.48350524902344,231.44679260253906,230.4499969482422,231.22259521484375,3574497
2024-10-14 19:30:00+00:00,231.22000122070312,231.72779846191406,231.0399932861328,231.3000030517578,4541236
2024-10-15 13:30:00+00:00,233.58999633789062,237.49000549316406,232.3699951171875,235.82000732421875,21113589
2024-10-15 14:30:00+00:00,235.82000732421875,236.1300048828125,234.67010498046875,235.431396484375,8085291
2024-10-15 15:30:00+00:00,235.42999267578125,236.2899932861328,234.5500030517578,234.75999450683594,5436418
2024-10-15 16:30:00+00:00,234.75,235.1999969482422,233.85000610351562,234.02000427246094,3242105
2024-10-15 17:30:00+00:00,233.96400451660156,234.47000122070312,233.5,233.94000244140625,3554666
2024-10-15 18:30:00+00:00,233.94000244140625,234.0800018310547,233.0449981689453,233.24000549316406,3377696
2024-10-15 19:30:00+00:00,233.25,234.0699005126953,232.80999755859375,233.8000030517578,5720018
2024-10-16 13:30:00+00:00,231.6199951171875,232.1199951171875,229.85000610351562,230.72970581054688,10626875
2024-10-16 14:30:00+00:00,230.7100067138672,231.13999938964844,230.0500030517578,230.5850067138672,3846997
2024-10-16 15:30:00+00:00,230.5800018310547,230.95989990234375,230.06100463867188,230.33999633789062,3420832
2024-10-16 16:30:00+00:00,230.34500122070312,231.2899932861328,230.32000732421875,230.90989685058594,2259958
2024-10-16 17:30:00+00:00,230.90989685058594,231.36000061035156,230.5800018310547,231.11000061035156,2251178
2024-10-16 18:30:00+00:00,231.10000610351562,231.6199951171875,230.97999572753906,231.61500549316406,2354257
2024-10-16 19:30:00+00:00,231.6199951171875,231.92999267578125,231.22000122070312,231.75,3021398
2024-10-17 13:30:00+00:00,233.44000244140625,233.85000610351562,230.52999877929688,232.4001007080078,7759044
2024-10-17 14:30:00+00:00,232.42999267578125,232.48989868164062,231.1999969482422,232.25999450683594,2876717
2024-10-17 15:30:00+00:00,232.25999450683594,232.8040008544922,232.0500030517578,232.25,2263962
2024-10-17 16:30:00+00:00,232.24000549316406,232.52999877929688,232.02999877929688,232.3874053955078,2159812
2024-10-17 17:30:00+00:00,232.39999389648438,232.5800018310547,231.27499389648438,231.5865020751953,2722249
2024-10-17 18:30:00+00:00,231.5800018310547,232.11000061035156,231.3699951171875,231.7550048828125,2566480
2024-10-17 19:30:00+00:00,231.7550048828125,232.3300018310547,231.63999938964844,232.25999450683594,3485679
2024-10-18 13:30:00+00:00,235.8800048828125,236.0500030517578,234.02000427246094,234.77000427246094,17238560
2024-10-18 14:30:00+00:00,234.75999450683594,235.14999389648438,234.27499389648438,235.0399932861328,4579796
2024-10-18 15:30:00+00:00,235.0399932861328,235.33999633789062,234.75,234.99000549316406,4353306
2024-10-18 16:30:00+00:00,234.99000549316406,235.85000610351562,234.94000244140625,235.24000549316406,2973498
2024-10-18 17:30:00+00:00,235.24000549316406,235.75,235.04159545898438,235.52999877929688,2317890
2024-10-18 18:30:00+00:00,235.52499389648438,235.63999938964844,235.02999877929688,235.3000030517578,2651508
2024-10-18 19:30:00+00:00,235.2899932861328,235.3000030517578,234.8000030517578,234.97999572753906,3233611
2024-10-21 13:30:00+00:00,234.4499969482422,235.99000549316406,234.4499969482422,235.6699981689453,7360513
2024-10-21 14:30:00+00:00,235.6699981689453,236.10000610351562,235.1199951171875,235.4199981689453,5509527
2024-10-21 15:30:00+00:00,235.39999389648438,236.60499572753906,235.28500366210938,236.27999877929688,3915718
2024-10-21 16:30:00+00:00,236.3000030517578,236.61500549316406,236.11399841308594,236.37010192871094,2531558
2024-10-21 17:30:00+00:00,236.3800048828125,236.85000610351562,236.1999969482422,236.22500610351562,2198486
2024-10-21 18:30:00+00:00,236.22999572753906,236.27000427246094,235.88999938964844,236.13499450683594,2196498
2024-10-21 19:30:00+00:00,236.13499450683594,236.5800018310547,235.82749938964844,236.5800018310547,3275560
2024-10-22 13:30:00+00:00,233.8300018310547,234.1529998779297,232.61000061035156,233.91000366210938,10307807
2024-10-22 14:30:00+00:00,233.90499877929688,234.4499969482422,233.47000122070312,234.39950561523438,3560805
2024-10-22 15:30:00+00:00,234.40069580078125,234.90989685058594,234.1300048828125,234.1699981689453,2234313
2024-10-22 16:30:00+00:00,234.19000244140625,235.0399932861328,234.14999389648438,234.85000610351562,3239691
2024-10-22 17:30:00+00:00,234.85000610351562,236.0050048828125,234.84500122070312,235.31320190429688,3270200
2024-10-22 18:30:00+00:00,235.3300018310547,235.74000549316406,235.17999267578125,235.6999969482422,1919543
2024-10-22 19:30:00+00:00,235.6999969482422,236.19000244140625,235.6999969482422,235.86000061035156,3335830
2024-10-23 13:30:00+00:00,234.32000732421875,235.1439971923828,233.80999755859375,234.72000122070312,6240289
2024-10-23 14:30:00+00:00,234.72000122070312,235.11990356445312,233.3249969482422,233.5,3486087
2024-10-23 15:30:00+00:00,233.49000549316406,233.7362060546875,229.63999938964844,229.69000244140625,12888223
2024-10-23 16:30:00+00:00,229.6699981689453,230.25,228.92999267578125,230.05499267578125,6554954
2024-10-23 17:30:00+00:00,230.02000427246094,230.07000732421875,227.75999450683594,228.6199951171875,4848232
2024-10-23 18:30:00+00:00,228.60000610351562,229.80990600585938,228.50999450683594,229.6750030517578,3897807
2024-10-23 19:30:00+00:00,229.6999969482422,230.86000061035156,229.61000061035156,230.75,4272929
2024-10-24 13:30:00+00:00,229.91700744628906,230.39999389648438,228.41000366210938,229.80999755859375,7720502
2024-10-24 14:30:00+00:00,229.85000610351562,230.3800048828125,229.22999572753906,229.82000732421875,3120118
2024-10-24 15:30:00+00:00,229.82000732421875,230.0399932861328,228.6699981689453,229.51939392089844,3095463
2024-10-24 16:30:00+00:00,229.52000427246094,230.82000732421875,229.52000427246094,230.27000427246094,2497557
2024-10-24 17:30:00+00:00,230.27999877929688,230.5399932861328,230.0399932861328,230.4600067138672,1809617
2024-10-24 18:30:00+00:00,230.42999267578125,230.80999755859375,230.1199951171875,230.52999877929688,1900378
2024-10-24 19:30:00+00:00,230.5399932861328,230.8000030517578,230.22000122070312,230.57000732421875,2953907
2024-10-25 13:30:00+00:00,229.74000549316406,232.42990112304688,229.57000732421875,232.1300048828125,8235944
2024-10-25 14:30:00+00:00,232.1199951171875,233.1999969482422,232.1199951171875,232.22999572753906,4138746
2024-10-25 15:30:00+00:00,232.22999572753906,232.73199462890625,231.75999450683594,232.7100067138672,3211126
2024-10-25 16:30:00+00:00,232.73500061035156,232.94000244140625,231.52999877929688,231.8574981689453,2367087
2024-10-25 17:30:00+00:00,231.8300018310547,231.97149658203125,231.07000732421875,231.83999633789062,2818009
2024-10-25 18:30:00+00:00,231.84689331054688,232.1999969482422,231.3699951171875,231.6199951171875,2642893
2024-10-25 19:30:00+00:00,231.64999389648438,231.8000030517578,231.11000061035156,231.39999389648438,3572932
2024-10-28 13:30:00+00:00,233.31500244140625,234.5500030517578,232.65499877929688,233.6345977783203,7460256
2024-10-28 14:30:00+00:00,233.6199951171875,234.3300018310547,233.22000122070312,233.5500030517578,3740019
2024-10-28 15:30:00+00:00,233.5500030517578,234.31500244140625,233.14999389648438,234.3101043701172,2911796
2024-10-28 16:30:00+00:00,234.30999755859375,234.72999572753906,233.93260192871094,234.42999267578125,2874054
2024-10-28 17:30:00+00:00,234.4250030517578,234.64500427246094,233.91000366210938,233.9149932861328,1760124
2024-10-28 18:30:00+00:00,233.91000366210938,234.11000061035156,233.57000732421875,233.97000122070312,2014045
2024-10-28 19:30:00+00:00,233.9600067138672,233.98129272460938,233.11000061035156,233.49000549316406,4008212
2024-10-29 13:30:00+00:00,233.19500732421875,234.05499267578125,232.32000732421875,233.05999755859375,6668061
2024-10-29 14:30:00+00:00,233.0500030517578,233.69000244140625,233.0399932861328,233.27000427246094,3007074
2024-10-29 15:30:00+00:00,233.25999450683594,233.58999633789062,233.0200958251953,233.10000610351562,2252024
2024-10-29 16:30:00+00:00,233.10499572753906,234.2100067138672,233.02000427246094,233.88999938964844,2623926
2024-10-29 17:30:00+00:00,233.9199981689453,234.13999938964844,233.75999450683594,233.97000122070312,1696611
2024-10-29 18:30:00+00:00,233.98500061035156,234.2198944091797,233.8800048828125,234.1999969482422,3638890
2024-10-29 19:30:00+00:00,234.2050018310547,234.32000732421875,233.5399932861328,233.75,3460514
2024-10-30 13:30:00+00:00,232.6199951171875,233.2299041748047,231.69000244140625,231.86000061035156,8472341
2024-10-30 14:30:00+00:00,231.8668975830078,231.9499969482422,230.5050048828125,231.55499267578125,5454960
2024-10-30 15:30:00+00:00,231.55999755859375,231.6649932861328,231.05999755859375,231.1999053955078,3239280
2024-10-30 16:30:00+00:00,231.1999969482422,231.38999938964844,230.22999572753906,230.24110412597656,2657234
2024-10-30 17:30:00+00:00,230.2449951171875,231.0,229.8704071044922,230.64999389648438,3567357
2024-10-30 18:30:00+00:00,230.62010192871094,230.94000244140625,230.1699981689453,230.72999572753906,2963500
2024-10-30 19:30:00+00:00,230.72999572753906,230.83999633789062,229.55999755859375,230.13999938964844,6851304
2024-10-31 13:30:00+00:00,229.22999572753906,229.8300018310547,227.80999755859375,228.44500732421875,9145169
2024-10-31 14:30:00+00:00,228.4499969482422,228.72999572753906,226.8800048828125,227.31500244140625,5587159
2024-10-31 15:30:00+00:00,227.30999755859375,227.48500061035156,226.41000366210938,227.25,3752999
2024-10-31 16:30:00+00:00,227.27999877929688,228.1768035888672,227.2001953125,227.860107421875,3450859
2024-10-31 17:30:00+00:00,227.86000061035156,227.96629333496094,226.8249969482422,227.08999633789062,3797245
2024-10-31 18:30:00+00:00,227.09500122070312,227.77999877929688,226.69500732421875,227.3300018310547,5061193
2024-10-31 19:30:00+00:00,227.3300018310547,227.77999877929688,225.38999938964844,225.38999938964844,7068003
2024-11-01 13:30:00+00:00,221.42999267578125,225.33999633789062,220.27999877929688,224.07000732421875,20933780
2024-11-01 14:30:00+00:00,224.08999633789062,224.21400451660156,221.60000610351562,223.2104949951172,10239831
2024-11-01 15:30:00+00:00,223.22000122070312,223.25,221.77000427246094,222.0749969482422,6338407
2024-11-01 16:30:00+00:00,222.19000244140625,223.39990234375,222.0500030517578,223.33999633789062,3888496
2024-11-01 17:30:00+00:00,223.34019470214844,223.36000061035156,222.07000732421875,222.2449951171875,3414057
2024-11-01 18:30:00+00:00,222.24000549316406,223.0998992919922,222.13999938964844,222.3300018310547,4035303
2024-11-01 19:30:00+00:00,222.33999633789062,223.25,222.27000427246094,222.85000610351562,5287191
2024-11-04 14:30:00+00:00,221.01199340820312,222.5399932861328,219.7100067138672,221.73150634765625,9635855
2024-11-04 15:30:00+00:00,221.75,222.26499938964844,221.13009643554688,221.4801025390625,4458145
2024-11-04 16:30:00+00:00,221.48080444335938,221.57000732421875,220.41000366210938,221.11509704589844,4999217
2024-11-04 17:30:00+00:00,221.11500549316406,222.6199951171875,221.0200958251953,222.02049255371094,2890130
2024-11-04 18:30:00+00:00,222.02000427246094,222.6190948486328,221.96009826660156,222.25999450683594,2412789
2024-11-04 19:30:00+00:00,222.25,222.7899932861328,222.1999969482422,222.47999572753906,2504276
2024-11-04 20:30:00+00:00,222.5,222.55999755859375,221.52000427246094,222.1199951171875,4039677
2024-11-05 14:30:00+00:00,221.7949981689453,223.94500732421875,221.7949981689453,223.31910705566406,6371475
2024-11-05 15:30:00+00:00,223.32000732421875,223.47999572753906,221.93499755859375,222.6699981689453,4046507
2024-11-05 16:30:00+00:00,222.67999267578125,223.75,222.67999267578125,223.3800048828125,2163887
2024-11-05 17:30:00+00:00,223.39999389648438,223.77999877929688,222.6199951171875,222.6199951171875,2147843
2024-11-05 18:30:00+00:00,222.6300048828125,223.4499969482422,222.40020751953125,223.33009338378906,2141597
2024-11-05 19:30:00+00:00,223.33999633789062,223.4470977783203,222.80999755859375,223.25,1939508
2024-11-05 20:30:00+00:00,223.25,223.52999877929688,222.7100067138672,223.4499969482422,3341639
2024-11-06 14:30:00+00:00,221.23550415039062,225.88999938964844,221.22500610351562,225.65130615234375,15626726
2024-11-06 15:30:00+00:00,225.66000366210938,226.06500244140625,223.69500732421875,224.8000030517578,5934080
2024-11-06 16:30:00+00:00,224.80239868164062,225.17999267578125,223.96499633789062,224.25999450683594,4364147
2024-11-06 17:30:00+00:00,224.27000427246094,224.60000610351562,223.99000549316406,224.1876983642578,3127772
2024-11-06 18:30:00+00:00,224.18499755859375,224.3300018310547,223.7449951171875,223.85000610351562,3301101
2024-11-06 19:30:00+00:00,223.86000061035156,224.22500610351562,223.25999450683594,223.62550354003906,4460263
2024-11-06 20:30:00+00:00,223.66000366210938,223.8800048828125,222.5,222.6999969482422,5070195
2024-11-07 14:30:00+00:00,224.625,226.5500030517578,224.57000732421875,225.7335968017578,10347470
2024-11-07 15:30:00+00:00,225.75,226.4199981689453,225.35000610351562,226.30499267578125,3199921
2024-11-07 16:30:00+00:00,226.3000030517578,227.4199981689453,226.1699981689453,227.21499633789062,3447650
2024-11-07 17:30:00+00:00,227.2100067138672,227.49000549316406,226.77000427246094,227.10330200195312,2598523
2024-11-07 18:30:00+00:00,227.10000610351562,227.3800048828125,226.7449951171875,227.10000610351562,2170877
2024-11-07 19:30:00+00:00,227.11000061035156,227.75999450683594,226.85499572753906,227.52999877929688,3884098
2024-11-07 20:30:00+00:00,227.53500366210938,227.8699951171875,226.75,227.69000244140625,5268867
2024-11-08 14:30:00+00:00,227.13999938964844,228.66000366210938,227.13999938964844,227.4947052001953,7142789
2024-11-08 15:30:00+00:00,227.47999572753906,227.55999755859375,226.4084014892578,226.68809509277344,3790404
2024-11-08 16:30:00+00:00,226.68499755859375,227.5800018310547,226.68499755859375,226.8800048828125,2696407
2024-11-08 17:30:00+00:00,226.8699951171875,227.4564971923828,226.7899932861328,226.9949951171875,2566711
2024-11-08 18:30:00+00:00,227.0,227.61000061035156,226.97000122070312,227.53990173339844,4000748
2024-11-08 19:30:00+00:00,227.52999877929688,227.72000122070312,227.25999450683594,227.47999572753906,2313467
2024-11-08 20:30:00+00:00,227.4499969482422,227.48500061035156,226.72000122070312,227.16000366210938,6567817
2024-11-11 14:30:00+00:00,225.05499267578125,225.6999969482422,222.77000427246094,222.80499267578125,11229917
2024-11-11 15:30:00+00:00,222.80999755859375,223.72000122070312,222.6699981689453,222.77000427246094,5008612
2024-11-11 16:30:00+00:00,222.77999877929688,223.1387939453125,222.00999450683594,222.19500732421875,4557733
2024-11-11 17:30:00+00:00,222.19000244140625,222.4600067138672,221.5,222.4600067138672,3705260
2024-11-11 18:30:00+00:00,222.4499053955078,223.10000610351562,222.36000061035156,223.05999755859375,2795549
2024-11-11 19:30:00+00:00,223.05999755859375,223.74000549316406,222.97000122070312,223.63499450683594,2570966
2024-11-11 20:30:00+00:00,223.63999938964844,224.35000610351562,223.4600067138672,224.25,3922850
2024-11-12 14:30:00+00:00,224.6300048828125,225.0399932861328,223.5749969482422,224.1699981689453,6615053
2024-11-12 15:30:00+00:00,224.2050018310547,225.58999633789062,224.17999267578125,225.0,4679777
2024-11-12 16:30:00+00:00,224.99989318847656,225.50999450683594,223.88499450683594,223.9199981689453,4075218
2024-11-12 17:30:00+00:00,223.9199981689453,224.47000122070312,223.35499572753906,224.47000122070312,2814384
2024-11-12 18:30:00+00:00,224.4499969482422,224.75990295410156,224.13999938964844,224.61990356445312,2559013
2024-11-12 19:30:00+00:00,224.6300048828125,224.82000732421875,224.44039916992188,224.60000610351562,2217197
2024-11-12 20:30:00+00:00,224.58999633789062,224.8000030517578,223.94039916992188,224.24000549316406,5475872
2024-11-13 14:30:00+00:00,223.9499969482422,225.20989990234375,222.75999450683594,223.2100067138672,10063606
2024-11-13 15:30:00+00:00,223.24000549316406,224.47000122070312,223.22500610351562,224.39500427246094,3879118
2024-11-13 16:30:00+00:00,224.46490478515625,225.5500030517578,223.77000427246094,225.02000427246094,3325662
2024-11-13 17:30:00+00:00,225.02499389648438,226.64999389648438,224.94000244140625,226.36380004882812,3682752
2024-11-13 18:30:00+00:00,226.36000061035156,226.42999267578125,225.75289916992188,225.91990661621094,3034597
2024-11-13 19:30:00+00:00,225.91000366210938,225.99130249023438,225.1186065673828,225.3701934814453,2989568
2024-11-13 20:30:00+00:00,225.3800048828125,225.9199981689453,224.47000122070312,225.07000732421875,5085654
2024-11-14 14:30:00+00:00,225.69000244140625,226.60000610351562,225.0500030517578,226.57000732421875,8366080
2024-11-14 15:30:00+00:00,226.56500244140625,227.05999755859375,226.33999633789062,226.4199981689453,4306234
2024-11-14 16:30:00+00:00,226.5800018310547,227.0800018310547,226.5,227.0,2369653
2024-11-14 17:30:00+00:00,227.00999450683594,228.63999938964844,226.77000427246094,228.47279357910156,4327298
2024-11-14 18:30:00+00:00,228.4700927734375,228.8699951171875,227.8300018310547,228.52749633789062,3310597
2024-11-14 19:30:00+00:00,228.50999450683594,228.7100067138672,226.99000549316406,227.03500366210938,5226141
2024-11-14 20:30:00+00:00,227.03500366210938,228.3800048828125,227.03500366210938,228.19000244140625,4276782
2024-11-15 14:30:00+00:00,225.9199981689453,226.9199981689453,224.44000244140625,224.6300048828125,12149935
2024-11-15 15:30:00+00:00,224.6300048828125,225.24000549316406,224.47999572753906,225.23500061035156,3739705
2024-11-15 16:30:00+00:00,225.2310028076172,225.47999572753906,224.6699981689453,224.87240600585938,3065408
2024-11-15 17:30:00+00:00,224.8699951171875,224.9499969482422,224.27000427246094,224.73500061035156,4906231
2024-11-15 18:30:00+00:00,224.6999969482422,224.9600067138672,224.3300018310547,224.39990234375,2438130
2024-11-15 19:30:00+00:00,224.39999389648438,225.30999755859375,224.3000030517578,224.80999755859375,3159811
2024-11-15 20:30:00+00:00,224.80999755859375,225.24000549316406,224.5699005126953,224.9199981689453,4237936
2024-11-18 14:30:00+00:00,225.1999969482422,228.22000122070312,225.17999267578125,228.10000610351562,8356829
2024-11-18 15:30:00+00:00,228.10000610351562,229.2100067138672,228.10000610351562,229.05999755859375,4333949
2024-11-18 16:30:00+00:00,229.06509399414062,229.16000366210938,228.36000061035156,228.75,2932115
2024-11-18 17:30:00+00:00,228.7449951171875,229.74000549316406,228.63499450683594,228.96719360351562,3233690
2024-11-18 18:30:00+00:00,228.9600067138672,229.4980010986328,228.67999267578125,228.81500244140625,2504537
2024-11-18 19:30:00+00:00,228.82000732421875,229.08030700683594,228.03370666503906,228.05999755859375,3403227
2024-11-18 20:30:00+00:00,228.0500030517578,228.24000549316406,227.32000732421875,227.99000549316406,3614507
2024-11-19 14:30:00+00:00,227.77000427246094,228.86500549316406,227.1199951171875,228.85000610351562,6182588
2024-11-19 15:30:00+00:00,228.83999633789062,229.5399932861328,228.67999267578125,229.30999755859375,2959806
2024-11-19 16:30:00+00:00,229.3350067138672,229.86000061035156,229.19000244140625,229.85499572753906,3852606
2024-11-19 17:30:00+00:00,229.85499572753906,230.16000366210938,229.25,229.55499267578125,3531971
2024-11-19 18:30:00+00:00,229.5500030517578,229.99000549316406,229.35499572753906,229.38999938964844,2135676
2024-11-19 19:30:00+00:00,229.38999938964844,229.49000549316406,228.35000610351562,228.44000244140625,2882576
2024-11-19 20:30:00+00:00,228.42999267578125,228.72000122070312,227.72000122070312,228.33999633789062,3951414
2024-11-20 14:30:00+00:00,228.10499572753906,229.92999267578125,226.4199981689453,226.51499938964844,7607256
2024-11-20 15:30:00+00:00,226.52499389648438,227.2050018310547,226.10000610351562,226.17999267578125,3003827
2024-11-20 16:30:00+00:00,226.19000244140625,227.6999969482422,225.88999938964844,226.85009765625,2793314
2024-11-20 17:30:00+00:00,226.85000610351562,227.3699951171875,226.3800048828125,226.81329345703125,2118040
2024-11-20 18:30:00+00:00,226.7899932861328,227.00999450683594,226.39500427246094,226.80999755859375,1602064
2024-11-20 19:30:00+00:00,226.80999755859375,228.0,226.6999969482422,227.9748992919922,2315522
2024-11-20 20:30:00+00:00,227.97000122070312,229.0,227.97000122070312,229.0,4127268
2024-11-21 14:30:00+00:00,228.7899932861328,229.9199981689453,225.71029663085938,225.9499969482422,9619943
2024-11-21 15:30:00+00:00,225.94000244140625,228.9199981689453,225.8300018310547,228.77000427246094,4765620
2024-11-21 16:30:00+00:00,228.75,229.4698944091797,228.49000549316406,229.2899932861328,3469645
2024-11-21 17:30:00+00:00,229.30999755859375,230.14999389648438,229.27000427246094,229.83999633789062,3200750
2024-11-21 18:30:00+00:00,229.85000610351562,229.93370056152344,229.22000122070312,229.36000061035156,2913322
2024-11-21 19:30:00+00:00,229.3800048828125,229.5800018310547,228.99000549316406,229.27000427246094,2610348
2024-11-21 20:30:00+00:00,229.27000427246094,229.2899932861328,228.27000427246094,228.50999450683594,4482648
2024-11-22 14:30:00+00:00,228.05999755859375,230.1300048828125,228.05999755859375,229.27999877929688,6571537
2024-11-22 15:30:00+00:00,229.27999877929688,229.92999267578125,228.8300018310547,229.47999572753906,4454609
2024-11-22 16:30:00+00:00,229.48989868164062,230.1199951171875,228.97000122070312,229.98500061035156,3272578
2024-11-22 17:30:00+00:00,229.98500061035156,230.7198944091797,229.6750030517578,230.17999267578125,3201749
2024-11-22 18:30:00+00:00,230.1649932861328,230.38999938964844,229.3300018310547,229.44000244140625,2939345
2024-11-22 19:30:00+00:00,229.44500732421875,229.63999938964844,228.92999267578125,229.375,2765287
2024-11-22 20:30:00+00:00,229.3699951171875,230.14999389648438,229.30999755859375,229.75999450683594,4345539
2024-11-25 14:30:00+00:00,231.4600067138672,233.18499755859375,231.4199981689453,232.0,9845726
2024-11-25 15:30:00+00:00,231.97999572753906,232.80099487304688,231.70030212402344,231.7100067138672,3799907
2024-11-25 16:30:00+00:00,231.7050018310547,231.85000610351562,229.9600067138672,230.20680236816406,3682262
2024-11-25 17:30:00+00:00,230.1999969482422,230.5800018310547,229.74000549316406,230.4149932861328,2947971
2024-11-25 18:30:00+00:00,230.4250030517578,230.74000549316406,230.1999969482422,230.68499755859375,2057791
2024-11-25 19:30:00+00:00,230.6649932861328,230.85000610351562,230.09500122070312,230.52000427246094,2752031
2024-11-25 20:30:00+00:00,230.5012969970703,233.1699981689453,229.84500122070312,232.8800048828125,11344808
2024-11-26 14:30:00+00:00,233.47500610351562,235.43499755859375,233.47500610351562,234.36000061035156,12979632
2024-11-26 15:30:00+00:00,234.36000061035156,235.57000732421875,234.2100067138672,235.0399932861328,4972245
2024-11-26 16:30:00+00:00,235.0399932861328,235.10470581054688,234.27000427246094,234.47999572753906,2980746
2024-11-26 17:30:00+00:00,234.47999572753906,235.17999267578125,234.35000610351562,234.50999450683594,3515885
2024-11-26 18:30:00+00:00,234.50999450683594,235.10000610351562,234.44500732421875,234.92999267578125,2752588
2024-11-26 19:30:00+00:00,234.9250030517578,235.25,234.72999572753906,234.80999755859375,3000602
2024-11-26 20:30:00+00:00,234.80999755859375,235.27999877929688,234.5800018310547,235.0800018310547,5458831
2024-11-27 14:30:00+00:00,234.46499633789062,235.67999267578125,233.8101043701172,235.16000366210938,7058124
2024-11-27 15:30:00+00:00,235.16000366210938,235.69000244140625,234.15460205078125,234.6699981689453,3805611
2024-11-27 16:30:00+00:00,234.62010192871094,234.88999938964844,233.97999572753906,234.57000732421875,2845831
2024-11-27 17:30:00+00:00,234.55999755859375,235.0,234.40939331054688,234.7801055908203,2325512
2024-11-27 18:30:00+00:00,234.77999877929688,235.13710021972656,234.7100067138672,234.97999572753906,1683157
2024-11-27 19:30:00+00:00,234.97999572753906,235.25,234.73500061035156,234.84500122070312,2045715
2024-11-27 20:30:00+00:00,234.83999633789062,235.08999633789062,234.5850067138672,234.99000549316406,2919382
2024-11-29 14:30:00+00:00,234.83999633789062,235.88999938964844,233.97000122070312,235.34500122070312,5532507
2024-11-29 15:30:00+00:00,235.35000610351562,236.5998992919922,235.33999633789062,236.39999389648438,3997632
2024-11-29 16:30:00+00:00,236.3800048828125,237.14999389648438,236.2899932861328,236.3699951171875,3843062
2024-12-02 14:30:00+00:00,237.27000427246094,240.27999877929688,237.16000366210938,240.27000427246094,11143242
2024-12-02 15:30:00+00:00,240.27000427246094,240.7899932861328,239.44000244140625,239.8300018310547,5965321
2024-12-02 16:30:00+00:00,239.8271942138672,240.1999969482422,239.36000061035156,239.8300018310547,2850375
2024-12-02 17:30:00+00:00,239.83999633789062,240.0,239.24000549316406,239.44000244140625,3599025
2024-12-02 18:30:00+00:00,239.4199981689453,239.50999450683594,239.02999877929688,239.3300018310547,2372094
2024-12-02 19:30:00+00:00,239.3300018310547,239.83999633789062,239.25010681152344,239.7899932861328,2497573
2024-12-02 20:30:00+00:00,239.7899932861328,239.94000244140625,239.0500030517578,239.60000610351562,3858894
2024-12-03 14:30:00+00:00,239.9199981689453,241.36990356445312,238.90029907226562,240.47000122070312,8548308
2024-12-03 15:30:00+00:00,240.47500610351562,241.33999633789062,240.4499969482422,241.3300018310547,3962336
2024-12-03 16:30:00+00:00,241.3300018310547,241.63499450683594,240.98199462890625,241.26499938964844,3152692
2024-12-03 17:30:00+00:00,241.26499938964844,241.6999053955078,241.14500427246094,241.4199981689453,2157544
2024-12-03 18:30:00+00:00,241.4199981689453,242.1699981689453,241.34500122070312,242.14999389648438,3311661
2024-12-03 19:30:00+00:00,242.15499877929688,242.4600067138672,241.85000610351562,242.05320739746094,3274479
2024-12-03 20:30:00+00:00,242.05999755859375,242.7550048828125,242.05999755859375,242.6300048828125,3704333
2024-12-04 14:30:00+00:00,242.8800048828125,244.10499572753906,242.50999450683594,243.4499969482422,8409865
2024-12-04 15:30:00+00:00,243.44000244140625,243.80999755859375,242.85000610351562,242.90499877929688,3476264
2024-12-04 16:30:00+00:00,242.90499877929688,242.90989685058594,241.25,242.03990173339844,7183414
2024-12-04 17:30:00+00:00,242.0399932861328,242.50999450683594,241.63999938964844,242.25869750976562,2189900
2024-12-04 18:30:00+00:00,242.24000549316406,243.17640686035156,241.92999267578125,243.07000732421875,3055452
2024-12-04 19:30:00+00:00,243.05999755859375,243.125,242.77999877929688,242.98500061035156,2751650
2024-12-04 20:30:00+00:00,242.98500061035156,243.5399932861328,242.8260955810547,243.02000427246094,3738537
2024-12-05 14:30:00+00:00,244.0500030517578,244.5399932861328,242.71279907226562,242.92999267578125,8289397
2024-12-05 15:30:00+00:00,242.92999267578125,243.0800018310547,242.24000549316406,242.5500030517578,3597584
2024-12-05 16:30:00+00:00,242.5449981689453,243.40989685058594,242.30999755859375,243.36000061035156,4262442
2024-12-05 17:30:00+00:00,243.35830688476562,243.3699951171875,242.61000061035156,242.88499450683594,2973235
2024-12-05 18:30:00+00:00,242.88999938964844,243.69000244140625,242.83999633789062,243.27999877929688,2513592
2024-12-05 19:30:00+00:00,243.28500366210938,243.36000061035156,242.7449951171875,242.9058074951172,3069471
2024-12-05 20:30:00+00:00,242.90499877929688,243.0800018310547,242.1300048828125,243.0800018310547,4497338
2024-12-06 14:30:00+00:00,242.8699951171875,244.6300048828125,242.0800018310547,243.44000244140625,7897447
2024-12-06 15:30:00+00:00,243.4499969482422,244.10000610351562,243.27499389648438,243.58200073242188,3073497
2024-12-06 16:30:00+00:00,243.5800018310547,243.83999633789062,243.2100067138672,243.60000610351562,2643208
2024-12-06 17:30:00+00:00,243.58999633789062,243.61500549316406,242.94000244140625,243.26409912109375,2315920
2024-12-06 18:30:00+00:00,243.25999450683594,243.63999938964844,243.0399932861328,243.16270446777344,2434412
2024-12-06 19:30:00+00:00,243.16000366210938,243.39999389648438,242.87010192871094,243.0500030517578,3531491
2024-12-06 20:30:00+00:00,243.0500030517578,243.14999389648438,242.1999969482422,242.86000061035156,4585506
2024-12-09 14:30:00+00:00,242.39999389648438,244.72000122070312,242.39999389648438,244.50999450683594,6763286
2024-12-09 15:30:00+00:00,244.47999572753906,247.23880004882812,244.4199981689453,246.47000122070312,7885176
2024-12-09 16:30:00+00:00,246.48500061035156,247.24000549316406,246.30999755859375,246.79029846191406,3738978
2024-12-09 17:30:00+00:00,246.8249969482422,247.01510620117188,245.7100067138672,246.9053955078125,3215218
2024-12-09 18:30:00+00:00,246.88999938964844,246.88999938964844,246.05999755859375,246.09500122070312,2110393
2024-12-09 19:30:00+00:00,246.09500122070312,246.77999877929688,245.89999389648438,246.75999450683594,2636199
2024-12-09 20:30:00+00:00,246.77999877929688,247.08999633789062,246.11000061035156,246.80999755859375,5245539
2024-12-10 14:30:00+00:00,246.9499969482422,247.78709411621094,245.80999755859375,246.72999572753906,7969297
2024-12-10 15:30:00+00:00,246.73500061035156,246.9199981689453,245.3419952392578,245.6699981689453,3845062
2024-12-10 16:30:00+00:00,245.6699981689453,247.17999267578125,245.61000061035156,247.07000732421875,2669027
2024-12-10 17:30:00+00:00,247.05999755859375,247.4783935546875,246.72000122070312,247.40660095214844,2160359
2024-12-10 18:30:00+00:00,247.40499877929688,247.8000030517578,247.35000610351562,247.42999267578125,2326302
2024-12-10 19:30:00+00:00,247.42999267578125,248.2100067138672,247.41000366210938,247.72000122070312,4138454
2024-12-10 20:30:00+00:00,247.72500610351562,248.07000732421875,247.3699951171875,247.8000030517578,3607802
2024-12-11 14:30:00+00:00,247.94500732421875,249.99000549316406,247.64999389648438,249.42999267578125,8367368
2024-12-11 15:30:00+00:00,249.42999267578125,250.8000030517578,249.39500427246094,250.44000244140625,6584107
2024-12-11 16:30:00+00:00,250.4199981689453,250.4199981689453,249.33999633789062,249.681396484375,2792683
2024-12-11 17:30:00+00:00,249.67999267578125,249.77999877929688,248.97000122070312,249.10000610351562,2034409
2024-12-11 18:30:00+00:00,249.08999633789062,249.1649932861328,248.0863037109375,248.27999877929688,2859618
2024-12-11 19:30:00+00:00,248.2801055908203,248.44000244140625,247.0500030517578,247.14999389648438,3703277
2024-12-11 20:30:00+00:00,247.13999938964844,247.16000366210938,246.26010131835938,246.42999267578125,5247010
2024-12-12 14:30:00+00:00,246.94500732421875,248.1199951171875,245.67999267578125,247.99000549316406,7733107
2024-12-12 15:30:00+00:00,247.99000549316406,248.59959411621094,247.66000366210938,248.4709930419922,4798038
2024-12-12 16:30:00+00:00,248.47999572753906,248.54989624023438,247.99000549316406,248.09280395507812,2067122
2024-12-12 17:30:00+00:00,248.08999633789062,248.74000549316406,247.63999938964844,248.52999877929688,2027236
2024-12-12 18:30:00+00:00,248.52000427246094,248.74000549316406,248.0,248.02000427246094,1974147
2024-12-12 19:30:00+00:00,248.01499938964844,248.2100067138672,247.4499969482422,247.75,1927714
2024-12-12 20:30:00+00:00,247.75999450683594,248.1999969482422,247.74000549316406,247.9499969482422,2674221
2024-12-13 14:30:00+00:00,247.8800048828125,249.2902069091797,247.35000610351562,247.5500030517578,6597729
2024-12-13 15:30:00+00:00,247.5800018310547,247.9499969482422,246.5,246.625,3698292
2024-12-13 16:30:00+00:00,246.6199951171875,247.02999877929688,246.24000549316406,246.4600067138672,2717185
2024-12-13 17:30:00+00:00,246.47000122070312,247.25999450683594,246.33999633789062,247.19000244140625,2429085
2024-12-13 18:30:00+00:00,247.1750030517578,248.01499938964844,247.16009521484375,247.91000366210938,2136050
2024-12-13 19:30:00+00:00,247.90499877929688,248.10000610351562,247.63999938964844,248.02000427246094,2472418
2024-12-13 20:30:00+00:00,248.02000427246094,248.2987060546875,247.88999938964844,248.1300048828125,2520361
2024-12-16 14:30:00+00:00,248.0,250.0,247.64999389648438,249.05999755859375,7886880
2024-12-16 15:30:00+00:00,249.02999877929688,249.9600067138672,248.82000732421875,249.6699981689453,3291322
2024-12-16 16:30:00+00:00,249.7100067138672,250.3000030517578,249.53500366210938,250.05999755859375,3966563
2024-12-16 17:30:00+00:00,250.05999755859375,251.37890625,250.05259704589844,251.11000061035156,3741887
2024-12-16 18:30:00+00:00,251.08999633789062,251.2471923828125,250.5800018310547,250.8000946044922,2929661
2024-12-16 19:30:00+00:00,250.80999755859375,251.0001983642578,250.2100067138672,250.69500732421875,3296914
2024-12-16 20:30:00+00:00,250.6999969482422,251.10000610351562,249.9499969482422,251.0399932861328,3755928
2024-12-17 14:30:00+00:00,250.13499450683594,252.97999572753906,249.7899932861328,252.27000427246094,8272806
2024-12-17 15:30:00+00:00,252.2550048828125,253.35000610351562,251.77000427246094,252.5500030517578,4415074
2024-12-17 16:30:00+00:00,252.52999877929688,253.3000030517578,252.47999572753906,253.22500610351562,3694338
2024-12-17 17:30:00+00:00,253.25,253.2899932861328,252.69009399414062,253.1300048828125,2789948
2024-12-17 18:30:00+00:00,253.13999938964844,253.63499450683594,252.92999267578125,253.1999969482422,3028678
2024-12-17 19:30:00+00:00,253.1999969482422,253.38999938964844,252.75,252.8800048828125,3197831
2024-12-17 20:30:00+00:00,252.8800048828125,253.80999755859375,252.64999389648438,253.47999572753906,6517824
2024-12-18 14:30:00+00:00,252.22000122070312,253.39999389648438,251.3300018310547,253.07000732421875,7178746
2024-12-18 15:30:00+00:00,253.07000732421875,253.79989624023438,252.85000610351562,253.32000732421875,4534838
2024-12-18 16:30:00+00:00,253.32359313964844,254.0399932861328,253.1750030517578,253.63499450683594,3385526
2024-12-18 17:30:00+00:00,253.6300048828125,254.00999450683594,253.47000122070312,253.71009826660156,2498618
2024-12-18 18:30:00+00:00,253.6999969482422,254.27999877929688,251.5399932861328,252.4499969482422,4517172
2024-12-18 19:30:00+00:00,252.44900512695312,252.97999572753906,249.5,249.89999389648438,8004435
2024-12-18 20:30:00+00:00,249.9199981689453,250.39920043945312,247.75,247.86000061035156,8666490
2024-12-19 14:30:00+00:00,247.4600067138672,251.02000427246094,247.09500122070312,249.88999938964844,13163580
2024-12-19 15:30:00+00:00,249.88999938964844,251.38760375976562,249.3699951171875,251.0399932861328,6029993
2024-12-19 16:30:00+00:00,251.0399932861328,251.85000610351562,250.53500366210938,250.5800018310547,4327867
2024-12-19 17:30:00+00:00,250.58999633789062,250.94000244140625,249.72000122070312,250.8300018310547,3212228
2024-12-19 18:30:00+00:00,250.81500244140625,251.4499969482422,250.2902069091797,250.52000427246094,2255973
2024-12-19 19:30:00+00:00,250.50999450683594,250.52000427246094,249.52999877929688,250.3249969482422,2871418
2024-12-19 20:30:00+00:00,250.3300018310547,250.5500030517578,249.4093017578125,249.85000610351562,4256393
2024-12-20 14:30:00+00:00,248.1199951171875,249.6240997314453,246.3000030517578,249.59500122070312,21606592
2024-12-20 15:30:00+00:00,249.58999633789062,252.0,249.39999389648438,251.99000549316406,5534153
2024-12-20 16:30:00+00:00,251.97999572753906,253.92999267578125,251.88999938964844,253.73500061035156,6609817
2024-12-20 17:30:00+00:00,253.73500061035156,253.77000427246094,252.77200317382812,252.8699951171875,3597562
2024-12-20 18:30:00+00:00,252.91000366210938,253.64999389648438,252.67999267578125,253.62030029296875,3481696
2024-12-20 19:30:00+00:00,253.6300048828125,254.19000244140625,253.3000030517578,253.49000549316406,5096339
2024-12-20 20:30:00+00:00,253.5,255.0,252.7899932861328,254.58999633789062,8461430
2024-12-23 14:30:00+00:00,255.33999633789062,255.4199981689453,253.4499969482422,254.07000732421875,8639208
2024-12-23 15:30:00+00:00,254.0500030517578,255.07000732421875,253.4600067138672,254.8300018310547,3133440
2024-12-23 16:30:00+00:00,254.83909606933594,255.22999572753906,254.3699951171875,254.42999267578125,2397338
2024-12-23 17:30:00+00:00,254.42999267578125,254.7550048828125,253.72000122070312,253.9199981689453,3619882
2024-12-23 18:30:00+00:00,253.9199981689453,254.4600067138672,253.8699951171875,254.2949981689453,2441370
2024-12-23 19:30:00+00:00,254.3000030517578,254.39999389648438,253.67999267578125,254.33999633789062,2612184
2024-12-23 20:30:00+00:00,254.33999633789062,255.64999389648438,254.33999633789062,255.30999755859375,4322344
2024-12-24 14:30:00+00:00,255.86000061035156,257.45001220703125,255.75999450683594,257.1050109863281,6593845
2024-12-24 15:30:00+00:00,257.114990234375,258.0,257.1000061035156,257.2929992675781,3930054
2024-12-24 16:30:00+00:00,257.2699890136719,257.5400085449219,256.8700866699219,257.3599853515625,2866762
2024-12-26 14:30:00+00:00,258.9790954589844,260.0899963378906,257.6300048828125,258.3612060546875,8036580
2024-12-26 15:30:00+00:00,258.364990234375,259.19000244140625,258.1300048828125,258.8800048828125,2886529
2024-12-26 16:30:00+00:00,258.8900146484375,259.3399963378906,258.82000732421875,258.9849853515625,1989211
2024-12-26 17:30:00+00:00,258.9880065917969,259.32501220703125,258.57000732421875,258.81890869140625,1857025
2024-12-26 18:30:00+00:00,258.80999755859375,258.94891357421875,258.4100036621094,258.6000061035156,1532082
2024-12-26 19:30:00+00:00,258.6099853515625,259.4700012207031,258.5899963378906,259.1099853515625,2293812
2024-12-26 20:30:00+00:00,259.1199951171875,259.510009765625,259.010009765625,259.1000061035156,2691314
2024-12-27 14:30:00+00:00,257.8999938964844,258.70001220703125,254.91000366210938,254.99000549316406,7279122
2024-12-27 15:30:00+00:00,254.9600067138672,255.39999389648438,254.0399932861328,254.72999572753906,5252455
2024-12-27 16:30:00+00:00,254.74000549316406,254.8000030517578,253.05999755859375,253.67999267578125,4795494
2024-12-27 17:30:00+00:00,253.6699981689453,254.9799041748047,253.64779663085938,254.9499969482422,3338291
2024-12-27 18:30:00+00:00,254.94000244140625,255.50999450683594,254.86000061035156,255.01499938964844,2423344
2024-12-27 19:30:00+00:00,255.02999877929688,255.55990600585938,254.9600067138672,255.1699981689453,2513045
2024-12-27 20:30:00+00:00,255.1699981689453,255.82000732421875,254.97000122070312,255.72000122070312,5269742
2024-12-30 14:30:00+00:00,252.72000122070312,252.8699951171875,250.75,250.9199981689453,7918270
2024-12-30 15:30:00+00:00,250.91600036621094,252.28500366210938,250.91600036621094,251.89999389648438,3565575
2024-12-30 16:30:00+00:00,251.88999938964844,253.10000610351562,251.80999755859375,253.0500030517578,2716217
2024-12-30 17:30:00+00:00,253.05999755859375,253.47000122070312,252.5,252.82000732421875,2154164
2024-12-30 18:30:00+00:00,252.80499267578125,253.2899932861328,252.58999633789062,252.9364013671875,2351450
2024-12-30 19:30:00+00:00,252.92999267578125,253.49989318847656,252.69000244140625,252.72000122070312,2668679
2024-12-30 20:30:00+00:00,252.72999572753906,253.0399932861328,252.0399932861328,252.1199951171875,3863755
2024-12-31 14:30:00+00:00,252.66000366210938,253.27999877929688,251.32000732421875,251.6876983642578,5118031
2024-12-31 15:30:00+00:00,251.69000244140625,252.139892578125,251.02499389648438,251.17999267578125,2379768
2024-12-31 16:30:00+00:00,251.17999267578125,251.5500030517578,250.64999389648438,250.71629333496094,1975317
2024-12-31 17:30:00+00:00,250.6999969482422,250.75999450683594,249.44000244140625,249.69000244140625,3894785
2024-12-31 18:30:00+00:00,249.69000244140625,250.26800537109375,249.52999877929688,249.77000427246094,2272071
2024-12-31 19:30:00+00:00,249.76499938964844,250.8800048828125,249.69000244140625,250.7700958251953,3376639
2024-12-31 20:30:00+00:00,250.77000427246094,251.0800018310547,249.5,250.3800048828125,7162976
2025-01-02 14:30:00+00:00,248.92999267578125,249.10000610351562,244.8000030517578,245.73989868164062,13501229
2025-01-02 15:30:00+00:00,245.6300048828125,245.8800048828125,244.16009521484375,244.89500427246094,6830782
2025-01-02 16:30:00+00:00,244.90989685058594,245.25,243.32000732421875,243.42860412597656,4384552
2025-01-02 17:30:00+00:00,243.41000366210938,243.41000366210938,242.30999755859375,242.6862030029297,6464462
2025-01-02 18:30:00+00:00,242.6699981689453,242.83999633789062,241.82009887695312,242.4884033203125,5547977
2025-01-02 19:30:00+00:00,242.47999572753906,243.44000244140625,241.87130737304688,243.23109436035156,5106418
2025-01-02 20:30:00+00:00,243.25,243.9499969482422,243.01019287109375,243.82000732421875,6023491
2025-01-03 14:30:00+00:00,242.8802032470703,244.17999267578125,241.88999938964844,242.4597930908203,9135529
2025-01-03 15:30:00+00:00,242.4499969482422,243.67559814453125,242.13999938964844,243.49000549316406,4968036
2025-01-03 16:30:00+00:00,243.47999572753906,244.04859924316406,242.6699981689453,242.7707061767578,3673389
2025-01-03 17:30:00+00:00,242.77999877929688,243.16000366210938,242.27999877929688,243.00999450683594,3313371
2025-01-03 18:30:00+00:00,243.0,243.05999755859375,242.57000732421875,242.6699981689453,3130427
2025-01-03 19:30:00+00:00,242.66000366210938,243.44239807128906,242.63999938964844,242.85000610351562,3007142
2025-01-03 20:30:00+00:00,242.83999633789062,243.60000610351562,242.61000061035156,243.3000030517578,4381782
2025-01-06 14:30:00+00:00,244.3300018310547,246.1826934814453,243.83999633789062,245.5500030517578,10577599
2025-01-06 15:30:00+00:00,245.5399932861328,247.3300018310547,245.3300018310547,246.74000549316406,5006800
2025-01-06 16:30:00+00:00,246.7550048828125,246.76100158691406,245.7012939453125,245.77000427246094,3354093
2025-01-06 17:30:00+00:00,245.75999450683594,245.8699951171875,244.47999572753906,245.02999877929688,3070077
2025-01-06 18:30:00+00:00,245.02999877929688,245.17999267578125,244.60000610351562,244.97999572753906,2065770
2025-01-06 19:30:00+00:00,244.97999572753906,245.1300048828125,244.4250030517578,244.89500427246094,2306175
2025-01-06 20:30:00+00:00,244.91000366210938,245.33999633789062,244.4199981689453,245.0,3773029
2025-01-07 14:30:00+00:00,242.97999572753906,245.5500030517578,242.8300018310547,245.38890075683594,8173530
2025-01-07 15:30:00+00:00,245.13999938964844,245.32000732421875,243.7100067138672,243.77000427246094,4154915
2025-01-07 16:30:00+00:00,243.74000549316406,245.0,242.13819885253906,242.38999938964844,4446679
2025-01-07 17:30:00+00:00,242.39999389648438,243.4084014892578,241.36000061035156,243.15550231933594,3448950
2025-01-07 18:30:00+00:00,243.14999389648438,243.17999267578125,242.07009887695312,242.45799255371094,2577768
2025-01-07 19:30:00+00:00,242.4499969482422,242.49000549316406,241.75,242.00999450683594,2681979
2025-01-07 20:30:00+00:00,242.02000427246094,242.40499877929688,241.53900146484375,242.19000244140625,4772501
2025-01-08 14:30:00+00:00,241.97000122070312,242.86549377441406,240.0500030517578,242.40989685058594,7170550
2025-01-08 15:30:00+00:00,242.38999938964844,243.71229553222656,242.0850067138672,242.7100067138672,4154228
2025-01-08 16:30:00+00:00,242.72610473632812,243.5800018310547,241.24000549316406,241.3699951171875,3009958
2025-01-08 17:30:00+00:00,241.36000061035156,242.50869750976562,241.1999969482422,242.35000610351562,2612848
2025-01-08 18:30:00+00:00,242.35000610351562,242.97999572753906,241.04400634765625,242.7949981689453,2761227
2025-01-08 19:30:00+00:00,242.6999969482422,242.72000122070312,241.6999969482422,242.38400268554688,2452219
2025-01-08 20:30:00+00:00,242.3800048828125,242.98699951171875,241.8000030517578,242.72000122070312,3573432
2025-01-10 14:30:00+00:00,239.96499633789062,240.14999389648438,235.8000030517578,237.4250030517578,13137403
2025-01-10 15:30:00+00:00,237.4241943359375,237.43499755859375,233.5,233.77000427246094,8427975
2025-01-10 16:30:00+00:00,233.77000427246094,235.89999389648438,233.0,235.57000732421875,7179671
2025-01-10 17:30:00+00:00,235.5399932861328,237.33970642089844,235.06500244140625,237.11500549316406,3958571
2025-01-10 18:30:00+00:00,237.1199951171875,237.5850067138672,236.41000366210938,236.8300018310547,3175363
2025-01-10 19:30:00+00:00,236.83999633789062,236.8800048828125,235.75,235.9949951171875,3580665
2025-01-10 20:30:00+00:00,235.9949951171875,237.2899932861328,235.77000427246094,236.92999267578125,5097626
2025-01-13 14:30:00+00:00,233.5,233.58999633789062,229.72000122070312,230.3800048828125,13314474
2025-01-13 15:30:00+00:00,230.3800048828125,231.8000030517578,230.22000122070312,230.72500610351562,5357189
2025-01-13 16:30:00+00:00,230.7324981689453,232.52999877929688,230.39999389648438,232.32000732421875,4160495
2025-01-13 17:30:00+00:00,232.2899932861328,233.43499755859375,231.97999572753906,233.3800048828125,2920622
2025-01-13 18:30:00+00:00,233.3800048828125,233.97000122070312,233.25,233.55999755859375,2678525
2025-01-13 19:30:00+00:00,233.5500030517578,234.1999969482422,233.3699951171875,233.6844024658203,3290938
2025-01-13 20:30:00+00:00,233.69000244140625,234.6699981689453,233.65499877929688,234.39999389648438,4579852
2025-01-14 14:30:00+00:00,234.75,236.1199951171875,234.25999450683594,235.61000061035156,6863540
2025-01-14 15:30:00+00:00,235.60000610351562,235.97000122070312,234.1300048828125,234.2100067138672,3836690
2025-01-14 16:30:00+00:00,234.19000244140625,234.47630310058594,232.84500122070312,233.3249969482422,3080840
2025-01-14 17:30:00+00:00,233.30999755859375,234.1199951171875,232.64999389648438,234.02020263671875,2179055
2025-01-14 18:30:00+00:00,234.0399932861328,234.9199981689453,233.72000122070312,234.25869750976562,2448410
2025-01-14 19:30:00+00:00,234.25,234.64999389648438,232.4720001220703,233.2949981689453,3619972
2025-01-14 20:30:00+00:00,233.27999877929688,233.44000244140625,232.5399932861328,233.27999877929688,4851942
2025-01-15 14:30:00+00:00,234.63999938964844,238.38999938964844,234.42999267578125,237.92010498046875,8599650
2025-01-15 15:30:00+00:00,237.9600067138672,238.5399932861328,237.30999755859375,237.40069580078125,3705014
2025-01-15 16:30:00+00:00,237.39999389648438,237.5800018310547,236.5023956298828,237.11990356445312,2959584
2025-01-15 17:30:00+00:00,237.11500549316406,237.74000549316406,236.97000122070312,237.52999877929688,2206504
2025-01-15 18:30:00+00:00,237.52000427246094,237.75999450683594,237.25999450683594,237.5601043701172,1908254
2025-01-15 19:30:00+00:00,237.5800018310547,238.03419494628906,237.52000427246094,237.62120056152344,2782086
2025-01-15 20:30:00+00:00,237.6199951171875,238.47000122070312,237.38999938964844,237.85000610351562,4684385
2025-01-16 14:30:00+00:00,237.49000549316406,238.00999450683594,232.71060180664062,232.8179931640625,10445774
2025-01-16 15:30:00+00:00,232.802001953125,233.02000427246094,230.16000366210938,230.5850067138672,11066513
2025-01-16 16:30:00+00:00,230.59950256347656,231.10000610351562,229.75,230.9199981689453,8412063
2025-01-16 17:30:00+00:00,230.9199981689453,231.1999969482422,229.07000732421875,229.19000244140625,6223224
2025-01-16 18:30:00+00:00,229.18499755859375,229.39999389648438,228.55999755859375,229.1750030517578,5844721
2025-01-16 19:30:00+00:00,229.1750030517578,230.068603515625,228.89999389648438,229.02499389648438,6469586
2025-01-16 20:30:00+00:00,229.00999450683594,229.2917938232422,228.02999877929688,228.24000549316406,9428473
2025-01-17 14:30:00+00:00,231.30999755859375,232.2899932861328,229.72000122070312,230.38499450683594,25704386
2025-01-17 15:30:00+00:00,230.39999389648438,231.64999389648438,230.35000610351562,231.2812957763672,6641037
2025-01-17 16:30:00+00:00,231.2899932861328,231.32000732421875,229.49000549316406,230.25909423828125,5636022
2025-01-17 17:30:00+00:00,230.26499938964844,230.44000244140625,229.88999938964844,229.91000366210938,3639355
2025-01-17 18:30:00+00:00,229.9102020263672,229.9499969482422,228.47999572753906,229.17999267578125,4996598
2025-01-17 19:30:00+00:00,229.17999267578125,229.77000427246094,229.0800018310547,229.44009399414062,4408697
2025-01-17 20:30:00+00:00,229.44000244140625,230.02000427246094,229.22999572753906,229.99000549316406,5430152
2025-01-21 14:30:00+00:00,224.0,224.4199981689453,220.8000030517578,221.77029418945312,25254424
2025-01-21 15:30:00+00:00,221.77499389648438,222.08999633789062,219.6999969482422,220.10780334472656,13429826
2025-01-21 16:30:00+00:00,220.08999633789062,220.77000427246094,219.3800048828125,220.36000061035156,9451785
2025-01-21 17:30:00+00:00,220.36000061035156,221.07000732421875,220.00999450683594,220.40499877929688,6315018
2025-01-21 18:30:00+00:00,220.40469360351562,221.69000244140625,220.3699951171875,221.60989379882812,6914968
2025-01-21 19:30:00+00:00,221.60499572753906,221.6699981689453,220.30999755859375,221.64990234375,7105466
2025-01-21 20:30:00+00:00,221.63999938964844,222.77999877929688,221.33999633789062,222.66000366210938,7242328
2025-01-22 14:30:00+00:00,219.94000244140625,223.35279846191406,219.8000030517578,221.63099670410156,16298662
2025-01-22 15:30:00+00:00,221.63499450683594,223.0800018310547,221.5500030517578,222.85980224609375,6740287
2025-01-22 16:30:00+00:00,222.85789489746094,222.92799377441406,221.6999969482422,222.56500244140625,5094747
2025-01-22 17:30:00+00:00,222.56500244140625,222.85000610351562,222.01499938964844,222.11570739746094,3954228
2025-01-22 18:30:00+00:00,222.1300048828125,222.86500549316406,221.91000366210938,222.74600219726562,3384532
2025-01-22 19:30:00+00:00,222.75,223.60000610351562,222.4199981689453,223.35000610351562,5606510
2025-01-22 20:30:00+00:00,223.36500549316406,223.97999572753906,223.05999755859375,223.77000427246094,5027611
2025-01-23 14:30:00+00:00,224.72999572753906,227.02999877929688,224.38949584960938,225.97000122070312,14316012
2025-01-23 15:30:00+00:00,225.96499633789062,226.3699951171875,224.3800048828125,225.1750030517578,6661602
2025-01-23 16:30:00+00:00,225.16000366210938,225.19500732421875,223.3856964111328,223.57000732421875,5267365
2025-01-23 17:30:00+00:00,223.56500244140625,223.77999877929688,223.19000244140625,223.5500030517578,5083443
2025-01-23 18:30:00+00:00,223.55999755859375,223.63499450683594,222.42999267578125,222.8000030517578,4117821
2025-01-23 19:30:00+00:00,222.80999755859375,223.1699981689453,222.5749969482422,222.8800048828125,4096781
2025-01-23 20:30:00+00:00,222.86500549316406,223.64999389648438,222.3000030517578,223.64999389648438,6903829
2025-01-24 14:30:00+00:00,224.97500610351562,225.6300048828125,222.5301055908203,222.72999572753906,15246196
2025-01-24 15:30:00+00:00,222.73500061035156,223.3699951171875,222.35009765625,222.75999450683594,6090500
2025-01-24 16:30:00+00:00,222.77000427246094,223.49000549316406,222.13999938964844,222.27999877929688,5067407
2025-01-24 17:30:00+00:00,222.27999877929688,222.72450256347656,221.9499969482422,222.16000366210938,3586687
2025-01-24 18:30:00+00:00,222.13999938964844,222.5500030517578,221.9199981689453,222.3699951171875,2912495
2025-01-24 19:30:00+00:00,222.35000610351562,222.92999267578125,221.41000366210938,222.32000732421875,4686564
2025-01-24 20:30:00+00:00,222.31500244140625,223.0449981689453,222.1999969482422,222.7899932861328,5237044
2025-01-27 14:30:00+00:00,224.02999877929688,227.6999969482422,224.0,227.29229736328125,22895716
2025-01-27 15:30:00+00:00,227.3000030517578,228.8300018310547,227.08999633789062,228.49380493164062,9565070
2025-01-27 16:30:00+00:00,228.47000122070312,230.13999938964844,228.17999267578125,230.08999633789062,8523755
2025-01-27 17:30:00+00:00,230.08999633789062,231.3800048828125,229.8105010986328,231.32000732421875,6766052
2025-01-27 18:30:00+00:00,231.3000030517578,232.14999389648438,230.99000549316406,232.02999877929688,7080439
2025-01-27 19:30:00+00:00,232.02999877929688,232.02999877929688,230.13999938964844,230.67999267578125,9415488
2025-01-27 20:30:00+00:00,230.6999969482422,231.3800048828125,228.47999572753906,229.94000244140625,10815158
2025-01-28 14:30:00+00:00,230.8800048828125,237.7899932861328,230.8800048828125,237.63999938964844,21113721
2025-01-28 15:30:00+00:00,237.64999389648438,239.4499969482422,237.6300048828125,239.0800018310547,12275716
2025-01-28 16:30:00+00:00,239.05999755859375,240.19000244140625,238.20010375976562,238.5500030517578,8384418
2025-01-28 17:30:00+00:00,238.5500030517578,239.24989318847656,238.23500061035156,238.74420166015625,3770424
2025-01-28 18:30:00+00:00,238.76800537109375,239.10000610351562,238.58999633789062,238.82000732421875,3369693
2025-01-28 19:30:00+00:00,238.82220458984375,239.47999572753906,238.30999755859375,238.83999633789062,4877201
2025-01-28 20:30:00+00:00,238.8800048828125,238.97999572753906,237.75999450683594,238.24000549316406,5143611
2025-01-29 14:30:00+00:00,235.0,237.1300048828125,234.52000427246094,236.8300018310547,11611110
2025-01-29 15:30:00+00:00,236.80999755859375,238.0,236.42999267578125,236.5157012939453,4857419
2025-01-29 16:30:00+00:00,236.52999877929688,237.22000122070312,236.1300048828125,236.86900329589844,4055486
2025-01-29 17:30:00+00:00,236.8699951171875,237.43499755859375,235.4600067138672,237.42999267578125,3400271
2025-01-29 18:30:00+00:00,237.4499969482422,237.66000366210938,236.30999755859375,236.44500732421875,2765958
2025-01-29 19:30:00+00:00,236.44000244140625,239.24000549316406,236.34500122070312,239.0500030517578,4886187
2025-01-29 20:30:00+00:00,239.05999755859375,239.85499572753906,238.72000122070312,239.35000610351562,5064524
2025-01-30 14:30:00+00:00,238.6649932861328,240.7899932861328,238.08999633789062,238.4600067138672,8800925
2025-01-30 15:30:00+00:00,238.4600067138672,239.02999877929688,237.2100067138672,238.16000366210938,6211686
2025-01-30 16:30:00+00:00,238.1844024658203,238.8800048828125,237.80999755859375,238.02999877929688,3222220
2025-01-30 17:30:00+00:00,238.02999877929688,238.7686004638672,237.90499877929688,238.4499969482422,2683972
2025-01-30 18:30:00+00:00,238.44000244140625,239.6699981689453,238.44000244140625,239.25,3360211
2025-01-30 19:30:00+00:00,239.25,240.0500030517578,239.2100067138672,239.5800018310547,4799123
2025-01-30 20:30:00+00:00,239.5800018310547,239.85499572753906,237.24000549316406,237.55999755859375,6836079
2025-01-31 14:30:00+00:00,247.0399932861328,247.19000244140625,240.5500030517578,240.943603515625,27334395
2025-01-31 15:30:00+00:00,240.90499877929688,241.42930603027344,238.58999633789062,238.94900512695312,10162823
2025-01-31 16:30:00+00:00,238.97000122070312,240.0500030517578,238.74000549316406,239.74000549316406,6222938
2025-01-31 17:30:00+00:00,239.75,239.80099487304688,236.22000122070312,236.4250030517578,7822078
2025-01-31 18:30:00+00:00,236.42999267578125,236.86000061035156,234.47000122070312,235.13499450683594,7380314
2025-01-31 19:30:00+00:00,235.15499877929688,235.2799072265625,233.44000244140625,234.2899932861328,7945570
2025-01-31 20:30:00+00:00,234.30999755859375,236.5,233.74000549316406,235.86000061035156,8379858
2025-02-03 14:30:00+00:00,229.44000244140625,231.8300018310547,226.63499450683594,229.25999450683594,21198249
2025-02-03 15:30:00+00:00,229.25999450683594,229.8199005126953,226.0800018310547,226.4199981689453,10347971
2025-02-03 16:30:00+00:00,226.41000366210938,227.1300048828125,225.7100067138672,226.36990356445312,7067637
2025-02-03 17:30:00+00:00,226.36000061035156,227.07000732421875,225.9499969482422,226.89999389648438,4952072
2025-02-03 18:30:00+00:00,226.91000366210938,228.8477020263672,226.88999938964844,228.47000122070312,5283668
2025-02-03 19:30:00+00:00,228.47999572753906,229.2100067138672,228.32000732421875,228.5500946044922,4499030
2025-02-03 20:30:00+00:00,228.57000732421875,228.9698944091797,227.6300048828125,227.97999572753906,5648751
2025-02-04 14:30:00+00:00,227.1999969482422,230.41180419921875,226.64999389648438,230.3699951171875,11635605
2025-02-04 15:30:00+00:00,230.3800048828125,231.54879760742188,230.1199951171875,231.0500030517578,5363016
2025-02-04 16:30:00+00:00,231.05999755859375,232.7899932861328,231.0500030517578,231.77999877929688,5207796
2025-02-04 17:30:00+00:00,231.7899932861328,232.3800048828125,231.38999938964844,232.22000122070312,3095970
2025-02-04 18:30:00+00:00,232.22569274902344,232.36000061035156,231.3800048828125,232.13999938964844,2286596
2025-02-04 19:30:00+00:00,232.13999938964844,232.9499969482422,232.13499450683594,232.3090057373047,3344618
2025-02-04 20:30:00+00:00,232.2899932861328,233.1300048828125,232.02999877929688,232.7899932861328,3490884
2025-02-05 14:30:00+00:00,228.49000549316406,230.60000610351562,228.3000030517578,229.5,9950114
2025-02-05 15:30:00+00:00,229.50999450683594,230.19749450683594,228.8513946533203,230.08999633789062,3447904
2025-02-05 16:30:00+00:00,230.08999633789062,231.27999877929688,229.99000549316406,230.69000244140625,2916112
2025-02-05 17:30:00+00:00,230.67999267578125,230.75,229.6300048828125,229.91000366210938,2376195
2025-02-05 18:30:00+00:00,229.89999389648438,231.52999877929688,229.7100067138672,230.64869689941406,3043271
2025-02-05 19:30:00+00:00,230.63999938964844,231.8699951171875,230.5,231.7949981689453,2871834
2025-02-05 20:30:00+00:00,231.77999877929688,232.6699981689453,231.110107421875,232.4600067138672,3443025
2025-02-06 14:30:00+00:00,231.33999633789062,233.8000030517578,230.779296875,231.5399932861328,6919081
2025-02-06 15:30:00+00:00,231.5850067138672,232.3256072998047,230.4250030517578,231.51499938964844,3599406
2025-02-06 16:30:00+00:00,231.50999450683594,231.63499450683594,230.89999389648438,231.3300018310547,2213517
2025-02-06 17:30:00+00:00,231.34500122070312,232.33999633789062,231.02999877929688,232.19000244140625,2393555
2025-02-06 18:30:00+00:00,232.19000244140625,233.11000061035156,232.0800018310547,232.8699951171875,1818718
2025-02-06 19:30:00+00:00,232.88999938964844,232.88999938964844,231.89500427246094,232.27999877929688,2205672
2025-02-06 20:30:00+00:00,232.2899932861328,233.27999877929688,231.92999267578125,233.22000122070312,3111368
2025-02-07 14:30:00+00:00,232.51499938964844,234.0,229.8800048828125,230.38999938964844,7814805
2025-02-07 15:30:00+00:00,230.33999633789062,231.26800537109375,228.89999389648438,229.05499267578125,5664232
2025-02-07 16:30:00+00:00,229.0850067138672,229.4199981689453,228.19500732421875,228.40060424804688,3763438
2025-02-07 17:30:00+00:00,228.38999938964844,229.44000244140625,228.36329650878906,229.2989044189453,3721234
2025-02-07 18:30:00+00:00,229.2899932861328,229.5,227.8300018310547,227.8800048828125,2602577
2025-02-07 19:30:00+00:00,227.88999938964844,228.5800018310547,227.7899932861328,228.0,2965606
2025-02-07 20:30:00+00:00,227.99000549316406,228.14999389648438,227.25999450683594,227.7100067138672,5030649
2025-02-10 14:30:00+00:00,229.57000732421875,230.5850067138672,228.8000030517578,229.86619567871094,6362641
2025-02-10 15:30:00+00:00,229.88999938964844,229.91160583496094,228.74000549316406,229.36000061035156,3755966
2025-02-10 16:30:00+00:00,229.3708038330078,229.38499450683594,228.23919677734375,228.470703125,2474012
2025-02-10 17:30:00+00:00,228.47000122070312,228.8800048828125,228.3699951171875,228.47000122070312,2457578
2025-02-10 18:30:00+00:00,228.48500061035156,229.03500366210938,228.40499877929688,228.6999053955078,1724663
2025-02-10 19:30:00+00:00,228.6999969482422,228.83999633789062,227.60000610351562,227.69000244140625,2971076
2025-02-10 20:30:00+00:00,227.69500732421875,227.8800048828125,227.1999969482422,227.63999938964844,3507517
2025-02-11 14:30:00+00:00,228.1999969482422,233.49000549316406,228.1300048828125,233.33999633789062,16450165
2025-02-11 15:30:00+00:00,233.32000732421875,234.7178955078125,232.82009887695312,234.64999389648438,7044159
2025-02-11 16:30:00+00:00,234.66000366210938,235.22999572753906,233.72169494628906,234.57229614257812,5739199
2025-02-11 17:30:00+00:00,234.58999633789062,234.625,233.25,233.5449981689453,3044227
2025-02-11 18:30:00+00:00,233.59609985351562,234.1898956298828,233.1300048828125,233.3699951171875,2813907
2025-02-11 19:30:00+00:00,233.3621063232422,233.9250030517578,232.89999389648438,233.1107940673828,3713179
2025-02-11 20:30:00+00:00,233.11000061035156,233.3000030517578,232.1699981689453,232.77000427246094,4614482
2025-02-12 14:30:00+00:00,231.27499389648438,234.0500030517578,230.67999267578125,233.60499572753906,11363398
2025-02-12 15:30:00+00:00,233.58120727539062,235.13999938964844,233.5800018310547,235.07000732421875,5460408
2025-02-12 16:30:00+00:00,235.07000732421875,235.66000366210938,234.72999572753906,235.2899932861328,3522413
2025-02-12 17:30:00+00:00,235.27330017089844,235.88999938964844,234.86000061035156,235.47999572753906,2818998
2025-02-12 18:30:00+00:00,235.47320556640625,236.4199981689453,235.32000732421875,236.2100067138672,3035921
2025-02-12 19:30:00+00:00,236.2100067138672,236.66000366210938,236.07000732421875,236.46499633789062,3343068
2025-02-12 20:30:00+00:00,236.4600067138672,236.9600067138672,235.91000366210938,236.88999938964844,4493778
2025-02-13 14:30:00+00:00,236.97500610351562,239.0,235.57000732421875,237.8800048828125,9839880
2025-02-13 15:30:00+00:00,237.89599609375,241.61000061035156,237.72999572753906,240.47999572753906,8943032
2025-02-13 16:30:00+00:00,240.49029541015625,240.83999633789062,239.82000732421875,240.34500122070312,3794251
2025-02-13 17:30:00+00:00,240.3498992919922,241.35000610351562,240.19000244140625,241.02999877929688,3188980
2025-02-13 18:30:00+00:00,241.0399932861328,242.07000732421875,240.52999877929688,241.7698974609375,3761997
2025-02-13 19:30:00+00:00,241.75010681152344,242.33990478515625,241.25999450683594,241.5449981689453,3704786
2025-02-13 20:30:00+00:00,241.5449981689453,241.7689971923828,241.00999450683594,241.52000427246094,4257382
2025-02-14 14:30:00+00:00,241.07000732421875,245.0500030517578,241.0,244.3800048828125,11286651
2025-02-14 15:30:00+00:00,244.3800048828125,244.3800048828125,243.16000366210938,243.94500732421875,4923421
2025-02-14 16:30:00+00:00,243.94000244140625,244.52999877929688,243.69000244140625,243.81520080566406,4178251
2025-02-14 17:30:00+00:00,243.8249969482422,244.30999755859375,243.33999633789062,243.99989318847656,2425988
2025-02-14 18:30:00+00:00,243.97999572753906,244.5399932861328,243.94000244140625,244.14999389648438,1978801
2025-02-14 19:30:00+00:00,244.139892578125,244.3699951171875,243.91009521484375,244.10000610351562,2427820
2025-02-14 20:30:00+00:00,244.0800018310547,245.41000366210938,243.91000366210938,244.57000732421875,4882408
2025-02-18 14:30:00+00:00,243.91000366210938,245.17999267578125,242.860107421875,244.0904998779297,10825110
2025-02-18 15:30:00+00:00,244.0800018310547,244.9698944091797,243.94000244140625,244.72999572753906,3159856
2025-02-18 16:30:00+00:00,244.72000122070312,245.0500030517578,244.17999267578125,244.42999267578125,3072601
2025-02-18 17:30:00+00:00,244.4499969482422,244.5,243.25,243.43499755859375,2653024
2025-02-18 18:30:00+00:00,243.42999267578125,243.48330688476562,241.83999633789062,243.05499267578125,3303217
2025-02-18 19:30:00+00:00,243.05499267578125,243.8350067138672,242.97999572753906,243.52000427246094,2923310
2025-02-18 20:30:00+00:00,243.52999877929688,244.60000610351562,243.14999389648438,244.47000122070312,4972578
2025-02-19 14:30:00+00:00,244.61000061035156,246.00999450683594,243.7899932861328,243.9398956298828,7953912
2025-02-19 15:30:00+00:00,243.92999267578125,244.49000549316406,243.160400390625,244.3957061767578,3875842
2025-02-19 16:30:00+00:00,244.38999938964844,245.65139770507812,244.02999877929688,245.14999389648438,3328518
2025-02-19 17:30:00+00:00,245.13999938964844,245.27999877929688,244.22999572753906,244.7100067138672,1965036
2025-02-19 18:30:00+00:00,244.71499633789062,245.1898956298828,244.22000122070312,244.9001007080078,2025071
2025-02-19 19:30:00+00:00,244.89999389648438,245.1699981689453,244.45010375976562,244.8800048828125,2676277
2025-02-19 20:30:00+00:00,244.8800048828125,245.089599609375,244.53500366210938,244.8800048828125,2963614
2025-02-20 14:30:00+00:00,244.97000122070312,246.77999877929688,244.2899932861328,244.7449951171875,7059474
2025-02-20 15:30:00+00:00,244.74000549316406,246.6999969482422,244.58999633789062,246.13059997558594,4286584
2025-02-20 16:30:00+00:00,246.125,246.4600067138672,245.02999877929688,246.3800048828125,4072175
2025-02-20 17:30:00+00:00,246.3699951171875,246.41000366210938,245.16000366210938,245.44500732421875,2248069
2025-02-20 18:30:00+00:00,245.44000244140625,245.5800018310547,245.02000427246094,245.2550048828125,1791583
2025-02-20 19:30:00+00:00,245.25,245.75,244.85000610351562,245.6199951171875,2339026
2025-02-20 20:30:00+00:00,245.61000061035156,246.0,245.36000061035156,245.86000061035156,3152476
2025-02-21 14:30:00+00:00,245.96499633789062,246.94000244140625,245.22000122070312,245.7899932861328,8207297
2025-02-21 15:30:00+00:00,245.77499389648438,247.4499969482422,245.22000122070312,247.1300048828125,5440754
2025-02-21 16:30:00+00:00,247.14500427246094,247.64999389648438,246.64999389648438,247.3699951171875,4700950
2025-02-21 17:30:00+00:00,247.3800048828125,248.69000244140625,247.10000610351562,247.44119262695312,6864397
2025-02-21 18:30:00+00:00,247.44509887695312,248.0767059326172,246.42999267578125,246.49000549316406,4986285
2025-02-21 19:30:00+00:00,246.5050048828125,246.82000732421875,245.39010620117188,245.8000030517578,7827784
2025-02-21 20:30:00+00:00,245.81500244140625,246.08999633789062,245.3300018310547,245.58999633789062,5597978
2025-02-24 14:30:00+00:00,246.11500549316406,248.86000061035156,244.58999633789062,247.85000610351562,13193734
2025-02-24 15:30:00+00:00,247.85000610351562,247.9541015625,246.00999450683594,247.11019897460938,6815696
2025-02-24 16:30:00+00:00,247.1199951171875,248.32000732421875,247.1199951171875,247.7949981689453,3637316
2025-02-24 17:30:00+00:00,247.82000732421875,248.13999938964844,247.22000122070312,248.0500030517578,2550281
2025-02-24 18:30:00+00:00,248.0500030517578,248.8000030517578,247.6699981689453,248.66000366210938,4364229
2025-02-24 19:30:00+00:00,248.66000366210938,248.75,247.42999267578125,247.61000061035156,3655325
2025-02-24 20:30:00+00:00,247.59500122070312,247.7899932861328,246.82000732421875,247.22999572753906,4975763
2025-02-25 14:30:00+00:00,248.0,249.52000427246094,244.91000366210938,245.11000061035156,12543414
2025-02-25 15:30:00+00:00,245.1300048828125,246.8699951171875,244.91000366210938,246.52499389648438,4912736
2025-02-25 16:30:00+00:00,246.53500366210938,249.97999572753906,246.4300994873047,249.5800018310547,6711698
2025-02-25 17:30:00+00:00,249.5800018310547,249.6199951171875,247.72999572753906,247.97999572753906,3191684
2025-02-25 18:30:00+00:00,247.97000122070312,248.6199951171875,247.16000366210938,247.66810607910156,3236285
2025-02-25 19:30:00+00:00,247.63999938964844,248.58999633789062,247.5500030517578,247.72000122070312,3408426
2025-02-25 20:30:00+00:00,247.72500610351562,247.77000427246094,246.0449981689453,247.0500030517578,4291190
2025-02-26 14:30:00+00:00,244.3300018310547,244.97999572753906,241.4199981689453,243.47999572753906,11922325
2025-02-26 15:30:00+00:00,243.4949951171875,243.72000122070312,241.5800018310547,241.80999755859375,4844532
2025-02-26 16:30:00+00:00,241.8000030517578,243.88999938964844,241.75,243.1300048828125,3260739
2025-02-26 17:30:00+00:00,243.13999938964844,243.2899932861328,240.24000549316406,240.34030151367188,4011307
2025-02-26 18:30:00+00:00,240.33999633789062,240.38999938964844,239.1300048828125,239.82000732421875,4096351
2025-02-26 19:30:00+00:00,239.80999755859375,240.4499969482422,239.52999877929688,239.9499969482422,3160834
2025-02-26 20:30:00+00:00,239.9600067138672,240.7100067138672,239.68499755859375,240.30999755859375,4066395
2025-02-27 14:30:00+00:00,239.34500122070312,242.27999877929688,238.47000122070312,241.375,11860928
2025-02-27 15:30:00+00:00,241.36000061035156,242.4600067138672,240.63999938964844,241.52000427246094,3314596
2025-02-27 16:30:00+00:00,241.52000427246094,241.78480529785156,239.5850067138672,241.05799865722656,2483584
2025-02-27 17:30:00+00:00,241.12969970703125,242.17999267578125,240.36000061035156,241.89999389648438,2123940
2025-02-27 18:30:00+00:00,241.92999267578125,242.0500030517578,240.52000427246094,240.6300048828125,2376630
2025-02-27 19:30:00+00:00,240.64500427246094,240.66000366210938,238.77029418945312,238.9199981689453,4411625
2025-02-27 20:30:00+00:00,238.9550018310547,239.3695068359375,237.10000610351562,237.3800048828125,5981830
2025-02-28 14:30:00+00:00,236.9499969482422,237.8000030517578,234.50999450683594,237.59500122070312,9707088
2025-02-28 15:30:00+00:00,237.5800018310547,237.8300018310547,236.49000549316406,236.9199981689453,3856963
2025-02-28 16:30:00+00:00,236.8699951171875,237.75,236.5500030517578,237.60499572753906,2652791
2025-02-28 17:30:00+00:00,237.69000244140625,237.89999389648438,236.22999572753906,237.41000366210938,3253563
2025-02-28 18:30:00+00:00,237.40499877929688,238.3083038330078,237.00999450683594,237.9199981689453,3040911
2025-02-28 19:30:00+00:00,237.8800048828125,239.77999877929688,237.7003936767578,239.7100067138672,4607390
2025-02-28 20:30:00+00:00,239.69000244140625,242.08999633789062,238.80999755859375,241.83999633789062,7654870
2025-03-03 14:30:00+00:00,241.7220001220703,244.02720642089844,239.8249969482422,241.48500061035156,10137001
2025-03-03 15:30:00+00:00,241.5,242.6300048828125,241.12669372558594,241.19000244140625,3962348
2025-03-03 16:30:00+00:00,241.22999572753906,242.5500030517578,240.6649932861328,242.5399932861328,2726862
2025-03-03 17:30:00+00:00,242.5399932861328,242.98680114746094,240.74000549316406,240.96499633789062,2892774
2025-03-03 18:30:00+00:00,241.02000427246094,241.8699951171875,240.44000244140625,241.15179443359375,3716220
2025-03-03 19:30:00+00:00,241.16000366210938,242.0,236.64999389648438,236.8892059326172,5255129
2025-03-03 20:30:00+00:00,236.8800048828125,238.55999755859375,236.11199951171875,238.13999938964844,6362960
2025-03-04 14:30:00+00:00,237.7050018310547,239.38999938964844,236.35000610351562,238.39999389648438,12574876
2025-03-04 15:30:00+00:00,238.39999389648438,239.80999755859375,237.64999389648438,238.6300048828125,6419558
2025-03-04 16:30:00+00:00,238.58999633789062,240.07000732421875,238.12890625,238.1649932861328,4617834
2025-03-04 17:30:00+00:00,238.11000061035156,238.17990112304688,236.16000366210938,236.75,4297681
2025-03-04 18:30:00+00:00,236.75,238.55999755859375,236.42999267578125,238.2888946533203,3524557
2025-03-04 19:30:00+00:00,238.2899932861328,239.24989318847656,237.9822998046875,238.69000244140625,4105168
2025-03-04 20:30:00+00:00,238.67999267578125,238.75,234.6999969482422,236.07000732421875,6470426
2025-03-05 14:30:00+00:00,235.4949951171875,235.9499969482422,230.5500030517578,230.9199981689453,11396281
2025-03-05 15:30:00+00:00,230.94000244140625,233.1999969482422,230.13999938964844,230.6490020751953,4757085
2025-03-05 16:30:00+00:00,230.6199951171875,234.64999389648438,229.22999572753906,234.53990173339844,5831367
2025-03-05 17:30:00+00:00,234.5399932861328,235.5399932861328,234.0,234.67999267578125,3887648
2025-03-05 18:30:00+00:00,234.66529846191406,236.5500030517578,234.10000610351562,235.74749755859375,2837195
2025-03-05 19:30:00+00:00,235.8000030517578,236.47999572753906,235.14999389648438,236.0399932861328,3103634
2025-03-05 20:30:00+00:00,236.00999450683594,236.35000610351562,235.05999755859375,235.77000427246094,3864004
2025-03-06 14:30:00+00:00,234.43499755859375,237.16000366210938,233.5399932861328,236.47000122070312,8965074
2025-03-06 15:30:00+00:00,236.47000122070312,237.86000061035156,236.2449951171875,236.77999877929688,4326344
2025-03-06 16:30:00+00:00,236.74000549316406,237.33999633789062,234.0404052734375,234.4149932861328,4246957
2025-03-06 17:30:00+00:00,234.39999389648438,235.42999267578125,234.05999755859375,234.2949981689453,3660287
2025-03-06 18:30:00+00:00,234.30499267578125,235.1699981689453,233.39999389648438,233.69000244140625,4333970
2025-03-06 19:30:00+00:00,233.65499877929688,236.00999450683594,233.3300018310547,235.17999267578125,4926584
2025-03-06 20:30:00+00:00,235.1699981689453,235.75999450683594,234.4499969482422,235.32000732421875,4800803
2025-03-07 14:30:00+00:00,235.10499572753906,239.42999267578125,234.75999450683594,238.30999755859375,8540305
2025-03-07 15:30:00+00:00,238.31500244140625,240.16000366210938,237.0301055908203,239.02000427246094,6445384
2025-03-07 16:30:00+00:00,239.0399932861328,239.69749450683594,237.86000061035156,239.2899932861328,6229746
2025-03-07 17:30:00+00:00,239.25999450683594,241.3699951171875,238.8000030517578,240.41439819335938,6264766
2025-03-07 18:30:00+00:00,240.4250030517578,240.91000366210938,238.57000732421875,239.64999389648438,4109056
2025-03-07 19:30:00+00:00,239.6649932861328,239.86000061035156,238.0800018310547,238.8114013671875,3265326
2025-03-07 20:30:00+00:00,238.8000030517578,239.77000427246094,237.94000244140625,239.07000732421875,4811911
2025-03-10 13:30:00+00:00,235.47999572753906,236.16000366210938,228.52000427246094,228.5500030517578,15210592
2025-03-10 14:30:00+00:00,228.55499267578125,229.5,225.2899932861328,226.50869750976562,11879291
2025-03-10 15:30:00+00:00,226.52999877929688,227.2899932861328,224.22000122070312,225.47999572753906,6728298
2025-03-10 16:30:00+00:00,225.5399932861328,226.69000244140625,224.3249969482422,225.2100067138672,5441202
2025-03-10 17:30:00+00:00,225.24000549316406,226.97999572753906,224.8699951171875,226.5800018310547,5343177
2025-03-10 18:30:00+00:00,226.58999633789062,227.51499938964844,224.4208984375,226.9761962890625,7127512
2025-03-10 19:30:00+00:00,226.99000549316406,228.64999389648438,226.5,227.54100036621094,8057482
2025-03-11 13:30:00+00:00,223.8000030517578,225.83990478515625,220.00999450683594,222.52000427246094,17705238
2025-03-11 14:30:00+00:00,222.49000549316406,222.9499969482422,220.58999633789062,221.00320434570312,7838273
2025-03-11 15:30:00+00:00,220.97999572753906,221.74000549316406,218.5,218.5500030517578,8314282
2025-03-11 16:30:00+00:00,218.5399932861328,219.8800048828125,217.4499969482422,217.7550048828125,7268661
2025-03-11 17:30:00+00:00,217.72999572753906,220.97999572753906,217.67999267578125,220.5449981689453,6404020
2025-03-11 18:30:00+00:00,220.5500030517578,223.27999877929688,220.09019470214844,221.82020568847656,7110964
2025-03-11 19:30:00+00:00,221.82000732421875,222.0500030517578,220.5800018310547,220.72999572753906,6574063
2025-03-12 13:30:00+00:00,220.17999267578125,221.75,218.8300018310547,218.9499969482422,13585830
2025-03-12 14:30:00+00:00,218.9499969482422,219.39999389648438,214.91000366210938,216.44500732421875,10732384
2025-03-12 15:30:00+00:00,216.47000122070312,218.61000061035156,216.3300018310547,218.3603973388672,5950460
2025-03-12 16:30:00+00:00,218.44500732421875,218.60000610351562,216.8800048828125,218.18980407714844,4501805
2025-03-12 17:30:00+00:00,218.1300048828125,218.22000122070312,215.92999267578125,216.11000061035156,5341362
2025-03-12 18:30:00+00:00,216.1199951171875,217.08990478515625,215.0500030517578,215.639892578125,6048770
2025-03-12 19:30:00+00:00,215.64999389648438,217.27000427246094,215.27999877929688,216.94000244140625,7314758
2025-03-13 13:30:00+00:00,215.94000244140625,216.8394012451172,214.22000122070312,214.27999877929688,11543428
2025-03-13 14:30:00+00:00,214.3000030517578,214.82000732421875,213.6300048828125,214.0402069091797,6000675
2025-03-13 15:30:00+00:00,214.0449981689453,214.35000610351562,211.5500030517578,211.94000244140625,8062598
2025-03-13 16:30:00+00:00,211.93380737304688,212.92999267578125,210.69000244140625,211.15499877929688,5949778
2025-03-13 17:30:00+00:00,211.13999938964844,212.47000122070312,210.50010681152344,212.2899932861328,5034049
2025-03-13 18:30:00+00:00,212.28599548339844,212.4698944091797,210.36000061035156,210.6300048828125,5897570
2025-03-13 19:30:00+00:00,210.6699981689453,210.7100067138672,208.4199981689453,209.7100067138672,9508816
2025-03-14 13:30:00+00:00,211.25,213.42999267578125,209.5800018310547,210.3780975341797,14448242
2025-03-14 14:30:00+00:00,210.3800048828125,212.3800048828125,209.97999572753906,211.92999267578125,7229106
2025-03-14 15:30:00+00:00,211.92999267578125,213.94000244140625,211.91000366210938,212.23069763183594,5804814
2025-03-14 16:30:00+00:00,212.23500061035156,213.5,212.07229614257812,212.31500244140625,3579047
2025-03-14 17:30:00+00:00,212.30259704589844,212.6898956298828,210.75999450683594,211.2449951171875,6007354
2025-03-14 18:30:00+00:00,211.25,213.41099548339844,211.25,212.90530395507812,4621820
2025-03-14 19:30:00+00:00,212.8946075439453,213.89999389648438,212.7100067138672,213.3800048828125,6350358
2025-03-17 13:30:00+00:00,213.36000061035156,214.97000122070312,212.1699981689453,213.22470092773438,9570854
2025-03-17 14:30:00+00:00,213.22500610351562,213.25999450683594,210.46969604492188,210.75469970703125,5939423
2025-03-17 15:30:00+00:00,210.7550048828125,211.8000030517578,209.97999572753906,211.1999969482422,4387530
2025-03-17 16:30:00+00:00,211.2100067138672,212.3699951171875,211.08999633789062,212.33030700683594,3083388
2025-03-17 17:30:00+00:00,212.35499572753906,214.73019409179688,212.27999877929688,214.4550018310547,4126373
2025-03-17 18:30:00+00:00,214.4499969482422,214.7967987060547,214.07000732421875,214.68499755859375,3623892
2025-03-17 19:30:00+00:00,214.67999267578125,215.22000122070312,213.6699981689453,214.19000244140625,6930829
2025-03-18 13:30:00+00:00,214.13999938964844,215.14999389648438,212.9499969482422,214.55140686035156,10203982
2025-03-18 14:30:00+00:00,214.5500030517578,214.88999938964844,212.64999389648438,213.3300018310547,4477342
2025-03-18 15:30:00+00:00,213.25,213.97999572753906,212.7899932861328,213.72000122070312,3176514
2025-03-18 16:30:00+00:00,213.6999969482422,213.7736053466797,211.49000549316406,212.2834014892578,4535545
2025-03-18 17:30:00+00:00,212.3000030517578,212.32000732421875,211.55979919433594,211.9949951171875,3006313
2025-03-18 18:30:00+00:00,212.0,212.65499877929688,211.810302734375,212.34500122070312,3435188
2025-03-18 19:30:00+00:00,212.34500122070312,213.25999450683594,212.30999755859375,212.7899932861328,4396249
2025-03-19 13:30:00+00:00,214.22000122070312,218.75999450683594,213.91009521484375,217.14500427246094,11385869
2025-03-19 14:30:00+00:00,217.2100067138672,217.2198028564453,214.9600067138672,215.66900634765625,5115267
2025-03-19 15:30:00+00:00,215.69000244140625,216.75,215.17999267578125,215.3000030517578,3249560
2025-03-19 16:30:00+00:00,215.2899932861328,215.3300018310547,214.2899932861328,214.3800048828125,2801294
2025-03-19 17:30:00+00:00,214.39199829101562,215.04969787597656,213.75,214.27000427246094,4823378
2025-03-19 18:30:00+00:00,214.27000427246094,217.0590057373047,214.25,215.50990295410156,6058928
2025-03-19 19:30:00+00:00,215.5,215.67999267578125,214.47999572753906,215.3000030517578,5255712
2025-03-20 13:30:00+00:00,213.99000549316406,217.48989868164062,212.89999389648438,216.9904022216797,7527757
2025-03-20 14:30:00+00:00,216.97999572753906,217.2949981689453,215.78759765625,215.91900634765625,4644755
2025-03-20 15:30:00+00:00,215.89999389648438,216.4600067138672,214.02000427246094,214.13999938964844,4337539
2025-03-20 16:30:00+00:00,214.13999938964844,214.50999450683594,213.0,213.22999572753906,5149763
2025-03-20 17:30:00+00:00,213.25999450683594,213.88999938964844,212.72999572753906,212.75999450683594,3180049
2025-03-20 18:30:00+00:00,212.77000427246094,213.39999389648438,212.22000122070312,212.68350219726562,4531064
2025-03-20 19:30:00+00:00,212.69000244140625,214.75999450683594,212.69000244140625,214.14999389648438,5352998
2025-03-21 13:30:00+00:00,211.51499938964844,214.41000366210938,211.47000122070312,213.74000549316406,21249328
2025-03-21 14:30:00+00:00,213.7100067138672,214.83999633789062,213.2606964111328,213.44349670410156,7372592
2025-03-21 15:30:00+00:00,213.44000244140625,215.39999389648438,212.63999938964844,214.65499877929688,3813985
2025-03-21 16:30:00+00:00,214.6699981689453,215.47999572753906,214.48480224609375,214.6199951171875,3366634
2025-03-21 17:30:00+00:00,214.61000061035156,215.03900146484375,214.26010131835938,214.6699981689453,3091390
2025-03-21 18:30:00+00:00,214.6699981689453,215.3699951171875,214.63999938964844,215.30999755859375,4189003
2025-03-21 19:30:00+00:00,215.30999755859375,218.83999633789062,215.00999450683594,218.36000061035156,10148885
2025-03-24 13:30:00+00:00,221.0,221.02099609375,218.5800018310547,219.77000427246094,9344812
2025-03-24 14:30:00+00:00,219.80999755859375,220.69000244140625,219.02920532226562,219.15750122070312,4668518
2025-03-24 15:30:00+00:00,219.15499877929688,220.0500030517578,218.9600067138672,219.0,3264720
2025-03-24 16:30:00+00:00,219.01499938964844,219.5,218.82000732421875,219.2899932861328,3057015
2025-03-24 17:30:00+00:00,219.32000732421875,219.85000610351562,219.08999633789062,219.75999450683594,2530901
2025-03-24 18:30:00+00:00,219.77499389648438,220.47000122070312,219.46580505371094,219.77000427246094,4139018
2025-03-24 19:30:00+00:00,219.7899932861328,221.00999450683594,219.66000366210938,220.42999267578125,6001386
2025-03-25 13:30:00+00:00,220.80999755859375,223.38999938964844,220.0800018310547,223.3699951171875,8242408
2025-03-25 14:30:00+00:00,223.3800048828125,223.89999389648438,222.3000030517578,223.52999877929688,4010970
2025-03-25 15:30:00+00:00,223.5399932861328,223.6999969482422,223.00999450683594,223.11000061035156,2236176
2025-03-25 16:30:00+00:00,223.10000610351562,223.6300048828125,220.72999572753906,222.80999755859375,2317900
2025-03-25 17:30:00+00:00,222.82699584960938,223.94900512695312,222.60000610351562,223.49000549316406,2529710
2025-03-25 18:30:00+00:00,223.5,223.7100067138672,222.78500366210938,223.4199981689453,3423322
2025-03-25 19:30:00+00:00,223.41000366210938,224.10000610351562,223.2899932861328,223.72999572753906,4310099
2025-03-26 13:30:00+00:00,223.50999450683594,225.02000427246094,222.83999633789062,224.07449340820312,8205828
2025-03-26 14:30:00+00:00,224.0850067138672,224.3155975341797,223.11000061035156,223.72000122070312,3253126
2025-03-26 15:30:00+00:00,223.7200927734375,223.89999389648438,222.1199951171875,223.6750030517578,3220107
2025-03-26 16:30:00+00:00,223.6750030517578,223.7899932861328,221.6300048828125,222.0800018310547,2855124
2025-03-26 17:30:00+00:00,222.0800018310547,222.22000122070312,221.4001007080078,221.8350067138672,2219567
2025-03-26 18:30:00+00:00,221.81500244140625,221.88499450683594,220.60000610351562,220.60000610351562,3054676
2025-03-26 19:30:00+00:00,220.61500549316406,221.8800048828125,220.47000122070312,221.39999389648438,4140037
2025-03-27 13:30:00+00:00,221.3300018310547,222.10000610351562,220.5601043701172,221.64999389648438,5508724
2025-03-27 14:30:00+00:00,221.64999389648438,223.24000549316406,221.39999389648438,222.8000946044922,3784484
2025-03-27 15:30:00+00:00,222.8000030517578,223.75999450683594,222.56500244140625,223.19500732421875,2866958
2025-03-27 16:30:00+00:00,223.17999267578125,223.97999572753906,222.72000122070312,223.10499572753906,3509193
2025-03-27 17:30:00+00:00,223.0800018310547,224.55999755859375,223.0500030517578,224.3699951171875,3521517
2025-03-27 18:30:00+00:00,224.35000610351562,224.99000549316406,223.94500732421875,224.7899932861328,3376619
2025-03-27 19:30:00+00:00,224.8000030517578,224.99000549316406,223.6999969482422,223.92999267578125,5491814
2025-03-28 13:30:00+00:00,221.6490020751953,223.8000030517578,219.69500732421875,219.91000366210938,8900229
2025-03-28 14:30:00+00:00,219.88999938964844,220.64999389648438,219.1699981689453,219.97999572753906,4819013
2025-03-28 15:30:00+00:00,219.89109802246094,220.22000122070312,218.35000610351562,218.69000244140625,3075097
2025-03-28 16:30:00+00:00,218.6699981689453,219.1199951171875,218.2100067138672,218.49000549316406,3059478
2025-03-28 17:30:00+00:00,218.5,219.16650390625,218.17999267578125,219.0500030517578,2307054
2025-03-28 18:30:00+00:00,219.0399932861328,219.14999389648438,218.1103973388672,218.50999450683594,3188030
2025-03-28 19:30:00+00:00,218.5,218.75,217.67999267578125,217.8800048828125,5319689
2025-03-31 13:30:00+00:00,217.22000122070312,219.30999755859375,216.24000549316406,218.57000732421875,13611371
2025-03-31 14:30:00+00:00,218.61000061035156,220.0800018310547,218.3256072998047,219.1300048828125,5127759
2025-03-31 15:30:00+00:00,219.10000610351562,220.92999267578125,218.88519287109375,220.9199981689453,3710448
2025-03-31 16:30:00+00:00,220.89999389648438,221.02000427246094,219.38999938964844,219.8699951171875,2845575
2025-03-31 17:30:00+00:00,219.85000610351562,220.8800048828125,219.24169921875,220.7949981689453,2764885
2025-03-31 18:30:00+00:00,220.8000030517578,221.73500061035156,220.38999938964844,221.22500610351562,4172283
2025-03-31 19:30:00+00:00,221.2100067138672,224.97000122070312,220.99009704589844,221.9949951171875,11487559
2025-04-01 13:30:00+00:00,219.80499267578125,223.38999938964844,218.89999389648438,221.5198974609375,9630525
2025-04-01 14:30:00+00:00,221.49000549316406,223.42999267578125,221.36000061035156,222.87989807128906,4197037
2025-04-01 15:30:00+00:00,222.86500549316406,223.13999938964844,222.14999389648438,222.52999877929688,2944555
2025-04-01 16:30:00+00:00,222.55499267578125,223.0800018310547,222.19000244140625,222.3385009765625,2079835
2025-04-01 17:30:00+00:00,222.3000030517578,222.77499389648438,221.4499969482422,221.5,2283252
2025-04-01 18:30:00+00:00,221.49000549316406,222.1199951171875,221.14999389648438,221.72999572753906,2520811
2025-04-01 19:30:00+00:00,221.7100067138672,223.49000549316406,221.57000732421875,223.13999938964844,4133846
2025-04-02 13:30:00+00:00,221.19000244140625,224.10850524902344,221.0500030517578,224.0399932861328,5984058
2025-04-02 14:30:00+00:00,224.02000427246094,224.71539306640625,223.4499969482422,224.47999572753906,3704510
2025-04-02 15:30:00+00:00,224.4499969482422,224.60000610351562,223.11000061035156,224.1300048828125,2694881
2025-04-02 16:30:00+00:00,224.1300048828125,225.19000244140625,223.19000244140625,224.72000122070312,3616264
2025-04-02 17:30:00+00:00,224.72000122070312,224.80999755859375,222.9199981689453,222.92999267578125,2445540
2025-04-02 18:30:00+00:00,222.9199981689453,223.9409942626953,222.8614044189453,223.66009521484375,2653899
2025-04-02 19:30:00+00:00,223.6699981689453,224.4600067138672,223.5,223.7899932861328,4054405
2025-04-03 13:30:00+00:00,205.52000427246094,207.48989868164062,202.52000427246094,205.63499450683594,32868028
2025-04-03 14:30:00+00:00,205.63499450683594,206.47000122070312,203.3699951171875,204.0500030517578,11492280
2025-04-03 15:30:00+00:00,204.0500030517578,207.0399932861328,203.7042999267578,206.05999755859375,8453124
2025-04-03 16:30:00+00:00,206.10000610351562,206.3000030517578,203.84010314941406,204.0050048828125,5727160
2025-04-03 17:30:00+00:00,203.99000549316406,204.6051025390625,202.6999969482422,203.0,6326946
2025-04-03 18:30:00+00:00,202.98280334472656,203.52000427246094,202.13999938964844,202.1999969482422,9806166
2025-04-03 19:30:00+00:00,202.1999969482422,203.86000061035156,201.25,203.05999755859375,14152077
2025-04-04 13:30:00+00:00,193.9250030517578,199.8800048828125,192.8000030517578,195.27999877929688,32115307
2025-04-04 14:30:00+00:00,195.2949981689453,197.21170043945312,191.05999755859375,194.49000549316406,19673653
2025-04-04 15:30:00+00:00,194.46499633789062,196.0,192.25999450683594,192.80999755859375,9394432
2025-04-04 16:30:00+00:00,192.77999877929688,193.9761962890625,190.89999389648438,190.99000549316406,8256831
2025-04-04 17:30:00+00:00,190.97999572753906,192.57000732421875,188.83099365234375,188.8800048828125,12240537
2025-04-04 18:30:00+00:00,188.89999389648438,190.86880493164062,187.34500122070312,190.22999572753906,13768216
2025-04-04 19:30:00+00:00,190.2100067138672,191.72999572753906,188.05999755859375,188.3800048828125,14314697
2025-04-07 13:30:00+00:00,177.0,194.13999938964844,174.6199951171875,181.77000427246094,60689672
2025-04-07 14:30:00+00:00,181.67999267578125,185.93980407714844,175.6999969482422,176.36000061035156,21664542
2025-04-07 15:30:00+00:00,176.41000366210938,180.3300018310547,175.75,178.13999938964844,12923106
2025-04-07 16:30:00+00:00,178.10000610351562,181.72000122070312,177.10000610351562,181.5399932861328,10820708
2025-04-07 17:30:00+00:00,181.55499267578125,183.88999938964844,179.5,180.3350067138672,12360402
2025-04-07 18:30:00+00:00,180.33999633789062,182.3000030517578,178.2801055908203,178.42129516601562,12053848
2025-04-07 19:30:00+00:00,178.44000244140625,182.0,178.43499755859375,181.58999633789062,11790019
2025-04-08 13:30:00+00:00,186.72999572753906,190.3350067138672,185.10000610351562,189.3300018310547,25336677
2025-04-08 14:30:00+00:00,189.32000732421875,189.92999267578125,184.05999755859375,184.08999633789062,11822751
2025-04-08 15:30:00+00:00,184.07000732421875,185.5399932861328,182.2899932861328,183.3300018310547,7825256
2025-04-08 16:30:00+00:00,183.32000732421875,183.51499938964844,175.0,175.02999877929688,15712598
2025-04-08 17:30:00+00:00,175.02000427246094,178.60989379882812,174.85000610351562,175.3300018310547,11562913
2025-04-08 18:30:00+00:00,175.31219482421875,177.22999572753906,171.6300048828125,172.88999938964844,15040705
2025-04-08 19:30:00+00:00,172.8699951171875,173.44000244140625,169.21009826660156,172.77000427246094,16156814
2025-04-09 13:30:00+00:00,172.1790008544922,179.4199981689453,171.88999938964844,178.41180419921875,32288949
2025-04-09 14:30:00+00:00,178.50999450683594,180.4199981689453,176.8300018310547,179.7550048828125,15996521
2025-04-09 15:30:00+00:00,179.75,181.07000732421875,177.75,179.58999633789062,11721052
2025-04-09 16:30:00+00:00,179.57989501953125,194.49000549316406,179.24000549316406,188.52499389648438,19036631
2025-04-09 17:30:00+00:00,188.50999450683594,194.86990356445312,188.1300048828125,190.8000030517578,27276269
2025-04-09 18:30:00+00:00,190.7899932861328,198.97999572753906,183.8699951171875,196.05999755859375,30349699
2025-04-09 19:30:00+00:00,196.0,200.61000061035156,195.91000366210938,198.85000610351562,20947383
2025-04-10 13:30:00+00:00,189.1649932861328,194.7799072265625,189.0,192.14500427246094,25783702
2025-04-10 14:30:00+00:00,192.22000122070312,193.57000732421875,188.69000244140625,188.8592071533203,10331960
2025-04-10 15:30:00+00:00,188.85499572753906,189.22999572753906,183.0,184.27000427246094,16399003
2025-04-10 16:30:00+00:00,184.26499938964844,189.89999389648438,184.1750030517578,188.00999450683594,13927222
2025-04-10 17:30:00+00:00,187.97000122070312,192.0,186.0,191.75999450683594,14336457
2025-04-10 18:30:00+00:00,191.75,192.8000030517578,189.02000427246094,189.98500061035156,10246898
2025-04-10 19:30:00+00:00,190.0,192.43499755859375,187.8300018310547,190.44000244140625,10417028
2025-04-11 13:30:00+00:00,186.17999267578125,193.25,186.05999755859375,189.92999267578125,17210427
2025-04-11 14:30:00+00:00,189.94000244140625,194.1999969482422,189.63999938964844,193.32000732421875,9778670
2025-04-11 15:30:00+00:00,193.2899932861328,197.6699981689453,192.87860107421875,195.80099487304688,11426289
2025-04-11 16:30:00+00:00,195.82000732421875,199.35000610351562,195.80999755859375,196.83070373535156,10272519
2025-04-11 17:30:00+00:00,196.8524932861328,199.5399932861328,196.03790283203125,197.5800018310547,8204023
2025-04-11 18:30:00+00:00,197.60000610351562,198.9438934326172,197.40179443359375,198.3419952392578,6229743
2025-04-11 19:30:00+00:00,198.35000610351562,199.0,197.54139709472656,198.02000427246094,9619486
2025-04-14 13:30:00+00:00,211.44000244140625,212.94000244140625,204.61000061035156,204.75,38852582
2025-04-14 14:30:00+00:00,204.8000030517578,206.1999053955078,203.41000366210938,203.60000610351562,11826668
2025-04-14 15:30:00+00:00,203.64999389648438,204.3800048828125,201.16209411621094,201.75,11801459
2025-04-14 16:30:00+00:00,201.72999572753906,204.97850036621094,201.5850067138672,203.86399841308594,8024983
2025-04-14 17:30:00+00:00,203.88499450683594,205.80999755859375,203.42999267578125,205.7899932861328,6209694
2025-04-14 18:30:00+00:00,205.7899932861328,206.66000366210938,205.38999938964844,205.7100067138672,6862210
2025-04-14 19:30:00+00:00,205.72000122070312,205.89999389648438,202.32000732421875,202.58999633789062,8409251
2025-04-15 13:30:00+00:00,201.85499572753906,203.5050048828125,199.82000732421875,200.8000030517578,13453371
2025-04-15 14:30:00+00:00,200.7899932861328,203.08999633789062,200.68600463867188,202.11500549316406,6103100
2025-04-15 15:30:00+00:00,202.13999938964844,203.35000610351562,201.9600067138672,203.0399932861328,3730153
2025-04-15 16:30:00+00:00,203.0500030517578,203.28399658203125,201.11500549316406,201.60440063476562,3893654
2025-04-15 17:30:00+00:00,201.5850067138672,202.7769012451172,201.30499267578125,201.76499938964844,4045655
2025-04-15 18:30:00+00:00,201.71499633789062,203.2899932861328,201.63999938964844,202.8000030517578,4048783
2025-04-15 19:30:00+00:00,202.8300018310547,202.95899963378906,201.9199981689453,202.1300048828125,4398627
2025-04-16 13:30:00+00:00,198.36000061035156,200.6999969482422,196.02000427246094,197.07000732421875,13937138
2025-04-16 14:30:00+00:00,197.05999755859375,198.98849487304688,196.80999755859375,198.35009765625,6372057
2025-04-16 15:30:00+00:00,198.375,198.39999389648438,196.3905029296875,196.91000366210938,4368116
2025-04-16 16:30:00+00:00,196.91000366210938,197.9199981689453,196.64999389648438,197.75999450683594,3351617
2025-04-16 17:30:00+00:00,197.75999450683594,197.80999755859375,193.9199981689453,194.55499267578125,7922500
2025-04-16 18:30:00+00:00,194.5399932861328,194.64370727539062,192.3699951171875,192.57000732421875,5831097
2025-04-16 19:30:00+00:00,192.5800018310547,194.86349487304688,192.57000732421875,194.3000030517578,7049437
2025-04-17 13:30:00+00:00,197.14999389648438,197.1999969482422,194.63999938964844,195.63999938964844,11995068
2025-04-17 14:30:00+00:00,195.69000244140625,197.09500122070312,194.4199981689453,196.0399932861328,6835084
2025-04-17 15:30:00+00:00,196.02999877929688,198.0500030517578,195.9886932373047,197.80499267578125,4703332
2025-04-17 16:30:00+00:00,197.8260040283203,198.57000732421875,196.67999267578125,196.6999969482422,4953563
2025-04-17 17:30:00+00:00,196.7100067138672,198.83349609375,196.6699981689453,198.27999877929688,3858649
2025-04-17 18:30:00+00:00,198.2899932861328,198.66000366210938,196.8699951171875,197.24220275878906,4857368
2025-04-17 19:30:00+00:00,197.25,197.6999969482422,195.82000732421875,196.8699951171875,4510991
2025-04-21 13:30:00+00:00,193.35000610351562,193.75999450683594,191.36000061035156,192.1199951171875,8862849
2025-04-21 14:30:00+00:00,192.11000061035156,192.49000549316406,190.60499572753906,190.73500061035156,4480370
2025-04-21 15:30:00+00:00,190.72000122070312,191.32000732421875,189.8112030029297,191.1300048828125,4469110
2025-04-21 16:30:00+00:00,191.1199951171875,191.75,190.13999938964844,190.61399841308594,3331629
2025-04-21 17:30:00+00:00,190.58999633789062,191.0,190.24000549316406,190.82000732421875,2848270
2025-04-21 18:30:00+00:00,190.81500244140625,191.3800048828125,190.1999969482422,191.10499572753906,3470291
2025-04-21 19:30:00+00:00,191.08999633789062,193.4199981689453,191.0500030517578,193.08999633789062,5337999
2025-04-22 13:30:00+00:00,196.07000732421875,198.94000244140625,196.0,198.11000061035156,8343567
2025-04-22 14:30:00+00:00,198.1199951171875,199.5500030517578,197.6699981689453,198.8300018310547,5200594
2025-04-22 15:30:00+00:00,198.8300018310547,201.5500030517578,197.86000061035156,201.3800048828125,6986542
2025-04-22 16:30:00+00:00,201.4001007080078,201.52999877929688,198.32029724121094,198.5399932861328,6210265
2025-04-22 17:30:00+00:00,198.51620483398438,200.00999450683594,198.10240173339844,199.8917999267578,3865378
2025-04-22 18:30:00+00:00,199.8800048828125,200.5,198.55999755859375,198.6201934814453,6982874
2025-04-22 19:30:00+00:00,198.625,199.88999938964844,198.0,199.66000366210938,5543168
2025-04-23 13:30:00+00:00,206.0,208.0,204.63009643554688,206.80499267578125,15154970
2025-04-23 14:30:00+00:00,206.80999755859375,207.9499969482422,204.05999755859375,204.6300048828125,7451699
2025-04-23 15:30:00+00:00,204.625,205.41000366210938,202.7989959716797,204.11000061035156,5789475
2025-04-23 16:30:00+00:00,204.13999938964844,205.44000244140625,203.51840209960938,204.9499969482422,3150358
2025-04-23 17:30:00+00:00,205.0,205.64999389648438,204.22000122070312,204.48240661621094,3056243
2025-04-23 18:30:00+00:00,204.47000122070312,205.1699981689453,203.6566925048828,204.00999450683594,3587154
2025-04-23 19:30:00+00:00,204.03089904785156,205.75,203.61000061035156,204.36000061035156,5424069
2025-04-24 13:30:00+00:00,204.88499450683594,206.35000610351562,202.94000244140625,206.32000732421875,8437662
2025-04-24 14:30:00+00:00,206.2899932861328,206.66000366210938,205.2200927734375,205.9250030517578,4262818
2025-04-24 15:30:00+00:00,205.88499450683594,206.75,205.58009338378906,206.2899932861328,4462199
2025-04-24 16:30:00+00:00,206.2899932861328,207.02999877929688,205.82000732421875,206.90499877929688,2541750
2025-04-24 17:30:00+00:00,206.9199981689453,207.7899932861328,206.5500030517578,207.28900146484375,2687289
2025-04-24 18:30:00+00:00,207.3000030517578,208.10000610351562,207.02999877929688,207.09010314941406,3837311
2025-04-24 19:30:00+00:00,207.11000061035156,208.82989501953125,207.08999633789062,208.1999969482422,5785557
2025-04-25 13:30:00+00:00,206.42999267578125,209.24989318847656,206.1999969482422,206.63479614257812,8557840
2025-04-25 14:30:00+00:00,206.63999938964844,207.7628936767578,206.51499938964844,207.10000610351562,3766130
2025-04-25 15:30:00+00:00,207.11000061035156,208.89999389648438,206.66000366210938,208.59129333496094,3799231
2025-04-25 16:30:00+00:00,208.60000610351562,209.41000366210938,208.2899932861328,209.3701934814453,3714961
2025-04-25 17:30:00+00:00,209.38999938964844,209.4149932861328,207.3699951171875,208.50450134277344,3053055
2025-04-25 18:30:00+00:00,208.50999450683594,208.8699951171875,208.13999938964844,208.22000122070312,2357459
2025-04-25 19:30:00+00:00,208.2100067138672,209.42999267578125,207.8699951171875,209.22999572753906,4418187
2025-04-28 13:30:00+00:00,210.05999755859375,211.5,208.74000549316406,208.92999267578125,9371395
2025-04-28 14:30:00+00:00,208.875,209.82000732421875,207.83999633789062,207.9499969482422,4027500
2025-04-28 15:30:00+00:00,207.98590087890625,208.39999389648438,207.4600067138672,207.86000061035156,2434302
2025-04-28 16:30:00+00:00,207.85000610351562,208.72999572753906,207.85000610351562,208.13999938964844,2227932
2025-04-28 17:30:00+00:00,208.13499450683594,210.0500030517578,208.0800018310547,209.8699951171875,3099461
2025-04-28 18:30:00+00:00,209.8699951171875,210.94000244140625,209.7613983154297,210.5399932861328,2610842
2025-04-28 19:30:00+00:00,210.52999877929688,211.4998016357422,210.0399932861328,210.08999633789062,3584738
2025-04-29 13:30:00+00:00,208.6929931640625,212.24000549316406,208.3699951171875,210.9499969482422,9190515
2025-04-29 14:30:00+00:00,210.9600067138672,212.07000732421875,210.6699981689453,211.0399932861328,3218454
2025-04-29 15:30:00+00:00,211.0399932861328,211.32530212402344,210.39999389648438,210.48800659179688,2669695
2025-04-29 16:30:00+00:00,210.49000549316406,210.69000244140625,209.35000610351562,210.36000061035156,2562388
2025-04-29 17:30:00+00:00,210.3699951171875,211.85000610351562,210.22000122070312,211.7227020263672,2467158
2025-04-29 18:30:00+00:00,211.72000122070312,211.96060180664062,211.10009765625,211.3000030517578,2519310
2025-04-29 19:30:00+00:00,211.30999755859375,211.77000427246094,210.9499969482422,211.24000549316406,3222132
2025-04-30 13:30:00+00:00,209.3000030517578,209.72000122070312,206.67050170898438,209.32119750976562,7770541
2025-04-30 14:30:00+00:00,209.34950256347656,210.86000061035156,208.71009826660156,210.5449981689453,3782710
2025-04-30 15:30:00+00:00,210.55999755859375,211.27999877929688,209.9499969482422,210.58999633789062,2740535
2025-04-30 16:30:00+00:00,210.58999633789062,211.36000061035156,209.8000030517578,211.0800018310547,2462208
2025-04-30 17:30:00+00:00,211.07000732421875,212.97000122070312,210.31500244140625,210.71499633789062,3447792
2025-04-30 18:30:00+00:00,210.6999969482422,211.30999755859375,210.27999877929688,210.3446044921875,2871370
2025-04-30 19:30:00+00:00,210.375,213.5399932861328,210.0500030517578,212.49000549316406,7076663
2025-05-01 13:30:00+00:00,209.00999450683594,212.5,208.89999389648438,211.74000549316406,11460361
2025-05-01 14:30:00+00:00,211.75,214.22000122070312,211.31500244140625,212.8966064453125,5794472
2025-05-01 15:30:00+00:00,212.89500427246094,213.1199951171875,211.4149932861328,212.77999877929688,4005190
2025-05-01 16:30:00+00:00,212.77999877929688,212.87759399414062,211.85000610351562,212.50999450683594,4133080
2025-05-01 17:30:00+00:00,212.50999450683594,213.0,212.06500244140625,212.77999877929688,2827555
2025-05-01 18:30:00+00:00,212.7899932861328,213.1999969482422,212.3000030517578,212.94000244140625,3941988
2025-05-01 19:30:00+00:00,212.94000244140625,214.5500030517578,212.47000122070312,212.8300018310547,7135104
2025-05-02 13:30:00+00:00,206.08999633789062,206.8199005126953,202.16000366210938,206.72000122070312,30704404
2025-05-02 14:30:00+00:00,206.72000122070312,206.99000549316406,204.60000610351562,204.9008026123047,9323215
2025-05-02 15:30:00+00:00,204.9199981689453,206.5800018310547,204.860595703125,205.0,8718007
2025-05-02 16:30:00+00:00,205.0,205.88999938964844,204.14999389648438,204.69900512695312,7635353
2025-05-02 17:30:00+00:00,204.6999969482422,205.8300018310547,204.6999969482422,204.8800048828125,7087245
2025-05-02 18:30:00+00:00,204.8699951171875,205.42999267578125,203.66000366210938,204.75999450683594,8882491
2025-05-02 19:30:00+00:00,204.75999450683594,205.5,203.88999938964844,205.3000030517578,9990065
2025-05-05 13:30:00+00:00,203.125,204.10000610351562,198.6199951171875,198.77999877929688,17363317
2025-05-05 14:30:00+00:00,198.78700256347656,199.64999389648438,198.2100067138672,199.19960021972656,8474385
2025-05-05 15:30:00+00:00,199.19000244140625,200.0399932861328,198.66000366210938,199.9739990234375,5978364
2025-05-05 16:30:00+00:00,199.9600067138672,200.63999938964844,199.67010498046875,200.41000366210938,4884446
2025-05-05 17:30:00+00:00,200.41000366210938,201.08999633789062,200.16000366210938,200.9600067138672,3841975
2025-05-05 18:30:00+00:00,200.9499969482422,201.16000366210938,199.39999389648438,199.39999389648438,5400812
2025-05-05 19:30:00+00:00,199.39999389648438,199.5998992919922,198.5196990966797,198.77000427246094,6786984
2025-05-06 13:30:00+00:00,198.125,199.8800048828125,197.02000427246094,198.91000366210938,16561562
2025-05-06 14:30:00+00:00,198.89999389648438,199.1300048828125,197.85000610351562,199.03500366210938,5182787
2025-05-06 15:30:00+00:00,199.03500366210938,200.6490020751953,198.66000366210938,198.97999572753906,4709429
2025-05-06 16:30:00+00:00,198.97500610351562,200.02000427246094,198.9600067138672,199.4250030517578,3055441
2025-05-06 17:30:00+00:00,199.4499969482422,199.82000732421875,198.69000244140625,199.30499267578125,2836848
2025-05-06 18:30:00+00:00,199.2949981689453,199.85000610351562,199.02000427246094,199.70840454101562,3342061
2025-05-06 19:30:00+00:00,199.72999572753906,200.1699981689453,198.3800048828125,198.41000366210938,4603113
2025-05-07 13:30:00+00:00,198.19000244140625,199.44000244140625,197.35000610351562,199.22000122070312,9871911
2025-05-07 14:30:00+00:00,199.2270050048828,199.39999389648438,193.80999755859375,194.35069274902344,11182870
2025-05-07 15:30:00+00:00,194.36000061035156,195.3699951171875,193.25,194.8699951171875,7971845
2025-05-07 16:30:00+00:00,194.85000610351562,195.77999877929688,194.5749969482422,195.3000030517578,4049885
2025-05-07 17:30:00+00:00,195.32000732421875,195.36000061035156,193.3000030517578,194.00999450683594,5113387
2025-05-07 18:30:00+00:00,193.9969940185547,195.7100067138672,193.83140563964844,194.32000732421875,4886414
2025-05-07 19:30:00+00:00,194.33999633789062,197.4698944091797,194.2899932861328,196.25,6299703
2025-05-08 13:30:00+00:00,197.74000549316406,198.1300048828125,194.67959594726562,195.82000732421875,10449699
2025-05-08 14:30:00+00:00,195.8300018310547,197.8300018310547,195.51499938964844,197.5399932861328,5629546
2025-05-08 15:30:00+00:00,197.52999877929688,200.0498046875,197.30999755859375,199.24000549316406,6698875
2025-05-08 16:30:00+00:00,199.23570251464844,199.99000549316406,199.01010131835938,199.13999938964844,3093141
2025-05-08 17:30:00+00:00,199.13999938964844,199.21200561523438,198.08999633789062,198.63999938964844,3307947
2025-05-08 18:30:00+00:00,198.63999938964844,199.68800354003906,198.4499969482422,199.55999755859375,3714346
2025-05-08 19:30:00+00:00,199.57000732421875,199.6199951171875,197.16400146484375,197.39999389648438,5279543
2025-05-09 13:30:00+00:00,199.0050048828125,200.53990173339844,198.1199951171875,198.360107421875,9737491
2025-05-09 14:30:00+00:00,198.38499450683594,199.17999267578125,197.53500366210938,198.42999267578125,4551929
2025-05-09 15:30:00+00:00,198.4199981689453,199.00999450683594,197.92999267578125,198.13499450683594,2891812
2025-05-09 16:30:00+00:00,198.1300048828125,198.4499969482422,197.60000610351562,198.13999938964844,3054224
2025-05-09 17:30:00+00:00,198.14500427246094,199.0998992919922,197.91000366210938,198.91000366210938,2470206
2025-05-09 18:30:00+00:00,198.94000244140625,199.42999267578125,198.7100067138672,198.77999877929688,2945367
2025-05-09 19:30:00+00:00,198.8000030517578,198.92990112304688,198.34010314941406,198.5399932861328,3474290
2025-05-12 13:30:00+00:00,210.97000122070312,211.26649475097656,206.75,209.16000366210938,23789646
2025-05-12 14:30:00+00:00,209.1699981689453,210.22999572753906,208.1199951171875,208.75999450683594,6318334
2025-05-12 15:30:00+00:00,208.77999877929688,208.9864959716797,208.25,208.72999572753906,3944326
2025-05-12 16:30:00+00:00,208.80990600585938,209.99000549316406,208.70919799804688,209.93499755859375,4323467
2025-05-12 17:30:00+00:00,209.94000244140625,210.9600067138672,209.93499755859375,210.77000427246094,4651025
2025-05-12 18:30:00+00:00,210.77999877929688,211.14999389648438,209.9199981689453,210.0500030517578,4909377
2025-05-12 19:30:00+00:00,210.05999755859375,210.85000610351562,209.9600067138672,210.8300018310547,5815190
2025-05-13 13:30:00+00:00,210.42999267578125,211.6656951904297,209.0800018310547,211.4499969482422,15261368
2025-05-13 14:30:00+00:00,211.44500732421875,211.8800048828125,211.0800018310547,211.38499450683594,4791824
2025-05-13 15:30:00+00:00,211.3975067138672,211.61000061035156,210.47999572753906,211.27999877929688,4186585
2025-05-13 16:30:00+00:00,211.27999877929688,211.94000244140625,210.90980529785156,211.7100067138672,3331068
2025-05-13 17:30:00+00:00,211.7100067138672,212.97000122070312,211.70989990234375,212.4600067138672,4232828
2025-05-13 18:30:00+00:00,212.47520446777344,213.39999389648438,212.0399932861328,213.22999572753906,4652431
2025-05-13 19:30:00+00:00,213.19000244140625,213.36000061035156,212.60499572753906,212.83999633789062,4596157
2025-05-14 13:30:00+00:00,212.4250030517578,213.94000244140625,211.8699951171875,213.2899932861328,12096435
2025-05-14 14:30:00+00:00,213.30499267578125,213.71640014648438,211.88980102539062,212.6199951171875,4921349
2025-05-14 15:30:00+00:00,212.6179962158203,212.8800048828125,211.99000549316406,212.2899932861328,3092741
2025-05-14 16:30:00+00:00,212.2949981689453,212.60000610351562,210.58009338378906,210.9600067138672,4235129
2025-05-14 17:30:00+00:00,210.97000122070312,211.94520568847656,210.9600067138672,211.3699951171875,3051755
2025-05-14 18:30:00+00:00,211.3800048828125,212.0500030517578,210.99000549316406,211.3594970703125,3801274
2025-05-14 19:30:00+00:00,211.33999633789062,212.60000610351562,211.24000549316406,212.41000366210938,6352084
2025-05-15 13:30:00+00:00,210.9949951171875,212.52999877929688,209.5399932861328,210.27499389648438,9925447
2025-05-15 14:30:00+00:00,210.32000732421875,212.8000030517578,210.19000244140625,212.49639892578125,5111525
2025-05-15 15:30:00+00:00,212.5,212.9600067138672,211.41009521484375,211.64169311523438,4296380
2025-05-15 16:30:00+00:00,211.6300048828125,212.27999877929688,211.2100067138672,212.12010192871094,2927204
2025-05-15 17:30:00+00:00,212.1300048828125,212.1300048828125,210.25999450683594,210.6300048828125,3649292
2025-05-15 18:30:00+00:00,210.6300048828125,211.2100067138672,210.3249969482422,210.36000061035156,3629914
2025-05-15 19:30:00+00:00,210.35000610351562,211.4600067138672,210.14999389648438,211.45799255371094,5877104
2025-05-16 13:30:00+00:00,212.32000732421875,212.57000732421875,210.55999755859375,210.60000610351562,15838181
2025-05-16 14:30:00+00:00,210.58999633789062,210.66000366210938,209.77000427246094,210.0800018310547,6777501
2025-05-16 15:30:00+00:00,210.08999633789062,211.14990234375,210.08999633789062,210.9550018310547,3654109
2025-05-16 16:30:00+00:00,210.9600067138672,211.4199981689453,210.6999969482422,211.11000061035156,3241029
2025-05-16 17:30:00+00:00,211.11000061035156,211.74000549316406,210.72999572753906,211.6199951171875,3898429
2025-05-16 18:30:00+00:00,211.6300048828125,211.92999267578125,211.42999267578125,211.72500610351562,3274956
2025-05-16 19:30:00+00:00,211.7100067138672,211.72999572753906,211.11000061035156,211.19000244140625,3920156
2025-05-19 13:30:00+00:00,208.02499389648438,208.27000427246094,204.25999450683594,206.61990356445312,15175611
2025-05-19 14:30:00+00:00,206.61000061035156,208.0399932861328,206.24000549316406,207.3300018310547,5318353
2025-05-19 15:30:00+00:00,207.32000732421875,208.5800018310547,207.27999877929688,208.48260498046875,3033717
2025-05-19 16:30:00+00:00,208.49000549316406,209.47999572753906,208.07000732421875,208.92999267578125,3363890
2025-05-19 17:30:00+00:00,208.92999267578125,209.1999969482422,207.77999877929688,208.02999877929688,3106651
2025-05-19 18:30:00+00:00,208.0500030517578,208.8000030517578,207.9600067138672,208.1273956298828,2702881
2025-05-19 19:30:00+00:00,208.1199951171875,208.92999267578125,208.10000610351562,208.75999450683594,4045825
2025-05-20 13:30:00+00:00,208.0449981689453,208.1436004638672,206.47000122070312,207.84500122070312,9911111
2025-05-20 14:30:00+00:00,207.8300018310547,208.47000122070312,207.22000122070312,207.63429260253906,3762244
2025-05-20 15:30:00+00:00,207.64999389648438,208.42999267578125,207.0500030517578,207.80999755859375,4102805
2025-05-20 16:30:00+00:00,207.80999755859375,208.01539611816406,207.11000061035156,207.3800048828125,2803301
2025-05-20 17:30:00+00:00,207.3699951171875,207.40499877929688,205.47000122070312,205.58999633789062,4199913
2025-05-20 18:30:00+00:00,205.5800018310547,206.41000366210938,205.02999877929688,206.27000427246094,4844502
2025-05-20 19:30:00+00:00,206.27000427246094,206.94000244140625,205.92999267578125,206.8699951171875,3731510
2025-05-21 13:30:00+00:00,205.1199951171875,206.7799072265625,204.05999755859375,205.80999755859375,8941675
2025-05-21 14:30:00+00:00,205.85000610351562,207.0399932861328,205.4761962890625,206.5800018310547,4273571
2025-05-21 15:30:00+00:00,206.57000732421875,206.8699951171875,205.5200958251953,205.63999938964844,3570453
2025-05-21 16:30:00+00:00,205.64999389648438,206.08999633789062,202.02000427246094,202.10000610351562,12405386
2025-05-21 17:30:00+00:00,202.08999633789062,203.34500122070312,201.75999450683594,202.3415069580078,7684596
2025-05-21 18:30:00+00:00,202.32000732421875,202.61000061035156,200.72000122070312,201.0301055908203,7028968
2025-05-21 19:30:00+00:00,201.05999755859375,202.49000549316406,201.0500030517578,202.05999755859375,6085411
2025-05-22 13:30:00+00:00,200.71499633789062,201.63999938964844,199.6999969482422,200.36000061035156,13339867
2025-05-22 14:30:00+00:00,200.3699951171875,201.36000061035156,200.35360717773438,200.9499969482422,5239551
2025-05-22 15:30:00+00:00,200.9499969482422,202.40989685058594,200.86000061035156,201.9499969482422,4473843
2025-05-22 16:30:00+00:00,201.94500732421875,202.0699005126953,201.16000366210938,201.88999938964844,3223269
2025-05-22 17:30:00+00:00,201.8800048828125,202.22000122070312,201.6699981689453,201.97000122070312,3552562
2025-05-22 18:30:00+00:00,201.9600067138672,202.72000122070312,201.64999389648438,202.61000061035156,5071372
2025-05-22 19:30:00+00:00,202.6199951171875,202.64999389648438,201.0,201.3699951171875,5705738
2025-05-23 13:30:00+00:00,193.6649932861328,197.6999969482422,193.4600067138672,197.1699981689453,27970489
2025-05-23 14:30:00+00:00,197.14999389648438,197.3699951171875,195.69000244140625,196.5850067138672,7789566
2025-05-23 15:30:00+00:00,196.58999633789062,197.1199951171875,195.71499633789062,196.05020141601562,6693085
2025-05-23 16:30:00+00:00,196.05079650878906,196.67239379882812,195.63499450683594,196.6199951171875,6093930
2025-05-23 17:30:00+00:00,196.60000610351562,196.60000610351562,195.08999633789062,195.75,7300789
2025-05-23 18:30:00+00:00,195.72000122070312,195.89999389648438,195.02999877929688,195.46240234375,6291505
2025-05-23 19:30:00+00:00,195.4600067138672,195.97000122070312,195.02999877929688,195.33999633789062,8128777
2025-05-27 13:30:00+00:00,198.3000030517578,199.1699981689453,197.42999267578125,198.35000610351562,13343197
2025-05-27 14:30:00+00:00,198.36000061035156,199.3699951171875,198.00999450683594,199.36500549316406,6877187
2025-05-27 15:30:00+00:00,199.36000061035156,200.5800018310547,199.0,199.9949951171875,6493372
2025-05-27 16:30:00+00:00,199.99000549316406,200.64999389648438,199.6699981689453,199.95989990234375,4788957
2025-05-27 17:30:00+00:00,199.9550018310547,200.74000549316406,199.80999755859375,200.3699951171875,4199118
2025-05-27 18:30:00+00:00,200.3800048828125,200.5500030517578,200.19000244140625,200.29440307617188,4344607
2025-05-27 19:30:00+00:00,200.3000030517578,200.47000122070312,199.92999267578125,200.1999969482422,6028688
2025-05-28 13:30:00+00:00,200.67999267578125,202.72999572753906,199.89999389648438,200.75,11384135
2025-05-28 14:30:00+00:00,200.74000549316406,201.30999755859375,200.2100067138672,201.0449981689453,4989502
2025-05-28 15:30:00+00:00,201.0500030517578,201.2899932861328,200.86199951171875,201.10000610351562,2681810
2025-05-28 16:30:00+00:00,201.08999633789062,201.52000427246094,200.8249969482422,201.11000061035156,2692955
2025-05-28 17:30:00+00:00,201.1199951171875,201.25,200.72999572753906,200.85000610351562,2564636
2025-05-28 18:30:00+00:00,200.83999633789062,201.52110290527344,200.32000732421875,201.12860107421875,3702217
2025-05-28 19:30:00+00:00,201.08999633789062,201.39500427246094,200.19500732421875,200.4199981689453,4638874
2025-05-29 13:30:00+00:00,203.27000427246094,203.77999877929688,200.75999450683594,201.13999938964844,13269413
2025-05-29 14:30:00+00:00,201.11000061035156,201.64999389648438,200.5500030517578,200.74000549316406,4965675
2025-05-29 15:30:00+00:00,200.74000549316406,200.8000030517578,198.50999450683594,199.4199981689453,6137020
2025-05-29 16:30:00+00:00,199.39999389648438,200.44960021972656,199.39999389648438,199.97500610351562,3935142
2025-05-29 17:30:00+00:00,199.9600067138672,200.1699981689453,199.0399932861328,199.0399932861328,3863280
2025-05-29 18:30:00+00:00,199.0399932861328,199.57000732421875,198.57000732421875,199.13929748535156,4850814
2025-05-29 19:30:00+00:00,199.125,200.2480010986328,199.0800018310547,199.9499969482422,5888522
2025-05-30 13:30:00+00:00,199.40499877929688,199.57000732421875,197.97000122070312,199.24000549316406,8945068
2025-05-30 14:30:00+00:00,199.22999572753906,199.48500061035156,198.80999755859375,199.30999755859375,3302545
2025-05-30 15:30:00+00:00,199.3000030517578,199.3699951171875,197.55039978027344,197.71499633789062,3638495
2025-05-30 16:30:00+00:00,197.72000122070312,198.1699981689453,196.77999877929688,198.0850067138672,5105841
2025-05-30 17:30:00+00:00,198.0800018310547,199.17999267578125,197.9499969482422,199.1199951171875,3188808
2025-05-30 18:30:00+00:00,199.1199951171875,200.22999572753906,198.9199981689453,200.05059814453125,4653738
2025-05-30 19:30:00+00:00,200.07000732421875,201.9499969482422,199.74009704589844,200.66000366210938,12325548
2025-06-02 13:30:00+00:00,201.625,202.1300048828125,200.1199951171875,200.52999877929688,8866907
2025-06-02 14:30:00+00:00,200.52000427246094,201.99000549316406,200.35000610351562,200.7100067138672,4886322
2025-06-02 15:30:00+00:00,200.72000122070312,201.1186981201172,200.3000030517578,201.02999877929688,3147865
2025-06-02 16:30:00+00:00,201.02999877929688,201.16799926757812,200.57000732421875,200.860107421875,2227466
2025-06-02 17:30:00+00:00,200.86000061035156,201.52999877929688,200.58009338378906,201.45399475097656,2804759
2025-06-02 18:30:00+00:00,201.4499969482422,201.7799072265625,201.13999938964844,201.66000366210938,2805599
2025-06-02 19:30:00+00:00,201.64999389648438,201.80990600585938,201.3000030517578,201.8000030517578,3972829
2025-06-03 13:30:00+00:00,202.13499450683594,203.24000549316406,200.9550018310547,201.74000549316406,10305758
2025-06-03 14:30:00+00:00,201.74000549316406,202.69000244140625,201.52020263671875,202.5,4748287
2025-06-03 15:30:00+00:00,202.52000427246094,203.33999633789062,202.05999755859375,203.05499267578125,4217975
2025-06-03 16:30:00+00:00,203.05999755859375,203.74000549316406,202.72000122070312,203.31460571289062,3820571
2025-06-03 17:30:00+00:00,203.3350067138672,203.77000427246094,202.5,203.09170532226562,3339508
2025-06-03 18:30:00+00:00,203.0800018310547,203.4398956298828,202.99000549316406,203.17999267578125,2991230
2025-06-03 19:30:00+00:00,203.17999267578125,203.4698944091797,202.97999572753906,203.33999633789062,4035108
2025-06-04 13:30:00+00:00,203.4499969482422,206.24000549316406,202.6508026123047,205.13999938964844,12614073
2025-06-04 14:30:00+00:00,205.1199951171875,205.17999267578125,203.99009704589844,204.08999633789062,4439145
2025-06-04 15:30:00+00:00,204.08999633789062,204.60000610351562,202.14999389648438,202.8300018310547,7130175
2025-06-04 16:30:00+00:00,202.82000732421875,203.58999633789062,202.61500549316406,203.4149932861328,2639222
2025-06-04 17:30:00+00:00,203.41200256347656,203.47000122070312,202.85000610351562,203.1199951171875,2609590
2025-06-04 18:30:00+00:00,203.11000061035156,203.25,202.75999450683594,203.19000244140625,3114173
2025-06-04 19:30:00+00:00,203.19000244140625,203.44769287109375,202.75999450683594,202.88699340820312,3543324
2025-06-05 13:30:00+00:00,203.59500122070312,203.83999633789062,201.27000427246094,202.4499969482422,9756368
2025-06-05 14:30:00+00:00,202.4499969482422,204.58999633789062,201.6772003173828,204.54379272460938,6631520
2025-06-05 15:30:00+00:00,204.53500366210938,204.75,202.47999572753906,203.13999938964844,4785035
2025-06-05 16:30:00+00:00,203.13999938964844,203.25,201.5500030517578,202.60009765625,3948935
2025-06-05 17:30:00+00:00,202.60000610351562,202.89999389648438,201.14999389648438,202.2104034423828,3145886
2025-06-05 18:30:00+00:00,202.2100067138672,202.72000122070312,200.1999969482422,200.72999572753906,4825395
2025-06-05 19:30:00+00:00,200.74000549316406,201.77000427246094,200.15960693359375,200.5500030517578,6191418
2025-06-06 13:30:00+00:00,202.9949951171875,205.6999969482422,202.98309326171875,203.66000366210938,11106322
2025-06-06 14:30:00+00:00,203.5399932861328,204.05999755859375,202.860107421875,203.0399932861328,5013154
2025-06-06 15:30:00+00:00,203.02000427246094,203.60000610351562,202.61000061035156,202.625,3205114
2025-06-06 16:30:00+00:00,202.66220092773438,203.77999877929688,202.0500030517578,203.58999633789062,4406812
2025-06-06 17:30:00+00:00,203.60000610351562,205.2100067138672,203.58999633789062,204.98500061035156,4157003
2025-06-06 18:30:00+00:00,204.99000549316406,205.47000122070312,204.68499755859375,204.6999969482422,4253859
2025-06-06 19:30:00+00:00,204.69000244140625,205.22000122070312,203.89500427246094,203.92999267578125,5842274
2025-06-09 13:30:00+00:00,204.39999389648438,206.0,203.97999572753906,205.32000732421875,10204602
2025-06-09 14:30:00+00:00,205.3000030517578,205.74000549316406,204.50999450683594,204.52999877929688,4646532
2025-06-09 15:30:00+00:00,204.5301055908203,204.91000366210938,203.72999572753906,203.92880249023438,4660532
2025-06-09 16:30:00+00:00,203.92999267578125,205.29989624023438,200.02000427246094,200.72000122070312,14949524
2025-06-09 17:30:00+00:00,200.7100067138672,202.66769409179688,200.02999877929688,201.4600067138672,13053525
2025-06-09 18:30:00+00:00,201.42999267578125,201.6999969482422,200.6300048828125,201.25,8620350
2025-06-09 19:30:00+00:00,201.2100067138672,202.35499572753906,200.88999938964844,201.44000244140625,7398849
2025-06-10 13:30:00+00:00,200.60000610351562,203.35690307617188,200.57000732421875,202.8699951171875,13200692
2025-06-10 14:30:00+00:00,202.86000061035156,204.35000610351562,202.72999572753906,203.31500244140625,6624997
2025-06-10 15:30:00+00:00,203.32000732421875,203.32000732421875,202.3000946044922,202.53880310058594,4294134
2025-06-10 16:30:00+00:00,202.52999877929688,202.76300048828125,201.75,201.75999450683594,4163222
2025-06-10 17:30:00+00:00,201.77499389648438,202.10000610351562,201.30999755859375,201.6999969482422,5126577
2025-06-10 18:30:00+00:00,201.69000244140625,203.22500610351562,201.60000610351562,202.82000732421875,4955808
2025-06-10 19:30:00+00:00,202.82110595703125,202.97500610351562,202.3300018310547,202.75,4081286
2025-06-11 13:30:00+00:00,203.47000122070312,204.5,202.3300018310547,202.76010131835938,10386969
2025-06-11 14:30:00+00:00,202.75999450683594,202.77000427246094,200.91000366210938,200.94000244140625,7233304
2025-06-11 15:30:00+00:00,200.89500427246094,201.1699981689453,199.65960693359375,200.2071075439453,10232286
2025-06-11 16:30:00+00:00,200.19070434570312,201.2364959716797,200.18499755859375,200.91000366210938,5829259
2025-06-11 17:30:00+00:00,200.90499877929688,200.98500061035156,198.7100067138672,199.23919677734375,6328313
2025-06-11 18:30:00+00:00,199.22000122070312,199.60000610351562,198.6199951171875,198.97999572753906,6509313
2025-06-11 19:30:00+00:00,198.9499969482422,199.125,198.41000366210938,198.85000610351562,6085149
2025-06-12 13:30:00+00:00,199.0800018310547,199.38999938964844,197.360107421875,198.0666961669922,10588317
2025-06-12 14:30:00+00:00,198.0800018310547,198.9250030517578,197.86270141601562,198.14999389648438,5324558
2025-06-12 15:30:00+00:00,198.13369750976562,198.63999938964844,197.7550048828125,198.58999633789062,3767271
2025-06-12 16:30:00+00:00,198.5800018310547,199.44000244140625,198.2100067138672,199.25999450683594,4180542
2025-06-12 17:30:00+00:00,199.25999450683594,199.67990112304688,198.6696014404297,198.75,3327745
2025-06-12 18:30:00+00:00,198.75999450683594,199.0500030517578,198.5449981689453,198.88499450683594,3064478
2025-06-12 19:30:00+00:00,198.8800048828125,199.1999969482422,198.39999389648438,199.1999969482422,3810648
2025-06-13 13:30:00+00:00,199.50999450683594,200.3699951171875,195.91000366210938,196.15499877929688,14838318
2025-06-13 14:30:00+00:00,196.13999938964844,197.63999938964844,195.97999572753906,197.50999450683594,5870070
2025-06-13 15:30:00+00:00,197.52000427246094,198.04750061035156,197.2100067138672,197.27000427246094,4078021
2025-06-13 16:30:00+00:00,197.2899932861328,197.57000732421875,196.9199981689453,197.27000427246094,3611125
2025-06-13 17:30:00+00:00,197.25,197.7100067138672,196.22000122070312,196.2779998779297,4012087
2025-06-13 18:30:00+00:00,196.25999450683594,196.63999938964844,195.80999755859375,196.22000122070312,5166232
2025-06-13 19:30:00+00:00,196.24000549316406,196.69000244140625,195.77000427246094,196.4499969482422,5657582
2025-06-16 13:30:00+00:00,197.2899932861328,198.68499755859375,196.5635986328125,198.42999267578125,10592906
2025-06-16 14:30:00+00:00,198.43499755859375,198.66000366210938,197.1649932861328,197.31500244140625,5091014
2025-06-16 15:30:00+00:00,197.30999755859375,197.6300048828125,196.875,197.0800018310547,4269679
2025-06-16 16:30:00+00:00,197.10000610351562,197.9550018310547,197.02000427246094,197.875,2678380
2025-06-16 17:30:00+00:00,197.88499450683594,198.19000244140625,197.77000427246094,197.9886932373047,3200825
2025-06-16 18:30:00+00:00,197.99000549316406,198.39999389648438,197.66000366210938,198.2449951171875,3569146
2025-06-16 19:30:00+00:00,198.2449951171875,198.49000549316406,197.92999267578125,198.3699951171875,4718967
2025-06-17 13:30:00+00:00,197.25,197.92999267578125,196.2550048828125,197.5800018310547,7902396
2025-06-17 14:30:00+00:00,197.58299255371094,197.7899932861328,197.3249969482422,197.5800018310547,3367583
2025-06-17 15:30:00+00:00,197.58999633789062,198.38890075683594,197.4600067138672,197.61500549316406,3514424
2025-06-17 16:30:00+00:00,197.61000061035156,197.845703125,196.46499633789062,196.52000427246094,4473741
2025-06-17 17:30:00+00:00,196.50999450683594,196.82000732421875,195.2100067138672,195.4600067138672,4011630
2025-06-17 18:30:00+00:00,195.47999572753906,195.94000244140625,195.42030334472656,195.83999633789062,3616427
2025-06-17 19:30:00+00:00,195.85000610351562,195.88499450683594,195.4409942626953,195.63999938964844,4321581
2025-06-18 13:30:00+00:00,195.9199981689453,197.50999450683594,195.07000732421875,197.06019592285156,8663131
2025-06-18 14:30:00+00:00,197.11000061035156,197.57000732421875,196.63499450683594,196.94000244140625,3977500
2025-06-18 15:30:00+00:00,196.85000610351562,197.22999572753906,196.50030517578125,196.9508056640625,2676891
2025-06-18 16:30:00+00:00,196.94000244140625,197.02000427246094,196.0500030517578,196.05999755859375,2527979
2025-06-18 17:30:00+00:00,196.07000732421875,196.97999572753906,195.6300048828125,195.91000366210938,3683814
2025-06-18 18:30:00+00:00,195.9199981689453,196.4499969482422,195.11000061035156,195.63999938964844,5009904
2025-06-18 19:30:00+00:00,195.6300048828125,197.11000061035156,195.46600341796875,196.25,7662210
2025-06-20 13:30:00+00:00,198.23500061035156,200.94000244140625,197.52999877929688,198.67999267578125,26036367
2025-06-20 14:30:00+00:00,198.69000244140625,198.69000244140625,196.85960388183594,197.6699981689453,6560590
2025-06-20 15:30:00+00:00,197.7100067138672,198.86000061035156,197.6999969482422,198.49000549316406,4287672
2025-06-20 16:30:00+00:00,198.49000549316406,199.3699951171875,198.27000427246094,198.32000732421875,4286863
2025-06-20 17:30:00+00:00,198.32000732421875,200.19000244140625,198.07000732421875,199.80999755859375,5317209
2025-06-20 18:30:00+00:00,199.82000732421875,200.33670043945312,199.60009765625,199.92999267578125,7927637
2025-06-20 19:30:00+00:00,199.9199981689453,201.6999969482422,199.77000427246094,200.94000244140625,10755124
2025-06-23 13:30:00+00:00,201.53199768066406,202.3000030517578,199.94000244140625,201.37179565429688,12829209
2025-06-23 14:30:00+00:00,201.3800048828125,201.58999633789062,200.22500610351562,200.52999877929688,5321162
2025-06-23 15:30:00+00:00,200.3300018310547,200.52000427246094,199.50999450683594,200.1396026611328,4993482
2025-06-23 16:30:00+00:00,200.13999938964844,201.52000427246094,198.9600067138672,201.43899536132812,4894801
2025-06-23 17:30:00+00:00,201.4600067138672,202.24000549316406,201.0800018310547,201.69000244140625,6635454
2025-06-23 18:30:00+00:00,201.6699981689453,201.8968048095703,201.0507049560547,201.36019897460938,4184558
2025-06-23 19:30:00+00:00,201.35000610351562,201.83999633789062,201.13499450683594,201.5500030517578,3965279
2025-06-24 13:30:00+00:00,201.60000610351562,202.6699981689453,200.1999969482422,200.9822998046875,12508328
2025-06-24 14:30:00+00:00,200.99000549316406,201.5800018310547,200.7404022216797,201.3800048828125,4685578
2025-06-24 15:30:00+00:00,201.4600067138672,202.56500244140625,201.24000549316406,202.4499969482422,4724128
2025-06-24 16:30:00+00:00,202.45150756835938,203.44000244140625,201.94000244140625,201.9600067138672,6930517
2025-06-24 17:30:00+00:00,201.9600067138672,202.3300018310547,201.30999755859375,201.57000732421875,4599071
2025-06-24 18:30:00+00:00,201.5800018310547,202.01499938964844,201.30499267578125,201.52999877929688,5015277
2025-06-24 19:30:00+00:00,201.53500366210938,201.5998992919922,200.27000427246094,200.2899932861328,7488205
2025-06-25 13:30:00+00:00,201.4199981689453,203.66000366210938,201.1999969482422,202.44000244140625,10894360
2025-06-25 14:30:00+00:00,202.44000244140625,203.1750030517578,201.99000549316406,202.10000610351562,5914874
2025-06-25 15:30:00+00:00,202.10499572753906,202.1699981689453,201.39999389648438,201.8699951171875,3571019
2025-06-25 16:30:00+00:00,201.8800048828125,202.17970275878906,201.08999633789062,201.13999938964844,2830902
2025-06-25 17:30:00+00:00,201.13999938964844,201.27999877929688,200.62010192871094,201.01539611816406,3158873
2025-06-25 18:30:00+00:00,201.02000427246094,201.5,200.9499969482422,201.15980529785156,3073812
2025-06-25 19:30:00+00:00,201.13999938964844,201.6199951171875,200.88499450683594,201.60000610351562,4058748
2025-06-26 13:30:00+00:00,202.35000610351562,202.61500549316406,199.64999389648438,199.75,11861101
2025-06-26 14:30:00+00:00,199.74000549316406,200.50999450683594,199.6199951171875,199.69000244140625,6026822
2025-06-26 15:30:00+00:00,199.7100067138672,200.7899932861328,199.4600067138672,200.122802734375,4778323
2025-06-26 16:30:00+00:00,200.13780212402344,200.27000427246094,199.63499450683594,200.24000549316406,4568502
2025-06-26 17:30:00+00:00,200.25,201.36000061035156,199.97500610351562,200.97999572753906,5027751
2025-06-26 18:30:00+00:00,200.99000549316406,201.17869567871094,200.75,201.1750030517578,3971689
2025-06-26 19:30:00+00:00,201.17520141601562,201.55999755859375,200.7899932861328,200.94000244140625,5945620
2025-06-27 13:30:00+00:00,201.89500427246094,203.22000122070312,201.25999450683594,201.58009338378906,11392916
2025-06-27 14:30:00+00:00,201.58999633789062,201.9501953125,200.85499572753906,201.38180541992188,6069609
2025-06-27 15:30:00+00:00,201.39999389648438,202.0500030517578,201.38999938964844,201.99000549316406,4142671
2025-06-27 16:30:00+00:00,201.99000549316406,202.6999969482422,201.72999572753906,202.0800018310547,4499910
2025-06-27 17:30:00+00:00,202.0800018310547,202.11000061035156,200.92999267578125,201.44000244140625,5147746
2025-06-27 18:30:00+00:00,201.4499969482422,201.52000427246094,200.7899932861328,201.125,5338193
2025-06-27 19:30:00+00:00,201.1300048828125,201.27000427246094,200.22000122070312,201.10000610351562,6326536
2025-06-30 13:30:00+00:00,202.00999450683594,202.19000244140625,200.35240173339844,201.00990295410156,9942898
2025-06-30 14:30:00+00:00,201.0050048828125,201.32000732421875,199.59010314941406,199.97000122070312,7348749
2025-06-30 15:30:00+00:00,199.98919677734375,200.4199981689453,199.8000030517578,200.3249969482422,4709275
2025-06-30 16:30:00+00:00,200.30999755859375,200.47999572753906,199.84500122070312,200.15499877929688,4227066
2025-06-30 17:30:00+00:00,200.15499877929688,200.8300018310547,199.89999389648438,200.69500732421875,3674697
2025-06-30 18:30:00+00:00,200.69509887695312,207.08999633789062,199.2606964111328,206.58560180664062,26910135
2025-06-30 19:30:00+00:00,206.5500030517578,207.38999938964844,205.0500030517578,205.1199951171875,13956446
2025-07-01 13:30:00+00:00,206.6649932861328,209.8300018310547,206.14010620117188,209.54010009765625,26727051
2025-07-01 14:30:00+00:00,209.5500946044922,210.18649291992188,207.47000122070312,207.9499969482422,15475523
2025-07-01 15:30:00+00:00,207.9600067138672,208.18499755859375,206.7899932861328,207.875,7412772
2025-07-01 16:30:00+00:00,207.8699951171875,208.52999877929688,207.10000610351562,208.1103057861328,6007346
2025-07-01 17:30:00+00:00,208.1199951171875,208.4199981689453,207.61000061035156,208.2100067138672,4747947
2025-07-01 18:30:00+00:00,208.2100067138672,208.42990112304688,207.375,208.19000244140625,5033918
2025-07-01 19:30:00+00:00,208.18499755859375,208.22999572753906,207.51499938964844,207.86000061035156,5286012
2025-07-02 13:30:00+00:00,209.0800018310547,213.33999633789062,208.2760009765625,212.3000030517578,24809075
2025-07-02 14:30:00+00:00,212.27999877929688,212.85000610351562,211.4199981689453,211.47500610351562,8338925
2025-07-02 15:30:00+00:00,211.49000549316406,212.00999450683594,210.86000061035156,210.92030334472656,6059046
2025-07-02 16:30:00+00:00,210.9199981689453,211.3300018310547,210.22000122070312,210.81809997558594,5032781
2025-07-02 17:30:00+00:00,210.80999755859375,211.77000427246094,210.74000549316406,211.58999633789062,3704293
2025-07-02 18:30:00+00:00,211.5749969482422,212.9600067138672,211.3699951171875,211.88999938964844,7090087
2025-07-02 19:30:00+00:00,212.0500030517578,212.75,211.9499969482422,212.41000366210938,6193408
2025-07-03 13:30:00+00:00,212.14500427246094,213.85989379882812,211.8101043701172,213.73500061035156,11914855
2025-07-03 14:30:00+00:00,213.74000549316406,214.4600067138672,213.0399932861328,213.8800048828125,8989319
2025-07-03 15:30:00+00:00,213.889892578125,214.64999389648438,213.6699981689453,214.10000610351562,5268462
2025-07-07 13:30:00+00:00,212.67999267578125,216.22999572753906,211.80999755859375,212.36000061035156,13506133
2025-07-07 14:30:00+00:00,212.3699951171875,212.60000610351562,211.60000610351562,212.0399932861328,4497654
2025-07-07 15:30:00+00:00,212.1199951171875,212.1999969482422,210.3800048828125,210.8365020751953,4843940
2025-07-07 16:30:00+00:00,210.83900451660156,211.16990661621094,209.52000427246094,209.67039489746094,5039814
2025-07-07 17:30:00+00:00,209.6699981689453,210.5,208.91000366210938,208.94039916992188,4210639
2025-07-07 18:30:00+00:00,208.94000244140625,210.07000732421875,208.8000030517578,209.4499969482422,4388321
2025-07-07 19:30:00+00:00,209.4600067138672,210.25,209.19000244140625,209.94000244140625,4768433
2025-07-08 13:30:00+00:00,210.1300048828125,210.49000549316406,208.4499969482422,209.27999877929688,9381795
2025-07-08 14:30:00+00:00,209.28500366210938,211.42999267578125,209.25999450683594,209.87069702148438,5854284
2025-07-08 15:30:00+00:00,209.8800048828125,211.18499755859375,209.77999877929688,210.8300018310547,3759768
2025-07-08 16:30:00+00:00,210.83999633789062,210.88999938964844,209.5,209.8350067138672,3725509
2025-07-08 17:30:00+00:00,209.83999633789062,210.25999450683594,209.32000732421875,209.94500732421875,2881574
2025-07-08 18:30:00+00:00,209.9499969482422,210.0449981689453,209.40499877929688,209.60499572753906,2636682
2025-07-08 19:30:00+00:00,209.58999633789062,210.33999633789062,209.3000030517578,210.03500366210938,5121140
2025-07-09 13:30:00+00:00,209.52999877929688,210.89999389648438,209.35000610351562,209.91000366210938,8992949
2025-07-09 14:30:00+00:00,209.88999938964844,209.89999389648438,207.22000122070312,207.80499267578125,8309318
2025-07-09 15:30:00+00:00,207.80999755859375,208.22000122070312,207.26589965820312,207.8000030517578,4676493
2025-07-09 16:30:00+00:00,207.81039428710938,209.0449981689453,207.57139587402344,208.9156036376953,3964765
2025-07-09 17:30:00+00:00,208.9149932861328,209.97999572753906,208.72000122070312,209.7324981689453,4016622
2025-07-09 18:30:00+00:00,209.7449951171875,210.19000244140625,209.6199951171875,209.88999938964844,3710492
2025-07-09 19:30:00+00:00,209.8800048828125,211.3300018310547,209.72999572753906,211.11000061035156,6191235
2025-07-10 13:30:00+00:00,210.5050048828125,212.29989624023438,210.1199951171875,212.00999450683594,9591288
2025-07-10 14:30:00+00:00,212.02999877929688,213.47999572753906,211.89999389648438,212.97999572753906,8759012
2025-07-10 15:30:00+00:00,212.99000549316406,213.17999267578125,211.8300018310547,212.0800018310547,4598153
2025-07-10 16:30:00+00:00,212.07000732421875,212.77999877929688,211.85000610351562,212.6199951171875,3384939
2025-07-10 17:30:00+00:00,212.61000061035156,213.16000366210938,212.30999755859375,212.60000610351562,3025386
2025-07-10 18:30:00+00:00,212.5948944091797,213.4499969482422,212.57000732421875,212.5749969482422,3341074
2025-07-10 19:30:00+00:00,212.5800018310547,213.02000427246094,212.08999633789062,212.4199981689453,4470431
2025-07-11 13:30:00+00:00,210.56500244140625,212.1300048828125,209.86000061035156,211.7899932861328,8592173
2025-07-11 14:30:00+00:00,211.7899932861328,211.7899932861328,210.47999572753906,210.8249969482422,4031708
2025-07-11 15:30:00+00:00,210.8300018310547,211.2100067138672,210.46499633789062,210.63499450683594,3418923
2025-07-11 16:30:00+00:00,210.6199951171875,211.2899932861328,210.4499969482422,211.1649932861328,2805663
2025-07-11 17:30:00+00:00,211.15499877929688,211.65980529785156,210.97999572753906,211.40499877929688,2380669
2025-07-11 18:30:00+00:00,211.41000366210938,211.51699829101562,210.6199951171875,211.16000366210938,2371782
2025-07-11 19:30:00+00:00,211.1300048828125,211.39999389648438,211.029296875,211.0749969482422,4157903
2025-07-14 13:30:00+00:00,209.90899658203125,210.91000366210938,207.5399932861328,208.02999877929688,11410322
2025-07-14 14:30:00+00:00,208.02999877929688,208.89169311523438,207.8249969482422,208.76499938964844,4099030
2025-07-14 15:30:00+00:00,208.77000427246094,209.17999267578125,208.55999755859375,208.8406982421875,3442253
2025-07-14 16:30:00+00:00,208.85000610351562,209.3300018310547,208.76019287109375,209.0,2496708
2025-07-14 17:30:00+00:00,209.0133056640625,209.4499969482422,208.96080017089844,209.0,2387557
2025-07-14 18:30:00+00:00,209.0,209.4073028564453,208.87010192871094,209.1999053955078,3211653
2025-07-14 19:30:00+00:00,209.1699981689453,209.19000244140625,208.52000427246094,208.5399932861328,4180894
2025-07-15 13:30:00+00:00,209.14999389648438,211.1300048828125,208.9199981689453,210.1699981689453,9804649
2025-07-15 14:30:00+00:00,210.13999938964844,211.42999267578125,209.19769287109375,211.42999267578125,5300718
2025-07-15 15:30:00+00:00,211.42999267578125,211.88999938964844,210.36000061035156,210.67999267578125,4617922
2025-07-15 16:30:00+00:00,210.69500732421875,211.07000732421875,210.3800048828125,210.67269897460938,2111068
2025-07-15 17:30:00+00:00,210.68499755859375,211.6699981689453,210.66000366210938,211.375,2756121
2025-07-15 18:30:00+00:00,211.38890075683594,211.47999572753906,209.9600067138672,210.17999267578125,3943223
2025-07-15 19:30:00+00:00,210.2030029296875,210.2899932861328,208.99000549316406,209.00999450683594,3872873
2025-07-16 13:30:00+00:00,210.2899932861328,212.39999389648438,209.91050720214844,212.0850067138672,11863740
2025-07-16 14:30:00+00:00,212.11000061035156,212.1844940185547,209.2899932861328,210.1199951171875,6716190
2025-07-16 15:30:00+00:00,210.1488037109375,210.5,208.63999938964844,209.58999633789062,5283557
2025-07-16 16:30:00+00:00,209.60000610351562,210.947998046875,209.3699951171875,210.35000610351562,2958239
2025-07-16 17:30:00+00:00,210.33999633789062,210.63189697265625,209.87100219726562,210.0384979248047,2325549
2025-07-16 18:30:00+00:00,210.0399932861328,210.58509826660156,210.0399932861328,210.3249969482422,2064165
2025-07-16 19:30:00+00:00,210.32000732421875,210.6365966796875,209.97000122070312,210.22000122070312,4310071
2025-07-17 13:30:00+00:00,210.625,211.00999450683594,209.58999633789062,209.9499969482422,9963627
2025-07-17 14:30:00+00:00,209.94000244140625,210.8300018310547,209.77000427246094,210.44000244140625,4483480
2025-07-17 15:30:00+00:00,210.4499969482422,211.4499969482422,210.10499572753906,211.38999938964844,5714933
2025-07-17 16:30:00+00:00,211.38890075683594,211.50999450683594,210.7899932861328,210.9550018310547,3852173
2025-07-17 17:30:00+00:00,210.9499969482422,211.8000030517578,210.9001007080078,211.27999877929688,5287499
2025-07-17 18:30:00+00:00,211.27999877929688,211.27999877929688,210.77999877929688,210.9949951171875,4445454
2025-07-17 19:30:00+00:00,210.99989318847656,211.0500030517578,209.74000549316406,210.06100463867188,7016080
2025-07-18 13:30:00+00:00,210.7550048828125,211.00999450683594,209.70449829101562,209.9542999267578,15729684
2025-07-18 14:30:00+00:00,209.9600067138672,211.00999450683594,209.77000427246094,210.85000610351562,4957360
2025-07-18 15:30:00+00:00,210.85499572753906,211.1300048828125,210.67999267578125,211.00999450683594,3993353
2025-07-18 16:30:00+00:00,211.02000427246094,211.7899932861328,210.8800048828125,211.19000244140625,3840387
2025-07-18 17:30:00+00:00,211.17999267578125,211.5399932861328,210.75999450683594,210.93499755859375,3054294
2025-07-18 18:30:00+00:00,210.92999267578125,211.19500732421875,210.7899932861328,210.9499969482422,2639727
2025-07-18 19:30:00+00:00,210.94000244140625,211.34500122070312,210.8300018310547,211.22000122070312,4433304
2025-07-21 13:30:00+00:00,212.0500030517578,215.77999877929688,211.64089965820312,214.64500427246094,19931497
2025-07-21 14:30:00+00:00,214.63999938964844,214.7100067138672,212.8699951171875,213.47000122070312,7487806
2025-07-21 15:30:00+00:00,213.4600067138672,213.7100067138672,213.16000366210938,213.31959533691406,3139375
2025-07-21 16:30:00+00:00,213.31500244140625,213.86000061035156,213.13999938964844,213.67999267578125,2907043
2025-07-21 17:30:00+00:00,213.66000366210938,213.7100067138672,212.50999450683594,213.25999450683594,4055325
2025-07-21 18:30:00+00:00,213.268798828125,213.42999267578125,212.50999450683594,212.5800018310547,2890224
2025-07-21 19:30:00+00:00,212.5800018310547,212.71859741210938,212.07000732421875,212.5399932861328,3808451
2025-07-22 13:30:00+00:00,213.23500061035156,214.02999877929688,212.2301025390625,213.2655029296875,12377510
2025-07-22 14:30:00+00:00,213.25999450683594,213.69000244140625,212.72000122070312,213.477294921875,4721399
2025-07-22 15:30:00+00:00,213.47000122070312,213.82000732421875,212.75999450683594,213.27999877929688,5611485
2025-07-22 16:30:00+00:00,213.24000549316406,214.47999572753906,212.83999633789062,214.41119384765625,4068346
2025-07-22 17:30:00+00:00,214.39999389648438,214.42340087890625,213.44000244140625,213.7100067138672,3620984
2025-07-22 18:30:00+00:00,213.7100067138672,214.41990661621094,213.7100067138672,214.18499755859375,3749973
2025-07-22 19:30:00+00:00,214.17999267578125,214.64500427246094,213.92999267578125,214.38999938964844,4788294
2025-07-23 13:30:00+00:00,215.0449981689453,215.10000610351562,212.41000366210938,212.9351043701172,13479209
2025-07-23 14:30:00+00:00,212.9499053955078,213.1699981689453,212.5,213.14999389648438,4588657
2025-07-23 15:30:00+00:00,213.14999389648438,213.80999755859375,212.64999389648438,213.5,4465099
2025-07-23 16:30:00+00:00,213.5,214.22850036621094,213.36000061035156,214.125,2552446
2025-07-23 17:30:00+00:00,214.1199951171875,214.63499450683594,214.07000732421875,214.40499877929688,4350901
2025-07-23 18:30:00+00:00,214.40499877929688,214.69500732421875,213.94000244140625,214.13999938964844,3541364
2025-07-23 19:30:00+00:00,214.14500427246094,214.30999755859375,213.61000061035156,214.30999755859375,4190088
2025-07-24 13:30:00+00:00,214.05999755859375,215.69000244140625,213.52999877929688,214.4600067138672,11740713
2025-07-24 14:30:00+00:00,214.4499969482422,215.35000610351562,214.05960083007812,215.25999450683594,6108820
2025-07-24 15:30:00+00:00,215.2615966796875,215.49000549316406,214.1999969482422,214.33999633789062,4945138
2025-07-24 16:30:00+00:00,214.33999633789062,215.1999969482422,214.27999877929688,214.7899932861328,2987772
2025-07-24 17:30:00+00:00,214.7899932861328,215.1999969482422,214.55999755859375,214.73500061035156,2538966
2025-07-24 18:30:00+00:00,214.73890686035156,215.02000427246094,214.3300018310547,214.80999755859375,3138944
2025-07-24 19:30:00+00:00,214.81100463867188,214.94000244140625,213.72000122070312,213.75999450683594,5843431
2025-07-25 13:30:00+00:00,214.6999969482422,214.86000061035156,213.74000549316406,214.58529663085938,10049767
2025-07-25 14:30:00+00:00,214.58999633789062,215.24000549316406,214.2100067138672,214.50999450683594,5133351
2025-07-25 15:30:00+00:00,214.5850067138672,214.63999938964844,214.0500030517578,214.3896026611328,5205668
2025-07-25 16:30:00+00:00,214.38999938964844,214.58999633789062,214.0399932861328,214.1699981689453,2636543
2025-07-25 17:30:00+00:00,214.17039489746094,214.50999450683594,213.82000732421875,213.88999938964844,3060915
2025-07-25 18:30:00+00:00,213.91000366210938,214.00999450683594,213.39999389648438,213.5,2957957
2025-07-25 19:30:00+00:00,213.5050048828125,214.0,213.49000549316406,213.9600067138672,4400863
2025-07-28 13:30:00+00:00,214.02999877929688,214.74000549316406,213.5800018310547,214.52000427246094,7838862
2025-07-28 14:30:00+00:00,214.53500366210938,214.84500122070312,214.12229919433594,214.43499755859375,3872401
2025-07-28 15:30:00+00:00,214.44000244140625,214.75,214.2899932861328,214.5399932861328,2571343
2025-07-28 16:30:00+00:00,214.53500366210938,214.5749969482422,213.4149932861328,213.64500427246094,3975039
2025-07-28 17:30:00+00:00,213.63499450683594,214.02000427246094,213.6199951171875,213.8000030517578,2392173
2025-07-28 18:30:00+00:00,213.82000732421875,213.8300018310547,213.05999755859375,213.42999267578125,4397176
2025-07-28 19:30:00+00:00,213.4199981689453,214.0500030517578,213.32000732421875,214.0399932861328,3976187
2025-07-29 13:30:00+00:00,214.16000366210938,214.80999755859375,211.50999450683594,213.0500030517578,11789728
2025-07-29 14:30:00+00:00,213.0399932861328,213.24830627441406,211.88999938964844,211.89999389648438,5404192
2025-07-29 15:30:00+00:00,211.88099670410156,212.92999267578125,211.6999969482422,212.0,4842502
2025-07-29 16:30:00+00:00,211.99000549316406,212.38999938964844,210.8249969482422,212.1999969482422,4558639
2025-07-29 17:30:00+00:00,212.2100067138672,212.38999938964844,211.81500244140625,211.9600067138672,3024877
2025-07-29 18:30:00+00:00,211.96499633789062,212.44000244140625,211.60000610351562,211.88999938964844,3376083
2025-07-29 19:30:00+00:00,211.88999938964844,211.91000366210938,211.05450439453125,211.35000610351562,4836491
2025-07-30 13:30:00+00:00,211.89500427246094,212.38999938964844,210.02000427246094,210.61000061035156,7424119
2025-07-30 14:30:00+00:00,210.6199951171875,210.72000122070312,209.6199951171875,209.71499633789062,3733727
2025-07-30 15:30:00+00:00,209.72000122070312,210.4199981689453,209.57000732421875,210.1199951171875,2767617
2025-07-30 16:30:00+00:00,210.11000061035156,210.1699981689453,209.32000732421875,209.75650024414062,2841873
2025-07-30 17:30:00+00:00,209.75,210.14990234375,209.47999572753906,209.85499572753906,3212089
2025-07-30 18:30:00+00:00,209.85499572753906,210.13999938964844,207.72000122070312,208.52000427246094,5902392
2025-07-30 19:30:00+00:00,208.50999450683594,209.10989379882812,208.1300048828125,209.02000427246094,4190797
2025-07-31 13:30:00+00:00,208.3800048828125,209.68150329589844,207.8249969482422,208.8424072265625,11337524
2025-07-31 14:30:00+00:00,208.86000061035156,209.5500030517578,208.07000732421875,208.28280639648438,6709067
2025-07-31 15:30:00+00:00,208.27000427246094,209.0,208.1699981689453,208.95449829101562,4492059
2025-07-31 16:30:00+00:00,208.9499969482422,209.83999633789062,208.5,208.6649932861328,5149802
2025-07-31 17:30:00+00:00,208.6649932861328,208.9199981689453,207.58999633789062,208.61000061035156,5001721
2025-07-31 18:30:00+00:00,208.61000061035156,209.38429260253906,208.49000549316406,208.5699005126953,6029902
2025-07-31 19:30:00+00:00,208.57000732421875,208.85000610351562,207.16000366210938,207.61000061035156,8246453
2025-08-01 13:30:00+00:00,210.83999633789062,213.5800018310547,204.3699951171875,205.36000061035156,29330279
2025-08-01 14:30:00+00:00,205.3300018310547,205.72999572753906,203.07000732421875,203.44000244140625,11748154
2025-08-01 15:30:00+00:00,203.4199981689453,204.58999633789062,202.64999389648438,202.75,9260890
2025-08-01 16:30:00+00:00,202.75999450683594,203.2895050048828,201.5,201.9824981689453,8501358
2025-08-01 17:30:00+00:00,201.9801025390625,203.72999572753906,201.63009643554688,203.5500030517578,8026633
2025-08-01 18:30:00+00:00,203.5500030517578,204.32119750976562,202.89999389648438,203.19000244140625,7684390
2025-08-01 19:30:00+00:00,203.17999267578125,203.24000549316406,202.1699981689453,202.27000427246094,8416967
2025-08-04 13:30:00+00:00,204.5050048828125,206.83999633789062,204.19500732421875,206.75999450683594,13367550
2025-08-04 14:30:00+00:00,206.75999450683594,207.8800048828125,205.74000549316406,205.77000427246094,8818623
2025-08-04 15:30:00+00:00,205.75999450683594,205.8800048828125,203.92999267578125,203.93499755859375,5759426
2025-08-04 16:30:00+00:00,203.94000244140625,204.47999572753906,203.86500549316406,204.14999389648438,5046794
2025-08-04 17:30:00+00:00,204.13999938964844,204.22000122070312,203.41000366210938,203.42999267578125,4659225
2025-08-04 18:30:00+00:00,203.44000244140625,203.52999877929688,202.07000732421875,202.3249969482422,10594574
2025-08-04 19:30:00+00:00,202.3300018310547,203.4499969482422,201.6750030517578,203.33999633789062,8673869
2025-08-05 13:30:00+00:00,203.43499755859375,204.55499267578125,202.16000366210938,204.52999877929688,9812948
2025-08-05 14:30:00+00:00,204.53500366210938,205.33999633789062,203.90499877929688,204.6300048828125,6466189
2025-08-05 15:30:00+00:00,204.6199951171875,204.69000244140625,203.44000244140625,203.7100067138672,3782674
2025-08-05 16:30:00+00:00,203.7100067138672,204.1699981689453,203.08999633789062,204.03500366210938,3720976
2025-08-05 17:30:00+00:00,204.0500030517578,204.3000030517578,203.75999450683594,203.8699951171875,2677706
2025-08-05 18:30:00+00:00,203.86000061035156,203.97000122070312,203.19009399414062,203.3350067138672,3354757
2025-08-05 19:30:00+00:00,203.33999633789062,203.41000366210938,202.6699981689453,202.92999267578125,3784751
2025-08-06 13:30:00+00:00,205.60000610351562,211.14999389648438,205.58999633789062,210.75999450683594,23760541
2025-08-06 14:30:00+00:00,210.75999450683594,214.33999633789062,210.6300048828125,214.22500610351562,15618173
2025-08-06 15:30:00+00:00,214.22500610351562,214.99000549316406,213.6699981689453,214.49989318847656,15397308
2025-08-06 16:30:00+00:00,214.5196990966797,214.8699951171875,213.86900329589844,214.5399932861328,7331995
2025-08-06 17:30:00+00:00,214.51499938964844,215.3800048828125,214.08999633789062,214.6024932861328,8218314
2025-08-06 18:30:00+00:00,214.61000061035156,214.7949981689453,213.75,213.875,7181809
2025-08-06 19:30:00+00:00,213.88499450683594,214.4199981689453,212.80999755859375,213.25,9553119
2025-08-07 13:30:00+00:00,218.875,220.3300018310547,216.5800018310547,218.27000427246094,30765656
2025-08-07 14:30:00+00:00,218.05999755859375,220.1300048828125,217.64999389648438,219.62899780273438,11957311
2025-08-07 15:30:00+00:00,219.6199951171875,220.33999633789062,219.4199981689453,219.9149932861328,9896825
2025-08-07 16:30:00+00:00,219.9199981689453,220.2100067138672,213.25,218.7100067138672,7182645
2025-08-07 17:30:00+00:00,218.72000122070312,219.72999572753906,218.71009826660156,219.5,4729353
2025-08-07 18:30:00+00:00,219.49000549316406,220.85000610351562,219.24349975585938,219.3000946044922,9312135
2025-08-07 19:30:00+00:00,219.30450439453125,220.1999969482422,219.25,220.1300048828125,6898669
2025-08-08 13:30:00+00:00,220.42999267578125,223.10000610351562,219.25,222.7816925048828,15552244
2025-08-08 14:30:00+00:00,222.77999877929688,224.6300048828125,222.6300048828125,224.36000061035156,10674558
2025-08-08 15:30:00+00:00,224.35499572753906,228.22500610351562,224.30999755859375,228.1999969482422,16989559
2025-08-08 16:30:00+00:00,228.2097930908203,230.88999938964844,227.943603515625,228.6750030517578,25554276
2025-08-08 17:30:00+00:00,228.6699981689453,230.99000549316406,228.5500030517578,229.2899932861328,12552865
2025-08-08 18:30:00+00:00,229.29159545898438,229.87989807128906,228.50999450683594,228.8300018310547,11212305
2025-08-08 19:30:00+00:00,228.82000732421875,229.69000244140625,228.4600067138672,229.3699951171875,11188500
2025-08-11 13:30:00+00:00,226.75,228.72999572753906,224.7624053955078,226.77499389648438,16158774
2025-08-11 14:30:00+00:00,226.7899932861328,227.88999938964844,226.10000610351562,227.47000122070312,7977854
2025-08-11 15:30:00+00:00,227.47000122070312,229.55999755859375,227.47000122070312,228.72999572753906,7420183
2025-08-11 16:30:00+00:00,228.73500061035156,229.0998992919922,228.0,228.10000610351562,4120877
2025-08-11 17:30:00+00:00,228.08999633789062,228.19500732421875,227.00999450683594,227.73500061035156,5313497
2025-08-11 18:30:00+00:00,227.75999450683594,227.9600067138672,227.10000610351562,227.64999389648438,7584927
2025-08-11 19:30:00+00:00,227.65919494628906,227.69500732421875,226.63999938964844,227.2050018310547,5849057
2025-08-12 13:30:00+00:00,228.0050048828125,229.9398956298828,227.10000610351562,228.57000732421875,12571415
2025-08-12 14:30:00+00:00,228.58999633789062,230.5865020751953,228.25999450683594,229.72999572753906,10092499
2025-08-12 15:30:00+00:00,229.7299041748047,230.11000061035156,228.32000732421875,229.77999877929688,4868374
2025-08-12 16:30:00+00:00,229.77999877929688,230.77999877929688,229.66000366210938,229.77499389648438,5072601
2025-08-12 17:30:00+00:00,229.7700958251953,230.5500030517578,229.4499969482422,229.57000732421875,3593400
2025-08-12 18:30:00+00:00,229.5800018310547,229.61000061035156,228.9199981689453,229.18299865722656,3327871
2025-08-12 19:30:00+00:00,229.1699981689453,230.10000610351562,229.05999755859375,229.64999389648438,4734707
2025-08-13 13:30:00+00:00,231.52499389648438,232.72000122070312,230.42999267578125,231.80999755859375,14738656
2025-08-13 14:30:00+00:00,231.80999755859375,234.5500030517578,231.77000427246094,232.2899932861328,11605576
2025-08-13 15:30:00+00:00,232.27999877929688,233.3972930908203,232.0301971435547,233.09500122070312,5966244
2025-08-13 16:30:00+00:00,233.07000732421875,233.36000061035156,231.5601043701172,232.4550018310547,5417224
2025-08-13 17:30:00+00:00,232.4499969482422,234.99000549316406,232.02000427246094,232.9250030517578,8137347
2025-08-13 18:30:00+00:00,232.94000244140625,233.91000366210938,230.8000030517578,233.5850067138672,9192848
2025-08-13 19:30:00+00:00,233.5850067138672,234.3300018310547,233.11000061035156,233.3300018310547,5738352
2025-08-14 13:30:00+00:00,234.05499267578125,235.11000061035156,231.67019653320312,232.2100067138672,16052941
2025-08-14 14:30:00+00:00,232.2050018310547,232.4600067138672,230.85000610351562,231.74020385742188,6624676
2025-08-14 15:30:00+00:00,231.75,232.2949981689453,230.91000366210938,232.00999450683594,4323697
2025-08-14 16:30:00+00:00,232.02999877929688,233.13999938964844,231.9687957763672,232.92730712890625,3209373
2025-08-14 17:30:00+00:00,232.92999267578125,233.1300048828125,232.32000732421875,232.72999572753906,3634219
2025-08-14 18:30:00+00:00,232.7100067138672,233.49000549316406,232.44000244140625,232.94500732421875,4523178
2025-08-14 19:30:00+00:00,232.92999267578125,233.50999450683594,232.69000244140625,232.8300018310547,4542543
2025-08-15 13:30:00+00:00,233.72999572753906,234.22140502929688,231.5500946044922,232.1699981689453,11603282
2025-08-15 14:30:00+00:00,232.16140747070312,232.2899932861328,230.47000122070312,231.07000732421875,5319424
2025-08-15 15:30:00+00:00,231.02000427246094,231.4550018310547,230.6197052001953,230.74000549316406,3957281
2025-08-15 16:30:00+00:00,230.74420166015625,231.22500610351562,230.22999572753906,230.57000732421875,6137966
2025-08-15 17:30:00+00:00,230.55999755859375,231.28990173339844,229.36000061035156,230.85000610351562,4535672
2025-08-15 18:30:00+00:00,230.86000061035156,231.5,230.47999572753906,231.36000061035156,6170754
2025-08-15 19:30:00+00:00,231.3699951171875,231.77000427246094,231.02000427246094,231.64999389648438,4696096
2025-08-18 13:30:00+00:00,231.77999877929688,233.1199951171875,230.61000061035156,230.66000366210938,9348530
2025-08-18 14:30:00+00:00,230.6199951171875,231.22000122070312,230.3699951171875,230.86000061035156,4699541
2025-08-18 15:30:00+00:00,230.86500549316406,231.10000610351562,230.5,230.67999267578125,2959031
2025-08-18 16:30:00+00:00,230.67999267578125,231.14999389648438,230.11000061035156,231.07000732421875,2944837
2025-08-18 17:30:00+00:00,231.0800018310547,231.6699981689453,230.89999389648438,231.14500427246094,3270491
2025-08-18 18:30:00+00:00,231.14999389648438,231.6750030517578,231.10000610351562,231.22500610351562,2886450
2025-08-18 19:30:00+00:00,231.22000122070312,231.5500030517578,230.8800048828125,230.8800048828125,2842575
2025-08-19 13:30:00+00:00,231.27499389648438,232.86500549316406,230.58999633789062,231.8300018310547,7589938
2025-08-19 14:30:00+00:00,231.82000732421875,232.27000427246094,230.47000122070312,231.32260131835938,5331365
2025-08-19 15:30:00+00:00,231.32000732421875,231.66000366210938,231.05499267578125,231.30990600585938,3317736
2025-08-19 16:30:00+00:00,231.27999877929688,231.3300018310547,230.05999755859375,230.625,3326154
2025-08-19 17:30:00+00:00,230.6199951171875,230.89999389648438,229.8699951171875,230.0500030517578,3163874
2025-08-19 18:30:00+00:00,230.02499389648438,230.19000244140625,229.35000610351562,230.18499755859375,3535859
2025-08-19 19:30:00+00:00,230.18499755859375,230.67999267578125,229.99000549316406,230.47659301757812,2889925
2025-08-20 13:30:00+00:00,229.97000122070312,230.4698944091797,226.5,226.7200927734375,10654146
2025-08-20 14:30:00+00:00,226.74000549316406,227.5500030517578,226.11000061035156,227.3350067138672,4855593
2025-08-20 15:30:00+00:00,227.3300018310547,227.3699951171875,226.41000366210938,227.1345977783203,3599979
2025-08-20 16:30:00+00:00,227.1300048828125,227.16000366210938,225.88999938964844,226.2949981689453,3171568
2025-08-20 17:30:00+00:00,226.3000030517578,226.8300018310547,225.77000427246094,225.99009704589844,2697011
2025-08-20 18:30:00+00:00,225.99000549316406,226.72999572753906,225.8699951171875,226.44500732421875,3388687
2025-08-20 19:30:00+00:00,226.44000244140625,227.0,225.92999267578125,225.9600067138672,4504957
2025-08-21 13:30:00+00:00,226.27999877929688,226.52000427246094,224.67999267578125,225.57989501953125,6246020
2025-08-21 14:30:00+00:00,225.5272979736328,225.5850067138672,224.51010131835938,225.1300048828125,3627965
2025-08-21 15:30:00+00:00,225.13499450683594,225.83999633789062,224.8000030517578,224.8300018310547,2756586
2025-08-21 16:30:00+00:00,224.8300018310547,225.00999450683594,223.7803955078125,224.1750030517578,3327885
2025-08-21 17:30:00+00:00,224.17080688476562,224.77850341796875,224.16000366210938,224.22999572753906,2428717
2025-08-21 18:30:00+00:00,224.22349548339844,225.05499267578125,224.0941925048828,224.8800048828125,2704582
2025-08-21 19:30:00+00:00,224.89999389648438,225.25,224.38839721679688,224.91000366210938,3977376
2025-08-22 13:30:00+00:00,226.4499969482422,228.19000244140625,225.41000366210938,227.9499969482422,8240998
2025-08-22 14:30:00+00:00,227.97000122070312,228.72000122070312,227.8000030517578,228.05999755859375,5233127
2025-08-22 15:30:00+00:00,228.0399932861328,228.43499755859375,226.9250030517578,227.16929626464844,3176741
2025-08-22 16:30:00+00:00,227.1699981689453,229.08999633789062,227.07000732421875,228.61000061035156,4947377
2025-08-22 17:30:00+00:00,228.6273956298828,228.6273956298828,227.77999877929688,227.8699951171875,4653621
2025-08-22 18:30:00+00:00,227.8800048828125,228.51980590820312,227.78500366210938,227.85000610351562,4051520
2025-08-22 19:30:00+00:00,227.83999633789062,228.30999755859375,227.44000244140625,227.75,4139072
2025-08-25 13:30:00+00:00,226.40499877929688,229.1199951171875,226.24000549316406,228.80999755859375,8000835
2025-08-25 14:30:00+00:00,228.77000427246094,229.24000549316406,228.2899932861328,228.56500244140625,4318256
2025-08-25 15:30:00+00:00,228.57000732421875,229.3000030517578,228.50010681152344,228.5399932861328,2427231
2025-08-25 16:30:00+00:00,228.5399932861328,228.75999450683594,228.32000732421875,228.43499755859375,2355527
2025-08-25 17:30:00+00:00,228.43499755859375,228.65499877929688,227.74000549316406,227.88499450683594,2684903
2025-08-25 18:30:00+00:00,227.875,227.90499877929688,227.44500732421875,227.59840393066406,2661985
2025-08-25 19:30:00+00:00,227.60000610351562,227.72000122070312,227.1199951171875,227.14999389648438,3262464
2025-08-26 13:30:00+00:00,226.8699951171875,227.0500030517578,224.69000244140625,226.5,7799571
2025-08-26 14:30:00+00:00,226.50999450683594,227.29989624023438,226.2899932861328,226.9615936279297,3785331
2025-08-26 15:30:00+00:00,226.96499633789062,227.6999969482422,226.5500030517578,227.57049560546875,4519154
2025-08-26 16:30:00+00:00,227.55999755859375,228.1699981689453,227.4199981689453,228.11160278320312,2684567
2025-08-26 17:30:00+00:00,228.11000061035156,228.50999450683594,227.73500061035156,228.3592071533203,2399616
2025-08-26 18:30:00+00:00,228.36000061035156,228.6199951171875,227.77000427246094,228.56820678710938,2604761
2025-08-26 19:30:00+00:00,228.57000732421875,229.49000549316406,227.72500610351562,229.3000030517578,5151468
2025-08-27 13:30:00+00:00,228.5800018310547,230.25,228.2949981689453,230.01499938964844,7840101
2025-08-27 14:30:00+00:00,230.02999877929688,230.6999969482422,229.47999572753906,229.5740966796875,4445165
2025-08-27 15:30:00+00:00,229.57000732421875,230.08799743652344,229.30999755859375,229.8699951171875,2490171
2025-08-27 16:30:00+00:00,229.88999938964844,230.08999633789062,229.60000610351562,229.83999633789062,1919036
2025-08-27 17:30:00+00:00,229.83999633789062,230.67999267578125,229.8000030517578,230.625,2268584
2025-08-27 18:30:00+00:00,230.6199951171875,230.63499450683594,229.72000122070312,230.13250732421875,2256272
2025-08-27 19:30:00+00:00,230.125,230.89999389648438,230.1199951171875,230.44000244140625,3801508
2025-08-28 13:30:00+00:00,230.80999755859375,230.89999389648438,229.3350067138672,230.41580200195312,7213423
2025-08-28 14:30:00+00:00,230.4300994873047,231.89999389648438,230.35000610351562,230.9499969482422,3919070
2025-08-28 15:30:00+00:00,230.9600067138672,232.35499572753906,230.9481964111328,232.2899932861328,3117170
2025-08-28 16:30:00+00:00,232.27999877929688,233.1199951171875,232.0800018310547,233.0,3773992
2025-08-28 17:30:00+00:00,233.00999450683594,233.41000366210938,232.83009338378906,232.91920471191406,3045856
2025-08-28 18:30:00+00:00,232.9199981689453,233.1699981689453,232.69000244140625,232.97500610351562,2740378
2025-08-28 19:30:00+00:00,232.97500610351562,233.3300018310547,232.47999572753906,232.49000549316406,4904323
2025-08-29 13:30:00+00:00,232.55999755859375,233.36129760742188,231.3699951171875,232.80960083007812,8795007
2025-08-29 14:30:00+00:00,232.80499267578125,233.16000366210938,232.5,232.9600067138672,3599986
2025-08-29 15:30:00+00:00,232.98500061035156,233.02999877929688,231.39999389648438,232.5,4414822
2025-08-29 16:30:00+00:00,232.50999450683594,232.9600067138672,231.97999572753906,232.02999877929688,2677553
2025-08-29 17:30:00+00:00,232.03250122070312,232.5749969482422,231.97000122070312,232.17999267578125,3415896
2025-08-29 18:30:00+00:00,232.19000244140625,232.75,232.0,232.3542938232422,2433703
2025-08-29 19:30:00+00:00,232.35000610351562,232.83770751953125,231.47999572753906,232.27000427246094,4673659
2025-09-02 13:30:00+00:00,228.75,230.77999877929688,227.69000244140625,230.60000610351562,9687341
2025-09-02 14:30:00+00:00,230.60000610351562,230.75,227.5283966064453,227.82899475097656,5124954
2025-09-02 15:30:00+00:00,227.82000732421875,228.1468963623047,227.1699981689453,227.85000610351562,3136378
2025-09-02 16:30:00+00:00,227.8437042236328,228.54539489746094,227.64999389648438,228.41000366210938,2530443
2025-09-02 17:30:00+00:00,228.4199981689453,229.33999633789062,228.3300018310547,228.39999389648438,2346892
2025-09-02 18:30:00+00:00,228.39999389648438,229.0800018310547,226.97000122070312,228.94000244140625,3504389
2025-09-02 19:30:00+00:00,228.92469787597656,230.0,228.89500427246094,229.7100067138672,4687318
2025-09-03 13:30:00+00:00,237.1999969482422,237.97000122070312,234.3699951171875,236.8300018310547,21171526
2025-09-03 14:30:00+00:00,236.81390380859375,237.60000610351562,235.99000549316406,236.01100158691406,8284903
2025-09-03 15:30:00+00:00,236.02000427246094,236.82000732421875,235.49000549316406,236.49000549316406,4830748
2025-09-03 16:30:00+00:00,236.4998016357422,237.89999389648438,236.44000244140625,237.4272003173828,4651843
2025-09-03 17:30:00+00:00,237.4250030517578,237.44000244140625,236.6300048828125,236.91000366210938,4344650
2025-09-03 18:30:00+00:00,236.89999389648438,237.4499969482422,236.77000427246094,237.15499877929688,4834362
2025-09-03 19:30:00+00:00,237.1558074951172,238.7100067138672,237.15040588378906,238.49000549316406,8891635
2025-09-04 13:30:00+00:00,238.4499969482422,239.89320373535156,237.0399932861328,237.69000244140625,12016131
2025-09-04 14:30:00+00:00,237.67999267578125,238.10000610351562,237.0749969482422,237.39999389648438,5223309
2025-09-04 15:30:00+00:00,237.38999938964844,237.6746063232422,236.74000549316406,237.16000366210938,3678939
2025-09-04 16:30:00+00:00,237.14999389648438,238.08999633789062,236.97000122070312,238.0399932861328,3071522
2025-09-04 17:30:00+00:00,238.04010009765625,238.38999938964844,237.50999450683594,238.05999755859375,5093419
2025-09-04 18:30:00+00:00,238.07000732421875,238.97999572753906,237.8800048828125,238.70449829101562,3814924
2025-09-04 19:30:00+00:00,238.6999969482422,239.89990234375,238.49000549316406,239.7100067138672,5942248
2025-09-05 13:30:00+00:00,239.99000549316406,241.32000732421875,239.1199951171875,239.28500366210938,17499270
2025-09-05 14:30:00+00:00,239.25,240.1699981689453,238.63999938964844,239.80499267578125,6538203
2025-09-05 15:30:00+00:00,239.82000732421875,240.31500244140625,238.52000427246094,238.77000427246094,4219870
2025-09-05 16:30:00+00:00,238.77999877929688,239.72500610351562,238.49009704589844,239.625,3993359
2025-09-05 17:30:00+00:00,239.64849853515625,239.64999389648438,238.72999572753906,239.1199951171875,2784543
2025-09-05 18:30:00+00:00,239.1199951171875,240.1300048828125,239.10000610351562,239.9250030517578,5197093
2025-09-05 19:30:00+00:00,239.92999267578125,240.01499938964844,239.05999755859375,239.6699981689453,4868520
2025-09-08 13:30:00+00:00,239.3000030517578,240.14999389648438,238.74000549316406,239.22999572753906,11286441
2025-09-08 14:30:00+00:00,239.22000122070312,239.57000732421875,238.61500549316406,238.6999969482422,5248756
2025-09-08 15:30:00+00:00,238.69500732421875,238.78829956054688,237.60000610351562,237.72999572753906,4448853
2025-09-08 16:30:00+00:00,237.72000122070312,237.87989807128906,236.33999633789062,237.80580139160156,4717107
2025-09-08 17:30:00+00:00,237.80990600585938,237.9550018310547,237.10499572753906,237.1649932861328,4114279
2025-09-08 18:30:00+00:00,237.15499877929688,237.24989318847656,236.61000061035156,237.11000061035156,3761415
2025-09-08 19:30:00+00:00,237.11500549316406,238.00999450683594,236.90420532226562,237.9199981689453,5177199
2025-09-09 13:30:00+00:00,237.0,238.0,236.0749969482422,236.3101043701172,7890752
2025-09-09 14:30:00+00:00,236.30999755859375,236.67999267578125,235.77999877929688,236.22500610351562,4277475
2025-09-09 15:30:00+00:00,236.22999572753906,236.25999450683594,235.5500030517578,236.0,4300130
2025-09-09 16:30:00+00:00,236.0,238.78050231933594,235.8249969482422,237.75,9674704
2025-09-09 17:30:00+00:00,237.75999450683594,238.10000610351562,233.6699981689453,234.52859497070312,16074676
2025-09-09 18:30:00+00:00,234.5500030517578,234.69000244140625,233.3699951171875,234.30999755859375,9544618
2025-09-09 19:30:00+00:00,234.30999755859375,234.63499450683594,233.51499938964844,234.35000610351562,6317179
2025-09-10 13:30:00+00:00,232.02499389648438,232.33999633789062,227.5500030517578,228.10800170898438,22167235
2025-09-10 14:30:00+00:00,228.11000061035156,228.34640502929688,227.02000427246094,227.0399932861328,11560546
2025-09-10 15:30:00+00:00,227.0399932861328,228.05499267578125,226.24009704589844,227.7386016845703,10156861
2025-09-10 16:30:00+00:00,227.7449951171875,227.78990173339844,226.6199951171875,226.80499267578125,6579251
2025-09-10 17:30:00+00:00,226.8000030517578,227.0850067138672,226.35000610351562,227.05999755859375,6214643
2025-09-10 18:30:00+00:00,227.05499267578125,227.35000610351562,226.17999267578125,226.18499755859375,6166050
2025-09-10 19:30:00+00:00,226.18499755859375,227.10000610351562,225.9521942138672,226.77999877929688,7727491
2025-09-11 13:30:00+00:00,226.875,229.18499755859375,226.64999389648438,228.94000244140625,13821091
2025-09-11 14:30:00+00:00,228.94000244140625,229.32000732421875,228.32020568847656,228.74000549316406,249794
2025-09-11 15:30:00+00:00,228.75,228.77999877929688,228.02999877929688,228.61000061035156,9985902
2025-09-11 16:30:00+00:00,228.60000610351562,229.5399932861328,228.30999755859375,229.47250366210938,3516399
2025-09-11 17:30:00+00:00,229.47000122070312,230.16000366210938,229.17999267578125,229.4600067138672,4663505
2025-09-11 18:30:00+00:00,229.46499633789062,230.1508026123047,229.41000366210938,229.85000610351562,3884806
2025-09-11 19:30:00+00:00,229.83999633789062,230.4499969482422,229.8350067138672,230.02000427246094,5627999
2025-09-12 13:30:00+00:00,230.0,234.0780029296875,229.02000427246094,234.07000732421875,14988292
2025-09-12 14:30:00+00:00,234.0800018310547,234.50999450683594,233.36000061035156,234.09500122070312,8044876
2025-09-12 15:30:00+00:00,234.08999633789062,234.49000549316406,233.62100219726562,233.9694061279297,4710781
2025-09-12 16:30:00+00:00,233.9636993408203,233.96499633789062,233.0,233.23500061035156,4969404
2025-09-12 17:30:00+00:00,233.22000122070312,233.8699951171875,233.218505859375,233.5399932861328,3203879
2025-09-12 18:30:00+00:00,233.5399932861328,234.4499969482422,233.02999877929688,233.77549743652344,6970851
2025-09-12 19:30:00+00:00,233.77999877929688,234.2899932861328,233.50999450683594,234.05999755859375,5874733
2025-09-15 13:30:00+00:00,237.0,238.19000244140625,235.02999877929688,236.21499633789062,14134217
2025-09-15 14:30:00+00:00,236.2100067138672,237.02000427246094,235.66000366210938,236.82000732421875,4993166
2025-09-15 15:30:00+00:00,236.81500244140625,237.3000030517578,236.47000122070312,236.57000732421875,3686503
2025-09-15 16:30:00+00:00,236.5648956298828,236.5904998779297,235.6999969482422,235.75999450683594,2964448
2025-09-15 17:30:00+00:00,235.75,236.13999938964844,235.5800018310547,235.63999938964844,2953754
2025-09-15 18:30:00+00:00,235.63499450683594,236.33999633789062,235.27000427246094,235.97000122070312,3570486
2025-09-15 19:30:00+00:00,235.97000122070312,236.7899932861328,235.67999267578125,236.75999450683594,4732529
2025-09-16 13:30:00+00:00,237.17999267578125,241.22000122070312,236.32350158691406,239.52999877929688,20581571
2025-09-16 14:30:00+00:00,239.52999877929688,239.85000610351562,238.2449951171875,239.5928955078125,7412526
2025-09-16 15:30:00+00:00,239.58009338378906,239.58009338378906,238.46499633789062,239.19500732421875,5301755
2025-09-16 16:30:00+00:00,239.1999969482422,239.39999389648438,238.89999389648438,239.08560180664062,3213378
2025-09-16 17:30:00+00:00,239.10000610351562,239.11000061035156,238.1300048828125,238.92999267578125,4262186
2025-09-16 18:30:00+00:00,238.94000244140625,239.60000610351562,238.80999755859375,238.93829345703125,4748875
2025-09-16 19:30:00+00:00,238.94000244140625,239.4199981689453,238.08009338378906,238.13999938964844,5869621
2025-09-17 13:30:00+00:00,238.97000122070312,240.10000610351562,238.7899932861328,239.6300048828125,9926684
2025-09-17 14:30:00+00:00,239.63999938964844,240.00999450683594,239.1999969482422,239.47999572753906,4002310
2025-09-17 15:30:00+00:00,239.48500061035156,239.77999877929688,239.27999877929688,239.67430114746094,3170671
2025-09-17 16:30:00+00:00,239.67999267578125,239.77000427246094,239.35000610351562,239.52000427246094,2892623
2025-09-17 17:30:00+00:00,239.52000427246094,239.82000732421875,238.4499969482422,239.55999755859375,4570049
2025-09-17 18:30:00+00:00,239.5500030517578,239.6300048828125,237.7301025390625,239.2628936767578,5910219
2025-09-17 19:30:00+00:00,239.27000427246094,239.27999877929688,238.47999572753906,238.97000122070312,4226195
2025-09-18 13:30:00+00:00,239.9499969482422,241.1999969482422,236.64999389648438,237.55999755859375,11453464
2025-09-18 14:30:00+00:00,237.56500244140625,238.7949981689453,237.31500244140625,238.19000244140625,4587899
2025-09-18 15:30:00+00:00,238.2100067138672,238.5399932861328,237.35000610351562,237.94000244140625,3609143
2025-09-18 16:30:00+00:00,237.9499969482422,238.1999969482422,237.63999938964844,237.8800048828125,3556108
2025-09-18 17:30:00+00:00,237.8699951171875,238.10000610351562,237.210205078125,237.8018035888672,3010288
2025-09-18 18:30:00+00:00,237.80999755859375,237.94639587402344,237.25010681152344,237.4499969482422,3540701
2025-09-18 19:30:00+00:00,237.4550018310547,238.11000061035156,237.43499755859375,237.85000610351562,4049383
2025-09-19 13:30:00+00:00,241.1750030517578,242.58999633789062,240.21060180664062,241.14999389648438,26772067
2025-09-19 14:30:00+00:00,241.14999389648438,243.16000366210938,241.05999755859375,242.27999877929688,10143358
2025-09-19 15:30:00+00:00,242.27369689941406,244.56910705566406,242.0491943359375,244.52000427246094,9031105
2025-09-19 16:30:00+00:00,244.5124969482422,245.9199981689453,244.26870727539062,245.24380493164062,12269832
2025-09-19 17:30:00+00:00,245.24000549316406,246.2698974609375,244.89999389648438,245.48849487304688,9746967
2025-09-19 18:30:00+00:00,245.48500061035156,246.10000610351562,245.1909942626953,245.61000061035156,7490411
2025-09-19 19:30:00+00:00,245.60000610351562,246.3000030517578,244.74000549316406,245.2899932861328,12986528
2025-09-22 13:30:00+00:00,248.33999633789062,252.73500061035156,248.1699981689453,252.67160034179688,27825122
2025-09-22 14:30:00+00:00,252.66000366210938,256.0799865722656,252.0800018310547,255.789794921875,16983776
2025-09-22 15:30:00+00:00,255.77000427246094,256.6300048828125,253.5800018310547,253.72000122070312,16047694
2025-09-22 16:30:00+00:00,253.72999572753906,254.72999572753906,253.16000366210938,254.5928955078125,8453992
2025-09-22 17:30:00+00:00,254.5800018310547,255.25999450683594,253.89999389648438,255.24000549316406,5242129
2025-09-22 18:30:00+00:00,255.2449951171875,256.05999755859375,254.7346954345703,255.7899932861328,8214973
2025-09-22 19:30:00+00:00,255.80499267578125,256.260009765625,255.61500549316406,256.0899963378906,9091926
2025-09-23 13:30:00+00:00,255.875,257.3399963378906,255.27999877929688,256.6173095703125,11263642
2025-09-23 14:30:00+00:00,256.6099853515625,256.70001220703125,255.00999450683594,256.1000061035156,5490061
2025-09-23 15:30:00+00:00,256.1300048828125,256.2099914550781,255.35000610351562,255.72689819335938,3232527
2025-09-23 16:30:00+00:00,255.7200927734375,255.85000610351562,254.39999389648438,254.6699981689453,2847437
2025-09-23 17:30:00+00:00,254.66000366210938,254.96099853515625,253.92999267578125,254.63999938964844,3617163
2025-09-23 18:30:00+00:00,254.63999938964844,254.83999633789062,253.58999633789062,254.16990661621094,17356326
2025-09-23 19:30:00+00:00,254.16000366210938,254.52999877929688,253.6699981689453,254.52999877929688,5076635
2025-09-24 13:30:00+00:00,255.22000122070312,255.72999572753906,252.0800018310547,252.6219940185547,6502958
2025-09-24 14:30:00+00:00,252.625,252.99000549316406,251.5399932861328,252.1199951171875,3291728
2025-09-24 15:30:00+00:00,252.1199951171875,252.25999450683594,251.0399932861328,252.1649932861328,3045221
2025-09-24 16:30:00+00:00,252.17140197753906,252.25999450683594,251.33999633789062,251.49000549316406,1637321
2025-09-24 17:30:00+00:00,251.51499938964844,252.11000061035156,251.27999877929688,251.76499938964844,1622724
2025-09-24 18:30:00+00:00,251.75,251.7899932861328,251.24000549316406,251.38999938964844,1680916
2025-09-24 19:30:00+00:00,251.38999938964844,252.49000549316406,251.2899932861328,252.24000549316406,2697400
2025-09-25 13:30:00+00:00,253.2050018310547,254.2899932861328,251.71200561523438,254.0,8503081
2025-09-25 14:30:00+00:00,254.00010681152344,254.1387939453125,253.02999877929688,253.50010681152344,3154957
2025-09-25 15:30:00+00:00,253.50010681152344,253.91000366210938,252.3000030517578,252.53030395507812,2473004
2025-09-25 16:30:00+00:00,252.5399932861328,253.8800048828125,252.5,253.5,2502302
2025-09-25 17:30:00+00:00,253.49000549316406,254.58999633789062,252.85000610351562,254.55999755859375,2634795
2025-09-25 18:30:00+00:00,254.5500030517578,257.1700134277344,254.22999572753906,256.9599914550781,7107739
2025-09-25 19:30:00+00:00,256.95001220703125,257.1099853515625,255.4199981689453,256.94000244140625,4610669
2025-09-26 13:30:00+00:00,254.1300048828125,256.6000061035156,253.77999877929688,255.02000427246094,8034498
2025-09-26 14:30:00+00:00,255.02000427246094,255.99000549316406,254.57119750976562,255.9700927734375,3714841
2025-09-26 15:30:00+00:00,255.97000122070312,256.0400085449219,254.86000061035156,255.6649932861328,2276774
2025-09-26 16:30:00+00:00,255.66000366210938,256.9750061035156,255.47999572753906,256.5199890136719,2086042
2025-09-26 17:30:00+00:00,256.5199890136719,257.3599853515625,255.86000061035156,256.55499267578125,2653513
2025-09-26 18:30:00+00:00,256.56500244140625,256.7298889160156,255.49000549316406,255.64500427246094,2089315
2025-09-26 19:30:00+00:00,255.63999938964844,255.64979553222656,254.89999389648438,255.4600067138672,3021515
2025-09-29 13:30:00+00:00,254.63999938964844,254.7899932861328,253.00999450683594,254.2198944091797,6306062
2025-09-29 14:30:00+00:00,254.2050018310547,254.24000549316406,253.30999755859375,253.47000122070312,2834864
2025-09-29 15:30:00+00:00,253.4665069580078,254.07000732421875,253.1199951171875,253.66000366210938,2275242
2025-09-29 16:30:00+00:00,253.6699981689453,253.7799072265625,253.2100067138672,253.39999389648438,1744854
2025-09-29 17:30:00+00:00,253.38999938964844,254.61500549316406,253.1300048828125,254.57000732421875,2297052
2025-09-29 18:30:00+00:00,254.57000732421875,254.60000610351562,253.61000061035156,253.99000549316406,2057798
2025-09-29 19:30:00+00:00,253.99000549316406,254.8300018310547,253.94000244140625,254.35000610351562,2513071
2025-09-30 13:30:00+00:00,254.8249969482422,255.91900634765625,253.9600067138672,254.88619995117188,5093340
2025-09-30 14:30:00+00:00,254.91000366210938,255.6750030517578,253.82009887695312,254.22000122070312,2465164
2025-09-30 15:30:00+00:00,254.2100067138672,254.97000122070312,254.16009521484375,254.53509521484375,1531480
2025-09-30 16:30:00+00:00,254.55059814453125,254.6699981689453,253.31170654296875,253.73500061035156,1623333
2025-09-30 17:30:00+00:00,253.75999450683594,253.99000549316406,253.11000061035156,253.33999633789062,1664288
2025-09-30 18:30:00+00:00,253.33999633789062,254.24000549316406,253.27099609375,253.9499969482422,2061307
2025-09-30 19:30:00+00:00,253.9600067138672,255.17999267578125,253.80999755859375,254.55999755859375,3030681
2025-10-01 13:30:00+00:00,255.0399932861328,258.7900085449219,254.9499969482422,256.1614074707031,9677443
2025-10-01 14:30:00+00:00,256.17999267578125,256.2590026855469,255.10000610351562,255.52450561523438,2972074
2025-10-01 15:30:00+00:00,255.5301055908203,256.9200134277344,255.50999450683594,256.1600036621094,2338742
2025-10-01 16:30:00+00:00,256.1636047363281,256.8298034667969,255.85499572753906,256.1404113769531,1826687
2025-10-01 17:30:00+00:00,256.1650085449219,256.6859130859375,256.05999755859375,256.4849853515625,10115926
2025-10-01 18:30:00+00:00,256.4800109863281,256.94000244140625,255.8699951171875,255.94000244140625,2751615
2025-10-01 19:30:00+00:00,255.94000244140625,256.1400146484375,255.27999877929688,255.41000366210938,4879162
2025-10-02 13:30:00+00:00,256.5899963378906,257.2349853515625,254.14999389648438,256.2200927734375,11570169
2025-10-02 14:30:00+00:00,256.2300109863281,257.6400146484375,255.97000122070312,257.1650085449219,4800305
2025-10-02 15:30:00+00:00,257.1499938964844,258.17999267578125,256.72100830078125,257.3450012207031,4388406
2025-10-02 16:30:00+00:00,257.3450012207031,257.8226013183594,257.1138916015625,257.4100036621094,2290319
2025-10-02 17:30:00+00:00,257.3900146484375,257.9100036621094,257.0299987792969,257.8800048828125,2476632
2025-10-02 18:30:00+00:00,257.8699951171875,258.1600036621094,257.375,257.510009765625,4612702
2025-10-02 19:30:00+00:00,257.510009765625,257.875,256.8800048828125,257.1400146484375,5100991
2025-10-03 13:30:00+00:00,254.6649932861328,259.0400085449219,253.9600067138672,257.8500061035156,16311886
2025-10-03 14:30:00+00:00,257.8599853515625,258.739990234375,257.5199890136719,258.510009765625,4452948
2025-10-03 15:30:00+00:00,258.4930114746094,259.239990234375,258.2571105957031,258.5487060546875,4828730
2025-10-03 16:30:00+00:00,258.5400085449219,258.92999267578125,258.1199951171875,258.30999755859375,3408741
2025-10-03 17:30:00+00:00,258.29998779296875,258.5899963378906,256.9599914550781,258.3699951171875,5459239
2025-10-03 18:30:00+00:00,258.3699951171875,258.5849914550781,257.8500061035156,257.9200134277344,3050327
2025-10-03 19:30:00+00:00,257.9200134277344,258.260009765625,257.40350341796875,258.0150146484375,4468054
2025-10-06 13:30:00+00:00,257.94500732421875,259.07000732421875,255.0500030517578,257.7799987792969,11669158
2025-10-06 14:30:00+00:00,257.79998779296875,257.9800109863281,257.2799987792969,257.5513000488281,3447400
2025-10-06 15:30:00+00:00,257.56500244140625,257.6700134277344,256.7699890136719,257.1300048828125,3501833
2025-10-06 16:30:00+00:00,257.1300048828125,257.4800109863281,256.1304931640625,256.55999755859375,2877222
2025-10-06 17:30:00+00:00,256.54998779296875,256.68121337890625,255.5,256.18499755859375,5922536
2025-10-06 18:30:00+00:00,256.1802062988281,256.6600036621094,256.06500244140625,256.510009765625,2693724
2025-10-06 19:30:00+00:00,256.510009765625,257.25,256.4599914550781,256.6499938964844,3577742
2025-10-07 13:30:00+00:00,256.82000732421875,257.3999938964844,256.2799987792969,256.67999267578125,6425357
2025-10-07 14:30:00+00:00,256.6700134277344,257.10791015625,255.60000610351562,256.3789978027344,4531854
2025-10-07 15:30:00+00:00,256.3900146484375,256.84979248046875,255.88999938964844,256.3384094238281,3693772
2025-10-07 16:30:00+00:00,256.3299865722656,256.6600036621094,255.75430297851562,255.88999938964844,2335693
2025-10-07 17:30:00+00:00,255.86000061035156,256.1499938964844,255.42999267578125,256.06988525390625,2294433
2025-10-07 18:30:00+00:00,256.07000732421875,256.301513671875,255.91009521484375,256.0199890136719,2361474
2025-10-07 19:30:00+00:00,256.0199890136719,256.6199951171875,255.9199981689453,256.489990234375,3978516
2025-10-08 13:30:00+00:00,256.5299987792969,258.19000244140625,256.1099853515625,257.8399963378906,8459277
2025-10-08 14:30:00+00:00,257.8599853515625,258.4549865722656,257.20001220703125,258.0400085449219,4427277
2025-10-08 15:30:00+00:00,258.05499267578125,258.5199890136719,257.55999755859375,258.20001220703125,2832234
2025-10-08 16:30:00+00:00,258.19000244140625,258.32501220703125,257.625,257.92498779296875,2099955
2025-10-08 17:30:00+00:00,257.92498779296875,258.20001220703125,257.6499938964844,257.9150085449219,2280625
2025-10-08 18:30:00+00:00,257.8999938964844,258.42999267578125,257.739990234375,258.25,2564469
2025-10-08 19:30:00+00:00,258.239990234375,258.489990234375,257.8800048828125,258.0299987792969,4214118
2025-10-09 13:30:00+00:00,257.8999938964844,258.0,254.77499389648438,254.9199981689453,8679018
2025-10-09 14:30:00+00:00,254.9080047607422,255.22300720214844,254.57000732421875,254.63999938964844,4040438
2025-10-09 15:30:00+00:00,254.6199951171875,254.75999450683594,253.75,253.99000549316406,4627197
2025-10-09 16:30:00+00:00,254.0,254.0500030517578,253.17999267578125,253.39999389648438,2685602
2025-10-09 17:30:00+00:00,253.39500427246094,253.86000061035156,253.14019775390625,253.43499755859375,2427698
2025-10-09 18:30:00+00:00,253.4199981689453,254.11500549316406,253.32000732421875,253.77999877929688,3837383
2025-10-09 19:30:00+00:00,253.77499389648438,254.47000122070312,253.55999755859375,254.02999877929688,4519796
2025-10-10 13:30:00+00:00,255.0399932861328,256.3800048828125,254.42999267578125,255.02059936523438,7268562
2025-10-10 14:30:00+00:00,255.0399932861328,255.33999633789062,248.9199981689453,249.1199951171875,10177254
2025-10-10 15:30:00+00:00,249.10000610351562,250.02999877929688,247.75999450683594,248.61000061035156,7499781
2025-10-10 16:30:00+00:00,248.58999633789062,249.05999755859375,247.05999755859375,247.80999755859375,4394995
2025-10-10 17:30:00+00:00,247.77000427246094,248.57000732421875,247.0800018310547,247.16000366210938,4882982
2025-10-10 18:30:00+00:00,247.13710021972656,247.30999755859375,245.81500244140625,246.1649932861328,5426839
2025-10-10 19:30:00+00:00,246.1699981689453,246.99000549316406,244.57000732421875,245.27999877929688,8519891
2025-10-13 13:30:00+00:00,249.3800048828125,249.49000549316406,245.55999755859375,246.37600708007812,9359382
2025-10-13 14:30:00+00:00,246.3699951171875,248.65989685058594,246.22999572753906,248.59030151367188,5816790
2025-10-13 15:30:00+00:00,248.6199951171875,249.6199951171875,248.36000061035156,249.17999267578125,3115587
2025-10-13 16:30:00+00:00,249.1699981689453,249.68930053710938,248.5500030517578,249.1042022705078,2298264
2025-10-13 17:30:00+00:00,249.08999633789062,249.32000732421875,248.68800354003906,249.1461944580078,2175748
2025-10-13 18:30:00+00:00,249.13999938964844,249.24000549316406,248.1300048828125,248.32000732421875,2310709
2025-10-13 19:30:00+00:00,248.32000732421875,248.58999633789062,247.3300018310547,247.58999633789062,3786722
2025-10-14 13:30:00+00:00,246.61500549316406,247.22999572753906,244.6999969482422,247.02000427246094,6901149
2025-10-14 14:30:00+00:00,247.0,247.74989318847656,246.1199951171875,246.21400451660156,3292430
2025-10-14 15:30:00+00:00,246.22999572753906,247.75,246.1699981689453,247.38999938964844,2724013
2025-10-14 16:30:00+00:00,247.38999938964844,248.035400390625,247.38499450683594,247.79800415039062,2048766
2025-10-14 17:30:00+00:00,247.80999755859375,247.82000732421875,247.17999267578125,247.48500061035156,2132596
2025-10-14 18:30:00+00:00,247.49000549316406,248.75,247.14439392089844,248.4199981689453,3822730
2025-10-14 19:30:00+00:00,248.42999267578125,248.84500122070312,246.72999572753906,247.85000610351562,4482259
2025-10-15 13:30:00+00:00,249.3800048828125,251.82000732421875,248.63999938964844,250.85000610351562,8163531
2025-10-15 14:30:00+00:00,250.8699951171875,251.4691925048828,249.8000030517578,249.85989379882812,3430819
2025-10-15 15:30:00+00:00,249.82000732421875,250.04969787597656,248.72000122070312,249.77499389648438,2879510
2025-10-15 16:30:00+00:00,249.77999877929688,249.9499053955078,247.47999572753906,248.0904998779297,2290291
2025-10-15 17:30:00+00:00,248.10499572753906,249.8000030517578,248.0500030517578,249.64700317382812,1934212
2025-10-15 18:30:00+00:00,249.64999389648438,250.10000610351562,249.47999572753906,249.9199981689453,2139459
2025-10-15 19:30:00+00:00,249.92999267578125,250.07000732421875,248.1699981689453,249.42999267578125,4229173
2025-10-16 13:30:00+00:00,248.27000427246094,248.3800048828125,246.6199951171875,247.50999450683594,9564057
2025-10-16 14:30:00+00:00,247.49000549316406,249.0399932861328,247.48170471191406,248.23500061035156,4826932
2025-10-16 15:30:00+00:00,248.1699981689453,248.66310119628906,247.03500366210938,247.72000122070312,3305994
2025-10-16 16:30:00+00:00,247.70010375976562,247.75,246.0399932861328,247.22000122070312,4045208
2025-10-16 17:30:00+00:00,247.22000122070312,247.4199981689453,245.25999450683594,245.66000366210938,3995746
2025-10-16 18:30:00+00:00,245.63999938964844,247.02000427246094,245.1300048828125,246.5500030517578,3603265
2025-10-16 19:30:00+00:00,246.55999755859375,247.91000366210938,246.35000610351562,247.42999267578125,3734949
2025-10-17 13:30:00+00:00,248.02000427246094,250.32000732421875,247.27000427246094,249.5601043701172,11142993
2025-10-17 14:30:00+00:00,249.6439971923828,249.86000061035156,248.22999572753906,248.47999572753906,3459331
2025-10-17 15:30:00+00:00,248.47999572753906,250.35000610351562,248.09719848632812,250.29649353027344,4277714
2025-10-17 16:30:00+00:00,250.29330444335938,251.36000061035156,250.27520751953125,250.81500244140625,6063960
2025-10-17 17:30:00+00:00,250.8000030517578,252.53500366210938,250.2449951171875,252.3000030517578,3952984
2025-10-17 18:30:00+00:00,252.2823944091797,252.82000732421875,251.6999969482422,252.75999450683594,3982655
2025-10-17 19:30:00+00:00,252.75,253.3800048828125,252.1199951171875,252.3000030517578,7247788
2025-10-20 13:30:00+00:00,255.88499450683594,259.8699951171875,255.6300048828125,259.5050048828125,19526731
2025-10-20 14:30:00+00:00,259.489990234375,263.54998779296875,259.07000732421875,262.57000732421875,20690049
2025-10-20 15:30:00+00:00,262.54998779296875,264.375,262.4175109863281,263.489990234375,13764809
2025-10-20 16:30:00+00:00,263.4800109863281,264.2099914550781,262.6499938964844,263.1650085449219,8089517
2025-10-20 17:30:00+00:00,263.17999267578125,263.8299865722656,262.7900085449219,263.7300109863281,4756799
2025-10-20 18:30:00+00:00,263.739990234375,263.80999755859375,263.0400085449219,263.4200134277344,5423277
2025-10-20 19:30:00+00:00,263.44000244140625,263.8500061035156,261.92999267578125,262.2300109863281,8021467
2025-10-21 13:30:00+00:00,261.8800048828125,265.2900085449219,261.8800048828125,263.4999084472656,17003580
2025-10-21 14:30:00+00:00,263.4599914550781,263.8299865722656,262.510009765625,263.6619873046875,4721265
2025-10-21 15:30:00+00:00,263.6700134277344,264.5350036621094,263.0801086425781,263.1700134277344,5514253
2025-10-21 16:30:00+00:00,263.1600036621094,263.6799011230469,262.8475036621094,263.3265075683594,2671606
2025-10-21 17:30:00+00:00,263.3258056640625,264.04998779296875,262.1499938964844,263.44989013671875,3718095
2025-10-21 18:30:00+00:00,263.4495849609375,263.7381896972656,262.95001220703125,263.0849914550781,3430980
2025-10-21 19:30:00+00:00,263.0950012207031,263.2099914550781,262.4700012207031,262.8399963378906,3493018
2025-10-22 13:30:00+00:00,262.7900085449219,262.8500061035156,259.7200012207031,260.0498962402344,9155667
2025-10-22 14:30:00+00:00,260.0,261.1300048828125,257.6401062011719,258.4299011230469,5930214
2025-10-22 15:30:00+00:00,258.45001220703125,259.489990234375,258.04998779296875,258.54998779296875,3763921
2025-10-22 16:30:00+00:00,258.54998779296875,258.7699890136719,256.29998779296875,256.69140625,4679141
2025-10-22 17:30:00+00:00,256.6700134277344,257.0798034667969,255.42999267578125,256.5509948730469,4221043
2025-10-22 18:30:00+00:00,256.54998779296875,257.67999267578125,256.1400146484375,257.510009765625,3195141
2025-10-22 19:30:00+00:00,257.5199890136719,258.80999755859375,257.42999267578125,258.42999267578125,4263522
2025-10-23 13:30:00+00:00,259.8900146484375,260.1799011230469,258.0101013183594,259.4798889160156,6251007
2025-10-23 14:30:00+00:00,259.4200134277344,259.67999267578125,258.7300109863281,259.3999938964844,2852790
2025-10-23 15:30:00+00:00,259.3999938964844,260.6199035644531,259.0834045410156,260.0400085449219,3168121
2025-10-23 16:30:00+00:00,260.04998779296875,260.54998779296875,259.5199890136719,259.8599853515625,2574209
2025-10-23 17:30:00+00:00,259.8800048828125,260.42498779296875,259.8299865722656,259.9700012207031,3320192
2025-10-23 18:30:00+00:00,259.9700012207031,260.0199890136719,259.6199951171875,259.8999938964844,2237171
2025-10-23 19:30:00+00:00,259.9100036621094,260.04998779296875,259.0799865722656,259.5799865722656,3143856
2025-10-24 13:30:00+00:00,261.19000244140625,261.6199951171875,259.17999267578125,260.94140625,7287527
2025-10-24 14:30:00+00:00,260.94000244140625,263.3599853515625,260.7900085449219,263.2799987792969,5490920
2025-10-24 15:30:00+00:00,263.2900085449219,264.0299987792969,262.95001220703125,263.5799865722656,4458666
2025-10-24 16:30:00+00:00,263.5899963378906,263.7099914550781,262.8500061035156,263.6099853515625,2930456
2025-10-24 17:30:00+00:00,263.6099853515625,264.1300048828125,263.4100036621094,264.0199890136719,2843868
2025-10-24 18:30:00+00:00,264.0249938964844,264.1000061035156,263.1499938964844,263.5,3187549
2025-10-24 19:30:00+00:00,263.510009765625,263.6600036621094,262.1300048828125,262.739990234375,4742484
2025-10-27 13:30:00+00:00,264.8800048828125,267.04998779296875,264.65008544921875,265.7300109863281,9319511
2025-10-27 14:30:00+00:00,265.739990234375,266.4200134277344,265.19500732421875,265.7099914550781,4050852
2025-10-27 15:30:00+00:00,265.7099914550781,266.0899963378906,265.04998779296875,265.92999267578125,3517895
2025-10-27 16:30:00+00:00,265.94000244140625,266.125,265.510009765625,265.6199951171875,3331147
2025-10-27 17:30:00+00:00,265.6300048828125,266.0150146484375,265.510009765625,265.5950012207031,2171755
2025-10-27 18:30:00+00:00,265.5899963378906,267.3999938964844,265.4700012207031,267.2749938964844,4259189
2025-10-27 19:30:00+00:00,267.2699890136719,269.0799865722656,267.2099914550781,268.739990234375,6996092
2025-10-28 13:30:00+00:00,269.135009765625,269.8699951171875,268.25,268.6499938964844,11832766
2025-10-28 14:30:00+00:00,268.6423034667969,269.1400146484375,268.1499938964844,268.69720458984375,3550384
2025-10-28 15:30:00+00:00,268.69500732421875,269.0758056640625,268.3500061035156,268.9949951171875,2758052
2025-10-28 16:30:00+00:00,268.9800109863281,269.8699951171875,268.82000732421875,269.4949951171875,3503864
2025-10-28 17:30:00+00:00,269.4949951171875,269.4949951171875,268.79998779296875,269.0902099609375,3181670
2025-10-28 18:30:00+00:00,269.1050109863281,269.44000244140625,268.7799987792969,269.20001220703125,4120349
2025-10-28 19:30:00+00:00,269.20001220703125,269.3550109863281,268.6000061035156,269.0299987792969,5339653
2025-10-29 13:30:00+00:00,269.2749938964844,271.4100036621094,268.70001220703125,270.4200134277344,10209230
2025-10-29 14:30:00+00:00,270.4100036621094,270.44500732421875,267.51220703125,267.6300048828125,6247839
2025-10-29 15:30:00+00:00,267.6099853515625,268.8599853515625,267.1099853515625,268.6199951171875,4595121
2025-10-29 16:30:00+00:00,268.6029968261719,269.93011474609375,268.4700927734375,269.93011474609375,3066081
2025-10-29 17:30:00+00:00,269.8900146484375,270.8500061035156,269.7900085449219,270.80999755859375,4963178
2025-10-29 18:30:00+00:00,270.7850036621094,270.92999267578125,268.260009765625,268.30999755859375,5156103
2025-10-29 19:30:00+00:00,268.32000732421875,270.3800048828125,267.79998779296875,269.7300109863281,4325904
2025-10-30 13:30:00+00:00,271.989990234375,274.1400146484375,268.989990234375,269.0899963378906,8387840
2025-10-30 14:30:00+00:00,269.0899963378906,271.1700134277344,268.4800109863281,270.7900085449219,3886744
2025-10-30 15:30:00+00:00,270.7799987792969,272.3900146484375,270.2630920410156,272.010009765625,3869786
2025-10-30 16:30:00+00:00,272.0,272.06781005859375,271.0400085449219,271.95001220703125,2409548
2025-10-30 17:30:00+00:00,271.95001220703125,272.29998779296875,271.2799987792969,271.75,3435055
2025-10-30 18:30:00+00:00,271.760009765625,272.00799560546875,270.9949951171875,271.3399963378906,3831349
2025-10-30 19:30:00+00:00,271.3399963378906,271.6700134277344,271.04998779296875,271.260009765625,5175619
2025-10-31 13:30:00+00:00,276.989990234375,277.32000732421875,269.1600036621094,270.3800048828125,17228178
2025-10-31 14:30:00+00:00,270.42999267578125,271.5599060058594,270.10009765625,271.29998779296875,4595066
2025-10-31 15:30:00+00:00,271.2998962402344,272.8584899902344,270.2200012207031,272.43499755859375,4301242
2025-10-31 16:30:00+00:00,272.42999267578125,273.1700134277344,270.1499938964844,270.3487854003906,4005527
2025-10-31 17:30:00+00:00,270.3299865722656,272.0599060058594,270.1099853515625,271.80999755859375,2396660
2025-10-31 18:30:00+00:00,271.7900085449219,272.17498779296875,271.2699890136719,272.1050109863281,2901733
2025-10-31 19:30:00+00:00,272.1300048828125,272.6499938964844,269.9599914550781,270.25,6600568
2025-11-03 14:30:00+00:00,270.4200134277344,270.8299865722656,266.25,267.6300048828125,10223517
2025-11-03 15:30:00+00:00,267.6400146484375,268.2598876953125,266.5,266.6400146484375,3102546
2025-11-03 16:30:00+00:00,266.659912109375,268.1499938964844,266.5223083496094,267.5350036621094,2821699
2025-11-03 17:30:00+00:00,267.5199890136719,268.0,267.25,267.6780090332031,2034109
2025-11-03 18:30:00+00:00,267.70989990234375,268.6199951171875,267.30999755859375,267.30999755859375,2075268
2025-11-03 19:30:00+00:00,267.32000732421875,267.7900085449219,266.9100036621094,267.6199951171875,2243434
2025-11-03 20:30:00+00:00,267.6300048828125,269.1099853515625,267.4599914550781,269.05999755859375,3383138
2025-11-04 14:30:00+00:00,268.24249267578125,269.5899963378906,267.614990234375,268.42999267578125,9645778
2025-11-04 15:30:00+00:00,268.42999267578125,271.0,267.7099914550781,270.6099853515625,3278354
2025-11-04 16:30:00+00:00,270.6400146484375,271.4859924316406,268.9800109863281,270.010009765625,3846826
2025-11-04 17:30:00+00:00,270.0050048828125,270.92999267578125,269.8900146484375,270.6383972167969,2072453
2025-11-04 18:30:00+00:00,270.6099853515625,270.82000732421875,269.8699951171875,270.5104064941406,2562532
2025-11-04 19:30:00+00:00,270.5299987792969,270.6099853515625,269.2799987792969,270.09051513671875,2594188
2025-11-04 20:30:00+00:00,270.1000061035156,270.4049987792969,269.5,270.010009765625,3522552
2025-11-05 14:30:00+00:00,268.5899963378906,269.58990478515625,266.92999267578125,269.0101013183594,7995553
2025-11-05 15:30:00+00:00,268.989990234375,270.3800048828125,268.760009765625,270.2900085449219,2169435
2025-11-05 16:30:00+00:00,270.2799987792969,270.4700012207031,269.5,269.9700012207031,1631841
2025-11-05 17:30:00+00:00,269.9700012207031,270.7900085449219,269.92999267578125,270.1199951171875,1426592
2025-11-05 18:30:00+00:00,270.1099853515625,271.70001220703125,269.7699890136719,270.42999267578125,2651761
2025-11-05 19:30:00+00:00,270.4100036621094,271.5,269.5299987792969,269.6000061035156,2282746
2025-11-05 20:30:00+00:00,269.6099853515625,270.3999938964844,268.9949951171875,270.1099853515625,3567904
2025-11-06 14:30:00+00:00,267.8900146484375,272.82000732421875,267.8900146484375,272.82000732421875,6762187
2025-11-06 15:30:00+00:00,272.8280029296875,273.3999938964844,271.55010986328125,272.1814880371094,5580072
2025-11-06 16:30:00+00:00,272.17999267578125,272.2200012207031,270.3900146484375,271.42498779296875,3198033
2025-11-06 17:30:00+00:00,271.4200134277344,272.46978759765625,270.9200134277344,271.3500061035156,2621839
2025-11-06 18:30:00+00:00,271.3699951171875,272.1600036621094,271.0203857421875,271.9901123046875,1783486
2025-11-06 19:30:00+00:00,272.0050048828125,272.20001220703125,270.7349853515625,271.2099914550781,2198935
2025-11-06 20:30:00+00:00,271.20001220703125,271.52020263671875,269.5950012207031,269.6400146484375,3825533
2025-11-07 14:30:00+00:00,269.7950134277344,272.2900085449219,267.2699890136719,271.5799865722656,7855390
2025-11-07 15:30:00+00:00,271.55999755859375,271.9700012207031,269.4800109863281,269.5299987792969,3991205
2025-11-07 16:30:00+00:00,269.5199890136719,269.8900146484375,268.32000732421875,269.1099853515625,3276263
2025-11-07 17:30:00+00:00,269.114990234375,269.1400146484375,268.0588073730469,268.45001220703125,2041690
2025-11-07 18:30:00+00:00,268.45001220703125,268.6600036621094,267.0950012207031,267.25,2217548
2025-11-07 19:30:00+00:00,267.260009765625,268.5,266.7799987792969,267.7598876953125,3921327
2025-11-07 20:30:00+00:00,267.760009765625,268.5799865722656,267.69000244140625,268.4200134277344,3271221
2025-11-10 14:30:00+00:00,268.95001220703125,273.7300109863281,268.95001220703125,271.85699462890625,7030981
2025-11-10 15:30:00+00:00,271.8299865722656,271.989990234375,269.04998779296875,269.06640625,3083676
2025-11-10 16:30:00+00:00,269.0400085449219,269.7587890625,268.489990234375,269.0799865722656,2346213
2025-11-10 17:30:00+00:00,269.07000732421875,270.2300109863281,269.010009765625,269.7300109863281,1807442
2025-11-10 18:30:00+00:00,269.7099914550781,270.3077087402344,267.4549865722656,269.6600036621094,3188667
2025-11-10 19:30:00+00:00,269.6300048828125,269.80999755859375,269.04998779296875,269.11859130859375,2248210
2025-11-10 20:30:00+00:00,269.1000061035156,269.6000061035156,268.760009765625,269.3599853515625,2892894
2025-11-11 14:30:00+00:00,269.80999755859375,274.739990234375,269.79998779296875,274.1000061035156,9244708
2025-11-11 15:30:00+00:00,274.1000061035156,274.3460998535156,272.42999267578125,272.5,3452496
2025-11-11 16:30:00+00:00,272.510009765625,273.614990234375,271.7799987792969,273.31500244140625,2525614
2025-11-11 17:30:00+00:00,273.3299865722656,274.70001220703125,273.0299987792969,274.4800109863281,2634766
2025-11-11 18:30:00+00:00,274.489990234375,275.6600036621094,274.1600036621094,275.32000732421875,3455305
2025-11-11 19:30:00+00:00,275.3299865722656,275.760009765625,275.04998779296875,275.25,2653431
2025-11-11 20:30:00+00:00,275.239990234375,275.8450012207031,274.79998779296875,275.29998779296875,4039818
2025-11-12 14:30:00+00:00,275.07501220703125,275.239990234375,271.8699951171875,272.94000244140625,10718425
2025-11-12 15:30:00+00:00,272.9100036621094,274.6099853515625,272.54998779296875,274.6000061035156,3328165
2025-11-12 16:30:00+00:00,274.5899963378906,274.8500061035156,273.7250061035156,274.3900146484375,2104341
2025-11-12 17:30:00+00:00,274.3800048828125,275.1400146484375,274.1199951171875,274.9800109863281,1642127
2025-11-12 18:30:00+00:00,274.989990234375,275.7300109863281,274.42999267578125,274.45001220703125,2013567
2025-11-12 19:30:00+00:00,274.45001220703125,274.69000244140625,273.5,274.04998779296875,2059500
2025-11-12 20:30:00+00:00,274.04998779296875,274.3999938964844,272.9700012207031,273.3999938964844,3569522
2025-11-13 14:30:00+00:00,274.2699890136719,276.6990051269531,273.2900085449219,273.7099914550781,10014720
2025-11-13 15:30:00+00:00,273.7001037597656,274.19000244140625,272.17999267578125,274.037109375,3931506
2025-11-13 16:30:00+00:00,274.0299987792969,274.4898986816406,272.4599914550781,272.8599853515625,2339844
2025-11-13 17:30:00+00:00,272.8399963378906,273.32000732421875,272.5,272.5700988769531,1922883
2025-11-13 18:30:00+00:00,272.55999755859375,273.8500061035156,272.1000061035156,273.5299987792969,3060900
2025-11-13 19:30:00+00:00,273.5350036621094,273.69000244140625,272.5450134277344,273.03961181640625,2603044
2025-11-13 20:30:00+00:00,273.0299987792969,273.6000061035156,272.5,273.0400085449219,3833036
2025-11-14 14:30:00+00:00,271.04998779296875,273.8900146484375,269.6000061035156,273.7591857910156,10617822
2025-11-14 15:30:00+00:00,273.7699890136719,274.6499938964844,273.20001220703125,274.6499938964844,3569903
2025-11-14 16:30:00+00:00,274.6449890136719,275.9200134277344,273.54998779296875,275.7049865722656,4251993
2025-11-14 17:30:00+00:00,275.7099914550781,275.95831298828125,274.2300109863281,274.5849914550781,1963757
2025-11-14 18:30:00+00:00,274.57000732421875,274.760009765625,273.8399963378906,273.9599914550781,1593851
2025-11-14 19:30:00+00:00,273.9700012207031,274.25,272.8900146484375,272.989990234375,2106336
2025-11-14 20:30:00+00:00,272.9700012207031,273.260009765625,272.1700134277344,272.54998779296875,3210889
2025-11-17 14:30:00+00:00,268.7200012207031,270.489990234375,267.0,269.2799987792969,8509806
2025-11-17 15:30:00+00:00,269.2300109863281,269.3900146484375,266.6499938964844,267.8799133300781,3379761
2025-11-17 16:30:00+00:00,267.8500061035156,269.54998779296875,267.82000732421875,268.9200134277344,2089997
2025-11-17 17:30:00+00:00,268.94000244140625,269.3500061035156,267.44000244140625,267.7799987792969,1923442
2025-11-17 18:30:00+00:00,267.7699890136719,268.3399963378906,266.8599853515625,267.2900085449219,2030991
2025-11-17 19:30:00+00:00,267.2950134277344,267.3800048828125,265.7300109863281,266.44000244140625,2737988
2025-11-17 20:30:00+00:00,266.44000244140625,267.5799865722656,266.19000244140625,267.4599914550781,3487816
2025-11-18 14:30:00+00:00,269.9150085449219,270.7049865722656,265.32000732421875,267.6499938964844,8219985
2025-11-18 15:30:00+00:00,267.6650085449219,268.1199951171875,266.02801513671875,267.8399963378906,3521812
2025-11-18 16:30:00+00:00,267.8399963378906,268.3380126953125,267.1400146484375,267.1650085449219,2742457
2025-11-18 17:30:00+00:00,267.1600036621094,268.92999267578125,266.42999267578125,268.45001220703125,2282519
2025-11-18 18:30:00+00:00,268.45001220703125,269.2200012207031,267.9599914550781,268.03448486328125,2176560
2025-11-18 19:30:00+00:00,268.04998779296875,268.92498779296875,267.67999267578125,268.28021240234375,2115137
2025-11-18 20:30:00+00:00,268.29998779296875,268.42999267578125,267.3299865722656,267.510009765625,3127789
2025-11-19 14:30:00+00:00,265.5249938964844,272.2099914550781,265.5,271.8500061035156,6778562
2025-11-19 15:30:00+00:00,271.85009765625,272.010009765625,269.3200988769531,269.7300109863281,2792346
2025-11-19 16:30:00+00:00,269.75,270.6549987792969,269.5299987792969,270.3999938964844,2001030
2025-11-19 17:30:00+00:00,270.4599914550781,271.30999755859375,269.6199951171875,270.0299987792969,2049762
2025-11-19 18:30:00+00:00,270.010009765625,271.010009765625,269.6300048828125,269.6700134277344,1644126
2025-11-19 19:30:00+00:00,269.6700134277344,270.7349853515625,269.1700134277344,270.0350036621094,2137859
2025-11-19 20:30:00+00:00,270.0,270.3299865722656,268.1400146484375,268.54998779296875,3516386
2025-11-20 14:30:00+00:00,270.80999755859375,275.42999267578125,270.80999755859375,273.9049987792969,7869887
2025-11-20 15:30:00+00:00,273.9100036621094,274.7300109863281,271.6199951171875,271.7799987792969,2856925
2025-11-20 16:30:00+00:00,271.7799987792969,271.7799987792969,268.04998779296875,268.94000244140625,4056106
2025-11-20 17:30:00+00:00,268.8699951171875,269.25,267.0201110839844,268.80999755859375,2981937
2025-11-20 18:30:00+00:00,268.7900085449219,268.92999267578125,266.3599853515625,267.7950134277344,2392389
2025-11-20 19:30:00+00:00,267.7799987792969,267.9100036621094,267.0,267.32000732421875,2094448
2025-11-20 20:30:00+00:00,267.32000732421875,267.5799865722656,265.9200134277344,266.3800048828125,3489586
2025-11-21 14:30:00+00:00,265.8800048828125,270.45001220703125,265.82000732421875,269.8500061035156,10658658
2025-11-21 15:30:00+00:00,269.7900085449219,271.4700012207031,269.2200012207031,270.8999938964844,4761138
2025-11-21 16:30:00+00:00,270.8900146484375,271.1199951171875,269.80999755859375,270.54998779296875,2949033
2025-11-21 17:30:00+00:00,270.6300048828125,271.6000061035156,270.20001220703125,270.9800109863281,2023820
2025-11-21 18:30:00+00:00,270.9800109863281,273.31500244140625,270.864990234375,272.6099853515625,3562846
2025-11-21 19:30:00+00:00,272.57501220703125,273.2799987792969,271.3500061035156,271.3699951171875,3135966
2025-11-21 20:30:00+00:00,271.3500061035156,272.1300048828125,270.5899963378906,271.5,4300075
2025-11-24 14:30:00+00:00,270.8999938964844,275.9200134277344,270.8999938964844,273.0950012207031,7995693
2025-11-24 15:30:00+00:00,273.0799865722656,275.38958740234375,272.6499938964844,275.0,3612728
2025-11-24 16:30:00+00:00,274.9700012207031,275.2699890136719,274.44000244140625,274.8500061035156,2583089
2025-11-24 17:30:00+00:00,274.8500061035156,276.510009765625,274.75,276.1199951171875,3404232
2025-11-24 18:30:00+00:00,276.1199951171875,276.45001220703125,275.8500061035156,276.2195129394531,2440121
2025-11-24 19:30:00+00:00,276.2300109863281,276.6549987792969,275.3550109863281,276.4750061035156,2989562
2025-11-24 20:30:00+00:00,276.4700012207031,276.9800109863281,275.1099853515625,275.9800109863281,4904039
2025-11-25 14:30:00+00:00,275.29998779296875,280.3800048828125,275.2699890136719,278.9049987792969,9723608
2025-11-25 15:30:00+00:00,278.8900146484375,279.6300048828125,277.7799987792969,277.8299865722656,2840433
2025-11-25 16:30:00+00:00,277.82000732421875,279.30999755859375,277.5,279.0700988769531,2504679
2025-11-25 17:30:00+00:00,279.0899963378906,279.3699951171875,278.2300109863281,278.760009765625,1925113
2025-11-25 18:30:00+00:00,278.7650146484375,278.7799987792969,277.7900085449219,278.0350036621094,1727727
2025-11-25 19:30:00+00:00,278.0400085449219,278.1449890136719,277.49749755859375,277.56500244140625,1909795
2025-11-25 20:30:00+00:00,277.55999755859375,278.0,276.8599853515625,276.95001220703125,2448205
2025-11-26 14:30:00+00:00,276.9599914550781,279.0474853515625,276.6300048828125,277.80999755859375,5086107
2025-11-26 15:30:00+00:00,277.7900085449219,279.1400146484375,276.80999755859375,279.0101013183594,2510611
2025-11-26 16:30:00+00:00,279.0299987792969,279.5299987792969,278.8699951171875,279.0790100097656,2586354
2025-11-26 17:30:00+00:00,279.07000732421875,279.2900085449219,278.0950012207031,278.54998779296875,1871279
2025-11-26 18:30:00+00:00,278.55999755859375,278.581787109375,277.92498779296875,278.260009765625,1426945
2025-11-26 19:30:00+00:00,278.2601013183594,278.94000244140625,278.010009765625,278.0799865722656,1953254
2025-11-26 20:30:00+00:00,278.07000732421875,278.29998779296875,277.1499938964844,277.4700012207031,9116002
2025-11-28 14:30:00+00:00,277.260009765625,278.23919677734375,276.0199890136719,276.260009765625,4040463
2025-11-28 15:30:00+00:00,276.2900085449219,276.9198913574219,275.989990234375,276.25,1743837
2025-11-28 16:30:00+00:00,276.2449951171875,277.16009521484375,275.98651123046875,277.04998779296875,1791406
2025-12-01 14:30:00+00:00,278.1499938964844,278.7699890136719,276.1400146484375,278.14208984375,5114373
2025-12-01 15:30:00+00:00,278.1000061035156,278.4801025390625,277.30499267578125,277.9200134277344,1731132
2025-12-01 16:30:00+00:00,277.8999938964844,279.8900146484375,277.8900146484375,279.7705078125,2091919
2025-12-01 17:30:00+00:00,279.7749938964844,280.6400146484375,279.4599914550781,280.58819580078125,2222347
2025-12-01 18:30:00+00:00,280.590087890625,281.2200012207031,280.45001220703125,280.8900146484375,2919865
2025-12-01 19:30:00+00:00,280.8800048828125,281.94000244140625,280.7099914550781,281.9100036621094,2916696
2025-12-01 20:30:00+00:00,281.9200134277344,283.4100036621094,281.7300109863281,283.32000732421875,5357873
2025-12-02 14:30:00+00:00,283.0,285.3089904785156,282.6300964355469,284.57000732421875,7878173
2025-12-02 15:30:00+00:00,284.5400085449219,287.3999938964844,284.1499938964844,285.5400085449219,6214915
2025-12-02 16:30:00+00:00,285.5400085449219,285.9999084472656,284.8299865722656,285.8699951171875,2847056
2025-12-02 17:30:00+00:00,285.8800048828125,286.3399963378906,284.94000244140625,285.2149963378906,2725658
2025-12-02 18:30:00+00:00,285.20001220703125,286.1300048828125,285.0150146484375,285.625,2146948
2025-12-02 19:30:00+00:00,285.6000061035156,286.82000732421875,285.5801086425781,286.239990234375,2898388
2025-12-02 20:30:00+00:00,286.239990234375,286.6099853515625,285.7099914550781,286.2300109863281,3132652
2025-12-03 14:30:00+00:00,286.20001220703125,288.6099853515625,285.8999938964844,287.34051513671875,6627228
2025-12-03 15:30:00+00:00,287.32000732421875,287.5899963378906,285.75,286.4100036621094,3581593
2025-12-03 16:30:00+00:00,286.4200134277344,286.82000732421875,285.5,286.385009765625,2126959
2025-12-03 17:30:00+00:00,286.3500061035156,286.44000244140625,285.3399963378906,285.6792907714844,2127386
2025-12-03 18:30:00+00:00,285.67999267578125,285.94000244140625,284.8843078613281,285.2099914550781,1618603
2025-12-03 19:30:00+00:00,285.2300109863281,285.2499084472656,284.2749938964844,284.55499267578125,11158331
2025-12-03 20:30:00+00:00,284.54998779296875,284.70001220703125,283.5400085449219,284.1499938964844,0
2025-12-04 14:30:00+00:00,284.1099853515625,284.7300109863281,280.2699890136719,281.2250061035156,6410843
2025-12-04 15:30:00+00:00,281.2099914550781,281.6000061035156,279.80999755859375,280.2799987792969,2986361
2025-12-04 16:30:00+00:00,280.2850036621094,280.9335021972656,279.93780517578125,280.114990234375,2285394
2025-12-04 17:30:00+00:00,280.1300048828125,280.4866943359375,279.6400146484375,280.0050048828125,1806229
2025-12-04 18:30:00+00:00,279.989990234375,280.1000061035156,278.5899963378906,278.8599853515625,2574486
2025-12-04 19:30:00+00:00,278.8599853515625,280.7300109863281,278.82000732421875,280.125,2807996
2025-12-04 20:30:00+00:00,280.1199951171875,280.69000244140625,279.5799865722656,280.6499938964844,3165508
2025-12-05 14:30:00+00:00,280.5400085449219,281.1400146484375,279.2699890136719,280.4551086425781,4393145
2025-12-05 15:30:00+00:00,280.4599914550781,280.9800109863281,279.2900085449219,279.2950134277344,3579247
2025-12-05 16:30:00+00:00,279.29998779296875,279.3399963378906,278.114990234375,278.31500244140625,2319755
2025-12-05 17:30:00+00:00,278.31500244140625,279.4801025390625,278.04998779296875,279.44000244140625,1693305
2025-12-05 18:30:00+00:00,279.4800109863281,279.57000732421875,278.5849914550781,279.2337951660156,1553832
2025-12-05 19:30:00+00:00,279.2300109863281,279.29998779296875,278.5400085449219,278.8013916015625,1937238
2025-12-05 20:30:00+00:00,278.79998779296875,279.0249938964844,278.19000244140625,278.7900085449219,2719470
2025-12-08 14:30:00+00:00,278.1684875488281,279.6693115234375,277.45001220703125,277.55999755859375,6285926
2025-12-08 15:30:00+00:00,277.54998779296875,277.8800048828125,276.7049865722656,277.4599914550781,3326326
2025-12-08 16:30:00+00:00,277.4700012207031,277.8190002441406,277.0000915527344,277.2300109863281,1896481
2025-12-08 17:30:00+00:00,277.2099914550781,277.84991455078125,276.8699951171875,276.9700012207031,1999024
2025-12-08 18:30:00+00:00,276.9494934082031,276.9494934082031,276.20001220703125,276.3599853515625,1825108
2025-12-08 19:30:00+00:00,276.3699951171875,276.9700012207031,276.1499938964844,276.92498779296875,2861661
2025-12-08 20:30:00+00:00,276.92999267578125,277.9849853515625,276.6600036621094,277.9599914550781,2613900
2025-12-09 14:30:00+00:00,277.8900146484375,280.0299987792969,277.3500061035156,277.70001220703125,5341504
2025-12-09 15:30:00+00:00,277.70001220703125,278.0,277.0299987792969,277.4100036621094,2290151
2025-12-09 16:30:00+00:00,277.4100036621094,278.1199951171875,277.20001220703125,277.875,1696929
2025-12-09 17:30:00+00:00,277.875,278.739990234375,277.79998779296875,278.385009765625,1988455
2025-12-09 18:30:00+00:00,278.385009765625,278.8900146484375,278.1199951171875,278.69000244140625,1262893
2025-12-09 19:30:00+00:00,278.69000244140625,278.75,277.6499938964844,277.864990234375,1906538
2025-12-09 20:30:00+00:00,277.864990234375,278.25,276.9200134277344,277.2300109863281,2737573
2025-12-10 14:30:00+00:00,277.8699951171875,278.7929992675781,276.5849914550781,277.45001220703125,3868165
2025-12-10 15:30:00+00:00,277.4549865722656,278.2799987792969,276.44000244140625,278.2576904296875,1880040
2025-12-10 16:30:00+00:00,278.2300109863281,278.8900146484375,277.9750061035156,278.5264892578125,1611918
2025-12-10 17:30:00+00:00,278.5199890136719,279.2799987792969,278.0849914550781,278.1199951171875,1374275
2025-12-10 18:30:00+00:00,278.1199951171875,279.2200012207031,277.9100036621094,278.2200012207031,1631790
2025-12-10 19:30:00+00:00,278.2200012207031,279.75,277.70001220703125,278.9800109863281,2578278
2025-12-10 20:30:00+00:00,278.989990234375,279.3699951171875,278.5899963378906,278.7200012207031,2242651
2025-12-11 14:30:00+00:00,279.0950012207031,279.5799865722656,273.80999755859375,276.1199951171875,6887208
2025-12-11 15:30:00+00:00,276.114990234375,276.5899963378906,275.20001220703125,275.82501220703125,2343607
2025-12-11 16:30:00+00:00,275.82000732421875,278.17999267578125,275.80999755859375,277.9049987792969,2412367
2025-12-11 17:30:00+00:00,277.9200134277344,278.3500061035156,277.3800048828125,277.5226135253906,1473658
2025-12-11 18:30:00+00:00,277.5249938964844,278.2099914550781,277.510009765625,277.760009765625,1432317
2025-12-11 19:30:00+00:00,277.760009765625,278.2149963378906,277.59130859375,278.0950012207031,1817634
2025-12-11 20:30:00+00:00,278.0899963378906,278.2099914550781,277.4700012207031,278.05999755859375,1985352
2025-12-12 14:30:00+00:00,277.0,279.2200012207031,276.9700927734375,277.8699951171875,3907328
2025-12-12 15:30:00+00:00,277.8800048828125,278.8599853515625,277.44000244140625,277.739990234375,3485545
2025-12-12 16:30:00+00:00,277.7699890136719,278.44000244140625,277.2807922363281,277.8550109863281,2096132
2025-12-12 17:30:00+00:00,277.8349914550781,279.19000244140625,277.8349914550781,279.04998779296875,2564725
2025-12-12 18:30:00+00:00,279.0400085449219,279.04998779296875,277.7300109863281,277.95001220703125,2354465
2025-12-12 19:30:00+00:00,277.95001220703125,278.80999755859375,277.80999755859375,278.05499267578125,2391168
2025-12-12 20:30:00+00:00,278.04998779296875,278.5,276.94500732421875,278.3699951171875,2787871
2025-12-15 14:30:00+00:00,279.75,279.79168701171875,273.6199951171875,274.1449890136719,8113962
2025-12-15 15:30:00+00:00,274.1700134277344,275.6404113769531,273.7200012207031,275.510009765625,3495538
2025-12-15 16:30:00+00:00,275.5400085449219,275.69500732421875,274.1499938964844,274.9200134277344,2136284
2025-12-15 17:30:00+00:00,274.92498779296875,275.1000061035156,273.7300109863281,274.0400085449219,1992688
2025-12-15 18:30:00+00:00,274.0199890136719,274.25,273.0799865722656,273.3699951171875,2430153
2025-12-15 19:30:00+00:00,273.3800048828125,273.8424987792969,272.8399963378906,273.80499267578125,2804616
2025-12-15 20:30:00+00:00,273.80999755859375,274.7200012207031,273.5199890136719,274.114990234375,4104430
2025-12-16 14:30:00+00:00,272.82000732421875,274.0299987792969,271.7900085449219,273.1700134277344,4976091
2025-12-16 15:30:00+00:00,273.1700134277344,273.82000732421875,272.5,272.80999755859375,2282059
2025-12-16 16:30:00+00:00,272.79998779296875,274.2799987792969,272.69000244140625,273.20001220703125,1929804
2025-12-16 17:30:00+00:00,273.19989013671875,273.489990234375,271.79998779296875,272.1300048828125,2118531
2025-12-16 18:30:00+00:00,272.135009765625,273.9100036621094,272.135009765625,273.56500244140625,2008038
2025-12-16 19:30:00+00:00,273.56500244140625,274.79998779296875,273.5400085449219,274.55999755859375,1912589
2025-12-16 20:30:00+00:00,274.54998779296875,275.5,274.45001220703125,274.4700012207031,2361847
2025-12-17 14:30:00+00:00,275.010009765625,276.1600036621094,274.8299865722656,275.4949951171875,4574850
2025-12-17 15:30:00+00:00,275.4700012207031,275.7300109863281,273.0450134277344,273.489990234375,3354929
2025-12-17 16:30:00+00:00,273.489990234375,273.489990234375,272.2799987792969,272.8699951171875,2372809
2025-12-17 17:30:00+00:00,272.8800048828125,273.69000244140625,272.6499938964844,273.0199890136719,1699122
2025-12-17 18:30:00+00:00,272.9901123046875,273.9700012207031,272.44000244140625,273.7850036621094,2046363
2025-12-17 19:30:00+00:00,273.7699890136719,274.1099853515625,273.57000732421875,273.65008544921875,2167480
2025-12-17 20:30:00+00:00,273.6700134277344,273.8699951171875,271.69000244140625,271.8599853515625,5130736
2025-12-18 14:30:00+00:00,273.6050109863281,273.6199951171875,266.9599914550781,270.8999938964844,10127086
2025-12-18 15:30:00+00:00,270.86199951171875,272.7200012207031,270.80999755859375,272.29998779296875,3659235
2025-12-18 16:30:00+00:00,272.2900085449219,273.16400146484375,269.94000244140625,270.25,3692916
2025-12-18 17:30:00+00:00,270.20001220703125,272.75,270.1199951171875,272.6499938964844,1920512
2025-12-18 18:30:00+00:00,272.6700134277344,272.9599914550781,271.0899963378906,271.3699951171875,2108845
2025-12-18 19:30:00+00:00,271.3699951171875,271.96990966796875,270.5,271.8399963378906,2747038
2025-12-18 20:30:00+00:00,271.8500061035156,273.20001220703125,271.7850036621094,272.1600036621094,2956766
2025-12-19 14:30:00+00:00,272.1449890136719,272.9200134277344,270.95001220703125,271.7349853515625,18574766
2025-12-19 15:30:00+00:00,271.7200927734375,272.82000732421875,270.9949951171875,271.26080322265625,2919546
2025-12-19 16:30:00+00:00,271.2622985839844,271.4599914550781,270.2699890136719,270.6549987792969,2629565
2025-12-19 17:30:00+00:00,270.6600036621094,271.80950927734375,270.3399963378906,270.75,3085614
2025-12-19 18:30:00+00:00,270.760009765625,271.5098876953125,270.3999938964844,271.3699951171875,2544938
2025-12-19 19:30:00+00:00,271.3800048828125,271.739990234375,270.17498779296875,270.79998779296875,3108119
2025-12-19 20:30:00+00:00,270.80999755859375,274.5762939453125,269.8999938964844,273.6700134277344,8193309
2025-12-22 14:30:00+00:00,272.8599853515625,273.8800048828125,271.57000732421875,272.0150146484375,6084655
2025-12-22 15:30:00+00:00,272.0299987792969,272.79998779296875,271.510009765625,272.44000244140625,2467910
2025-12-22 16:30:00+00:00,272.4200134277344,272.510009765625,271.5199890136719,271.94000244140625,2114933
2025-12-22 17:30:00+00:00,271.9200134277344,272.1400146484375,270.739990234375,270.9399108886719,2226647
2025-12-22 18:30:00+00:00,270.93499755859375,271.1400146484375,270.510009765625,270.864990234375,1960079
2025-12-22 19:30:00+00:00,270.8699951171875,271.1099853515625,270.7149963378906,270.7200012207031,1999793
2025-12-22 20:30:00+00:00,270.7149963378906,271.19989013671875,270.5050048828125,270.82000732421875,2599971
2025-12-23 14:30:00+00:00,270.0,271.92999267578125,269.55999755859375,270.8399963378906,5104762
2025-12-23 15:30:00+00:00,270.8399963378906,271.95001220703125,270.70001220703125,271.7814025878906,2241209
2025-12-23 16:30:00+00:00,271.81500244140625,272.3111877441406,271.4729919433594,271.5299987792969,2086319
2025-12-23 17:30:00+00:00,271.5400085449219,271.80999755859375,271.1099853515625,271.70001220703125,1310733
2025-12-23 18:30:00+00:00,271.70001220703125,272.1199951171875,271.5,271.80999755859375,1442128
2025-12-23 19:30:00+00:00,271.80999755859375,272.44000244140625,271.760009765625,272.10699462890625,1857021
2025-12-23 20:30:00+00:00,272.1000061035156,272.45001220703125,271.8399963378906,272.239990234375,2287709
2025-12-24 14:30:00+00:00,273.25,274.739990234375,273.0899963378906,274.03509521484375,4589623
2025-12-24 15:30:00+00:00,274.0400085449219,275.04998779296875,273.9100036621094,274.85101318359375,2096233
2025-12-24 16:30:00+00:00,274.8599853515625,275.42999267578125,274.8299865722656,275.3599853515625,2055154
2025-12-26 14:30:00+00:00,274.385009765625,275.3699951171875,274.05999755859375,274.8247985839844,2899986
2025-12-26 15:30:00+00:00,274.81500244140625,274.9800109863281,274.3699951171875,274.8800048828125,1434883
2025-12-26 16:30:00+00:00,274.8800048828125,274.93499755859375,274.4100036621094,274.6400146484375,1079100
2025-12-26 17:30:00+00:00,274.6300048828125,274.6499938964844,274.2250061035156,274.5199890136719,903247
2025-12-26 18:30:00+00:00,274.5249938964844,274.9849853515625,274.3800048828125,274.7601013183594,1447341
2025-12-26 19:30:00+00:00,274.7650146484375,274.8299865722656,273.8700866699219,273.9800109863281,1463547
2025-12-26 20:30:00+00:00,273.9800109863281,273.989990234375,272.8699951171875,273.25,2563251
2025-12-29 14:30:00+00:00,272.69000244140625,274.3599853515625,272.3900146484375,273.9543151855469,3705071
2025-12-29 15:30:00+00:00,273.95001220703125,274.0299987792969,272.989990234375,273.2200012207031,1533379
2025-12-29 16:30:00+00:00,273.21881103515625,273.2900085449219,272.8299865722656,273.0400085449219,1203367
2025-12-29 17:30:00+00:00,273.0400085449219,273.6700134277344,272.9502868652344,273.6400146484375,3234552
2025-12-29 18:30:00+00:00,273.6300048828125,274.0,273.44000244140625,273.67999267578125,0
2025-12-29 19:30:00+00:00,273.67999267578125,274.0,273.6700134277344,273.9028015136719,1410063
2025-12-29 20:30:00+00:00,273.9100036621094,273.94000244140625,273.4599914550781,273.79901123046875,1452813
2025-12-30 14:30:00+00:00,274.0,274.07000732421875,272.3948059082031,272.5899963378906,3335833
2025-12-30 15:30:00+00:00,272.5799865722656,273.32000732421875,272.4200134277344,272.85980224609375,1711221
2025-12-30 16:30:00+00:00,272.8299865722656,272.9200134277344,272.2799987792969,272.5899963378906,1582688
2025-12-30 17:30:00+00:00,272.5899963378906,273.19000244140625,272.55999755859375,273.1000061035156,1137372
2025-12-30 18:30:00+00:00,273.1000061035156,273.52178955078125,273.0101013183594,273.3900146484375,1396303
2025-12-30 19:30:00+00:00,273.3800048828125,273.4744873046875,273.0899963378906,273.1650085449219,1396305
2025-12-30 20:30:00+00:00,273.1600036621094,273.2550048828125,272.739990234375,272.989990234375,2121973
2025-12-31 14:30:00+00:00,273.04998779296875,273.67999267578125,272.2318115234375,272.489990234375,2706559
2025-12-31 15:30:00+00:00,272.4949951171875,272.5849914550781,271.760009765625,272.489990234375,1886713
2025-12-31 16:30:00+00:00,272.489990234375,272.79998779296875,272.2699890136719,272.6700134277344,1322310
2025-12-31 17:30:00+00:00,272.6600036621094,273.1000061035156,272.54998779296875,272.625,1445671
2025-12-31 18:30:00+00:00,272.625,273.42999267578125,272.5799865722656,272.9609069824219,1456290
2025-12-31 19:30:00+00:00,272.97021484375,273.0068054199219,271.9599914550781,272.0799865722656,1417798
2025-12-31 20:30:00+00:00,272.0899963378906,272.75,271.75,271.8399963378906,2509865
2026-01-02 14:30:00+00:00,272.69000244140625,277.8247985839844,272.3800048828125,273.3900146484375,7596139
2026-01-02 15:30:00+00:00,273.3699951171875,273.3900146484375,269.8299865722656,270.3245849609375,4078484
2026-01-02 16:30:00+00:00,270.29998779296875,270.9599914550781,269.1099853515625,270.1499938964844,2431873
2026-01-02 17:30:00+00:00,270.17999267578125,270.4800109863281,269.7300109863281,270.0799865722656,1780091
2026-01-02 18:30:00+00:00,270.0899963378906,270.2499084472656,269.0199890136719,270.1300048828125,2020830
2026-01-02 19:30:00+00:00,270.1400146484375,270.8399963378906,270.0899963378906,270.510009765625,2106622
2026-01-02 20:30:00+00:00,270.5299987792969,271.04998779296875,270.3500061035156,270.9800109863281,2650904
2026-01-05 14:30:00+00:00,270.635009765625,271.17999267578125,267.8599853515625,269.80999755859375,7189336
2026-01-05 15:30:00+00:00,269.79998779296875,270.2200012207031,268.70001220703125,268.7900085449219,3119976
2026-01-05 16:30:00+00:00,268.7799987792969,268.8500061035156,266.9200134277344,266.9700012207031,3085098
2026-01-05 17:30:00+00:00,266.989990234375,267.8900146484375,266.7701110839844,267.4200134277344,2496455
2026-01-05 18:30:00+00:00,267.4100036621094,267.6650085449219,266.1400146484375,266.2698974609375,2514491
2026-01-05 19:30:00+00:00,266.2699890136719,267.0400085449219,266.20001220703125,267.0190124511719,2686552
2026-01-05 20:30:00+00:00,267.0299987792969,267.739990234375,266.45001220703125,267.260009765625,2894622
2026-01-06 14:30:00+00:00,267.00799560546875,267.54998779296875,263.0299987792969,264.0299987792969,8140729
2026-01-06 15:30:00+00:00,264.0299987792969,265.1000061035156,262.29998779296875,262.4198913574219,4820286
2026-01-06 16:30:00+00:00,262.4200134277344,263.0,262.2099914550781,262.8846130371094,3187699
2026-01-06 17:30:00+00:00,262.8900146484375,263.79998779296875,262.4901123046875,262.5400085449219,2583269
2026-01-06 18:30:00+00:00,262.92999267578125,263.07000732421875,262.5400085449219,262.87701416015625,2024107
2026-01-06 19:30:00+00:00,262.7799987792969,263.0150146484375,262.260009765625,262.82000732421875,3190757
2026-01-06 20:30:00+00:00,262.8299865722656,262.9601135253906,262.3999938964844,262.42498779296875,2355864
2026-01-07 14:30:00+00:00,263.2699890136719,263.67999267578125,261.2099914550781,262.0299987792969,7368698
2026-01-07 15:30:00+00:00,262.0199890136719,262.2900085449219,260.9100036621094,261.0837097167969,3565599
2026-01-07 16:30:00+00:00,261.0849914550781,262.57000732421875,261.07000732421875,262.3599853515625,3336015
2026-01-07 17:30:00+00:00,262.3699951171875,262.70001220703125,261.0799865722656,261.2200012207031,2890664
2026-01-07 18:30:00+00:00,261.2449951171875,262.20001220703125,261.1300048828125,261.5899963378906,2574362
2026-01-07 19:30:00+00:00,261.5899963378906,262.5199890136719,261.260009765625,261.3299865722656,2727906
2026-01-07 20:30:00+00:00,261.3299865722656,261.3299865722656,259.82000732421875,260.3599853515625,4547876
2026-01-08 14:30:00+00:00,256.375,257.7699890136719,255.6999969482422,256.7449951171875,10183679
2026-01-08 15:30:00+00:00,256.7200927734375,257.19000244140625,255.9499969482422,256.1099853515625,4167093
2026-01-08 16:30:00+00:00,256.1099853515625,258.6000061035156,255.97000122070312,256.7090148925781,3892484
2026-01-08 17:30:00+00:00,256.6900939941406,257.6300048828125,256.5979919433594,257.4800109863281,2448318
2026-01-08 18:30:00+00:00,257.510009765625,257.5199890136719,256.29998779296875,256.6000061035156,2399355
2026-01-08 19:30:00+00:00,256.6050109863281,258.3299865722656,256.3800048828125,258.2799987792969,3537960
2026-01-08 20:30:00+00:00,258.2799987792969,259.2799987792969,257.9601135253906,259.05999755859375,3213685
2026-01-09 14:30:00+00:00,259.0,260.0,256.2200927734375,258.4599914550781,7220053
2026-01-09 15:30:00+00:00,258.4599914550781,258.75,256.8800048828125,256.9599914550781,3212319
2026-01-09 16:30:00+00:00,256.9512939453125,259.05499267578125,256.7663879394531,258.92999267578125,3345096
2026-01-09 17:30:00+00:00,258.9100036621094,259.1600036621094,258.2401123046875,259.1199951171875,2173770
2026-01-09 18:30:00+00:00,259.1300048828125,259.95001220703125,259.010009765625,259.7300109863281,1971968
2026-01-09 19:30:00+00:00,259.7300109863281,260.2099914550781,259.67999267578125,259.9649963378906,2732054
2026-01-09 20:30:00+00:00,259.95001220703125,260.05499267578125,258.95001220703125,259.3500061035156,2303687
2026-01-12 14:30:00+00:00,259.4100036621094,261.29998779296875,256.79998779296875,260.3500061035156,8505619
2026-01-12 15:30:00+00:00,260.364990234375,260.45001220703125,259.04998779296875,260.2300109863281,3280015
2026-01-12 16:30:00+00:00,260.2300109863281,261.1099853515625,259.7099914550781,260.60931396484375,2709473
2026-01-12 17:30:00+00:00,260.6000061035156,261.29998779296875,260.3500061035156,260.8900146484375,2160352
2026-01-12 18:30:00+00:00,260.8909912109375,260.94000244140625,260.19000244140625,260.6400146484375,1974059
2026-01-12 19:30:00+00:00,260.6499938964844,261.19000244140625,260.48529052734375,260.9700012207031,2654547
2026-01-12 20:30:00+00:00,260.9599914550781,261.1300048828125,260.010009765625,260.2099914550781,2380012
2026-01-13 14:30:00+00:00,258.7200012207031,261.80999755859375,258.3900146484375,260.090087890625,8478567
2026-01-13 15:30:00+00:00,260.1400146484375,260.2799072265625,259.489990234375,259.9100036621094,2608808
2026-01-13 16:30:00+00:00,259.8999938964844,261.1600036621094,259.8500061035156,260.8399963378906,2483937
2026-01-13 17:30:00+00:00,260.8500061035156,261.44000244140625,259.989990234375,259.989990234375,2059870
2026-01-13 18:30:00+00:00,259.9800109863281,260.6736145019531,259.1499938964844,259.739990234375,2357708
2026-01-13 19:30:00+00:00,259.7398986816406,259.79998779296875,258.7601013183594,259.0199890136719,1960648
2026-01-13 20:30:00+00:00,259.010009765625,261.20001220703125,258.8399963378906,261.04998779296875,12843144
2026-01-14 14:30:00+00:00,259.4800109863281,261.80999755859375,258.82000732421875,259.75,5147768
2026-01-14 15:30:00+00:00,259.7550048828125,260.0,257.8599853515625,258.739990234375,2978461
2026-01-14 16:30:00+00:00,258.739990234375,258.80999755859375,256.7099914550781,257.3800048828125,2333928
2026-01-14 17:30:00+00:00,257.3900146484375,257.7149963378906,256.9100036621094,257.5299987792969,1604961
2026-01-14 18:30:00+00:00,257.5299987792969,258.1000061035156,257.05499267578125,257.79998779296875,1777225
2026-01-14 19:30:00+00:00,257.79998779296875,259.9800109863281,257.7900085449219,259.9700012207031,2443932
2026-01-14 20:30:00+00:00,259.9800109863281,260.6000061035156,258.6841125488281,259.95001220703125,14485668
2026-01-15 14:30:00+00:00,260.6499938964844,261.0299987792969,259.6199951171875,260.10009765625,5046140
2026-01-15 15:30:00+00:00,260.1400146484375,260.78509521484375,259.19000244140625,260.4949951171875,2795244
2026-01-15 16:30:00+00:00,260.5,260.6300048828125,259.29998779296875,259.3299865722656,2122658
2026-01-15 17:30:00+00:00,259.3399963378906,259.56500244140625,258.0,259.5299987792969,2472715
2026-01-15 18:30:00+00:00,259.54998779296875,259.75,258.260009765625,258.32000732421875,2003848
2026-01-15 19:30:00+00:00,258.3434143066406,258.45001220703125,257.04998779296875,257.6700134277344,3158266
2026-01-15 20:30:00+00:00,257.6575012207031,258.3800048828125,257.1099853515625,258.3299865722656,2733911
2026-01-16 14:30:00+00:00,258.20001220703125,258.8999938964844,256.4601135253906,256.80999755859375,11278805
2026-01-16 15:30:00+00:00,256.80999755859375,256.9200134277344,256.05999755859375,256.4399108886719,2790833
2026-01-16 16:30:00+00:00,256.426513671875,256.6300048828125,255.82000732421875,255.8300018310547,2796717
2026-01-16 17:30:00+00:00,255.8300018310547,256.08990478515625,254.92999267578125,256.0299987792969,3606144
2026-01-16 18:30:00+00:00,256.0299987792969,257.1499938964844,255.9149932861328,256.0,2811980
2026-01-16 19:30:00+00:00,256.0,256.9700012207031,255.94000244140625,256.17999267578125,2648818
2026-01-16 20:30:00+00:00,256.1700134277344,256.4725036621094,255.1300048828125,255.47999572753906,3511559
2026-01-20 14:30:00+00:00,252.50999450683594,254.7899932861328,250.85000610351562,251.61570739746094,9087553
2026-01-20 15:30:00+00:00,251.63999938964844,252.1300048828125,250.69000244140625,251.30499267578125,3367134
2026-01-20 16:30:00+00:00,251.3000030517578,251.58999633789062,250.35000610351562,250.55999755859375,2677257
2026-01-20 17:30:00+00:00,250.52000427246094,250.6999969482422,249.0800018310547,249.19500732421875,2979236
2026-01-20 18:30:00+00:00,249.17999267578125,249.22999572753906,247.4199981689453,247.45249938964844,3351984
2026-01-20 19:30:00+00:00,247.4499969482422,248.17999267578125,245.0800018310547,245.4600067138672,5956327
2026-01-20 20:30:00+00:00,245.4600067138672,246.92999267578125,243.4199981689453,246.67999267578125,10058590
2026-01-21 14:30:00+00:00,248.7100067138672,248.75,246.02999877929688,247.57000732421875,7234453
2026-01-21 15:30:00+00:00,247.57000732421875,248.72000122070312,246.8300018310547,247.3000030517578,3802836
2026-01-21 16:30:00+00:00,247.30999755859375,247.36000061035156,245.19000244140625,245.8300018310547,3521906
2026-01-21 17:30:00+00:00,245.82009887695312,246.47000122070312,245.5800018310547,245.8800048828125,2014674
2026-01-21 18:30:00+00:00,245.8800048828125,247.33999633789062,245.5,247.1103057861328,2357430
2026-01-21 19:30:00+00:00,247.1300048828125,251.55999755859375,247.10000610351562,248.38279724121094,7875948
2026-01-21 20:30:00+00:00,248.38999938964844,248.5800018310547,246.83999633789062,247.6300048828125,4345116
2026-01-22 14:30:00+00:00,249.36000061035156,250.7799072265625,248.38499450683594,250.1300048828125,7300630
2026-01-22 15:30:00+00:00,250.14999389648438,250.16000366210938,249.0,249.6999053955078,3165743
2026-01-22 16:30:00+00:00,249.69500732421875,249.89999389648438,249.25999450683594,249.74000549316406,1884417
2026-01-22 17:30:00+00:00,249.75,250.82000732421875,249.72999572753906,250.67999267578125,1833609
2026-01-22 18:30:00+00:00,250.6699981689453,251.0,249.75010681152344,250.52000427246094,2047891
2026-01-22 19:30:00+00:00,250.50999450683594,250.625,248.26510620117188,248.3699951171875,3355209
2026-01-22 20:30:00+00:00,248.33999633789062,248.9199981689453,248.17999267578125,248.33999633789062,2783413
2026-01-23 14:30:00+00:00,247.24000549316406,247.24000549316406,244.67999267578125,247.01010131835938,7601136
2026-01-23 15:30:00+00:00,247.02000427246094,249.41000366210938,246.97000122070312,248.35000610351562,3278816
2026-01-23 16:30:00+00:00,248.3699951171875,248.8000030517578,247.8800048828125,248.73989868164062,2265060
2026-01-23 17:30:00+00:00,248.72000122070312,248.80990600585938,247.61000061035156,247.92999267578125,1917334
2026-01-23 18:30:00+00:00,247.9600067138672,248.0299072265625,246.97000122070312,247.47500610351562,2288849
2026-01-23 19:30:00+00:00,247.47000122070312,248.47000122070312,247.40499877929688,248.19000244140625,1941323
2026-01-23 20:30:00+00:00,248.19000244140625,248.85000610351562,247.7449951171875,247.97000122070312,2635711
2026-01-26 14:30:00+00:00,251.47999572753906,254.88999938964844,249.8000030517578,254.0399932861328,9810606
2026-01-26 15:30:00+00:00,254.0399932861328,255.5,253.9199981689453,255.0998992919922,4941159
2026-01-26 16:30:00+00:00,255.0850067138672,255.4199981689453,254.25999450683594,254.5,3015226
2026-01-26 17:30:00+00:00,254.47000122070312,254.75,254.0800018310547,254.64999389648438,1861533
2026-01-26 18:30:00+00:00,254.63999938964844,255.97000122070312,254.32000732421875,255.94000244140625,3013817
2026-01-26 19:30:00+00:00,255.92999267578125,256.55999755859375,255.47000122070312,255.72500610351562,3495145
2026-01-26 20:30:00+00:00,255.72999572753906,255.99000549316406,254.89999389648438,255.4199981689453,14219113
2026-01-27 14:30:00+00:00,259.1400146484375,261.95001220703125,258.6600036621094,259.8450012207031,10912773
2026-01-27 15:30:00+00:00,259.8599853515625,261.3900146484375,259.760009765625,260.7200012207031,3262895
2026-01-27 16:30:00+00:00,260.7200012207031,261.3599853515625,260.4700012207031,261.30999755859375,2175987
2026-01-27 17:30:00+00:00,261.30010986328125,261.3500061035156,260.2301025390625,260.2550048828125,1989091
2026-01-27 18:30:00+00:00,260.2699890136719,260.3599853515625,259.5199890136719,259.875,2504629
2026-01-27 19:30:00+00:00,259.875,260.0400085449219,259.1499938964844,259.3800048828125,2602286
2026-01-27 20:30:00+00:00,259.385009765625,259.67498779296875,258.2099914550781,258.2799987792969,2715151
2026-01-28 14:30:00+00:00,257.55999755859375,258.8550109863281,255.21499633789062,256.0899963378906,6604210
2026-01-28 15:30:00+00:00,256.05999755859375,256.7099914550781,255.25999450683594,255.49000549316406,2745774
2026-01-28 16:30:00+00:00,255.47000122070312,255.47999572753906,254.66000366210938,254.82000732421875,2230506
2026-01-28 17:30:00+00:00,254.8000030517578,255.38999938964844,254.50999450683594,255.2550048828125,1683148
2026-01-28 18:30:00+00:00,255.25999450683594,255.8800048828125,254.77999877929688,255.11000061035156,1899457
2026-01-28 19:30:00+00:00,255.0800018310547,256.6400146484375,255.0500030517578,256.4750061035156,3391568
2026-01-28 20:30:00+00:00,256.4599914550781,256.8999938964844,255.92999267578125,256.44000244140625,3092338
2026-01-29 14:30:00+00:00,258.07000732421875,259.6499938964844,255.49000549316406,256.8999938964844,7282171
2026-01-29 15:30:00+00:00,256.8900146484375,257.0400085449219,254.41000366210938,256.1700134277344,4801889
2026-01-29 16:30:00+00:00,256.1300048828125,257.4100036621094,255.1199951171875,257.2200012207031,3524580
2026-01-29 17:30:00+00:00,257.20001220703125,257.6700134277344,256.54998779296875,257.3800048828125,3232719
2026-01-29 18:30:00+00:00,257.364990234375,258.1816101074219,257.1600036621094,258.1449890136719,3079026
2026-01-29 19:30:00+00:00,258.1449890136719,258.5683898925781,257.7401123046875,258.2950134277344,4240841
2026-01-29 20:30:00+00:00,258.30999755859375,259.3500061035156,257.75,258.17498779296875,5837763
2026-01-30 14:30:00+00:00,255.1649932861328,258.70001220703125,252.17999267578125,254.0,18411294
2026-01-30 15:30:00+00:00,254.0800018310547,254.9499969482422,253.69500732421875,254.9199981689453,595102
2026-02-02 18:30:00+00:00,266.7900085449219,267.3500061035156,266.6199951171875,267.17999267578125,7990643
2026-02-02 19:30:00+00:00,267.125,269.56988525390625,266.82000732421875,268.9800109863281,6110168
2026-02-02 20:30:00+00:00,268.9750061035156,270.489990234375,268.8399963378906,269.9599914550781,6031354
2026-02-03 14:30:00+00:00,269.1300048828125,271.5799865722656,267.69000244140625,269.885009765625,9032813
2026-02-03 15:30:00+00:00,269.8500061035156,271.2850036621094,267.6099853515625,268.8949890136719,5335029
2026-02-03 16:30:00+00:00,268.8999938964844,270.5,268.2900085449219,268.8999938964844,3977028
2026-02-03 17:30:00+00:00,268.8900146484375,270.3699951171875,268.7550048828125,269.3399963378906,3592052
2026-02-03 18:30:00+00:00,269.3349914550781,271.875,268.8500061035156,271.4800109863281,4426151
2026-02-03 19:30:00+00:00,271.4700012207031,271.70001220703125,268.6700134277344,269.2099914550781,3448770
2026-02-03 20:30:00+00:00,269.2149963378906,270.04998779296875,268.8399963378906,269.4599914550781,3048085
2026-02-04 14:30:00+00:00,272.30999755859375,278.80999755859375,272.2850036621094,276.1000061035156,14363169
2026-02-04 15:30:00+00:00,276.125,277.3900146484375,275.29998779296875,277.21380615234375,5901048
2026-02-04 16:30:00+00:00,277.1935119628906,277.260009765625,273.8999938964844,275.25,5657904
2026-02-04 17:30:00+00:00,275.2699890136719,276.114990234375,273.1400146484375,275.6000061035156,5072262
2026-02-04 18:30:00+00:00,275.6199951171875,275.760009765625,274.3500061035156,274.9100036621094,3128540
2026-02-04 19:30:00+00:00,274.90020751953125,278.0799865722656,274.8299865722656,277.6099853515625,5267006
2026-02-04 20:30:00+00:00,277.6099853515625,278.95001220703125,276.3599853515625,276.4599914550781,7312922
2026-02-05 14:30:00+00:00,278.0199890136719,279.44000244140625,273.2300109863281,276.7850036621094,9310150
2026-02-05 15:30:00+00:00,276.7900085449219,277.3999938964844,273.2900085449219,275.2200012207031,4526349
2026-02-05 16:30:00+00:00,275.2900085449219,275.5,273.5249938964844,274.739990234375,2531820
2026-02-05 17:30:00+00:00,274.7200012207031,274.9800109863281,273.9100036621094,274.32000732421875,1764770
2026-02-05 18:30:00+00:00,274.260009765625,277.57000732421875,274.114990234375,277.0450134277344,2995492
2026-02-05 19:30:00+00:00,277.06500244140625,277.7200012207031,276.085693359375,276.6300048828125,3087121
2026-02-05 20:30:00+00:00,276.6300048828125,276.9100036621094,275.3500061035156,275.9200134277344,3990713
2026-02-06 14:30:00+00:00,277.1600036621094,280.9049987792969,277.0,279.2900085449219,10301776
2026-02-06 15:30:00+00:00,279.29998779296875,279.95001220703125,278.53021240234375,279.114990234375,3913103
2026-02-06 16:30:00+00:00,279.1000061035156,279.7749938964844,278.239990234375,278.67999267578125,3039580
2026-02-06 17:30:00+00:00,278.7099914550781,278.79998779296875,277.4901123046875,277.7749938964844,2618460
2026-02-06 18:30:00+00:00,277.79998779296875,277.9599914550781,276.92498779296875,277.1300048828125,2548586
2026-02-06 19:30:00+00:00,277.1300048828125,278.75,276.9949951171875,277.6600036621094,3186499
2026-02-06 20:30:00+00:00,277.6549987792969,279.010009765625,277.57000732421875,278.0799865722656,3255323
2026-02-09 14:30:00+00:00,277.9049987792969,278.20001220703125,273.04998779296875,273.08270263671875,6334544
2026-02-09 15:30:00+00:00,273.0899963378906,273.75,272.7699890136719,273.398193359375,2792572
2026-02-09 16:30:00+00:00,273.3699951171875,273.79998779296875,271.70001220703125,272.0115051269531,3245579
2026-02-09 17:30:00+00:00,272.0400085449219,272.3399963378906,271.7699890136719,271.9800109863281,1937150
2026-02-09 18:30:00+00:00,271.9800109863281,273.7099914550781,271.8399963378906,273.6199951171875,2566471
2026-02-09 19:30:00+00:00,273.6300048828125,274.25,272.9150085449219,274.0400085449219,2368415
2026-02-09 20:30:00+00:00,274.0299987792969,275.1199951171875,273.510009765625,274.5400085449219,3837569
2026-02-10 14:30:00+00:00,274.885009765625,275.3599853515625,273.2099914550781,274.4200134277344,4751268
2026-02-10 15:30:00+00:00,274.3900146484375,274.9100036621094,273.989990234375,274.05999755859375,1866180
2026-02-10 16:30:00+00:00,274.0199890136719,274.0498962402344,272.94000244140625,273.3500061035156,2051404
2026-02-10 17:30:00+00:00,273.3500061035156,274.19000244140625,273.1499938964844,274.05499267578125,1646593
2026-02-10 18:30:00+00:00,274.05499267578125,274.2699890136719,273.6600036621094,273.9649963378906,1371940
2026-02-10 19:30:00+00:00,273.9700012207031,274.29998779296875,273.5199890136719,274.07000732421875,1515644
2026-02-10 20:30:00+00:00,274.0799865722656,274.489990234375,273.30999755859375,273.7900085449219,2174373
2026-02-11 14:30:00+00:00,274.69500732421875,277.44000244140625,274.45001220703125,277.05010986328125,9496956
2026-02-11 15:30:00+00:00,277.1000061035156,279.9800109863281,277.0400085449219,278.19000244140625,4696556
2026-02-11 16:30:00+00:00,278.19000244140625,280.17999267578125,278.1600036621094,279.94500732421875,2685096
2026-02-11 17:30:00+00:00,279.910400390625,280.1499938964844,278.5,278.9599914550781,1893097
2026-02-11 18:30:00+00:00,278.93499755859375,279.6700134277344,278.5,279.5799865722656,1790251
2026-02-11 19:30:00+00:00,279.5799865722656,279.5899963378906,274.81060791015625,276.04998779296875,6599667
2026-02-11 20:30:00+00:00,276.010009765625,276.54998779296875,275.4599914550781,275.5400085449219,2931248
2026-02-12 14:30:00+00:00,275.6000061035156,275.7200012207031,270.05999755859375,271.25,7475539
2026-02-12 15:30:00+00:00,271.260009765625,271.75,266.1499938964844,266.1700134277344,5405536
2026-02-12 16:30:00+00:00,266.19000244140625,267.0400085449219,264.4200134277344,264.6000061035156,4717401
2026-02-12 17:30:00+00:00,264.57000732421875,264.6499938964844,260.17999267578125,262.3299865722656,7147306
2026-02-12 18:30:00+00:00,262.30999755859375,262.6700134277344,261.2300109863281,261.7799987792969,4007694
2026-02-12 19:30:00+00:00,261.7699890136719,262.489990234375,261.1000061035156,261.489990234375,3918342
2026-02-12 20:30:00+00:00,261.4800109863281,262.510009765625,260.2799987792969,261.5899963378906,5638818
2026-02-13 14:30:00+00:00,262.010009765625,262.2300109863281,258.79998779296875,260.5950012207031,9803254
2026-02-13 15:30:00+00:00,260.5799865722656,261.489990234375,258.3699951171875,259.2875061035156,3397399
2026-02-13 16:30:00+00:00,259.2984924316406,260.2099914550781,258.6000061035156,259.5899963378906,2315506
2026-02-13 17:30:00+00:00,259.5899963378906,260.2699890136719,258.7699890136719,258.9100036621094,2742312
2026-02-13 18:30:00+00:00,258.94000244140625,259.30999755859375,258.2799987792969,258.4599914550781,2401615
2026-02-13 19:30:00+00:00,258.4800109863281,258.7300109863281,255.8173065185547,255.91000366210938,3979292
2026-02-13 20:30:00+00:00,255.91000366210938,256.6600036621094,255.4499969482422,255.82000732421875,6720926
2026-02-17 14:30:00+00:00,258.04998779296875,261.3900146484375,255.55299377441406,259.6400146484375,8096132
2026-02-17 15:30:00+00:00,259.6300048828125,260.9800109863281,258.739990234375,260.2650146484375,3490944
2026-02-17 16:30:00+00:00,260.2550048828125,262.2300109863281,259.92999267578125,261.84991455078125,3136235
2026-02-17 17:30:00+00:00,261.8500061035156,263.67999267578125,260.9100036621094,263.3999938964844,3395782
2026-02-17 18:30:00+00:00,263.4599914550781,266.2900085449219,263.32000732421875,265.2850036621094,4164675
2026-02-17 19:30:00+00:00,265.260009765625,266.14990234375,264.0201110839844,264.2900085449219,2825612
2026-02-17 20:30:00+00:00,264.2950134277344,264.5299987792969,262.5,263.75,4178204
2026-02-18 14:30:00+00:00,263.5,265.6499938964844,262.45001220703125,265.398193359375,7797779
2026-02-18 15:30:00+00:00,265.3900146484375,266.0899963378906,265.0400085449219,266.0400085449219,2372744
2026-02-18 16:30:00+00:00,266.0249938964844,266.82000732421875,265.1700134277344,265.4200134277344,1840765
2026-02-18 17:30:00+00:00,265.4100036621094,265.9599914550781,265.0,265.39990234375,1335418
2026-02-18 18:30:00+00:00,265.3800048828125,265.5790100097656,264.52301025390625,264.57000732421875,1312561
2026-02-18 19:30:00+00:00,264.5950012207031,264.6299133300781,263.2099914550781,263.739990234375,1727473
2026-02-18 20:30:00+00:00,263.739990234375,265.5299987792969,263.739990234375,264.32000732421875,3105119
2026-02-19 14:30:00+00:00,262.6000061035156,264.3500061035156,262.2900085449219,262.8699951171875,4372727
2026-02-19 15:30:00+00:00,262.8800048828125,264.4800109863281,262.7601013183594,263.6199951171875,1726762
2026-02-19 16:30:00+00:00,263.6700134277344,264.1400146484375,262.6900939941406,262.94000244140625,1785992
2026-02-19 17:30:00+00:00,262.8999938964844,263.05999755859375,261.4200134277344,261.7699890136719,1237800
2026-02-19 18:30:00+00:00,261.739990234375,262.368896484375,261.5,261.5400085449219,1203819
2026-02-19 19:30:00+00:00,261.510009765625,261.6700134277344,260.2699890136719,260.760009765625,1954329
2026-02-19 20:30:00+00:00,260.760009765625,261.29998779296875,260.04998779296875,260.510009765625,2956715
2026-02-20 14:30:00+00:00,258.9549865722656,262.3500061035156,258.1600036621094,260.57049560546875,6967496
2026-02-20 15:30:00+00:00,260.54998779296875,263.260009765625,260.2773132324219,261.42999267578125,2960036
2026-02-20 16:30:00+00:00,261.4200134277344,264.75,261.2300109863281,262.29998779296875,3078479
2026-02-20 17:30:00+00:00,262.2695007324219,263.92999267578125,261.6099853515625,263.6099853515625,2014188
2026-02-20 18:30:00+00:00,263.57501220703125,264.7300109863281,263.1600036621094,264.42999267578125,1630010
2026-02-20 19:30:00+00:00,264.44000244140625,264.7099914550781,263.2850036621094,263.3301086425781,1887447
2026-02-20 20:30:00+00:00,263.3450012207031,264.7449951171875,263.0899963378906,264.5899963378906,13540364
2026-02-23 14:30:00+00:00,263.489990234375,267.739990234375,263.3810119628906,267.04998779296875,7631864
2026-02-23 15:30:00+00:00,267.0899963378906,267.5299072265625,264.75,266.5899963378906,1006448
2026-02-23 16:30:00+00:00,266.57000732421875,267.34588623046875,265.8399963378906,267.1297912597656,2169664
2026-02-23 17:30:00+00:00,267.10699462890625,269.3699951171875,266.8612060546875,269.3349914550781,2699181
2026-02-23 18:30:00+00:00,269.3399963378906,269.42999267578125,267.25,267.29998779296875,2303781
2026-02-23 19:30:00+00:00,267.2701110839844,267.3299865722656,266.2799987792969,266.7799987792969,2444216
2026-02-23 20:30:00+00:00,266.80999755859375,267.20001220703125,265.989990234375,266.3900146484375,2450818
2026-02-24 14:30:00+00:00,268.0,274.8900146484375,267.739990234375,273.6700134277344,8122809
2026-02-24 15:30:00+00:00,273.67999267578125,274.82000732421875,272.3599853515625,273.2200012207031,10039980
2026-02-24 16:30:00+00:00,273.2250061035156,273.239990234375,271.989990234375,272.510009765625,0
2026-02-24 17:30:00+00:00,272.489990234375,272.7900085449219,271.5950012207031,271.5950012207031,1641925
2026-02-24 18:30:00+00:00,271.6000061035156,272.54998779296875,271.3699951171875,272.2900085449219,1871775
2026-02-24 19:30:00+00:00,272.2799987792969,272.7200012207031,271.3800048828125,271.909912109375,2122079
2026-02-24 20:30:00+00:00,271.9100036621094,272.4299011230469,271.4800109863281,272.1700134277344,13328406
2026-02-25 14:30:00+00:00,271.67999267578125,274.0799865722656,271.04998779296875,273.6300048828125,5230897
2026-02-25 15:30:00+00:00,273.6300048828125,274.58990478515625,272.9200134277344,273.9649963378906,2463949
2026-02-25 16:30:00+00:00,273.9150085449219,274.06988525390625,272.9599914550781,273.6099853515625,1694059
2026-02-25 17:30:00+00:00,273.6099853515625,274.6300048828125,273.4200134277344,274.3500061035156,1522519
2026-02-25 18:30:00+00:00,274.3299865722656,274.94000244140625,274.17999267578125,274.4100036621094,1635951
2026-02-25 19:30:00+00:00,274.4100036621094,274.5400085449219,273.2099914550781,273.75,1879899
2026-02-25 20:30:00+00:00,273.7200012207031,274.7200012207031,273.625,274.17999267578125,2422723
2026-02-26 14:30:00+00:00,274.9549865722656,276.1099853515625,270.8399963378906,272.0,5054219
2026-02-26 15:30:00+00:00,271.9200134277344,272.78509521484375,270.7950134277344,272.5400085449219,2579542
2026-02-26 16:30:00+00:00,272.5299987792969,272.7300109863281,271.5126953125,271.760009765625,1300410
2026-02-26 17:30:00+00:00,271.7550048828125,272.0249938964844,270.9100036621094,271.3900146484375,1189482
2026-02-26 18:30:00+00:00,271.4100036621094,272.94000244140625,270.8529968261719,272.79998779296875,1838921
2026-02-26 19:30:00+00:00,272.80499267578125,273.5,272.5799865722656,272.6300048828125,1756013
2026-02-26 20:30:00+00:00,272.6449890136719,273.07000732421875,272.20001220703125,272.989990234375,1906660
2026-02-27 14:30:00+00:00,272.80999755859375,272.80999755859375,268.29998779296875,268.5050048828125,8446879
2026-02-27 15:30:00+00:00,268.4700927734375,269.6400146484375,268.1919860839844,269.05499267578125,0
2026-02-27 16:30:00+00:00,269.07000732421875,269.5199890136719,267.2699890136719,267.8841857910156,1958841
2026-02-27 17:30:00+00:00,267.8699951171875,268.260009765625,265.8800048828125,265.9508056640625,8433506
2026-02-27 18:30:00+00:00,265.95001220703125,266.4800109863281,265.4801025390625,265.7300109863281,0
2026-02-27 19:30:00+00:00,265.7300109863281,266.8999938964844,265.260009765625,266.6400146484375,2562786
2026-02-27 20:30:00+00:00,266.6300048828125,266.6300048828125,262.8900146484375,264.1700134277344,9125681
2026-03-02 14:30:00+00:00,262.44000244140625,264.5398864746094,260.20001220703125,263.80999755859375,9648357
2026-03-02 15:30:00+00:00,263.82000732421875,265.0299987792969,262.0,264.3599853515625,439306
2026-03-02 16:30:00+00:00,264.3599853515625,266.20001220703125,264.0,266.0,2203439
2026-03-02 17:30:00+00:00,265.9949951171875,266.2900085449219,265.25,265.5,1644931
2026-03-02 18:30:00+00:00,265.52801513671875,266.1499938964844,264.3599853515625,266.05999755859375,6993135
2026-03-02 19:30:00+00:00,266.0450134277344,266.5299987792969,264.1400146484375,264.30999755859375,3422545
2026-03-02 20:30:00+00:00,264.31500244140625,265.54998779296875,263.6099853515625,264.6000061035156,5738581
2026-03-03 14:30:00+00:00,263.4800109863281,265.55999755859375,261.2200012207031,262.260009765625,8047558
2026-03-03 15:30:00+00:00,262.2799987792969,263.94000244140625,261.9100036621094,262.57000732421875,4016845
2026-03-03 16:30:00+00:00,262.4800109863281,263.7799987792969,261.5799865722656,261.80999755859375,2940122
2026-03-03 17:30:00+00:00,261.79998779296875,261.8699951171875,260.1300048828125,261.4800109863281,2901307
2026-03-03 18:30:00+00:00,261.44000244140625,263.9100036621094,261.3699951171875,263.6549987792969,2917518
2026-03-03 19:30:00+00:00,263.6700134277344,264.614990234375,262.510009765625,263.2799987792969,2571377
2026-03-03 20:30:00+00:00,263.239990234375,263.9599914550781,262.3399963378906,263.6889953613281,4138461
2026-03-04 14:30:00+00:00,264.6499938964844,266.1499938964844,261.4200134277344,264.1300048828125,7214854
2026-03-04 15:30:00+00:00,264.125,264.7200012207031,262.81500244140625,264.5299987792969,3576211
2026-03-04 16:30:00+00:00,264.5199890136719,265.510009765625,264.29998779296875,264.8999938964844,3050842
2026-03-04 17:30:00+00:00,264.9100036621094,265.3599853515625,263.3399963378906,263.7799987792969,2827303
2026-03-04 18:30:00+00:00,263.79998779296875,264.19500732421875,263.05999755859375,263.3500061035156,2889009
2026-03-04 19:30:00+00:00,263.3399963378906,263.67999267578125,262.0599060058594,262.7300109863281,3383632
2026-03-04 20:30:00+00:00,262.7099914550781,263.1600036621094,262.16461181640625,262.45001220703125,4837636
2026-03-05 14:30:00+00:00,260.7449951171875,261.45001220703125,258.5400085449219,258.8699951171875,10468747
2026-03-05 15:30:00+00:00,258.9100036621094,261.2250061035156,258.07501220703125,260.7550048828125,4851072
2026-03-05 16:30:00+00:00,260.760009765625,261.55499267578125,258.9700012207031,259.0199890136719,3933354
2026-03-05 17:30:00+00:00,259.0400085449219,259.489990234375,258.4949951171875,258.9090881347656,3426289
2026-03-05 18:30:00+00:00,258.9200134277344,259.17999267578125,257.760009765625,257.8599853515625,3356489
2026-03-05 19:30:00+00:00,257.8450012207031,259.489990234375,257.25,258.69000244140625,4038383
2026-03-05 20:30:00+00:00,258.67999267578125,260.55999755859375,258.4100036621094,260.260009765625,7022514
2026-03-06 14:30:00+00:00,258.739990234375,258.760009765625,254.3699951171875,256.70001220703125,8565069
2026-03-06 15:30:00+00:00,256.69500732421875,257.95001220703125,256.0799865722656,257.25,3270567
2026-03-06 16:30:00+00:00,257.29998779296875,257.489990234375,256.3900146484375,256.7699890136719,3297640
2026-03-06 17:30:00+00:00,256.7699890136719,257.5899963378906,256.05999755859375,256.4750061035156,2387760
2026-03-06 18:30:00+00:00,256.4750061035156,257.2300109863281,255.91000366210938,257.17999267578125,2090262
2026-03-06 19:30:00+00:00,257.1700134277344,257.96990966796875,256.8005065917969,256.9100036621094,2795477
2026-03-06 20:30:00+00:00,256.9200134277344,258.010009765625,256.44000244140625,257.44000244140625,5129423
2026-03-09 13:30:00+00:00,255.69000244140625,257.0198974609375,253.6804962158203,255.7100067138672,7181497
2026-03-09 14:30:00+00:00,255.66000366210938,257.8800048828125,255.6300048828125,257.7300109863281,3727402
2026-03-09 15:30:00+00:00,257.7200012207031,258.2699890136719,257.1499938964844,257.57000732421875,3050497
2026-03-09 16:30:00+00:00,257.5799865722656,258.0899963378906,256.5400085449219,256.6300048828125,2401092
2026-03-09 17:30:00+00:00,256.6499938964844,257.364990234375,255.9499969482422,257.1499938964844,2688859
2026-03-09 18:30:00+00:00,257.1317138671875,259.57000732421875,256.5199890136719,259.4800109863281,4105990
2026-03-09 19:30:00+00:00,259.4599914550781,261.1499938964844,259.010009765625,259.8900146484375,4821540
2026-03-10 13:30:00+00:00,257.69500732421875,260.25,256.95001220703125,259.9700012207031,5290551
2026-03-10 14:30:00+00:00,259.9400939941406,261.7799987792969,259.9150085449219,261.30999755859375,3031430
2026-03-10 15:30:00+00:00,261.29998779296875,261.9800109863281,261.0,261.8699951171875,2380233
2026-03-10 16:30:00+00:00,261.8900146484375,262.4800109863281,260.82000732421875,262.20001220703125,2603212
2026-03-10 17:30:00+00:00,262.19000244140625,262.4800109863281,260.4700012207031,261.6700134277344,3001027
2026-03-10 18:30:00+00:00,261.70001220703125,261.9700012207031,260.42999267578125,260.5050048828125,2377024
2026-03-10 19:30:00+00:00,260.4700012207031,261.20001220703125,260.35009765625,260.7200012207031,3231160
2026-03-11 13:30:00+00:00,261.2099914550781,262.1300048828125,259.54998779296875,259.9949951171875,4281023
2026-03-11 14:30:00+00:00,260.0,260.9599914550781,259.8599853515625,260.1000061035156,2604285
2026-03-11 15:30:00+00:00,260.1199951171875,260.8680114746094,259.8500061035156,260.6449890136719,1954747
2026-03-11 16:30:00+00:00,260.6199951171875,261.20001220703125,260.5,261.02508544921875,1517902
2026-03-11 17:30:00+00:00,261.0400085449219,261.1300048828125,259.6300048828125,260.1099853515625,1845686
2026-03-11 18:30:00+00:00,260.1000061035156,260.3999938964844,259.80999755859375,260.1317138671875,1606862
2026-03-11 19:30:00+00:00,260.1400146484375,261.1000061035156,260.0400085449219,260.80999755859375,3235002
2026-03-12 13:30:00+00:00,258.6400146484375,258.95001220703125,254.6699981689453,254.6699981689453,7250332
2026-03-12 14:30:00+00:00,254.66000366210938,255.7899932861328,254.35000610351562,255.35499572753906,3974410
2026-03-12 15:30:00+00:00,255.3300018310547,256.25,254.17999267578125,255.65780639648438,3679550
2026-03-12 16:30:00+00:00,255.6300048828125,255.9499969482422,254.77000427246094,255.0500030517578,3104437
2026-03-12 17:30:00+00:00,255.04010009765625,255.67999267578125,254.80999755859375,255.39500427246094,2746542
2026-03-12 18:30:00+00:00,255.3699951171875,256.25,254.88999938964844,256.0899963378906,3162742
2026-03-12 19:30:00+00:00,256.09991455078125,256.2051086425781,254.97000122070312,255.75,4532523
2026-03-13 13:30:00+00:00,255.39999389648438,256.3299865722656,254.6407012939453,255.4250030517578,5452768
2026-03-13 14:30:00+00:00,255.42999267578125,255.80999755859375,253.27000427246094,253.3007049560547,3280492
2026-03-13 15:30:00+00:00,253.3300018310547,253.50999450683594,251.85000610351562,252.65499877929688,3395163
2026-03-13 16:30:00+00:00,252.63999938964844,252.97000122070312,250.9600067138672,251.17999267578125,4343212
2026-03-13 17:30:00+00:00,251.18499755859375,251.65750122070312,250.779296875,251.26400756835938,2493737
2026-03-13 18:30:00+00:00,251.25999450683594,251.84500122070312,250.2100067138672,250.2949981689453,3296194
2026-03-13 19:30:00+00:00,250.27999877929688,250.6199951171875,249.52000427246094,250.11500549316406,6367474
2026-03-16 13:30:00+00:00,252.10499572753906,253.58999633789062,249.91000366210938,253.2357940673828,4604631
2026-03-16 14:30:00+00:00,253.22000122070312,253.88499450683594,252.9199981689453,253.01499938964844,2784630
2026-03-16 15:30:00+00:00,253.00999450683594,253.5399932861328,252.20010375976562,252.36500549316406,1738509
2026-03-16 16:30:00+00:00,252.35000610351562,253.3300018310547,252.1999969482422,252.92999267578125,1437485
2026-03-16 17:30:00+00:00,252.94000244140625,253.05999755859375,252.1300048828125,252.9199981689453,1544256
2026-03-16 18:30:00+00:00,252.9219970703125,253.44000244140625,252.27000427246094,252.86199951171875,1954982
2026-03-16 19:30:00+00:00,252.83999633789062,253.05999755859375,252.11000061035156,252.77999877929688,2287594
2026-03-17 13:30:00+00:00,253.07850646972656,255.0749969482422,252.17999267578125,254.44000244140625,3494086
2026-03-17 14:30:00+00:00,254.47999572753906,254.9499969482422,253.80079650878906,254.1699981689453,1412006
2026-03-17 15:30:00+00:00,254.14999389648438,255.12989807128906,253.66000366210938,254.86000061035156,1738870
2026-03-17 16:30:00+00:00,254.8699951171875,255.02999877929688,253.55999755859375,253.9199981689453,6074290
2026-03-17 17:30:00+00:00,253.91000366210938,254.6300048828125,253.88499450683594,254.10000610351562,0
2026-03-17 18:30:00+00:00,254.09500122070312,254.3300018310547,253.13009643554688,253.77000427246094,1332707
2026-03-17 19:30:00+00:00,253.77999877929688,254.5800018310547,253.67999267578125,254.22999572753906,1930468
2026-03-18 13:30:00+00:00,252.625,254.94000244140625,251.3800048828125,252.35499572753906,3152133
2026-03-18 14:30:00+00:00,252.33999633789062,253.05999755859375,252.0800018310547,252.3199005126953,2064997
2026-03-18 15:30:00+00:00,252.30999755859375,252.3300018310547,251.4600067138672,251.57009887695312,1753188
2026-03-18 16:30:00+00:00,251.5749969482422,251.58999633789062,250.38999938964844,250.80499267578125,1604382
2026-03-18 17:30:00+00:00,250.7899932861328,251.64759826660156,250.5399932861328,250.9600067138672,1514045
2026-03-18 18:30:00+00:00,250.94000244140625,250.94500732421875,249.61000061035156,249.67999267578125,1957409
2026-03-18 19:30:00+00:00,249.69400024414062,250.35000610351562,249.0,249.91000366210938,2998677
2026-03-19 13:30:00+00:00,249.39999389648438,251.8300018310547,247.3000030517578,249.8000030517578,5282204
2026-03-19 14:30:00+00:00,249.80099487304688,250.7100067138672,249.14010620117188,249.41000366210938,1824930
2026-03-19 15:30:00+00:00,249.41000366210938,249.95260620117188,248.8800048828125,249.25999450683594,1704879
2026-03-19 16:30:00+00:00,249.27499389648438,249.4199981689453,247.7100067138672,248.2801055908203,7064876
2026-03-19 17:30:00+00:00,248.2949981689453,248.5299072265625,247.6699981689453,248.02200317382812,0
2026-03-19 18:30:00+00:00,248.00999450683594,249.58999633789062,247.6699981689453,248.47000122070312,2599457
2026-03-19 19:30:00+00:00,248.44000244140625,249.3300018310547,248.2899932861328,248.90699768066406,2408615
2026-03-20 13:30:00+00:00,248.11000061035156,248.75999450683594,246.61000061035156,247.75999450683594,16388329
2026-03-20 14:30:00+00:00,247.80999755859375,248.85000610351562,247.16009521484375,247.98500061035156,6539448
2026-03-20 15:30:00+00:00,247.9499969482422,249.05999755859375,247.86000061035156,248.6199951171875,2911321
2026-03-20 16:30:00+00:00,248.6300048828125,248.7899932861328,248.0800018310547,248.27000427246094,2570162
2026-03-20 17:30:00+00:00,248.2899932861328,248.75990295410156,247.5301055908203,248.0399932861328,2895312
2026-03-20 18:30:00+00:00,248.08999633789062,249.1999053955078,247.58999633789062,248.08999633789062,3994932
2026-03-20 19:30:00+00:00,248.08999633789062,248.1999969482422,246.0,248.19000244140625,6366085
2026-03-23 13:30:00+00:00,253.99000549316406,254.55999755859375,251.02000427246094,252.4398956298828,9464664
2026-03-23 14:30:00+00:00,252.4199981689453,252.9199981689453,251.52999877929688,252.57989501953125,3394637
2026-03-23 15:30:00+00:00,252.58999633789062,252.90499877929688,250.6750030517578,250.80499267578125,4431092
2026-03-23 16:30:00+00:00,250.80999755859375,251.75,250.27999877929688,250.9199981689453,2569031
2026-03-23 17:30:00+00:00,250.9550018310547,251.98500061035156,250.89999389648438,251.3300018310547,2523158
2026-03-23 18:30:00+00:00,251.3699951171875,252.4149932861328,251.3699951171875,251.76499938964844,2979367
2026-03-23 19:30:00+00:00,251.76499938964844,252.52499389648438,250.97000122070312,251.44000244140625,4373303
2026-03-24 13:30:00+00:00,250.49000549316406,253.1199951171875,249.5500030517578,252.47000122070312,5324672
2026-03-24 14:30:00+00:00,252.44000244140625,254.1699981689453,251.74000549316406,253.98500061035156,4425199
2026-03-24 15:30:00+00:00,253.97999572753906,254.8249969482422,253.38490295410156,254.58999633789062,2900185
2026-03-24 16:30:00+00:00,254.59689331054688,254.7100067138672,252.76499938964844,253.05999755859375,2254333
2026-03-24 17:30:00+00:00,253.0500030517578,253.5399932861328,252.2949981689453,252.57000732421875,2463029
2026-03-24 18:30:00+00:00,252.58999633789062,253.1501007080078,252.0800018310547,252.089599609375,2249663
2026-03-24 19:30:00+00:00,252.08990478515625,252.1300048828125,251.22000122070312,251.75,3583757
2026-03-25 13:30:00+00:00,254.02000427246094,254.97999572753906,251.60000610351562,252.86000061035156,5252200
2026-03-25 14:30:00+00:00,252.8699951171875,254.2899932861328,252.60000610351562,254.2449951171875,3411621
2026-03-25 15:30:00+00:00,254.24000549316406,254.4600067138672,253.08999633789062,253.9250030517578,2284849
2026-03-25 16:30:00+00:00,254.0,254.64999389648438,253.74000549316406,254.14500427246094,2123725
2026-03-25 17:30:00+00:00,254.1199951171875,254.50999450683594,253.73500061035156,253.9600067138672,1763468
2026-03-25 18:30:00+00:00,253.9499969482422,254.05499267578125,252.25999450683594,252.625,2548509
2026-03-25 19:30:00+00:00,252.63499450683594,252.71499633789062,252.00999450683594,252.57000732421875,3058584
2026-03-26 13:30:00+00:00,251.9949951171875,256.239990234375,250.77499389648438,255.91000366210938,7345489
2026-03-26 14:30:00+00:00,255.89999389648438,257.0,255.50999450683594,255.67999267578125,5446373
2026-03-26 15:30:00+00:00,255.69000244140625,256.7699890136719,255.57000732421875,256.1000061035156,3382555
2026-03-26 16:30:00+00:00,256.1000061035156,256.4599914550781,254.59010314941406,254.99000549316406,3520903
2026-03-26 17:30:00+00:00,254.97999572753906,255.11500549316406,253.38999938964844,253.8249969482422,4260523
2026-03-26 18:30:00+00:00,253.85000610351562,254.51499938964844,253.13999938964844,253.6699981689453,3242928
2026-03-26 19:30:00+00:00,253.67999267578125,253.72500610351562,252.02000427246094,252.8800048828125,4420545
2026-03-27 13:30:00+00:00,253.91000366210938,255.4929962158203,252.7801055908203,254.47999572753906,9684416
2026-03-27 14:30:00+00:00,254.4600067138672,254.69000244140625,251.8000030517578,252.6199951171875,5252638
2026-03-27 15:30:00+00:00,252.6199951171875,253.24000549316406,251.69000244140625,251.77999877929688,3302520
2026-03-27 16:30:00+00:00,251.77499389648438,252.75999450683594,250.3699951171875,250.41000366210938,3282303
2026-03-27 17:30:00+00:00,250.41000366210938,250.5800018310547,248.63499450683594,249.38499450683594,4579763
2026-03-27 18:30:00+00:00,249.4199981689453,249.52000427246094,248.25,248.40989685058594,4113587
2026-03-27 19:30:00+00:00,248.41000366210938,249.3699951171875,248.07000732421875,248.6199951171875,5252096
2026-03-30 13:30:00+00:00,249.9949951171875,250.83999633789062,246.97000122070312,247.8300018310547,6260227
2026-03-30 14:30:00+00:00,247.82000732421875,248.0,246.0399932861328,246.52999877929688,4008529
2026-03-30 15:30:00+00:00,246.52999877929688,247.2100067138672,245.9600067138672,246.02000427246094,2817533
2026-03-30 16:30:00+00:00,246.00999450683594,247.44000244140625,245.9600067138672,246.25,2713501
2026-03-30 17:30:00+00:00,246.2550048828125,247.32000732421875,245.9949951171875,246.48019409179688,2877202
2026-03-30 18:30:00+00:00,246.50999450683594,246.8300018310547,245.8300018310547,245.88999938964844,2969148
2026-03-30 19:30:00+00:00,245.88999938964844,247.0399932861328,245.50999450683594,246.5399932861328,4551161
2026-03-31 13:30:00+00:00,247.88999938964844,249.27000427246094,247.63999938964844,248.94009399414062,5972142
2026-03-31 14:30:00+00:00,248.94009399414062,249.00999450683594,247.1009979248047,248.42999267578125,3461229
2026-03-31 15:30:00+00:00,248.4499969482422,250.69000244140625,247.66000366210938,250.33999633789062,3436143
2026-03-31 16:30:00+00:00,250.3498992919922,253.92990112304688,250.17999267578125,253.22500610351562,5752049
2026-03-31 17:30:00+00:00,253.17999267578125,253.9600067138672,252.39999389648438,253.1300048828125,3142090
2026-03-31 18:30:00+00:00,253.1199951171875,254.125,253.02000427246094,253.6699981689453,3514497
2026-03-31 19:30:00+00:00,253.6699981689453,255.47999572753906,253.27999877929688,253.7899932861328,7002121
2026-04-01 13:30:00+00:00,254.3000030517578,256.17999267578125,253.82000732421875,254.12010192871094,7295932
2026-04-01 14:30:00+00:00,254.19000244140625,254.7449951171875,253.3300018310547,254.14999389648438,3965408
2026-04-01 15:30:00+00:00,254.14999389648438,254.82000732421875,253.75999450683594,254.4300994873047,2571729
2026-04-01 16:30:00+00:00,254.44000244140625,255.39999389648438,254.22000122070312,255.14219665527344,4352734
2026-04-01 17:30:00+00:00,255.125,255.27999877929688,254.10000610351562,254.30999755859375,2614499
2026-04-01 18:30:00+00:00,254.32000732421875,255.66000366210938,253.97000122070312,255.65499877929688,3235556
2026-04-01 19:30:00+00:00,255.63999938964844,256.1300048828125,255.1501007080078,255.69000244140625,4782139
2026-04-02 13:30:00+00:00,254.13999938964844,254.75999450683594,250.64999389648438,252.125,6325362
2026-04-02 14:30:00+00:00,252.11000061035156,255.72000122070312,251.99000549316406,255.1199951171875,3633781
2026-04-02 15:30:00+00:00,255.1649932861328,255.18499755859375,254.0,254.11000061035156,1582954
2026-04-02 16:30:00+00:00,254.1300048828125,255.4853057861328,254.07000732421875,255.3350067138672,1421651
2026-04-02 17:30:00+00:00,255.3350067138672,255.38999938964844,254.30999755859375,255.14500427246094,1758702
2026-04-02 18:30:00+00:00,255.16000366210938,255.6999969482422,254.8000946044922,255.1199951171875,3309762
2026-04-02 19:30:00+00:00,255.10000610351562,256.1300048828125,254.8000030517578,255.88999938964844,3297591
2026-04-06 13:30:00+00:00,256.9624938964844,262.0199890136719,256.4800109863281,261.760009765625,6693044
2026-04-06 14:30:00+00:00,261.760009765625,262.1600036621094,258.9700012207031,259.25,3953211
2026-04-06 15:30:00+00:00,259.2301025390625,259.6300048828125,258.7099914550781,259.0400085449219,2022687
2026-04-06 16:30:00+00:00,259.0299987792969,259.55999755859375,257.9100036621094,258.7799987792969,2006161
2026-04-06 17:30:00+00:00,258.7900085449219,259.3900146484375,257.8500061035156,259.2799987792969,2071173
2026-04-06 18:30:00+00:00,259.28009033203125,259.3699035644531,258.0199890136719,258.2499084472656,2221241
2026-04-06 19:30:00+00:00,258.2300109863281,259.07501220703125,258.1300048828125,258.8869934082031,2757592
2026-04-07 13:30:00+00:00,254.72000122070312,254.79989624023438,247.57000732421875,247.6699981689453,13859963
2026-04-07 14:30:00+00:00,247.6649932861328,248.19000244140625,245.6999969482422,247.82000732421875,8526234
2026-04-07 15:30:00+00:00,247.82000732421875,250.28990173339844,247.39999389648438,250.1699981689453,6863002
2026-04-07 16:30:00+00:00,250.1699981689453,253.38999938964844,249.66009521484375,251.5850067138672,8239350
2026-04-07 17:30:00+00:00,251.61500549316406,252.7899932861328,251.2899932861328,251.32000732421875,3425924
2026-04-07 18:30:00+00:00,251.3300018310547,252.5,250.1199951171875,251.9550018310547,4257297
2026-04-07 19:30:00+00:00,251.92100524902344,253.60989379882812,251.44000244140625,253.49000549316406,5898745
2026-04-08 13:30:00+00:00,258.510009765625,259.7499084472656,256.5299987792969,258.1300048828125,10222566
2026-04-08 14:30:00+00:00,258.1400146484375,259.510009765625,257.510009765625,257.510009765625,4460093
2026-04-08 15:30:00+00:00,257.5199890136719,258.3999938964844,257.1099853515625,257.4280090332031,3452386
2026-04-08 16:30:00+00:00,257.42498779296875,258.69000244140625,257.42498779296875,257.510009765625,2664363
2026-04-08 17:30:00+00:00,257.5,258.1499938964844,256.9100036621094,257.239990234375,2940397
2026-04-08 18:30:00+00:00,257.2300109863281,257.8399963378906,257.0899963378906,257.20001220703125,3088380
2026-04-08 19:30:00+00:00,257.17999267578125,258.989990234375,257.17999267578125,258.92999267578125,3893271
2026-04-09 13:30:00+00:00,259.3699951171875,260.0299987792969,256.07000732421875,257.8399963378906,5914405
2026-04-09 14:30:00+00:00,257.80999755859375,258.260009765625,257.35009765625,257.54998779296875,2479856
2026-04-09 15:30:00+00:00,257.5150146484375,259.4700012207031,257.47601318359375,259.1199951171875,2615049
2026-04-09 16:30:00+00:00,259.1199951171875,260.5299987792969,258.80499267578125,260.05499267578125,2292578
2026-04-09 17:30:00+00:00,260.04998779296875,260.45001220703125,259.29998779296875,259.625,1852839
2026-04-09 18:30:00+00:00,259.6099853515625,260.3399963378906,259.45001220703125,260.05999755859375,2088354
2026-04-09 19:30:00+00:00,260.04998779296875,261.1199951171875,260.0249938964844,260.3900146484375,2894901
2026-04-10 13:30:00+00:00,259.95001220703125,261.8500061035156,259.07000732421875,261.56500244140625,5479310
2026-04-10 14:30:00+00:00,261.56500244140625,262.19000244140625,261.13970947265625,261.2900085449219,3021703
2026-04-10 15:30:00+00:00,261.31988525390625,261.75,260.42999267578125,260.53509521484375,2476645
2026-04-10 16:30:00+00:00,260.5450134277344,260.55999755859375,259.20001220703125,259.239990234375,2249096
2026-04-10 17:30:00+00:00,259.239990234375,260.1449890136719,259.0231018066406,260.1199951171875,1925290
2026-04-10 18:30:00+00:00,260.1099853515625,260.20001220703125,259.3500061035156,259.7200012207031,2386313
2026-04-10 19:30:00+00:00,259.7200012207031,260.5350036621094,259.2900085449219,260.3800048828125,3655071
2026-04-13 13:30:00+00:00,259.67999267578125,259.7799987792969,256.6600036621094,257.32000732421875,6263854
2026-04-13 14:30:00+00:00,257.30999755859375,257.8800048828125,257.1000061035156,257.7099914550781,3495796
2026-04-13 15:30:00+00:00,257.7300109863281,257.875,256.7900085449219,257.7799987792969,3136398
2026-04-13 16:30:00+00:00,257.79010009765625,258.3399963378906,257.5151062011719,257.864990234375,2360343
2026-04-13 17:30:00+00:00,257.8599853515625,258.20001220703125,257.5199890136719,257.8800048828125,2113453
2026-04-13 18:30:00+00:00,257.864990234375,258.4800109863281,257.79998779296875,257.8500061035156,2513031
2026-04-13 19:30:00+00:00,257.8450012207031,259.5799865722656,257.5899963378906,259.2099914550781,5022608
2026-04-14 13:30:00+00:00,259.1000061035156,261.92999267578125,259.0299987792969,259.3399963378906,8135429
2026-04-14 14:30:00+00:00,259.3299865722656,259.42999267578125,257.6099853515625,258.0553894042969,4964907
2026-04-14 15:30:00+00:00,258.04998779296875,258.3900146484375,257.1900939941406,257.70001220703125,4016733
2026-04-14 16:30:00+00:00,257.69000244140625,259.7651062011719,257.6199951171875,258.6600036621094,4098111
2026-04-14 17:30:00+00:00,258.6600036621094,258.9700012207031,257.75,258.7799987792969,2712760
2026-04-14 18:30:00+00:00,258.7799987792969,258.80999755859375,257.75,258.32501220703125,3074143
2026-04-14 19:30:00+00:00,258.32501220703125,258.8599853515625,258.1499938964844,258.8550109863281,5322365
2026-04-15 13:30:00+00:00,258.0950012207031,261.0400085449219,257.82000732421875,260.67999267578125,8314756
2026-04-15 14:30:00+00:00,260.70001220703125,264.1099853515625,260.4200134277344,263.17999267578125,7448665
2026-04-15 15:30:00+00:00,263.18499755859375,265.5,262.9849853515625,264.5790100097656,5556537
2026-04-15 16:30:00+00:00,264.57000732421875,265.7900085449219,264.239990234375,264.94500732421875,4374751
2026-04-15 17:30:00+00:00,264.9100036621094,265.29998779296875,264.29998779296875,265.17999267578125,2750108
2026-04-15 18:30:00+00:00,265.19000244140625,265.864990234375,265.19000244140625,265.3399963378906,2971178
2026-04-15 19:30:00+00:00,265.30999755859375,266.55999755859375,265.25,266.3699951171875,6497059
2026-04-16 13:30:00+00:00,266.79998779296875,267.1600036621094,261.30999755859375,262.05999755859375,11554343
2026-04-16 14:30:00+00:00,262.0899963378906,262.7300109863281,261.2699890136719,262.25,4797954
2026-04-16 15:30:00+00:00,262.25,264.3898010253906,262.19000244140625,264.0801086425781,4125437
2026-04-16 16:30:00+00:00,264.0899963378906,264.1686096191406,263.0899963378906,263.5199890136719,2692302
2026-04-16 17:30:00+00:00,263.5299987792969,264.1700134277344,263.2900085449219,263.5799865722656,2435729
2026-04-16 18:30:00+00:00,263.5899963378906,264.54998779296875,263.4800109863281,263.63409423828125,3260194
2026-04-16 19:30:00+00:00,263.6300048828125,264.25,263.260009765625,263.3599853515625,3667931
2026-04-17 13:30:00+00:00,267.0979919433594,269.7900085449219,266.7200012207031,268.5849914550781,16349267
2026-04-17 14:30:00+00:00,268.635009765625,272.1000061035156,268.44000244140625,271.94000244140625,7480237
2026-04-17 15:30:00+00:00,271.95001220703125,272.29998779296875,270.7699890136719,271.54998779296875,4036285
2026-04-17 16:30:00+00:00,271.55999755859375,271.7398986816406,270.17999267578125,270.5799865722656,6141486
2026-04-17 17:30:00+00:00,270.5799865722656,270.7300109863281,269.9200134277344,270.19000244140625,2909144
2026-04-17 18:30:00+00:00,270.19000244140625,270.79998779296875,269.5299987792969,269.69500732421875,4089699
2026-04-17 19:30:00+00:00,269.7099914550781,270.5299987792969,269.66009521484375,270.18499755859375,4777998
2026-04-20 13:30:00+00:00,270.3299865722656,274.2749938964844,270.3299865722656,273.3800048828125,9800654
2026-04-20 14:30:00+00:00,273.389892578125,273.8500061035156,271.7200012207031,272.8800048828125,4154551
2026-04-20 15:30:00+00:00,272.8299865722656,272.9100036621094,272.0799865722656,272.57000732421875,2499488
2026-04-20 16:30:00+00:00,272.5899963378906,273.135009765625,271.8399963378906,272.19000244140625,2403500
2026-04-20 17:30:00+00:00,272.1700134277344,273.6400146484375,271.9800109863281,273.45001220703125,2711593
2026-04-20 18:30:00+00:00,273.4599914550781,273.4599914550781,272.6700134277344,272.69000244140625,2176297
2026-04-20 19:30:00+00:00,272.6499938964844,273.1600036621094,272.2699890136719,272.92999267578125,3689439
2026-04-21 13:30:00+00:00,271.44500732421875,272.79998779296875,269.3699951171875,269.5801086425781,8494357
2026-04-21 14:30:00+00:00,269.56500244140625,269.8500061035156,267.75,267.92999267578125,5401167
2026-04-21 15:30:00+00:00,267.9200134277344,268.0199890136719,265.80999755859375,265.8599853515625,5635814
2026-04-21 16:30:00+00:00,265.8599853515625,266.8800048828125,265.3999938964844,266.1600036621094,6382916
2026-04-21 17:30:00+00:00,266.17999267578125,267.0,266.05999755859375,266.375,3327326
2026-04-21 18:30:00+00:00,266.3800048828125,268.19000244140625,266.3800048828125,267.9599914550781,5107191
2026-04-21 19:30:00+00:00,267.9649963378906,267.9700012207031,265.8699951171875,266.2200012207031,6237992
2026-04-22 13:30:00+00:00,267.82000732421875,271.94000244140625,266.8699951171875,271.94000244140625,11027751
2026-04-22 14:30:00+00:00,271.94000244140625,272.7650146484375,270.9800109863281,272.40008544921875,5075100
2026-04-22 15:30:00+00:00,272.3900146484375,273.5050048828125,272.260009765625,272.69000244140625,4099370
2026-04-22 16:30:00+00:00,272.7049865722656,273.4200134277344,272.3599853515625,273.2099914550781,2955513
2026-04-22 17:30:00+00:00,273.218994140625,273.739990234375,272.6300048828125,272.68499755859375,3034300
2026-04-22 18:30:00+00:00,272.7099914550781,272.82000732421875,272.1004943847656,272.7099914550781,2582682
2026-04-22 19:30:00+00:00,272.7149963378906,273.260009765625,272.54998779296875,273.19000244140625,4278621
2026-04-23 13:30:00+00:00,275.0450134277344,275.7699890136719,273.135498046875,273.9049987792969,6409699
2026-04-23 14:30:00+00:00,273.9700012207031,274.3099060058594,273.2699890136719,273.67999267578125,2403732
2026-04-23 15:30:00+00:00,273.6300048828125,274.4100036621094,273.0304870605469,273.6000061035156,2252095
2026-04-23 16:30:00+00:00,273.614990234375,273.9927062988281,272.090087890625,272.239990234375,4159022
2026-04-23 17:30:00+00:00,272.25,273.79998779296875,271.6499938964844,273.6600036621094,3978695
2026-04-23 18:30:00+00:00,273.6600036621094,274.5450134277344,273.5299987792969,274.1700134277344,2790476
2026-04-23 19:30:00+00:00,274.1499938964844,274.2598876953125,273.05999755859375,273.44000244140625,2753801
2026-04-24 13:30:00+00:00,272.760009765625,273.05999755859375,270.1000061035156,272.07000732421875,6679041
2026-04-24 14:30:00+00:00,272.1000061035156,272.5899963378906,270.5700988769531,270.67999267578125,2757059
2026-04-24 15:30:00+00:00,270.69000244140625,271.67999267578125,269.79998779296875,270.989990234375,3542918
2026-04-24 16:30:00+00:00,271.0,271.1520080566406,269.6499938964844,270.06500244140625,3376037
2026-04-24 17:30:00+00:00,270.04998779296875,270.29998779296875,269.7200012207031,269.9599914550781,3006016
2026-04-24 18:30:00+00:00,269.9700012207031,270.3800048828125,269.8599853515625,270.0899963378906,3623118
2026-04-24 19:30:00+00:00,270.0899963378906,271.4800109863281,270.0,271.05999755859375,4744314
2026-04-27 13:30:00+00:00,266.0899963378906,268.3599853515625,265.07000732421875,267.3599853515625,10219067
2026-04-27 14:30:00+00:00,267.3900146484375,267.79998779296875,266.6199951171875,267.1099853515625,3251687
2026-04-27 15:30:00+00:00,267.1400146484375,267.6400146484375,266.260009765625,266.2950134277344,2679704
2026-04-27 16:30:00+00:00,266.2900085449219,267.0299987792969,266.2900085449219,266.8399963378906,2950643
2026-04-27 17:30:00+00:00,266.8299865722656,267.04998779296875,266.0899963378906,266.34991455078125,2558668
2026-04-27 18:30:00+00:00,266.3500061035156,267.2149963378906,266.1300048828125,267.1499938964844,2713356
2026-04-27 19:30:00+00:00,267.1600036621094,267.9599914550781,267.04998779296875,267.67999267578125,4077895
2026-04-28 13:30:00+00:00,272.3349914550781,273.2200012207031,268.6600036621094,271.2799072265625,9095136
2026-04-28 14:30:00+00:00,271.2799987792969,271.8299865722656,270.2900085449219,270.32501220703125,5340855
2026-04-28 15:30:00+00:00,270.32501220703125,270.56500244140625,269.331298828125,269.5159912109375,2719213
2026-04-28 16:30:00+00:00,269.4949951171875,270.1300048828125,269.440185546875,269.8699951171875,1855230
2026-04-28 17:30:00+00:00,269.8699951171875,270.9150085449219,269.7900085449219,270.5,2765318
2026-04-28 18:30:00+00:00,270.5,270.6300048828125,269.8900146484375,270.2250061035156,2300165
2026-04-28 19:30:00+00:00,270.2300109863281,270.94500732421875,269.9949951171875,270.760009765625,3115541
2026-04-29 13:30:00+00:00,267.8598937988281,270.3117980957031,267.20001220703125,269.3999938964844,5646330
2026-04-29 14:30:00+00:00,269.4100036621094,269.92999267578125,268.7300109863281,268.8399963378906,2444917
2026-04-29 15:30:00+00:00,268.8244934082031,270.1466064453125,268.20001220703125,269.82501220703125,2865276
2026-04-29 16:30:00+00:00,269.8299865722656,271.0400085449219,269.75,270.20001220703125,2163618
2026-04-29 17:30:00+00:00,270.2099914550781,270.5899963378906,269.6400146484375,269.739990234375,1643753
2026-04-29 18:30:00+00:00,269.7349853515625,270.44500732421875,269.3699951171875,270.2799987792969,1887172
2026-04-29 19:30:00+00:00,270.2699890136719,270.3599853515625,269.6099853515625,270.19000244140625,3051798
2026-04-30 13:30:00+00:00,270.5,272.20001220703125,268.1400146484375,271.91900634765625,9777419
2026-04-30 14:30:00+00:00,272.0,272.20001220703125,270.7300109863281,271.5199890136719,4122597
2026-04-30 15:30:00+00:00,271.5249938964844,273.09991455078125,271.17999267578125,273.05999755859375,4223495
2026-04-30 16:30:00+00:00,273.0799865722656,273.760009765625,271.67999267578125,272.7850036621094,4453968
2026-04-30 17:30:00+00:00,273.1099853515625,274.20001220703125,272.79998779296875,273.6000061035156,4048095
2026-04-30 18:30:00+00:00,273.5799865722656,274.489990234375,272.82000732421875,274.489990234375,4534270
2026-04-30 19:30:00+00:00,274.4700012207031,275.94000244140625,270.3399963378906,271.3599853515625,14238265
2026-05-01 13:30:00+00:00,281.3999938964844,287.2099914550781,278.3699951171875,285.3399963378906,30058496
2026-05-01 14:30:00+00:00,285.340087890625,285.6000061035156,281.4599914550781,283.95001220703125,9289199
2026-05-01 15:30:00+00:00,283.9549865722656,285.489990234375,283.20001220703125,283.9549865722656,9693580
2026-05-01 16:30:00+00:00,283.9549865722656,284.1099853515625,282.3951110839844,282.80999755859375,5060158
2026-05-01 17:30:00+00:00,282.80499267578125,282.82000732421875,280.6401062011719,281.2300109863281,4791832
2026-05-01 18:30:00+00:00,281.239990234375,281.239990234375,279.739990234375,280.34991455078125,4824173
2026-05-01 19:30:00+00:00,280.3399963378906,280.69000244140625,279.6099853515625,280.1499938964844,5835827
