Date,Open,High,Low,Close,Volume
2019-01-02 00:00:00+00:00,3.2386511702127136,3.43300976547338,3.2240246801205985,3.3769829273223877,508752000
2019-01-03 00:00:00+00:00,3.3167422733245417,3.3507054977541753,3.165519334999033,3.1729564666748047,705552000
2019-01-04 00:00:00+00:00,3.2460891404180807,3.4144177052192304,3.215348820802107,3.3762402534484863,585620000
2019-01-07 00:00:00+00:00,3.4335063448265637,3.5919186397254865,3.3821894994418393,3.554980516433716,709160000
2019-01-08 00:00:00+00:00,3.6365417630672487,3.638773115344162,3.393841183709454,3.466477870941162,786016000
2019-01-09 00:00:00+00:00,3.5177943883948593,3.5820023877661367,3.4672215634745385,3.5346522331237793,617260000
2019-01-10 00:00:00+00:00,3.5153156888004435,3.6090242121554184,3.4548263701592545,3.6003475189208984,523156000
2019-01-11 00:00:00+00:00,3.578035639733323,3.7124011996404653,3.550270223301125,3.68959379196167,874764000
2019-01-14 00:00:00+00:00,3.637285077023628,3.7547927822667417,3.6137338873293614,3.729506254196167,730168000
2019-01-15 00:00:00+00:00,3.7622302794111397,3.801647525137596,3.697030962334933,3.715376138687134,617012000
2019-01-16 00:00:00+00:00,3.74264616805401,3.775617603850056,3.684388199090273,3.6898419857025146,470104000
2019-01-17 00:00:00+00:00,3.6568700231702356,3.8011515963552576,3.629600148348307,3.7612385749816895,493436000
2019-01-18 00:00:00+00:00,3.811067993420753,3.916428340056704,3.7595033779921327,3.8903980255126953,651336000
2019-01-22 00:00:00+00:00,3.860153532195278,3.8718051248869383,3.657861758814869,3.6881062984466553,661552000
2019-01-23 00:00:00+00:00,3.743390220893512,3.832140745573606,3.669761968543829,3.700998067855835,591020000
2019-01-24 00:00:00+00:00,3.785533236384067,3.9305583451684987,3.780822998564525,3.912957191467285,708972000
2019-01-25 00:00:00+00:00,3.8534604320864054,3.9883215524618927,3.7508272007830743,3.970224380493164,1154572000
2019-01-28 00:00:00+00:00,3.385164011862135,3.5113484074474446,3.2475760317779505,3.421358346939087,2511528000
2019-01-29 00:00:00+00:00,3.3752484215285294,3.4235903710038373,3.2478244397568155,3.262450933456421,1153932000
2019-01-30 00:00:00+00:00,3.338558023729748,3.4203671788864196,3.2589799843642315,3.4059886932373047,974228000
2019-01-31 00:00:00+00:00,3.402765635236416,3.5993556057019305,3.380949782690653,3.56365704536438,842852000
2019-02-01 00:00:00+00:00,3.5822493916337703,3.639020010974739,3.5346514767671184,3.587951183319092,625048000
2019-02-04 00:00:00+00:00,3.603817555380121,3.7354559715584528,3.5817539341611235,3.698270082473755,528592000
2019-02-05 00:00:00+00:00,3.7101697053492084,3.754049180499091,3.6764544905665915,3.7173590660095215,542424000
2019-02-06 00:00:00+00:00,3.750578513726454,3.8574264238034544,3.7451247279340616,3.792970657348633,702464000
2019-02-07 00:00:00+00:00,3.74661267058067,3.74884378662524,3.611751552669913,3.65463924407959,637120000
2019-02-08 00:00:00+00:00,3.587455765379998,3.683891402239543,3.573077281337774,3.673231601715088,461604000
2019-02-11 00:00:00+00:00,3.6291043013049493,3.6833958066617254,3.5822499269282733,3.630591869354248,495180000
2019-02-12 00:00:00+00:00,3.6690181096884387,3.763222655877582,3.6546393854278967,3.7476043701171875,591060000
2019-02-13 00:00:00+00:00,3.7771045173246294,3.8631281274147784,3.7634695803135063,3.7899956703186035,605372000
2019-02-14 00:00:00+00:00,3.789004063817399,3.859161620302548,3.745868137747768,3.830900192260742,827264000
2019-02-15 00:00:00+00:00,4.039637602448917,4.062444772501486,3.8777546414836745,3.900562047958374,1516748000
2019-02-19 00:00:00+00:00,3.8899025744165323,3.963778826670554,3.8708138488600423,3.883208990097046,551892000
2019-02-20 00:00:00+00:00,3.9124610379970117,3.9977408564554087,3.9013054608465048,3.930558204650879,540988000
2019-02-21 00:00:00+00:00,3.9432023168388324,3.9677448275400224,3.8470144373521085,3.8616409301757812,448548000
2019-02-22 00:00:00+00:00,3.9134528187822863,3.96526519639102,3.8998178830233114,3.9464242458343506,401740000
2019-02-25 00:00:00+00:00,4.029969445289696,4.097399875374152,3.9253526503709284,3.9340295791625977,656020000
2019-02-26 00:00:00+00:00,3.929319077471246,3.9853459185193723,3.8611446314982167,3.8946120738983154,488464000
2019-02-27 00:00:00+00:00,3.8802340928291845,3.9067599488154197,3.795697806692139,3.8527164459228516,500256000
2019-02-28 00:00:00+00:00,3.8465124489245444,3.8688470752041852,3.805813975406926,3.828148365020752,324944000
2019-03-01 00:00:00+00:00,3.87802833679696,3.9246827342467894,3.819710339984673,3.882495403289795,357188000
2019-03-04 00:00:00+00:00,3.9209617510268484,3.943792669169531,3.834104909759698,3.89068603515625,409992000
2019-03-05 00:00:00+00:00,3.8750506002161145,3.922449550991744,3.820703141892115,3.884232759475708,362924000
2019-03-06 00:00:00+00:00,3.8752991412784,3.88373651390848,3.7705747590328067,3.7733044624328613,403524000
2019-03-07 00:00:00+00:00,3.7497292994835623,3.7594077483750046,3.6579093495689143,3.7040674686431885,450104000
2019-03-08 00:00:00+00:00,3.614728690275275,3.7489844603728097,3.593386642546014,3.7383134365081787,422416000
2019-03-11 00:00:00+00:00,3.76188784196569,4.021713201259429,3.7147369296144643,3.998882532119751,859728000
2019-03-12 00:00:00+00:00,4.0266777127384925,4.079536070908694,3.950491917364302,4.033130168914795,579576000
2019-03-13 00:00:00+00:00,4.070602962463781,4.213792413195135,4.063157928942841,4.18450927734375,768900000
2019-03-14 00:00:00+00:00,4.193690742360727,4.205602604685603,4.100877994521936,4.1085710525512695,519384000
2019-03-15 00:00:00+00:00,4.151751263614789,4.256723901168707,4.148277009826492,4.214040279388428,661484000
2019-03-18 00:00:00+00:00,4.245557804906436,4.299409227376472,4.16564947156302,4.192699432373047,486992000
2019-03-19 00:00:00+00:00,4.287247683533354,4.404876735512573,4.270372939225768,4.360455513000488,854972000
2019-03-20 00:00:00+00:00,4.389491623226425,4.4428465182643775,4.2932045970185815,4.327947616577148,719148000
2019-03-21 00:00:00+00:00,4.351024977136727,4.590997418225042,4.346061623085033,4.56469202041626,824312000
2019-03-22 00:00:00+00:00,4.537395351809043,4.586034905106406,4.390979693756557,4.404876708984375,747644000
2019-03-25 00:00:00+00:00,4.364178314815477,4.428452011351479,4.2463012357652055,4.312560558319092,525212000
2019-03-26 00:00:00+00:00,4.454260896302469,4.510345483093209,4.332909563202776,4.389242649078369,703508000
2019-03-27 00:00:00+00:00,4.414802725026205,4.461208619297587,4.310574653867684,4.380059719085693,474372000
2019-03-28 00:00:00+00:00,4.406116184251971,4.46443440681022,4.345564783864118,4.398671627044678,480264000
2019-03-29 00:00:00+00:00,4.4654286068279845,4.480318673320571,4.415051921189798,4.455998420715332,456896000
2019-04-01 00:00:00+00:00,4.547817354070959,4.553773284364609,4.476098638171453,4.523497581481934,483824000
2019-04-02 00:00:00+00:00,4.547570531284838,4.585787326890967,4.504638406005335,4.541366100311279,440920000
2019-04-03 00:00:00+00:00,4.59099784662336,4.739895168747722,4.586034492108522,4.680832386016846,783504000
2019-04-04 00:00:00+00:00,4.665445909984478,4.7143339541762,4.609113307928134,4.671898365020752,457376000
2019-04-05 00:00:00+00:00,4.715079386959449,4.75602635620326,4.678599721268177,4.738654613494873,481744000
2019-04-08 00:00:00+00:00,4.708130773820031,4.784564830698593,4.684059022984847,4.759500503540039,424192000
2019-04-09 00:00:00+00:00,4.725999445565127,4.7371667596078275,4.654528730358178,4.69671630859375,439972000
2019-04-10 00:00:00+00:00,4.695970641427767,4.793001716968582,4.691503811538995,4.767192840576172,444772000
2019-04-11 00:00:00+00:00,4.769674590499929,4.801191372599079,4.703911796511383,4.7532958984375,374600000
2019-04-12 00:00:00+00:00,4.792010313968014,4.795981093358877,4.706642580383663,4.715328216552734,471708000
2019-04-15 00:00:00+00:00,4.7076333711176135,4.712596725140489,4.543846475014645,4.583552360534668,440092000
2019-04-16 00:00:00+00:00,4.622763108445306,4.689518481922181,4.5900057227494715,4.670658111572266,394964000
2019-04-17 00:00:00+00:00,4.705649340765735,4.72649486463403,4.625493000178169,4.647827625274658,351004000
2019-04-18 00:00:00+00:00,4.654528784894651,4.6885267790091465,4.595465985340152,4.623260021209717,380988000
2019-04-22 00:00:00+00:00,4.599685443032852,4.69274624990295,4.568169122411929,4.677112102508545,279936000
2019-04-23 00:00:00+00:00,4.690261703371222,4.762973460912972,4.680583495188169,4.7317047119140625,346856000
2019-04-24 00:00:00+00:00,4.7421287729730555,4.784812868304873,4.681329331364547,4.744114398956299,318204000
2019-04-25 00:00:00+00:00,4.703912471281764,4.726247097600911,4.558737873538937,4.638397693634033,499296000
2019-04-26 00:00:00+00:00,4.484536235801149,4.489003538981832,4.300648348135763,4.419517993927002,868988000
2019-04-29 00:00:00+00:00,4.427459055831042,4.478084231648628,4.355243808071353,4.450290203094482,391920000
2019-04-30 00:00:00+00:00,4.418029196784141,4.5172939298826655,4.398920800745768,4.491733551025391,362920000
2019-05-01 00:00:00+00:00,4.544096688524751,4.586284266973485,4.478333406238044,4.47858190536499,354280000
2019-05-02 00:00:00+00:00,4.488260764789749,4.587773556177281,4.445080603605958,4.546082496643066,394684000
2019-05-03 00:00:00+00:00,4.5545175378655225,4.564443772153418,4.480068650714684,4.5416131019592285,336824000
2019-05-06 00:00:00+00:00,4.3552440090825275,4.475354735160598,4.318019794360678,4.463194847106934,422176000
2019-05-07 00:00:00+00:00,4.4148033756299,4.4148033756299,4.247790222121525,4.295933723449707,555220000
2019-05-08 00:00:00+00:00,4.268388287837035,4.3961916172272915,4.256476423790654,4.316035270690918,419168000
2019-05-09 00:00:00+00:00,4.2470463910318275,4.256724603419944,4.1046014888802915,4.223470687866211,660248000
2019-05-10 00:00:00+00:00,4.192697949472911,4.258212715543854,4.0698575264241175,4.18947172164917,569500000
2019-05-13 00:00:00+00:00,4.057450314763761,4.080529491649819,3.9162460232760625,3.932128429412842,656912000
2019-05-14 00:00:00+00:00,3.9718327803188993,4.056456401002324,3.9331197091641124,4.021217346191406,524880000
2019-05-15 00:00:00+00:00,3.965629675389673,3.996649933438713,3.9063190991459917,3.960170269012451,502320000
2019-05-16 00:00:00+00:00,3.9547104438481218,4.017991795753841,3.912274850177499,3.9753077030181885,781088000
2019-05-17 00:00:00+00:00,3.933368765828099,4.062661177030915,3.845023085268538,3.8844807147979736,1022068000
2019-05-20 00:00:00+00:00,3.7857127909847694,3.840804806416889,3.7410435381120637,3.765859842300415,572064000
2019-05-21 00:00:00+00:00,3.8266587176075335,3.863882929348564,3.787945404864032,3.8480005264282227,361848000
2019-05-22 00:00:00+00:00,3.8092889520536257,3.8353458632113853,3.7661085559458445,3.7770278453826904,325868000
2019-05-23 00:00:00+00:00,3.7147386195782692,3.7147386195782692,3.5961172076964387,3.6559243202209473,591844000
2019-05-24 00:00:00+00:00,3.674783294540589,3.710022352514786,3.5953715195745453,3.60207200050354,357584000
2019-05-28 00:00:00+00:00,3.61969176301694,3.652449145970368,3.554921310965735,3.5569067001342773,428356000
2019-05-29 00:00:00+00:00,3.5092599786164214,3.544250781339533,3.447964008243403,3.4827067852020264,559800000
2019-05-30 00:00:00+00:00,3.485936525364489,3.5217126668304197,3.417862461954597,3.456123113632202,394300000
2019-05-31 00:00:00+00:00,3.4071792396318887,3.4745079022361622,3.3637012589005266,3.3654403686523438,389720000
2019-06-03 00:00:00+00:00,3.3766200690654826,3.4153775710784777,3.294384827873718,3.3237013816833496,478644000
2019-06-04 00:00:00+00:00,3.3878004059898132,3.557985559569591,3.3656888343946365,3.5527682304382324,641836000
2019-06-05 00:00:00+00:00,3.626556334777787,3.6320222094851573,3.4737625211733563,3.510035514831543,511616000
2019-06-06 00:00:00+00:00,3.514259416547438,3.5967432137193844,3.511774906305069,3.5721471309661865,408140000
2019-06-07 00:00:00+00:00,3.5781102299670082,3.649165429517179,3.558979783449994,3.614880084991455,348856000
2019-06-10 00:00:00+00:00,3.671027400161948,3.756244232100346,3.671027400161948,3.687673330307007,402780000
2019-06-11 00:00:00+00:00,3.7475496089871716,3.7853134087433036,3.7058109717021224,3.7453136444091797,383872000
2019-06-12 00:00:00+00:00,3.701835198298818,3.7080464735024403,3.6171154421703386,3.632270574569702,358892000
2019-06-13 00:00:00+00:00,3.6543822132026853,3.7018352667303276,3.6367425703957896,3.68345046043396,308080000
2019-06-14 00:00:00+00:00,3.5902835766319567,3.614631113229708,3.5487932513234184,3.593513250350952,394428000
2019-06-17 00:00:00+00:00,3.5917744524646253,3.6402214579436385,3.568917477844236,3.603203058242798,276040000
2019-06-18 00:00:00+00:00,3.664568469860511,3.853635278762845,3.6536369572868836,3.798232078552246,581920000
2019-06-19 00:00:00+00:00,3.8335122042434153,3.8449405739498417,3.778108754942864,3.8041956424713135,331644000
2019-06-20 00:00:00+00:00,3.8948769377672123,3.908789813762645,3.8141322635189936,3.8285419940948486,350168000
2019-06-21 00:00:00+00:00,3.8136356763978863,3.8628278373481844,3.7639464238964044,3.7704060077667236,434428000
2019-06-24 00:00:00+00:00,3.7917726233411475,3.8223314347522352,3.7445678782554253,3.7927663326263428,282948000
2019-06-25 00:00:00+00:00,3.7977354851308696,3.8727659883014587,3.7607170882054692,3.7634499073028564,311868000
2019-06-26 00:00:00+00:00,3.890902750597126,4.017858483785668,3.8779835808193477,3.956740617752075,584072000
2019-06-27 00:00:00+00:00,4.042454023040567,4.074503399227054,4.006429335736305,4.055373191833496,445440000
2019-06-28 00:00:00+00:00,4.099348524838968,4.108541166361156,4.033510654715419,4.080218315124512,397668000
2019-07-01 00:00:00+00:00,4.287420420704294,4.321705992505331,4.090900102637731,4.128415584564209,709756000
2019-07-02 00:00:00+00:00,4.111771059053881,4.13288916384382,4.017362018344923,4.030529499053955,400228000
2019-07-03 00:00:00+00:00,4.053882152471348,4.059596573016038,3.9835723656335356,4.043447494506836,246636000
2019-07-05 00:00:00+00:00,3.9850628718889634,3.9895348001329443,3.91748543508814,3.980839252471924,396552000
2019-07-08 00:00:00+00:00,3.9212128435384774,3.9400947426650323,3.875747442475692,3.905809164047241,329788000
2019-07-09 00:00:00+00:00,3.8635732502768936,3.936367787172201,3.8509026274936953,3.9082934856414795,342860000
2019-07-10 00:00:00+00:00,3.9517712790813873,4.034006524260164,3.9378584018696428,3.9766159057617188,452076000
2019-07-11 00:00:00+00:00,4.049658964227611,4.1718942189385295,4.0123922569733725,4.1311492919921875,682560000
2019-07-12 00:00:00+00:00,4.158974394153869,4.235247380361121,4.158974394153869,4.164191722869873,506392000
2019-07-15 00:00:00+00:00,4.185309409467861,4.201458011695431,4.127421707738953,4.1557440757751465,289840000
2019-07-16 00:00:00+00:00,4.140837992750941,4.178104694984818,4.095372360134823,4.151024341583252,341444000
2019-07-17 00:00:00+00:00,4.152764151204527,4.223322730665828,4.123447591701021,4.216366291046143,348204000
2019-07-18 00:00:00+00:00,4.226801061071026,4.290899820350118,4.170155359366945,4.228043079376221,442192000
2019-07-19 00:00:00+00:00,4.266303343256201,4.2727626904604925,4.1788502931093365,4.184813022613525,344896000
2019-07-22 00:00:00+00:00,4.206179426989189,4.26928446749446,4.198725896647237,4.2563652992248535,315940000
2019-07-23 00:00:00+00:00,4.295620369303317,4.366178474059461,4.2799679064719625,4.364191055297852,428176000
2019-07-24 00:00:00+00:00,4.407419119153484,4.444437506808353,4.33139492570188,4.438723087310791,366236000
2019-07-25 00:00:00+00:00,4.3972354291887115,4.409906293711678,4.284192779769576,4.307546615600586,392700000
2019-07-26 00:00:00+00:00,4.3346264915523784,4.396240742334675,4.3346264915523784,4.3495330810546875,274160000
2019-07-29 00:00:00+00:00,4.342327614108528,4.359470402443908,4.255123345438182,4.343321323394775,248160000
2019-07-30 00:00:00+00:00,4.296863578328323,4.371148706188605,4.282453603633542,4.358974933624268,197772000
2019-07-31 00:00:00+00:00,4.327420634406014,4.328414817582776,4.149533874289371,4.191769599914551,359416000
2019-08-01 00:00:00+00:00,4.202204777428455,4.292638969549373,4.045187314937343,4.097361087799072,421212000
2019-08-02 00:00:00+00:00,4.004688739776611,4.074005269586262,3.9572359391289105,4.004688739776611,428348000
2019-08-05 00:00:00+00:00,3.821089087595534,3.8223313426400565,3.699350936463408,3.746307134628296,589156000
2019-08-06 00:00:00+00:00,3.8210891448704083,3.866554542888988,3.73736309648918,3.785064458847046,361272000
2019-08-07 00:00:00+00:00,3.7241954290810595,3.8352506163725377,3.706804331850777,3.8233251571655273,372560000
2019-08-08 00:00:00+00:00,3.8809649313058294,3.9331384649141317,3.823574068030292,3.931896209716797,309300000
2019-08-09 00:00:00+00:00,3.8909026317903614,3.8943808514754075,3.7800959826754443,3.8305304050445557,341816000
2019-08-12 00:00:00+00:00,3.7783563588595577,3.8305298839739783,3.740841110976979,3.762704372406006,279200000
2019-08-13 00:00:00+00:00,3.7612137050136867,3.9229516149101764,3.7222078919153594,3.8769891262054443,351956000
2019-08-14 00:00:00+00:00,3.7887915306196374,3.799971590156669,3.684693012038414,3.728419303894043,419880000
2019-08-15 00:00:00+00:00,3.747300794658426,3.767176401237818,3.661835638979853,3.6961209774017334,477200000
2019-08-16 00:00:00+00:00,3.9589757773838117,4.013385024522809,3.897609618621273,3.964193105697632,1007960000
2019-08-19 00:00:00+00:00,4.077484806609766,4.258849778782694,4.061335727920661,4.24294900894165,815112000
2019-08-20 00:00:00+00:00,4.2374834827110455,4.237980574292115,4.149533813251325,4.170651912689209,463188000
2019-08-21 00:00:00+00:00,4.236737836701404,4.309283823277182,4.2151231208071644,4.254128932952881,427244000
2019-08-22 00:00:00+00:00,4.263818910063666,4.306302943909594,4.221086093491348,4.260340690612793,303488000
2019-08-23 00:00:00+00:00,4.18381919720624,4.238228687783782,4.015870014222572,4.035745620727539,568056000
2019-08-26 00:00:00+00:00,4.114503780573438,4.1386030106390885,4.072268050737797,4.110528469085693,318208000
2019-08-27 00:00:00+00:00,4.148788879474909,4.151521698798528,3.990529402740289,4.019845962524414,290968000
2019-08-28 00:00:00+00:00,3.993484807200395,4.0621233705928095,3.954191348776583,4.009400844573975,255612000
2019-08-29 00:00:00+00:00,4.100918946723606,4.185474015673862,4.097437284155335,4.153144359588623,357976000
2019-08-30 00:00:00+00:00,4.199399690907395,4.249138122626399,4.1476718737087,4.165826320648193,290616000
2019-09-03 00:00:00+00:00,4.092960580893258,4.126036372481835,4.0598847893046806,4.082764148712158,296140000
2019-09-04 00:00:00+00:00,4.143445058393143,4.204374628010244,4.143445058393143,4.196913719177246,227728000
2019-09-05 00:00:00+00:00,4.299127773932264,4.476195998590329,4.297386941973199,4.4699788093566895,695676000
2019-09-06 00:00:00+00:00,4.446601312364426,4.503551656627546,4.404821345991255,4.44287109375,376976000
2019-09-09 00:00:00+00:00,4.4739550023506185,4.5754212556438505,4.4724627260060785,4.4888763427734375,417524000
2019-09-10 00:00:00+00:00,4.456050315577529,4.582136790985411,4.446351465394073,4.555527210235596,352812000
2019-09-11 00:00:00+00:00,4.570199346218008,4.6323721593145075,4.541102325489207,4.584125995635986,361512000
2019-09-12 00:00:00+00:00,4.630631102023406,4.68534300411401,4.574675478100688,4.5826334953308105,327840000
2019-09-13 00:00:00+00:00,4.515984564789809,4.553039603252605,4.480918912152651,4.524688720703125,324592000
2019-09-16 00:00:00+00:00,4.449584034270801,4.516233204088188,4.439139046979034,4.481665134429932,231832000
2019-09-17 00:00:00+00:00,4.488381349269534,4.507281944073466,4.441876000783684,4.503054141998291,223048000
2019-09-18 00:00:00+00:00,4.496089785228219,4.511757267620517,4.389401013212603,4.475945472717285,258152000
2019-09-19 00:00:00+00:00,4.481913449393147,4.5003169278343025,4.389648925575745,4.40034294128418,245476000
2019-09-20 00:00:00+00:00,4.399348012338248,4.422973508537355,4.2844526900975195,4.29464864730835,350244000
2019-09-23 00:00:00+00:00,4.2948986692139135,4.393628951438278,4.2911679773319555,4.348118305206299,249712000
2019-09-24 00:00:00+00:00,4.379452775739381,4.409046903518779,4.2551071589321605,4.290669918060303,317268000
2019-09-25 00:00:00+00:00,4.2901730119704755,4.452071273482749,4.245408506956188,4.432424545288086,308432000
2019-09-26 00:00:00+00:00,4.4227265223260215,4.431430680556662,4.359309970255871,4.41029167175293,234564000
2019-09-27 00:00:00+00:00,4.368511015596242,4.419244154293702,4.210840550728801,4.27152156829834,362056000
2019-09-30 00:00:00+00:00,4.297384535763089,4.3391644793870325,4.266049103704264,4.328968048095703,186184000
2019-10-01 00:00:00+00:00,4.35209729155392,4.501312150703961,4.322503158992095,4.32722806930542,366008000
2019-10-02 00:00:00+00:00,4.305343649411506,4.317280914728532,4.230985007369558,4.303354263305664,293372000
2019-10-03 00:00:00+00:00,4.307830052714989,4.515238468714952,4.277489784056341,4.509021282196045,450588000
2019-10-04 00:00:00+00:00,4.511259767403537,4.554781026972775,4.446102866898809,4.525435447692871,265524000
2019-10-07 00:00:00+00:00,4.590343182077452,4.6838509563644015,4.581639026191215,4.584125995635986,480984000
2019-10-08 00:00:00+00:00,4.492357752440563,4.492357752440563,4.389399702924677,4.4075541496276855,444436000
2019-10-09 00:00:00+00:00,4.484400767760316,4.543589504862352,4.455552774681767,4.4940996170043945,292412000
2019-10-10 00:00:00+00:00,4.4918610894051385,4.602777166093793,4.48663859631462,4.551795482635498,309124000
2019-10-11 00:00:00+00:00,4.635853636089938,4.70871998797519,4.616953048539034,4.62540864944458,446404000
2019-10-14 00:00:00+00:00,4.616704593283885,4.659728267054926,4.585618184116955,4.638838291168213,200040000
2019-10-15 00:00:00+00:00,4.7291137551197995,4.956168929382708,4.71518662925876,4.883550643920898,664124000
2019-10-16 00:00:00+00:00,4.84947975864148,4.954427694538078,4.81839334993224,4.829833030700684,428944000
2019-10-17 00:00:00+00:00,4.874347999405912,4.91936104944137,4.777358101202612,4.831821918487549,263436000
2019-10-18 00:00:00+00:00,4.8323200037831615,4.864898689154544,4.662961309729431,4.7373199462890625,307440000
2019-10-21 00:00:00+00:00,4.798746636070834,4.888027090545017,4.779846046393975,4.874597549438477,261868000
2019-10-22 00:00:00+00:00,4.931547011974731,5.036743484469877,4.856939833618063,4.864649295806885,328720000
2019-10-23 00:00:00+00:00,4.782581809503783,4.865893153302689,4.750749263949336,4.851717948913574,279916000
2019-10-24 00:00:00+00:00,4.893000695631441,4.929309599382195,4.858930206909556,4.8957366943359375,232020000
2019-10-25 00:00:00+00:00,4.976311981057411,5.107620931006642,4.968602518136838,5.08673095703125,423092000
2019-10-28 00:00:00+00:00,5.130500550761334,5.195160336109903,5.10115497411625,5.14268684387207,330792000
2019-10-29 00:00:00+00:00,5.128758667505533,5.135224881884521,5.027044337405076,5.046442031860352,211236000
2019-10-30 00:00:00+00:00,5.073301570839169,5.079021648128186,4.980290903691012,5.048432350158691,205960000
2019-10-31 00:00:00+00:00,5.027543125196636,5.048433102920363,4.919362544598043,4.999192237854004,209732000
2019-11-01 00:00:00+00:00,4.963877977109576,5.070566754236402,4.938760198276227,5.03823709487915,283640000
2019-11-04 00:00:00+00:00,5.119309075026829,5.2473853893637274,5.096181161014931,5.234950542449951,376716000
2019-11-05 00:00:00+00:00,5.234701858026008,5.260814324386149,5.164819585428227,5.212817192077637,300868000
2019-11-06 00:00:00+00:00,5.188695336038116,5.214310224843128,5.0760379234743285,5.163577556610107,269012000
2019-11-07 00:00:00+00:00,5.250120988498,5.264793776027549,5.136468905218654,5.1812334060668945,280340000
2019-11-08 00:00:00+00:00,5.164322821244246,5.1988908907377365,5.126770198629659,5.167306900024414,189100000
2019-11-11 00:00:00+00:00,5.166561136650646,5.200383070318119,5.0802652339781655,5.177255153656006,243436000
2019-11-12 00:00:00+00:00,5.215552716028571,5.268772815950008,5.1804870652443125,5.212817192077637,283504000
2019-11-13 00:00:00+00:00,5.181482974763488,5.2090877240663085,5.120553872283122,5.186954498291016,300188000
2019-11-14 00:00:00+00:00,5.195906656724694,5.219532631134301,5.135972253725636,5.217294216156006,518080000
2019-11-15 00:00:00+00:00,5.215055813173268,5.266783643386142,4.989741486152525,5.078027248382568,1053628000
2019-11-18 00:00:00+00:00,5.070565598357839,5.305827295235914,5.067581519823676,5.279217720031738,574588000
2019-11-19 00:00:00+00:00,5.248132056380267,5.271757556385431,5.114336125889442,5.172529697418213,414564000
2019-11-20 00:00:00+00:00,5.14965058310742,5.335671461810984,5.13696717967048,5.251862525939941,472588000
2019-11-21 00:00:00+00:00,5.247385471771006,5.303092068928658,5.205356494921944,5.226992607116699,288388000
2019-11-22 00:00:00+00:00,5.249625260687536,5.296130609134757,5.221025813777761,5.244651794433594,224100000
2019-11-25 00:00:00+00:00,5.372725951750432,5.506273320249734,5.359793994971551,5.5012993812561035,506476000
2019-11-26 00:00:00+00:00,5.483642772411083,5.488368157388335,5.390134983680362,5.39660120010376,385244000
2019-11-27 00:00:00+00:00,5.442143689358788,5.4764880478189735,5.40506131401427,5.431441783905029,215784000
2019-11-29 00:00:00+00:00,5.40058214285917,5.428953468775326,5.370219013912225,5.394111156463623,141556000
2019-12-02 00:00:00+00:00,5.387142932977289,5.400582382431357,5.192522976774216,5.207704067230225,372036000
2019-12-03 00:00:00+00:00,5.024034196907252,5.172114489013946,4.98670308268692,5.168132781982422,465232000
2019-12-04 00:00:00+00:00,5.251754486173234,5.274153250327025,5.183314028899267,5.211934566497803,273424000
2019-12-05 00:00:00+00:00,5.233835630138119,5.249514669435165,5.164399274362946,5.195011138916016,184884000
2019-12-06 00:00:00+00:00,5.264199438610396,5.31322789545581,5.254244219585735,5.280375957489014,232236000
2019-12-09 00:00:00+00:00,5.257479713237847,5.335128712742705,5.2487691339367535,5.280375957489014,211880000
2019-12-10 00:00:00+00:00,5.3104894596265915,5.37718828257954,5.257728037148495,5.325422286987305,256388000
2019-12-11 00:00:00+00:00,5.3358739884844715,5.414518394125398,5.333385184387442,5.409042835235596,233796000
2019-12-12 00:00:00+00:00,5.38017457953969,5.5947045015481045,5.37121526284886,5.576536655426025,404348000
2019-12-13 00:00:00+00:00,5.579522514952342,5.698733528864786,5.5205388530199935,5.574544906616211,454704000
2019-12-16 00:00:00+00:00,5.622081287471226,5.67583814092192,5.593958221025733,5.603415489196777,320976000
2019-12-17 00:00:00+00:00,5.622080328336072,5.704208972288633,5.61262306177845,5.681561470031738,321196000
2019-12-18 00:00:00+00:00,5.716404211162584,5.7724011259536825,5.707942370760209,5.7119245529174805,343548000
2019-12-19 00:00:00+00:00,5.746516765753612,5.8734429176133025,5.741539157910296,5.860003471374512,445360000
2019-12-20 00:00:00+00:00,5.926455311085515,5.982700971901784,5.907292035784409,5.957315921783447,603044000
2019-12-23 00:00:00+00:00,5.985935607907442,6.018040379091792,5.932925448481276,5.943626880645752,355060000
2019-12-24 00:00:00+00:00,5.928196959593819,5.955822074319842,5.893852119730991,5.938649654388428,138864000
2019-12-26 00:00:00+00:00,5.942133176740019,5.980957670496352,5.923218643267122,5.9528350830078125,182852000
2019-12-27 00:00:00+00:00,5.968017387348438,5.98145683875349,5.868716303748757,5.895097255706787,254644000
2019-12-30 00:00:00+00:00,5.873195140004551,5.878421486687394,5.750499887279652,5.781857967376709,258056000
2019-12-31 00:00:00+00:00,5.746519219433356,5.865481534353398,5.727355943214043,5.856024265289307,231004000
2020-01-02 00:00:00+00:00,5.9418839191567505,5.970753192901611,5.8913625714305295,5.970753192901611,237536000
2020-01-03 00:00:00+00:00,5.8510460365310895,5.918989028814216,5.826158464010726,5.875186920166016,205384000
2020-01-06 00:00:00+00:00,5.781859166410573,5.905051920734205,5.755727427577195,5.899825572967529,262636000
2020-01-07 00:00:00+00:00,5.928197022093987,6.017045403475826,5.883150748902034,5.97125244140625,314856000
2020-01-08 00:00:00+00:00,5.967022086819687,6.023765699991168,5.926953419217713,5.982452392578125,277108000
2020-01-09 00:00:00+00:00,6.068811482955992,6.1205774820472,5.994397977935121,6.048154830932617,255112000
2020-01-10 00:00:00+00:00,6.155418721169793,6.185781374034128,6.066321616134521,6.080507278442383,316296000
2020-01-13 00:00:00+00:00,6.163633534107025,6.296283564365258,6.140985551163511,6.27114725112915,319840000
2020-01-14 00:00:00+00:00,6.228340052126756,6.2537255760549,6.140985045565615,6.154175758361816,359088000
2020-01-15 00:00:00+00:00,6.166867313650455,6.189266079309119,6.085734091320788,6.111617088317871,263104000
2020-01-16 00:00:00+00:00,6.165125624680976,6.201212580149905,6.141731430548025,6.195239543914795,284192000
2020-01-17 00:00:00+00:00,6.21440262269456,6.221869036427009,6.156414852642917,6.203949928283691,253792000
2020-01-21 00:00:00+00:00,6.167365874333107,6.20419951976106,6.136505265317551,6.1706013679504395,217916000
2020-01-22 00:00:00+00:00,6.215895459222514,6.311214340256056,6.196980925833093,6.224606037139893,239240000
2020-01-23 00:00:00+00:00,6.264675623846474,6.301508791795194,6.175827247965222,6.293046951293945,244516000
2020-01-24 00:00:00+00:00,6.408524704344975,6.458299843381298,6.179559919221518,6.233814716339111,373512000
2020-01-27 00:00:00+00:00,5.9291913682766975,6.028990377187651,5.779617698609579,5.977971076965332,470536000
2020-01-28 00:00:00+00:00,6.043923950276957,6.203701607240368,5.99066457305883,6.1713480949401855,310976000
2020-01-29 00:00:00+00:00,6.15691349496701,6.1930004533573255,6.071051388818257,6.1108717918396,258848000
2020-01-30 00:00:00+00:00,6.013062069994138,6.131028921567064,5.958061063241171,6.117589473724365,290504000
2020-01-31 00:00:00+00:00,6.071796245454576,6.083742315286906,5.842334013297709,5.8841447830200195,370420000
2020-02-03 00:00:00+00:00,5.865977109635358,6.000618425103622,5.859755336536209,5.98120641708374,255564000
2020-02-04 00:00:00+00:00,6.123066221076983,6.169605872146606,6.073042338363258,6.150442123413086,271544000
2020-02-05 00:00:00+00:00,6.271396044736984,6.281600002852796,6.1574113388102445,6.240784645080566,208220000
2020-02-06 00:00:00+00:00,6.275127378302254,6.327639579772949,6.193994166241866,6.327639579772949,218284000
2020-02-07 00:00:00+00:00,6.287572492182964,6.309722522519821,6.2360552299053404,6.261440753936768,189752000
2020-02-10 00:00:00+00:00,6.284087985183651,6.545406305582232,6.279110375824013,6.5446600914001465,529608000
2020-02-11 00:00:00+00:00,6.652920962882322,6.78183801655105,6.590951003561365,6.667106628417969,638556000
2020-02-12 00:00:00+00:00,6.719868188644713,6.789304563900281,6.681043686530385,6.782833576202393,374644000
2020-02-13 00:00:00+00:00,6.724845173517911,6.806227140199574,6.697468796769711,6.739030838012695,528016000
2020-02-14 00:00:00+00:00,7.149177554571694,7.341060005043562,7.117819466081168,7.2121429443359375,1041924000
2020-02-18 00:00:00+00:00,7.108859159403147,7.399296462852883,7.089447146414117,7.3808794021606445,620164000
2020-02-19 00:00:00+00:00,7.503324213862559,7.8497578844964195,7.503324213862559,7.832087516784668,694332000
2020-02-20 00:00:00+00:00,7.784055495050813,7.872405915479174,7.375403114951804,7.682763576507568,810052000
2020-02-21 00:00:00+00:00,7.5705222779789745,7.5956585896152315,7.23379453271584,7.318660736083984,768180000
2020-02-24 00:00:00+00:00,6.724346253360138,7.0150322367878895,6.6698427204719755,6.801248550415039,856916000
2020-02-25 00:00:00+00:00,6.876408676352782,6.938378621692745,6.4199725063465785,6.521762371063232,1055496000
2020-02-26 00:00:00+00:00,6.522010883834573,6.855254315100791,6.520517981060398,6.661131858825684,747732000
2020-02-27 00:00:00+00:00,6.347611926679557,6.648930749588357,6.1979487749822635,6.290336608886719,906416000
2020-02-28 00:00:00+00:00,6.03782676252008,6.784897622495817,6.021142320573181,6.725380897521973,1133252000
2020-03-02 00:00:00+00:00,6.89546430619151,6.912646997105689,6.499516704618739,6.88375997543335,890744000
2020-03-03 00:00:00+00:00,6.939540911663828,6.999306519580371,6.535873577697565,6.621288776397705,652792000
2020-03-04 00:00:00+00:00,6.728618670281707,7.094434352559706,6.653911295478629,7.0849714279174805,597408000
2020-03-05 00:00:00+00:00,6.885503158817926,7.052349007113652,6.7609913459099165,6.805566787719727,540328000
2020-03-06 00:00:00+00:00,6.626020817874118,6.683545501636067,6.424809580590504,6.625024795532227,515412000
2020-03-09 00:00:00+00:00,5.974077388240757,6.459673702374688,5.931245574441285,6.11203670501709,614160000
2020-03-10 00:00:00+00:00,6.388451401363497,6.5015082359313965,6.125731896825356,6.5015082359313965,580648000
2020-03-11 00:00:00+00:00,6.361557091677806,6.38994586331887,6.04056576513006,6.1376848220825195,499964000
2020-03-12 00:00:00+00:00,5.614486423807878,5.879945599168345,5.373929705464922,5.386630058288574,816540000
2020-03-13 00:00:00+00:00,5.7399927968370115,6.001965590108071,5.468806443543629,5.997483253479004,634836000
2020-03-16 00:00:00+00:00,5.289511138473872,5.630424859985046,4.831058699125566,4.890824317932129,726972000
2020-03-17 00:00:00+00:00,5.003132824039129,5.4999350927091735,4.7563506413155645,5.4105353355407715,833632000
2020-03-18 00:00:00+00:00,4.982963056670946,5.228002130434769,4.499359291947831,5.050697326660156,874268000
2020-03-19 00:00:00+00:00,5.029280865027534,5.397089051683916,4.815868008217613,5.3034563064575195,765512000
2020-03-20 00:00:00+00:00,5.453618059477719,5.735512835022554,5.108222459616353,5.123661994934082,804636000
2020-03-23 00:00:00+00:00,5.122665029285088,5.390863877993336,4.943617068293397,5.296483516693115,643876000
2020-03-24 00:00:00+00:00,5.702641471566112,6.291831706746178,5.6789843958835755,6.20517110824585,1101644000
2020-03-25 00:00:00+00:00,6.320220043105337,6.51993702228171,6.067710076601476,6.116518974304199,793432000
2020-03-26 00:00:00+00:00,6.323706480486076,6.529898321725795,6.225591384455228,6.405884742736816,696108000
2020-03-27 00:00:00+00:00,6.225590704111467,6.552309772659619,6.192719592793357,6.293574333190918,638828000
2020-03-30 00:00:00+00:00,6.359067749844578,6.623033160753268,6.314990552407411,6.613819122314453,602252000
2020-03-31 00:00:00+00:00,6.653909598396458,6.858109324130412,6.418582401485569,6.564261436462402,949960000
2020-04-01 00:00:00+00:00,6.366289194622449,6.512714924766712,6.0084421721262595,6.0530171394348145,656912000
2020-04-02 00:00:00+00:00,6.082151692967112,6.3750035629693125,6.034090420769602,6.361805438995361,675764000
2020-04-03 00:00:00+00:00,6.324202556919287,6.365789447485393,5.936473056264143,6.073934078216553,663212000
2020-04-06 00:00:00+00:00,6.356078486910702,6.720649216616237,6.298553810410207,6.683793544769287,727884000
2020-04-07 00:00:00+00:00,6.9054245775815115,6.9290821244683904,6.40737735857138,6.450458526611328,784520000
2020-04-08 00:00:00+00:00,6.559530672108475,6.672587506427425,6.489555004994916,6.6476850509643555,542444000
2020-04-09 00:00:00+00:00,6.773442208223735,6.796352144168481,6.48507263965406,6.5480756759643555,525564000
2020-04-13 00:00:00+00:00,6.4883109339869005,6.728618781540111,6.399907656900976,6.719902992248535,398408000
2020-04-14 00:00:00+00:00,6.848148669477411,7.1051409096792435,6.820507036012327,7.0710248947143555,530948000
2020-04-15 00:00:00+00:00,6.902934237785307,7.076503817829352,6.857612138751561,6.993578910827637,366148000
2020-04-16 00:00:00+00:00,7.148969793895517,7.445805794447285,7.135771668046719,7.338725566864014,745620000
2020-04-17 00:00:00+00:00,7.420903174994001,7.442319315033417,7.145483321026608,7.279458045959473,539120000
2020-04-20 00:00:00+00:00,7.152955099952114,7.308843758155547,7.1038973186254335,7.148223400115967,449388000
2020-04-21 00:00:00+00:00,7.030185707489499,7.091445112329841,6.651669709020383,6.711435317993164,735160000
2020-04-22 00:00:00+00:00,6.903681973130234,7.168643384661599,6.858110983321336,7.1258111000061035,483356000
2020-04-23 00:00:00+00:00,7.167896158666759,7.2998783766301765,7.047368434745223,7.072519779205322,424160000
2020-04-24 00:00:00+00:00,7.062310457773697,7.2134674170069335,6.987603082107009,7.211475372314453,352328000
2020-04-27 00:00:00+00:00,7.345947720515012,7.5578667740678345,7.321294150960293,7.397993564605713,479388000
2020-04-28 00:00:00+00:00,7.545414690746777,7.575297730946533,7.250072978732017,7.255551338195801,442904000
2020-04-29 00:00:00+00:00,7.390274070522347,7.485152200070191,7.315068924983544,7.432359218597412,379160000
2020-04-30 00:00:00+00:00,7.378320648227945,7.432359012301626,7.2645171482702215,7.2784624099731445,375916000
2020-05-01 00:00:00+00:00,7.080986271988057,7.194291996413237,6.993579026001482,7.041889667510986,342096000
2020-05-04 00:00:00+00:00,6.994574835078078,7.267504872616787,6.994574835078078,7.253808498382568,317556000
2020-05-05 00:00:00+00:00,7.357901461463599,7.477432690608223,7.253809290895876,7.314820289611816,368896000
2020-05-06 00:00:00+00:00,7.394258543064645,7.520513510750665,7.356406846446579,7.415674209594727,323464000
2020-05-07 00:00:00+00:00,7.554878755504124,7.655235248420218,7.503580043298903,7.591983318328857,373732000
2020-05-08 00:00:00+00:00,7.663702298727556,7.788214116659685,7.629835164045799,7.781988620758057,339216000
2020-05-11 00:00:00+00:00,7.777007644992657,8.080816769532566,7.748369985297888,8.034000396728516,469060000
2020-05-12 00:00:00+00:00,8.091773445172167,8.140581862302048,7.7623152046208865,7.772027015686035,493060000
2020-05-13 00:00:00+00:00,7.886577506904461,8.046948482659857,7.565087945015073,7.749614715576172,625852000
2020-05-14 00:00:00+00:00,7.811122433641062,8.004613853158956,7.65747474716736,7.999135494232178,602312000
2020-05-15 00:00:00+00:00,7.858936971441873,8.467301439832687,7.843248550692167,8.457590103149414,987660000
2020-05-18 00:00:00+00:00,8.726285957195563,8.88167683840197,8.646598471953777,8.716075897216797,774460000
2020-05-19 00:00:00+00:00,8.755917983642572,9.05200681717185,8.728525237656509,8.771108627319336,717320000
2020-05-20 00:00:00+00:00,8.955884932236916,9.00768188667525,8.85403418096202,8.934967041015625,587536000
2020-05-21 00:00:00+00:00,9.016149218326575,9.017144765603891,8.703375432354866,8.740978240966797,761068000
2020-05-22 00:00:00+00:00,8.790782119460506,9.05748714261694,8.679220028686307,8.990997314453125,1038764000
2020-05-26 00:00:00+00:00,9.120988085794831,9.14589101839165,8.638131479647026,8.68370246887207,770780000
2020-05-27 00:00:00+00:00,8.591314793554313,8.599034084910985,7.965518321925909,8.491954803466797,1175892000
2020-05-28 00:00:00+00:00,8.379396544831723,8.726286884278077,8.346525429928509,8.453855514526367,734896000
2020-05-29 00:00:00+00:00,8.521091927726768,8.840838432312012,8.451863374940007,8.840838432312012,745256000
2020-06-01 00:00:00+00:00,8.798750326921363,8.806220730447182,8.655561576329143,8.771855354309082,389876000
2020-06-02 00:00:00+00:00,8.761899707468856,8.802739011341524,8.624189244227592,8.790785789489746,391320000
2020-06-03 00:00:00+00:00,8.787797921152766,8.831625766602697,8.666024774212538,8.73525333404541,365440000
2020-06-04 00:00:00+00:00,8.697881992479177,8.912389244850772,8.647556336383047,8.736249923706055,424280000
2020-06-05 00:00:00+00:00,8.764151688071133,8.965952278985723,8.677950020915608,8.8892183303833,481748000
2020-06-08 00:00:00+00:00,8.846615376117425,8.859072050015294,8.655776508944166,8.774615287780762,387736000
2020-06-09 00:00:00+00:00,8.769630627027317,9.078311257559477,8.721048943535084,9.01478099822998,468488000
2020-06-10 00:00:00+00:00,9.136113250908178,9.467216327764026,9.121911673712983,9.334425926208496,632180000
2020-06-11 00:00:00+00:00,9.118423392635822,9.229289397995633,8.755680170871136,8.765894889831543,583652000
2020-06-12 00:00:00+00:00,9.130882024444821,9.155546372764283,8.673216375848513,8.9016752243042,570908000
2020-06-15 00:00:00+00:00,8.784830305263167,9.150563471402632,8.713576265400734,9.14209270477295,400004000
2020-06-16 00:00:00+00:00,9.193164514152052,9.23477038751409,8.808246985074005,9.037203788757324,535716000
2020-06-17 00:00:00+00:00,9.08229864167295,9.266908669502051,9.038947864267794,9.204126358032227,408304000
2020-06-18 00:00:00+00:00,9.195158418164446,9.250466921441895,9.083046458766479,9.186189651489258,254408000
2020-06-19 00:00:00+00:00,9.210606424742709,9.412407032556365,9.195408843929524,9.229290962219238,524160000
2020-06-22 00:00:00+00:00,9.267907600251794,9.498359408949637,9.241249346955792,9.493874549865723,398468000
2020-06-23 00:00:00+00:00,9.51804117290251,9.60922570717564,9.375036984335335,9.417389869689941,375108000
2020-06-24 00:00:00+00:00,9.443547070941973,9.523520864959455,9.112942026842921,9.203628540039062,449372000
2020-06-25 00:00:00+00:00,9.323462311698346,9.4721972631526,9.150561019377776,9.45724868774414,376072000
2020-06-26 00:00:00+00:00,9.467217092844338,9.467217092844338,9.093511154968905,9.123407363891602,592084000
2020-06-29 00:00:00+00:00,9.138107732981206,9.172737804344859,8.86928797872755,9.168252944946289,342248000
2020-06-30 00:00:00+00:00,9.281859291207626,9.493376613630447,9.234523546788532,9.464975357055664,367892000
2020-07-01 00:00:00+00:00,9.487892601594718,9.542703093000721,9.380514522786697,9.497110366821289,326648000
2020-07-02 00:00:00+00:00,9.605736929256501,9.703897268706609,9.545196562472253,9.579079627990723,364056000
2020-07-06 00:00:00+00:00,9.708132553081654,9.874556080488281,9.678983345665323,9.805295944213867,315892000
2020-07-07 00:00:00+00:00,9.911928592670913,10.035251304374011,9.816758140630343,9.837685585021973,357800000
2020-07-08 00:00:00+00:00,9.95926117147938,10.189713887639842,9.931108920781993,10.180744171142578,365480000
2020-07-09 00:00:00+00:00,10.344427963094862,10.533522858711208,10.19818394553141,10.472733497619629,494548000
2020-07-10 00:00:00+00:00,10.552205786166907,10.618475991158085,10.342930504232832,10.443083763122559,497676000
2020-07-13 00:00:00+00:00,10.558436349316613,10.75500504348542,9.990402803817826,10.017559051513672,457076000
2020-07-14 00:00:00+00:00,10.04023152466325,10.366850682254316,9.751730337959055,10.34118938446045,542676000
2020-07-15 00:00:00+00:00,10.378311468876817,10.396996003532037,10.02104815021368,10.191956520080566,403984000
2020-07-16 00:00:00+00:00,9.980439491512932,10.171527353998105,9.861351715438127,10.099776268005371,344964000
2020-07-17 00:00:00+00:00,10.190212395992338,10.213132788399555,10.052938091572605,10.166295051574707,266284000
2020-07-20 00:00:00+00:00,10.23879412998473,10.49490720598803,10.121699312228516,10.474477767944336,284852000
2020-07-21 00:00:00+00:00,10.476718279060025,10.523556960018096,10.251249391175662,10.292855262756348,277036000
2020-07-22 00:00:00+00:00,10.331723989267228,10.565912705823115,10.255986038250564,10.402728080749512,367292000
2020-07-23 00:00:00+00:00,10.413937722405896,10.510603105060774,9.996632984171347,10.094793319702148,411660000
2020-07-24 00:00:00+00:00,9.840922467199292,10.32898230288005,9.743261080131965,10.159319877624512,473292000
2020-07-27 00:00:00+00:00,10.196936483508198,10.405712814598,10.182485910326692,10.385533332824707,292132000
2020-07-28 00:00:00+00:00,10.338449041682763,10.346171855580362,10.174018492028203,10.180246353149414,271636000
2020-07-29 00:00:00+00:00,10.354891294507025,10.479957918378492,10.31129246650235,10.429383277893066,284508000
2020-07-30 00:00:00+00:00,10.339197927038796,10.586342272548213,10.259723067690757,10.577373504638672,308880000
2020-07-31 00:00:00+00:00,10.526798578991936,10.729348098405705,10.396998060453555,10.578121185302734,386080000
2020-08-03 00:00:00+00:00,10.695463227056676,11.06044937073828,10.678272694361175,10.972254753112793,412720000
2020-08-04 00:00:00+00:00,11.01186864600125,11.189004898071289,10.868365510639228,11.189004898071289,310336000
2020-08-05 00:00:00+00:00,11.205197044278888,11.332505620084278,11.127715156632394,11.247798919677734,249924000
2020-08-06 00:00:00+00:00,11.310583532074679,11.318805298439145,11.140174095044648,11.296382904052734,244316000
2020-08-07 00:00:00+00:00,11.273460477418752,11.465047272124,10.999409884640297,11.160850524902344,342516000
2020-08-10 00:00:00+00:00,11.295136017955185,11.36888005134779,10.819033954905294,11.126469612121582,427796000
2020-08-11 00:00:00+00:00,11.035532280114216,11.098315533817011,10.758491823757524,10.812555313110352,354512000
2020-08-12 00:00:00+00:00,10.952823156927446,11.427429397401577,10.920435042632398,11.400772094726562,464412000
2020-08-13 00:00:00+00:00,11.506155291638954,11.681299523642465,11.316562382786438,11.403511047363281,374460000
2020-08-14 00:00:00+00:00,11.490210564033843,11.664357841752082,11.401019946468677,11.524093627929688,366436000
2020-08-17 00:00:00+00:00,11.810350216026855,12.366923082983908,11.776468107391905,12.294424057006836,621300000
2020-08-18 00:00:00+00:00,12.40703504191184,12.45287677557738,12.044540832043971,12.218438148498535,503448000
2020-08-19 00:00:00+00:00,12.25406576741519,12.27250130164275,12.056250147210688,12.096611022949219,622624000
2020-08-20 00:00:00+00:00,11.933674519900297,12.332293735229182,11.837756147522825,12.099101066589355,921388000
2020-08-21 00:00:00+00:00,12.159643368535798,12.76454905109329,12.153165555775876,12.639731407165527,999868000
2020-08-24 00:00:00+00:00,12.839289060494515,12.867940264465586,12.46433720627704,12.676353454589844,490564000
2020-08-25 00:00:00+00:00,12.587163447397067,12.71721295767159,12.530359983621405,12.706002235412598,289076000
2020-08-26 00:00:00+00:00,12.755083102325534,12.824094246841463,12.634002348839726,12.728923797607422,321244000
2020-08-27 00:00:00+00:00,12.737392873510554,12.805657007560127,12.523134653364204,12.584671974182129,317604000
2020-08-28 00:00:00+00:00,12.631259609222237,13.10262689195199,12.598871498450452,13.102377891540527,537160000
2020-08-31 00:00:00+00:00,13.137257437320157,13.52815388381572,12.992758311577335,13.328346252441406,500840000
2020-09-01 00:00:00+00:00,13.437500302872197,13.949630647103293,13.39413750128578,13.777425765991211,511316000
2020-09-02 00:00:00+00:00,14.65739345260157,14.680321655884619,13.85617738039282,14.301270484924316,874012000
2020-09-03 00:00:00+00:00,13.78515199377627,13.840726125228484,12.838147232687476,12.974466323852539,945128000
2020-09-04 00:00:00+00:00,12.743446288728798,13.133463404372108,11.667848528156505,12.5827054977417,1463684000
2020-09-08 00:00:00+00:00,11.697502261061345,12.510431332094637,11.667348039280267,11.875439643859863,795728000
2020-09-09 00:00:00+00:00,12.360906908639747,12.768866950123394,12.193187256323037,12.674914360046387,736200000
2020-09-10 00:00:00+00:00,12.948294693247348,13.024055275949873,12.128636906751133,12.272931098937988,698684000
2020-09-11 00:00:00+00:00,12.446137258689868,12.612610574725382,11.858246276405783,12.12614917755127,636928000
2020-09-14 00:00:00+00:00,13.039760506816634,13.273022041293633,12.591428464582796,12.83166790008545,1201744000
2020-09-15 00:00:00+00:00,13.238131137079726,13.25682221304241,12.787307442411516,12.950042724609375,727556000
2020-09-16 00:00:00+00:00,12.916400310940178,13.051473084815894,12.474298932993047,12.475046157836914,556384000
2020-09-17 00:00:00+00:00,12.093998080166804,12.550056085435168,11.996805639874852,12.424203872680664,792512000
2020-09-18 00:00:00+00:00,12.554045465543362,12.592672993531387,11.950953315876442,12.1508207321167,698460000
2020-09-21 00:00:00+00:00,11.887402512276836,12.48301853522082,11.866966963073288,12.477785110473633,721044000
2020-09-22 00:00:00+00:00,12.535355033042217,12.608124842781287,12.117178177313727,12.597907066345215,646452000
2020-09-23 00:00:00+00:00,12.535852009546938,12.686875066180855,12.04116736498731,12.085526466369629,647012000
2020-09-24 00:00:00+00:00,12.034191655174391,12.529873640281087,11.97612486694431,12.30907154083252,731240000
2020-09-25 00:00:00+00:00,12.408255730099048,12.842880979305574,12.207142005563057,12.833161354064941,588016000
2020-09-28 00:00:00+00:00,12.99913658510344,13.010600685407562,12.709801858885758,12.993903160095215,573808000
2020-09-29 00:00:00+00:00,12.896713144146135,13.400370266534347,12.892476968625957,13.184054374694824,621460000
2020-09-30 00:00:00+00:00,13.11601652435821,13.579550597046405,13.108789549903188,13.48784065246582,689184000
2020-10-01 00:00:00+00:00,13.714624981038467,13.71935930583392,13.418311387565605,13.571577072143555,525004000
2020-10-02 00:00:00+00:00,13.18330571184835,13.476876636179565,13.009853546705289,13.021068572998047,552496000
2020-10-05 00:00:00+00:00,13.194271846804734,13.601234641002163,13.181063269309869,13.59949016571045,479820000
2020-10-06 00:00:00+00:00,13.786398799962601,14.097415447530537,13.62191902493489,13.693193435668945,784420000
2020-10-07 00:00:00+00:00,13.955612003069618,14.074735405554517,13.819791075017143,13.919974327087402,418084000
2020-10-08 00:00:00+00:00,14.030625334081545,14.040095885233358,13.714625307805663,13.795120239257812,378900000
2020-10-09 00:00:00+00:00,13.723596523541781,13.780666052397772,13.617681691548734,13.719359397888184,346892000
2020-10-12 00:00:00+00:00,13.945395309887523,14.301768294691879,13.868638402637721,14.18114948272705,434744000
2020-10-13 00:00:00+00:00,14.251428121601737,14.303264228622615,13.9745537592613,14.203330039978027,344604000
2020-10-14 00:00:00+00:00,14.245444791209522,14.297529966845348,13.915987137027978,14.050810813903809,276100000
2020-10-15 00:00:00+00:00,13.767207595825163,13.961592497317445,13.72434294529411,13.925955772399902,267224000
2020-10-16 00:00:00+00:00,13.99249587281889,14.076978854570742,13.74901562850576,13.767955780029297,242392000
2020-10-19 00:00:00+00:00,13.859167377230175,13.939413232064247,13.364481770808682,13.455195426940918,298068000
2020-10-20 00:00:00+00:00,13.540675128663521,13.7562437743147,13.464416371504672,13.602479934692383,229212000
2020-10-21 00:00:00+00:00,13.58204516755645,13.74802034288647,13.43501014514702,13.482110977172852,219596000
2020-10-22 00:00:00+00:00,13.479868040929487,13.568836277147218,13.190034178145442,13.318877220153809,290480000
2020-10-23 00:00:00+00:00,13.407594359777686,13.550393182013844,13.249345288495318,13.547402381896973,233484000
2020-10-26 00:00:00+00:00,13.384667711577912,13.649579792696025,12.997392352414028,13.099818229675293,336896000
2020-10-27 00:00:00+00:00,13.264049540110301,13.399621400164184,13.149910481987002,13.354514122009277,250520000
2020-10-28 00:00:00+00:00,13.156390531397943,13.218195337375095,12.569247726617979,12.587190628051758,376520000
2020-10-29 00:00:00+00:00,12.798021576704697,13.151154617918088,12.709800585121364,12.98293685913086,320080000
2020-10-30 00:00:00+00:00,12.809486688870361,12.895713186897273,12.261220547784955,12.49448299407959,416820000
2020-11-02 00:00:00+00:00,12.6178430986326,12.796278653138547,12.355921817146161,12.541086196899414,299652000
2020-11-03 00:00:00+00:00,12.668433313890562,13.063682887469264,12.563016632474788,12.978452682495117,272900000
2020-11-04 00:00:00+00:00,13.347036272004377,13.783905100563205,13.294951096689376,13.75075912475586,410228000
2020-11-05 00:00:00+00:00,14.117847188044225,14.293790066885599,13.946887708028648,14.115354537963867,319028000
2020-11-06 00:00:00+00:00,14.065263882570674,14.542753759132953,13.851191618571832,14.516088485717773,383348000
2020-11-09 00:00:00+00:00,14.506618224863628,14.645179920761693,13.567837827664581,13.587774276733398,582976000
2020-11-10 00:00:00+00:00,13.56360312015557,13.56360312015557,12.588437650213546,12.729741096496582,644068000
2020-11-11 00:00:00+00:00,13.012594400822232,13.39264278268389,12.90742679884248,13.375696182250977,404744000
2020-11-12 00:00:00+00:00,13.436504787685358,13.72259966489357,13.274018572039523,13.414324760437012,365812000
2020-11-13 00:00:00+00:00,13.584286919539194,13.625656173241703,13.018077819853307,13.255078315734863,346312000
2020-11-16 00:00:00+00:00,13.130968235107892,13.606464543099285,13.11452073690316,13.472638130187988,413776000
2020-11-17 00:00:00+00:00,13.509774620039446,13.553386505139883,13.261809087038849,13.379935264587402,312028000
2020-11-18 00:00:00+00:00,13.422795610021868,13.562852697914124,13.143429609551601,13.3864107131958,510924000
2020-11-19 00:00:00+00:00,13.171092151529422,13.44497565299042,13.05869758608169,13.39787483215332,565936000
2020-11-20 00:00:00+00:00,13.411582165007127,13.451954163176714,13.023807729860316,13.046486854553223,341088000
2020-11-23 00:00:00+00:00,13.129724206448,13.340307533900381,12.974464979112954,13.098572731018066,361356000
2020-11-24 00:00:00+00:00,13.101064907711441,13.120503208532503,12.844377045037543,12.916897773742676,346500000
2020-11-25 00:00:00+00:00,12.991411800755374,13.227664107698024,12.978951400504695,13.193023681640625,259916000
2020-11-27 00:00:00+00:00,13.332833255833622,13.365231060773073,13.12897777579059,13.219441413879395,167276000
2020-11-30 00:00:00+00:00,13.223178161034154,13.370213157845031,12.931350792165748,13.359247207641602,286952000
2020-12-01 00:00:00+00:00,13.449710804119883,13.48609570066497,13.186542278368222,13.347783088684082,296948000
2020-12-02 00:00:00+00:00,13.30840718978679,13.630388754424763,13.192523677475606,13.501795768737793,283360000
2020-12-03 00:00:00+00:00,13.548663195020822,13.620956200375707,13.290902903796256,13.357710838317871,199520000
2020-12-04 00:00:00+00:00,13.410057978391965,13.521240000502067,13.350479165650942,13.519495010375977,202244000
2020-12-07 00:00:00+00:00,13.562373622565351,13.692002161308737,13.46141332691698,13.56785774230957,223244000
2020-12-08 00:00:00+00:00,13.54616991993234,13.559880694269241,13.243537241523532,13.31184196472168,271920000
2020-12-09 00:00:00+00:00,13.262481458552282,13.375656669962579,12.831466989157484,12.89378833770752,401300000
2020-12-10 00:00:00+00:00,12.832217643916875,13.031396655684688,12.812772649418692,12.935172080993652,207764000
2020-12-11 00:00:00+00:00,12.930185195475408,12.982785004370417,12.786347593211344,12.976054191589355,209264000
2020-12-14 00:00:00+00:00,13.050592977464667,13.350483171632279,13.04012303356649,13.270711898803711,270156000
2020-12-15 00:00:00+00:00,13.401336179884739,13.425516898883563,13.14905999762585,13.32231330871582,193016000
2020-12-16 00:00:00+00:00,13.38413479354012,13.398843113626814,13.174734988056837,13.204649925231934,223116000
2020-12-17 00:00:00+00:00,13.328543256876912,13.341257437063334,13.14083174724949,13.303116798400879,231384000
2020-12-18 00:00:00+00:00,13.34075861756635,13.366684324788022,13.033141062616313,13.234065055847168,342064000
2020-12-21 00:00:00+00:00,13.037379962322126,13.331786023918719,12.930436289077491,13.294143676757812,302332000
2020-12-22 00:00:00+00:00,13.281178581595443,13.299126780742803,13.016686562423502,13.24029541015625,185580000
2020-12-23 00:00:00+00:00,13.218109557528855,13.237055302531518,12.967827545846838,12.972064971923828,179144000
2020-12-24 00:00:00+00:00,12.999985337124272,13.094963214418865,12.901767578496214,12.956609725952148,97884000
2020-12-28 00:00:00+00:00,13.025163617065004,13.025163617065004,12.726769309604906,12.863127708435059,212564000
2020-12-29 00:00:00+00:00,12.888058370495152,13.035136828772556,12.805544564367517,12.906255722045898,170372000
2020-12-30 00:00:00+00:00,12.953120278145812,13.175981710757751,12.859888338350087,13.108176231384277,225396000
2020-12-31 00:00:00+00:00,13.098953955951297,13.113412177695672,12.878086645878383,13.01768684387207,192424000
2021-01-04 00:00:00+00:00,13.066794130908479,13.613477268003745,12.925448959611947,13.076017379760742,560640000
2021-01-05 00:00:00+00:00,13.062306528679214,13.405073987470002,13.049593299152141,13.366435050964355,322760000
2021-01-06 00:00:00+00:00,13.184706458898969,13.207142186008463,12.55002633699992,12.578444480895996,580424000
2021-01-07 00:00:00+00:00,12.930436488917543,13.339514588897183,12.849668624043453,13.30586051940918,461480000
2021-01-08 00:00:00+00:00,13.32430840322089,13.382640540646907,13.004724061709922,13.238802909851074,292528000
2021-01-11 00:00:00+00:00,13.380395567585643,13.921096308910437,13.324306724946876,13.582566261291504,518344000
2021-01-12 00:00:00+00:00,13.713192510435519,13.715187600487056,13.30685790200758,13.446208000183105,291476000
2021-01-13 00:00:00+00:00,13.451441887632267,13.58605625119282,13.346742461050818,13.493072509765625,210028000
2021-01-14 00:00:00+00:00,13.536196484078562,13.560875494240818,13.142824359357956,13.162517547607422,283120000
2021-01-15 00:00:00+00:00,13.190192825920246,13.287164861102264,12.81177803540383,12.822746276855469,277780000
2021-01-19 00:00:00+00:00,12.979043939237153,13.056571903627317,12.807286504960677,12.988018989562988,226188000
2021-01-20 00:00:00+00:00,13.074273353645776,13.392112675663085,13.019431202517943,13.327548027038574,258572000
2021-01-21 00:00:00+00:00,13.380148529992963,13.959239152398489,13.215121857477593,13.827865600585938,337780000
2021-01-22 00:00:00+00:00,13.700726105452485,13.802185641575923,13.588298330647525,13.673304557800293,246820000
2021-01-25 00:00:00+00:00,13.742358087685238,13.788974533130535,13.198666607439788,13.614225387573242,251112000
2021-01-26 00:00:00+00:00,13.541680955138702,13.605747294414654,13.349232788850973,13.396846771240234,163980000
2021-01-27 00:00:00+00:00,13.192186547498755,13.194929083249145,12.757183670871319,12.880829811096191,371272000
2021-01-28 00:00:00+00:00,12.95910366922323,13.30162199857024,12.923455463539968,13.013696670532227,228316000
2021-01-29 00:00:00+00:00,13.037625772129568,13.296633658801358,12.874593293619666,12.952619552612305,271552000
2021-02-01 00:00:00+00:00,13.015941342408876,13.232819414804796,12.86587120677705,13.199166297912598,217204000
2021-02-02 00:00:00+00:00,13.360452226804785,13.533206267613787,13.247525202589054,13.518000602722168,220440000
2021-02-03 00:00:00+00:00,13.597024736589539,13.89193002868741,13.477867087311907,13.491827011108398,245408000
2021-02-04 00:00:00+00:00,13.492326119723447,13.634418753169928,13.299628759470641,13.625195503234863,201340000
2021-02-05 00:00:00+00:00,13.685770399260598,13.697985331998837,13.507032031988212,13.552152633666992,169152000
2021-02-08 00:00:00+00:00,13.68801533625432,14.43238173036447,13.68801533625432,14.397481918334961,434624000
2021-02-09 00:00:00+00:00,14.29976151859184,14.5415687180008,14.181849603051825,14.22248363494873,287560000
2021-02-10 00:00:00+00:00,14.421910407437885,14.862397344343986,14.300508522511068,14.722049713134766,485352000
2021-02-11 00:00:00+00:00,14.937432968957507,15.22859817563987,14.882340720231461,15.207159042358398,450828000
2021-02-12 00:00:00+00:00,15.006984725766184,15.247545230196673,14.73277015205529,14.918488502502441,374756000
2021-02-16 00:00:00+00:00,15.021191826127696,15.328561180758324,14.907268204475995,15.286431312561035,321960000
2021-02-17 00:00:00+00:00,15.127634745347793,15.179985402080357,14.737752585064538,14.86339282989502,274756000
2021-02-18 00:00:00+00:00,14.686901764314483,14.830739386268437,14.533341644579552,14.786616325378418,233868000
2021-02-19 00:00:00+00:00,14.981556212316738,15.133620482317376,14.804314630283326,14.88383674621582,271724000
2021-02-22 00:00:00+00:00,14.732520326745572,15.089996135515662,14.284055862734963,14.314718246459961,325884000
2021-02-23 00:00:00+00:00,14.035019925437572,14.198053394853817,13.35122992204336,14.101579666137695,391780000
2021-02-24 00:00:00+00:00,14.082381925555026,14.465284128044166,13.716679525715865,14.457555770874023,448320000
2021-02-25 00:00:00+00:00,14.005355063249329,14.333664338191792,13.178475835369932,13.269464492797852,824436000
2021-02-26 00:00:00+00:00,13.713192095526345,13.814900794289937,13.322811562682315,13.675301551818848,500932000
2021-03-01 00:00:00+00:00,13.83534082862855,13.885198102885361,13.514510804567648,13.802186012268066,353184000
2021-03-02 00:00:00+00:00,13.860266750154551,13.880708333900353,13.357707713070946,13.367928504943848,264116000
2021-03-03 00:00:00+00:00,13.387874897012532,13.413052208920957,12.76216791543942,12.76815128326416,377592000
2021-03-04 00:00:00+00:00,12.764163793210002,12.937916368071201,12.049213052409737,12.334894180297852,573344000
2021-03-05 00:00:00+00:00,12.514129408982628,12.514129408982628,11.645867786362965,12.425882339477539,542840000
2021-03-08 00:00:00+00:00,12.414414640051222,12.435603674084037,11.533439801994518,11.560113906860352,543112000
2021-03-09 00:00:00+00:00,12.099753496667573,12.58503018119177,12.028931897775243,12.488773345947266,521824000
2021-03-10 00:00:00+00:00,12.808218669435043,12.947367629501878,12.426182115532276,12.436904907226562,384376000
2021-03-11 00:00:00+00:00,12.917442013123948,13.01345056221535,12.702483926792517,12.960832595825195,299916000
2021-03-12 00:00:00+00:00,12.61644907371849,12.856344851474955,12.558346052461756,12.823677062988281,243964000
2021-03-15 00:00:00+00:00,12.832404875053314,13.17354501352503,12.73515016538915,13.15808391571045,221988000
2021-03-16 00:00:00+00:00,13.322918874295542,13.478526797408927,13.083771743024755,13.257833480834961,272128000
2021-03-17 00:00:00+00:00,13.006967363859617,13.419427631953024,12.956843642184772,13.307709693908691,243864000
2021-03-18 00:00:00+00:00,13.103474248516884,13.150854487628825,12.685028551725626,12.69051456451416,293896000
2021-03-19 00:00:00+00:00,12.717945495627424,12.889014536593395,12.580791371714232,12.813454627990723,299208000
2021-03-22 00:00:00+00:00,12.880287158091585,13.360825558253854,12.874301724797736,13.153099060058594,297804000
2021-03-23 00:00:00+00:00,13.22092748700998,13.3109506075864,12.988513462737627,13.03788948059082,222048000
2021-03-24 00:00:00+00:00,13.118187112663936,13.1261673732416,12.604980921274594,12.611214637756348,245840000
2021-03-25 00:00:00+00:00,12.46807693347633,12.682785817128236,12.241148899201454,12.50373649597168,295144000
2021-03-26 00:00:00+00:00,12.522934633293266,12.823926144794068,12.34238995379477,12.806968688964844,363968000
2021-03-29 00:00:00+00:00,12.788018639128039,13.029660048696257,12.668071206371831,12.91569709777832,273520000
2021-03-30 00:00:00+00:00,12.809713771579235,12.942629001970921,12.673058121314657,12.839388847351074,200204000
2021-03-31 00:00:00+00:00,12.982775931153382,13.436631874221554,12.949858908801794,13.314689636230469,314776000
2021-04-01 00:00:00+00:00,13.538128259715098,13.835129204542868,13.477280798414757,13.777026176452637,308276000
2021-04-05 00:00:00+00:00,13.832634317551104,13.97876561859769,13.698471978264806,13.952332496643066,255672000
2021-04-06 00:00:00+00:00,13.964553395548302,14.018916004314782,13.738872514596373,13.826650619506836,191744000
2021-04-07 00:00:00+00:00,13.845852528976325,14.207690603431818,13.67702849951117,14.107942581176758,251284000
2021-04-08 00:00:00+00:00,14.216918348018499,14.435118400784658,14.213176976612907,14.281006813049316,244416000
2021-04-09 00:00:00+00:00,14.178264931921397,14.371777448243606,14.139363421566275,14.363797187805176,195172000
2021-04-12 00:00:00+00:00,14.253823650541044,15.313901610057965,14.103701731984685,15.170762062072754,869324000
2021-04-13 00:00:00+00:00,15.1932049428372,15.660527186575505,15.08772073364079,15.6400785446167,676212000
2021-04-14 00:00:00+00:00,15.585718757163326,15.680978662596893,15.189218033930018,15.238594055175781,385500000
2021-04-15 00:00:00+00:00,15.623124606404787,16.173487680774556,15.592202403913975,16.096681594848633,598480000
2021-04-16 00:00:00+00:00,16.012639621052436,16.125107153595632,15.825361792350446,15.872493743896484,335208000
2021-04-19 00:00:00+00:00,15.497439688816309,15.767758276852438,15.194702542617696,15.323128700256348,404420000
2021-04-20 00:00:00+00:00,15.284726432321392,15.458039540390393,14.925382597533766,15.133109092712402,334132000
2021-04-21 00:00:00+00:00,15.080739320235335,15.323877075097695,15.064281282601483,15.321882247924805,216776000
2021-04-22 00:00:00+00:00,15.336345317338932,15.399686073698188,14.746332141113498,14.812914848327637,277788000
2021-04-23 00:00:00+00:00,14.896705203918978,15.2964478790434,14.862791235395903,15.226873397827148,227500000
2021-04-26 00:00:00+00:00,15.146826138366272,15.440086710805838,15.086976556604712,15.439088821411133,197796000
2021-04-27 00:00:00+00:00,15.53933364907408,15.631102358075223,15.315896833735502,15.34307861328125,164572000
2021-04-28 00:00:00+00:00,15.325873065531082,15.493201692864114,15.177247490188085,15.238343238830566,209416000
2021-04-29 00:00:00+00:00,15.361282946905519,15.397691160532714,15.033609024260754,15.286222457885742,173196000
2021-04-30 00:00:00+00:00,15.136349691451016,15.32637005581225,14.959295227808386,14.971763610839844,201912000
2021-05-03 00:00:00+00:00,15.086975219605257,15.208419014072376,14.75032408695121,14.799449920654297,203912000
2021-05-04 00:00:00+00:00,14.60045152794896,14.600700762458748,13.975027966489963,14.315170288085938,405324000
2021-05-05 00:00:00+00:00,14.672020570032824,14.776258621126953,14.35132901002754,14.422150611877441,292024000
2021-05-06 00:00:00+00:00,14.458809043562871,14.534618194500736,14.182256705395886,14.486489295959473,193380000
2021-05-07 00:00:00+00:00,14.77102236151806,14.933113264389581,14.634865165982426,14.775012016296387,229328000
2021-05-10 00:00:00+00:00,14.750073658170713,14.768776709960429,14.214174766121413,14.22988510131836,268904000
2021-05-11 00:00:00+00:00,13.790243752058554,14.318661830890395,13.715432492355607,14.270283699035645,285584000
2021-05-12 00:00:00+00:00,13.974277782332045,14.224397903406471,13.674783549250568,13.723909378051758,303408000
2021-05-13 00:00:00+00:00,13.998467009467184,14.045349728476552,13.425162054864115,13.63089370727539,285404000
2021-05-14 00:00:00+00:00,13.855080192512533,14.291978764788404,13.713935458707894,14.207192420959473,258616000
2021-05-17 00:00:00+00:00,14.121409804064923,14.13362895508345,13.818673559733433,14.129888534545898,216980000
2021-05-18 00:00:00+00:00,14.231132182866967,14.368037075620663,13.96879289213659,13.980513572692871,186256000
2021-05-19 00:00:00+00:00,13.532391695784717,14.04410243148695,13.509200522328285,14.030386924743652,344000000
2021-05-20 00:00:00+00:00,14.266542637893258,14.646834538609415,14.234623498296415,14.575763702392578,321592000
2021-05-21 00:00:00+00:00,15.125627113969413,15.183731096129877,14.832117340430838,14.954059600830078,672992000
2021-05-24 00:00:00+00:00,15.174252706728867,15.705414174003659,15.137844497008365,15.572749137878418,554816000
2021-05-25 00:00:00+00:00,15.726360560876719,15.77872833588339,15.443573624564127,15.608407974243164,435408000
2021-05-26 00:00:00+00:00,15.69469328900032,15.754043443944218,15.547065605147322,15.660529136657715,370440000
2021-05-27 00:00:00+00:00,15.660280028278496,15.710403750659239,15.421132862507694,15.44906234741211,581476000
2021-05-28 00:00:00+00:00,15.462031299114846,16.236578947504775,15.462031299114846,16.20366096496582,644536000
2021-06-01 00:00:00+00:00,16.229094980518518,16.347047573880385,15.863266335432474,16.223608016967773,472804000
2021-06-02 00:00:00+00:00,16.211393881108727,16.876218447528885,16.194685654349467,16.73607063293457,594168000
2021-06-03 00:00:00+00:00,16.65876306621484,17.215609998459154,16.541308933559474,16.927085876464844,580008000
2021-06-04 00:00:00+00:00,17.06948062344339,17.61660182614419,17.05252506393666,17.534061431884766,617120000
2021-06-07 00:00:00+00:00,17.527078500823215,17.767721108576737,17.14953002820666,17.57470703125,575756000
2021-06-08 00:00:00+00:00,17.483179840618586,17.57719258482111,17.207623605410504,17.41310691833496,323848000
2021-06-09 00:00:00+00:00,17.47571805921768,17.534832519599075,17.216312069425967,17.31857681274414,381656000
2021-06-10 00:00:00+00:00,17.310346354499423,17.452022006490658,17.136744250662534,17.385173797607422,287772000
2021-06-11 00:00:00+00:00,17.439547219530038,17.898247503293362,17.403879495985695,17.784507751464844,416308000
2021-06-14 00:00:00+00:00,17.865074363855577,17.9982683850617,17.62238044017172,17.97756576538086,321376000
2021-06-15 00:00:00+00:00,17.8740566646082,17.97507495598846,17.68748377402905,17.747844696044922,243032000
2021-06-16 00:00:00+00:00,17.75009034027756,17.91371508228744,17.54431057593765,17.76954460144043,307124000
2021-06-17 00:00:00+00:00,17.73387307540823,18.79194830496863,17.71566527623226,18.614604949951172,809656000
2021-06-18 00:00:00+00:00,18.74106970383863,19.330718581922177,18.54152604115206,18.59615135192871,968856000
2021-06-21 00:00:00+00:00,18.393118696833035,18.494138905663043,17.78201922276795,18.3851375579834,672384000
2021-06-22 00:00:00+00:00,18.429287961858407,18.92041347735153,18.343982637239353,18.84358787536621,580144000
2021-06-23 00:00:00+00:00,18.964308379906097,19.108977447011597,18.86453654386818,19.013694763183594,332356000
2021-06-24 00:00:00+00:00,19.183806109567367,19.375616025449478,19.044623366172903,19.161605834960938,320924000
2021-06-25 00:00:00+00:00,19.236435003149623,19.30128697907614,18.851317522351227,18.987504959106445,278364000
2021-06-28 00:00:00+00:00,19.31699651878365,20.032857236494127,19.274843407992705,19.939321517944336,495436000
2021-06-29 00:00:00+00:00,19.8370606251026,20.052815878812567,19.612075871754318,19.980981826782227,367632000
2021-06-30 00:00:00+00:00,19.953542508047825,20.116419372850345,19.81835223637548,19.956785202026367,326568000
2021-07-01 00:00:00+00:00,20.079004759784198,20.40924764246024,19.973246122217304,20.16580581665039,480136000
2021-07-02 00:00:00+00:00,20.39353754729571,20.458389533263087,20.24138590886631,20.4401798248291,342764000
2021-07-06 00:00:00+00:00,20.690107865344423,20.794368868985238,20.303743851889013,20.65119743347168,446708000
2021-07-07 00:00:00+00:00,20.8058429274563,20.827293427168946,20.285535100146795,20.325193405151367,418428000
2021-07-08 00:00:00+00:00,19.811123681241913,20.08699060864963,19.6557293339287,19.857267379760742,503300000
2021-07-09 00:00:00+00:00,19.916879913596205,20.034360990496573,19.709105775437738,20.00442886352539,296624000
2021-07-12 00:00:00+00:00,20.193741842138916,20.485822176822126,20.141611349333026,20.465620040893555,321984000
2021-07-13 00:00:00+00:00,20.353873559779505,20.41448567344241,20.068029336079224,20.203718185424805,290708000
2021-07-14 00:00:00+00:00,20.311222848316984,20.371085187091623,19.7076060162833,19.796152114868164,380100000
2021-07-15 00:00:00+00:00,19.766467672504746,19.80163681406628,18.81539558596507,18.92289924621582,550564000
2021-07-16 00:00:00+00:00,18.98700740866609,19.11321747883699,18.03169525755164,18.11949348449707,688224000
2021-07-19 00:00:00+00:00,17.874307343819012,18.99848131527796,17.82466976343855,18.736831665039062,749060000
2021-07-20 00:00:00+00:00,18.687192164183777,18.794945132479892,18.122485771322793,18.569461822509766,434687000
2021-07-21 00:00:00+00:00,18.83884558672833,19.482371910572084,18.69916616251025,19.365638732910156,371017000
2021-07-22 00:00:00+00:00,19.597107853695302,19.841546833620864,19.23194323043398,19.549217224121094,323826000
2021-07-23 00:00:00+00:00,19.61107361577112,19.65497367183318,19.206001448211797,19.51329803466797,195672000
2021-07-26 00:00:00+00:00,19.266865977371694,19.397565194519427,18.87077204812226,19.24990463256836,203943000
2021-07-27 00:00:00+00:00,19.220967669853962,19.577152067527226,18.698165146922616,19.164098739624023,248863000
2021-07-28 00:00:00+00:00,19.27484415522082,19.601096419244247,18.951585293113546,19.458423614501953,202191000
2021-07-29 00:00:00+00:00,19.474385006364894,19.807623128442792,19.283821585563704,19.6170597076416,190781000
2021-07-30 00:00:00+00:00,19.3736191961783,19.585134561055348,19.21897466845994,19.454435348510742,183497000
2021-08-02 00:00:00+00:00,19.65497192015276,19.915375025449997,19.316746081635237,19.704856872558594,217444000
2021-08-03 00:00:00+00:00,19.694885002968523,20.175783766568422,19.17607297987363,19.76971435546875,301811000
2021-08-04 00:00:00+00:00,19.94430985832058,20.27156118889958,19.782679477126937,20.2276611328125,231309000
2021-08-05 00:00:00+00:00,20.45314629356312,20.68561356328151,20.29550646605199,20.589832305908203,211435000
2021-08-06 00:00:00+00:00,20.47709211719844,20.522986511252395,20.163808690158564,20.3194522857666,178497000
2021-08-09 00:00:00+00:00,20.399271142893213,20.461129719952012,20.096964132095703,20.24861717224121,146443000
2021-08-10 00:00:00+00:00,20.275555576217656,20.38330854964685,19.789667174813598,19.890438079833984,179238000
2021-08-11 00:00:00+00:00,19.997195897643458,20.00318270372501,19.38559779435754,19.653982162475586,185925000
2021-08-12 00:00:00+00:00,19.82459056189546,19.98322568110956,19.57516190406229,19.85951042175293,151652000
2021-08-13 00:00:00+00:00,19.859512465987095,20.16780633402696,19.80563501780991,20.141864776611328,183063000
2021-08-16 00:00:00+00:00,20.08898224870646,20.240635283225057,19.408539829296206,19.90440559387207,210876000
2021-08-17 00:00:00+00:00,19.640008912743852,19.72481563269579,19.222964992831216,19.413528442382812,204585000
2021-08-18 00:00:00+00:00,19.45542860045095,19.589123091355606,18.956571456849645,18.99648094177246,285913000
2021-08-19 00:00:00+00:00,19.449444360898706,20.448157848964946,18.719117056246247,19.752750396728516,766555000
2021-08-20 00:00:00+00:00,19.94531526050989,20.81731852060523,19.887449143352104,20.768430709838867,675741000
2021-08-23 00:00:00+00:00,20.92307217475191,21.946726358583017,20.902120260869,21.90781593322754,575807000
2021-08-24 00:00:00+00:00,21.70328698373668,21.90881557692083,21.485784779557335,21.743194580078125,297299000
2021-08-25 00:00:00+00:00,21.68731951267329,22.41864404034006,21.672354404189694,22.1622314453125,347701000
2021-08-26 00:00:00+00:00,22.149264978237373,22.28894441389268,21.740202142684332,22.017566680908203,237940000
2021-08-27 00:00:00+00:00,22.133298143105087,22.670068642424027,22.116336798954833,22.584264755249023,304722000
2021-08-30 00:00:00+00:00,22.777822203844707,22.990334740001824,22.499460525203325,22.636146545410156,262580000
2021-08-31 00:00:00+00:00,22.64712359993544,22.64712359993544,22.073337729589888,22.337778091430664,259850000
2021-09-01 00:00:00+00:00,22.437569306889998,22.64912199389681,22.30983905945331,22.393661499023438,201767000
2021-09-02 00:00:00+00:00,22.470495343605453,22.545337883825013,22.247966214051775,22.348752975463867,187834000
2021-09-03 00:00:00+00:00,22.27790436202972,22.93750922846225,22.153168059674176,22.794811248779297,280532000
2021-09-07 00:00:00+00:00,22.784833671238882,22.850694428150952,22.47448890756114,22.614194869995117,198107000
2021-09-08 00:00:00+00:00,22.465510489496793,22.562305994875448,21.93063995060258,22.29187774658203,254434000
2021-09-09 00:00:00+00:00,22.264932037922602,22.490455112570046,22.084314109745772,22.130216598510742,196856000
2021-09-10 00:00:00+00:00,22.30085711920523,22.578270564497437,22.223022541074023,22.430583953857422,248376000
2021-09-13 00:00:00+00:00,22.636147711099213,22.915557731283194,21.81188995971526,22.105270385742188,297500000
2021-09-14 00:00:00+00:00,22.22801304915451,22.362728510461544,22.03941254531984,22.195083618164062,199755000
2021-09-15 00:00:00+00:00,22.261936936889985,22.31981514344312,21.919660118755335,22.293869018554688,166538000
2021-09-16 00:00:00+00:00,22.136208056703595,22.230009637392705,21.880747541780984,22.195083618164062,156033000
2021-09-17 00:00:00+00:00,22.25295366514298,22.27390927077693,21.78394589381782,21.853797912597656,294503000
2021-09-20 00:00:00+00:00,21.101395618736774,21.387790890372674,20.61841728966361,21.068466186523438,349440000
2021-09-21 00:00:00+00:00,21.371824057072708,21.379806603732295,20.90581006345656,21.20118522644043,204688000
2021-09-22 00:00:00+00:00,21.320928442562238,21.91367528465587,21.15128697509486,21.894716262817383,268726000
2021-09-23 00:00:00+00:00,22.09329462367587,22.487461820172715,21.843822003613315,22.434574127197266,248555000
2021-09-24 00:00:00+00:00,22.023441631035194,22.102275447550486,21.81488289522603,22.0344181060791,217655000
2021-09-27 00:00:00+00:00,21.664197342175203,21.753010278654127,21.280011254389187,21.614303588867188,245215000
2021-09-28 00:00:00+00:00,21.169247409834707,21.37381486341932,20.607433491656852,20.655332565307617,343069000
2021-09-29 00:00:00+00:00,20.8958208002088,20.972658008708912,20.423817270391268,20.473712921142578,218394000
2021-09-30 00:00:00+00:00,20.72418878114169,21.02156047404019,20.64435762025099,20.672298431396484,221009000
2021-10-01 00:00:00+00:00,20.706226639761606,20.814995951669495,20.16037968568149,20.698244094848633,240978000
2021-10-04 00:00:00+00:00,20.460747131129327,20.498667077843145,19.51374961230619,19.69037628173828,345635000
2021-10-05 00:00:00+00:00,19.907911604183766,20.60443896543691,19.81211346850352,20.407854080200195,279282000
2021-10-06 00:00:00+00:00,20.077555660834182,20.676288377439814,20.0376391312872,20.65633201599121,297202000
2021-10-07 00:00:00+00:00,21.04750098845933,21.277017200986315,20.927755219886244,21.03053855895996,256919000
2021-10-08 00:00:00+00:00,21.05648878776723,21.161266841006725,20.731176248192515,20.787057876586914,151258000
2021-10-11 00:00:00+00:00,20.53159660479376,21.0185661050647,20.46773053541931,20.651342391967773,163388000
2021-10-12 00:00:00+00:00,20.78406211740241,21.01257912959574,20.484695733535407,20.62739372253418,162134000
2021-10-13 00:00:00+00:00,20.873871281370185,20.94571989479939,20.669303819377614,20.894826889038086,180652000
2021-10-14 00:00:00+00:00,21.243092625799367,21.70910653549275,21.077442440829326,21.70012664794922,243589000
2021-10-15 00:00:00+00:00,21.76398566875985,21.884730677478515,21.61629910045777,21.815876007080078,226994000
2021-10-18 00:00:00+00:00,21.70311955926144,22.243975990824204,21.59833961734775,22.175121307373047,189494000
2021-10-19 00:00:00+00:00,22.229002928659522,22.331786266925064,21.990508735518052,22.24297523498535,161473000
2021-10-20 00:00:00+00:00,22.257947135216437,22.38567737363948,21.935628560572944,22.056373596191406,146276000
2021-10-21 00:00:00+00:00,22.050384685989254,22.663089722334,22.03641428104515,22.644128799438477,187590000
2021-10-22 00:00:00+00:00,22.774852206054973,23.08120376239796,22.51340579315989,22.678056716918945,249384000
2021-10-25 00:00:00+00:00,22.9245366329956,23.30573075031013,22.72196575698433,23.117130279541016,230235000
2021-10-26 00:00:00+00:00,23.93839301304731,25.205714271899417,23.873529604420657,24.66485595703125,485898000
2021-10-27 00:00:00+00:00,24.422370071571084,25.037069768657314,24.23077377880667,24.399417877197266,245990000
2021-10-28 00:00:00+00:00,24.825522753307272,24.897371379412476,24.471272044998354,24.888389587402344,234204000
2021-10-29 00:00:00+00:00,24.94825747657164,25.654764066294884,24.94726013432384,25.513063430786133,292503000
2021-11-01 00:00:00+00:00,25.59489414765004,25.83937625950011,25.173783464529546,25.772518157958984,265740000
2021-11-02 00:00:00+00:00,25.767531088653996,26.621724421153417,25.745576232060976,26.345308303833008,294112000
2021-11-03 00:00:00+00:00,26.61373971651481,26.72749955329643,26.179657881858056,26.54189109802246,239910000
2021-11-04 00:00:00+00:00,27.171559601999014,31.298834251427845,27.060793699318,29.738134384155273,1153631000
2021-11-05 00:00:00+00:00,30.123319409166225,31.33375987513204,29.347958100058552,29.689237594604492,851260000
2021-11-08 00:00:00+00:00,30.085398573379145,31.034392580176473,29.84390851205834,30.739017486572266,503101000
2021-11-09 00:00:00+00:00,32.2139010026745,32.241841813464795,29.900790147535126,30.592327117919922,646746000
2021-11-10 00:00:00+00:00,29.29407294809422,30.784920762665642,28.717291247821386,29.396854400634766,636206000
2021-11-11 00:00:00+00:00,30.403731797930835,30.525474194625104,29.714189395266946,30.325895309448242,332172000
2021-11-12 00:00:00+00:00,29.946697711602567,30.615284502622163,29.567498210431587,30.325895309448242,413054000
2021-11-15 00:00:00+00:00,30.48754907870644,30.57935405607118,29.18530173672682,29.961660385131836,384909000
2021-11-16 00:00:00+00:00,29.69622243740179,30.325889920627386,29.6433328431333,30.139284133911133,264484000
2021-11-17 00:00:00+00:00,30.353830996008032,30.444640534447622,28.739244216455628,29.19927215576172,428508000
2021-11-18 00:00:00+00:00,32.2987206204707,32.690889311922675,31.25492578342417,31.608179092407227,781711000
2021-11-19 00:00:00+00:00,32.174977704788965,33.018196245585706,31.83769143046511,32.91541290283203,533867000
2021-11-22 00:00:00+00:00,33.446291928728265,34.573909183585116,31.832704423703742,31.888586044311523,754335000
2021-11-23 00:00:00+00:00,31.468472250509617,32.29173255622799,30.814853381586094,31.679027557373047,532163000
2021-11-24 00:00:00+00:00,31.39463157257882,32.78568994748824,30.862755024040684,32.605072021484375,435162000
2021-11-26 00:00:00+00:00,32.531228506198715,32.64099706934784,31.2838672949203,31.43654441833496,283069000
2021-11-29 00:00:00+00:00,32.29773128790808,33.341522577161264,31.968425532112303,33.305599212646484,454964000
2021-11-30 00:00:00+00:00,33.099027131565556,33.2826408933307,31.796781690175454,32.6070671081543,622066000
2021-12-01 00:00:00+00:00,33.15298701314343,33.2228476004512,31.317638978190622,31.372529983520508,484368000
2021-12-02 00:00:00+00:00,31.15196660239209,32.413454492397044,30.963341136104958,32.06215286254883,472890000
2021-12-03 00:00:00+00:00,31.936405556758363,32.06515080587632,30.070121019469727,30.632003784179688,544325000
2021-12-06 00:00:00+00:00,29.820618786249153,30.180901433648863,27.98228032790173,29.97730827331543,658938000
2021-12-07 00:00:00+00:00,30.89547671326527,32.38451208748878,30.590083198512986,32.362552642822266,593053000
2021-12-08 00:00:00+00:00,31.93540523035622,32.225827257844415,31.358552936375865,31.76274871826172,475551000
2021-12-09 00:00:00+00:00,31.6709304355526,32.14099693386837,30.367526251043838,30.42940330505371,488507000
2021-12-10 00:00:00+00:00,31.088092914267587,31.24278555655399,29.801655081182673,30.137985229492188,488825000
2021-12-13 00:00:00+00:00,30.188883512765113,30.233794155650276,28.060121324277922,28.105031967163086,598344000
2021-12-14 00:00:00+00:00,27.643950978334946,28.621005425069747,27.19584390568892,28.280683517456055,667035000
2021-12-15 00:00:00+00:00,28.343558104801343,30.439384993244534,27.782674736715105,30.398466110229492,698297000
2021-12-16 00:00:00+00:00,31.090091873375695,31.098075396246916,28.03717102685846,28.330585479736328,707366000
2021-12-17 00:00:00+00:00,27.929384771071867,28.864522903312924,27.704831542890716,27.745750427246094,713758000
2021-12-20 00:00:00+00:00,27.250736913132904,28.08806836031616,27.09105503438404,27.66391372680664,461847000
2021-12-21 00:00:00+00:00,28.31761430026382,29.06213210067189,27.346546417917093,29.017221450805664,524385000
2021-12-22 00:00:00+00:00,28.833580742440954,29.49626062055205,28.392457864198384,29.341567993164062,395184000
2021-12-23 00:00:00+00:00,29.69586596971552,29.99926267226298,29.372510460598956,29.58109474182129,343022000
2021-12-27 00:00:00+00:00,29.601053125766303,31.02521713058112,29.58109241720771,30.883499145507812,403686000
2021-12-28 00:00:00+00:00,31.24977398426647,31.267737862639216,29.952356330148934,30.261741638183594,420591000
2021-12-29 00:00:00+00:00,30.21284219993888,30.487295339134562,29.307643098254704,29.941381454467773,343139000
2021-12-30 00:00:00+00:00,29.767719031627845,30.396467983796907,29.48129068777017,29.527198791503906,308864000
2021-12-31 00:00:00+00:00,29.61503025561197,29.97032369459482,29.272711469744927,29.35255241394043,266530000
2022-01-03 00:00:00+00:00,29.755744649714465,30.649963801294536,29.725803587995546,30.06113624572754,391547000
2022-01-04 00:00:00+00:00,30.216826539242714,30.40744692192532,28.292658836690123,29.231788635253906,527154000
2022-01-05 00:00:00+00:00,28.891469242287545,29.35754213554747,27.47828478816745,27.549142837524414,498064000
2022-01-06 00:00:00+00:00,27.585066961351565,28.381481331155296,27.01121087291353,28.121997833251953,454186000
2022-01-07 00:00:00+00:00,28.085076387090762,28.365518095345266,27.003229072578133,27.192852020263672,409939000
2022-01-10 00:00:00+00:00,26.52816855265598,27.41440410370387,25.593030604307547,27.34554100036621,594681000
2022-01-11 00:00:00+00:00,27.268697246348502,28.009223147677293,26.785659911463362,27.761714935302734,404089000
2022-01-12 00:00:00+00:00,28.011221217951395,28.53817178912904,27.553133765083295,27.943357467651367,383413000
2022-01-13 00:00:00+00:00,28.322597967784002,28.42339706817921,26.445335836793394,26.522184371948242,540171000
2022-01-14 00:00:00+00:00,26.24773202314796,27.142950637215478,26.1579107320568,26.888456344604492,395832000
2022-01-18 00:00:00+00:00,26.20781332431235,26.585062377950432,25.718787337317245,25.85152244567871,424270000
2022-01-19 00:00:00+00:00,26.02717118789245,26.490247833386153,25.00221181655367,25.017181396484375,488315000
2022-01-20 00:00:00+00:00,25.25370883415951,25.52816188748509,24.03014378855294,24.102001190185547,435181000
2022-01-21 00:00:00+00:00,23.460284088756683,24.773668763232777,23.216769512080788,23.32754898071289,718958000
2022-01-24 00:00:00+00:00,22.2856247841545,23.333537417415997,20.846490952240618,23.32555389404297,913982000
2022-01-25 00:00:00+00:00,22.501189559876266,22.89740178998286,21.95627520194665,22.279630661010742,664616000
2022-01-26 00:00:00+00:00,23.193810141981658,24.009185786472784,22.25567786422713,22.72673988342285,755959000
2022-01-27 00:00:00+00:00,23.52115762975604,23.947308981015638,21.63191855548817,21.9003849029541,573353000
2022-01-28 00:00:00+00:00,21.96825173742082,22.8125710384111,21.253675136018625,22.794607162475586,543774000
2022-01-31 00:00:00+00:00,23.135926717655092,24.460290972976274,23.00618592049365,24.437335968017578,564680000
2022-02-01 00:00:00+00:00,25.054108511883626,25.095027394146598,23.842520509649365,24.589035034179688,518925000
2022-02-02 00:00:00+00:00,25.74273842128798,25.765691523974446,24.50420361965189,25.191835403442383,543419000
2022-02-03 00:00:00+00:00,24.40939059418106,25.027159831286212,23.73273860269154,23.90040397644043,410178000
2022-02-04 00:00:00+00:00,23.92435754479338,24.586039987928007,23.585033117362396,24.270668029785156,354829000
2022-02-07 00:00:00+00:00,24.32356063658267,25.131950236744533,24.153898433728177,24.67885398864746,376868000
2022-02-08 00:00:00+00:00,24.31058777349292,25.179857022998263,23.93234129371506,25.0580997467041,410359000
2022-02-09 00:00:00+00:00,25.571080056956752,26.671888658006182,25.30261555051223,26.651927947998047,524282000
2022-02-10 00:00:00+00:00,25.94333997182691,26.871490147981913,25.549124513702214,25.77267837524414,513200000
2022-02-11 00:00:00+00:00,25.864495192370278,26.100026229482054,23.72575451723449,23.901403427124023,605472000
2022-02-14 00:00:00+00:00,23.886432615759617,24.825562419077983,23.707787514804277,24.21877098083496,440424000
2022-02-15 00:00:00+00:00,24.8994139589256,26.492242623139074,24.734742881710144,26.44234275817871,699869000
2022-02-16 00:00:00+00:00,26.206814897463676,26.529172937045136,25.501219224442693,26.45831298828125,732676000
2022-02-17 00:00:00+00:00,25.579059224109187,25.733751844995112,24.116972680791868,24.45829200744629,810595000
2022-02-18 00:00:00+00:00,24.61897658197623,24.936345412834687,23.054093778189063,23.595016479492188,761255000
2022-02-22 00:00:00+00:00,22.98921948197412,24.016173750217902,22.954289194180653,23.34351348876953,633422000
2022-02-23 00:00:00+00:00,23.7546930729614,24.10699211767521,22.25667689007346,22.342504501342773,566511000
2022-02-24 00:00:00+00:00,20.973235364784678,23.752700460531262,20.848483782736597,23.700803756713867,735801000
2022-02-25 00:00:00+00:00,23.673857307735503,24.168869937955396,23.33453287499,24.108989715576172,528866000
2022-02-28 00:00:00+00:00,23.944317823201498,24.615980608442836,23.659884397014633,24.336536407470703,477319000
2022-03-01 00:00:00+00:00,24.24272507991095,24.328554607429982,23.086028049660978,23.430341720581055,412056000
2022-03-02 00:00:00+00:00,23.712826005452477,24.364639111563292,23.372446139998853,24.175981521606445,389642000
2022-03-03 00:00:00+00:00,24.217910588033938,24.281795369595773,23.426352346873195,23.670907974243164,365095000
2022-03-04 00:00:00+00:00,23.341503399554565,23.63696498590784,22.441142240714978,22.894317626953125,431415000
2022-03-07 00:00:00+00:00,22.775536020572545,22.99114500980663,21.291238708054614,21.31319808959961,450821000
2022-03-08 00:00:00+00:00,21.270275724010467,22.332341322019484,20.61247291155514,21.474903106689453,557467000
2022-03-09 00:00:00+00:00,22.34631797597657,23.177804449774207,22.20657299008878,22.972179412841797,492742000
2022-03-10 00:00:00+00:00,22.49005319391326,22.746586101874037,21.842232493155823,22.616823196411133,428066000
2022-03-11 00:00:00+00:00,22.980160740629042,23.10293830541665,22.005934624302842,22.059837341308594,367209000
2022-03-14 00:00:00+00:00,21.829251043456086,22.221536388125383,21.120542432031016,21.291231155395508,385354000
2022-03-15 00:00:00+00:00,21.478895723800314,22.996133936687787,21.283252760840114,22.931251525878906,491996000
2022-03-16 00:00:00+00:00,23.457294382081265,24.552300969340088,23.129891326873263,24.45148468017578,671422000
2022-03-17 00:00:00+00:00,24.07616897857947,24.796855148357576,23.86255716757979,24.72099494934082,471941000
2022-03-18 00:00:00+00:00,24.753932770637824,26.52071662131349,24.579251558233064,26.404926300048828,730719000
2022-03-21 00:00:00+00:00,26.45883040449885,27.10265874201125,25.919810799916604,26.68541717529297,591727000
2022-03-22 00:00:00+00:00,26.678429776405682,27.18850274822909,26.024621290380676,26.475799560546875,547007000
2022-03-23 00:00:00+00:00,26.078516362640386,26.563633135603418,25.52851909569361,25.587411880493164,502120000
2022-03-24 00:00:00+00:00,26.11844711768974,28.268531837117266,25.859917039185778,28.098840713500977,877379000
2022-03-25 00:00:00+00:00,27.835319803468362,28.306462114881743,27.22143772985282,27.641672134399414,579016000
2022-03-28 00:00:00+00:00,27.705559052925192,28.198660780217054,27.15655743522871,28.16771697998047,425494000
2022-03-29 00:00:00+00:00,28.64285057154714,28.89339386605595,27.929149831104116,28.60392189025879,488984000
2022-03-30 00:00:00+00:00,28.252567340018665,28.44421787756887,27.45302230860796,27.63968276977539,463487000
2022-03-31 00:00:00+00:00,27.73150900758,28.196661710311588,27.2204403767065,27.23641014099121,523440000
2022-04-01 00:00:00+00:00,27.32524923988458,27.446029626371523,26.219263094224697,26.663454055786133,517235000
2022-04-04 00:00:00+00:00,26.679424670623536,27.507916136883054,26.564633902248794,27.31027603149414,397120000
2022-04-05 00:00:00+00:00,27.20446853162703,27.269350934287917,25.773074655335627,25.883872985839844,436615000
2022-04-06 00:00:00+00:00,24.888690790070065,25.25402493041079,23.959382815616124,24.362648010253906,703833000
2022-04-07 00:00:00+00:00,24.396581634228397,24.67707109021869,23.435332416882506,24.164005279541016,557992000
2022-04-08 00:00:00+00:00,23.873536476701478,23.8795260910143,23.020090688541902,23.07698631286621,524781000
2022-04-11 00:00:00+00:00,22.17363171495148,22.27943807836627,21.62063763333046,21.87717056274414,575207000
2022-04-12 00:00:00+00:00,22.496039697929614,22.6836977341084,21.24331959200071,21.464916229248047,662258000
2022-04-13 00:00:00+00:00,21.68851577144071,22.45911222680707,21.416011160562284,22.16265106201172,516943000
2022-04-14 00:00:00+00:00,22.464099572114247,22.735606515539892,21.124539407798157,21.2193660736084,569097000
2022-04-18 00:00:00+00:00,21.161469536392858,22.047854170473418,21.040689165787903,21.743410110473633,525701000
2022-04-19 00:00:00+00:00,21.680525694021107,22.332338819215018,21.275263415595177,22.157657623291016,512781000
2022-04-20 00:00:00+00:00,22.47608366186322,22.62880551763033,21.161477398486056,21.442964553833008,468974000
2022-04-21 00:00:00+00:00,21.66954608901935,22.351305380675164,19.963652360371036,20.146320343017578,656209000
2022-04-22 00:00:00+00:00,20.26610021349829,20.448768187334096,19.464560112515493,19.47953224182129,624713000
2022-04-25 00:00:00+00:00,19.167108284690865,19.908758232062286,19.061301899372523,19.86583709716797,641566000
2022-04-26 00:00:00+00:00,19.682164872038474,19.752037349254017,18.63606917460008,18.753854751586914,653143000
2022-04-27 00:00:00+00:00,18.56420451525645,19.132170809703098,18.256765532864236,18.38153839111328,499460000
2022-04-28 00:00:00+00:00,18.932530442416695,20.000587537213033,18.45639800746317,19.746049880981445,570327000
2022-04-29 00:00:00+00:00,19.36674191148043,20.091422411814133,18.48334995977803,18.513296127319336,500435000
2022-05-02 00:00:00+00:00,18.507305480868084,19.538427232283176,18.35757845927692,19.49750328063965,572049000
2022-05-03 00:00:00+00:00,19.364745058425033,19.788973871458698,19.09823006494358,19.566377639770508,475751000
2022-05-04 00:00:00+00:00,19.886794272202142,20.36292670436252,18.716923264105464,20.297046661376953,648855000
2022-05-05 00:00:00+00:00,19.830896979302434,19.88879023761166,18.46638060148286,18.809755325317383,626331000
2022-05-06 00:00:00+00:00,18.701953665624362,19.476542616826766,17.957308981000086,18.641063690185547,633297000
2022-05-09 00:00:00+00:00,18.00122470604806,18.221821818374295,16.79641762349791,16.9191951751709,644455000
2022-05-10 00:00:00+00:00,17.656851643260232,18.16492737651773,16.99405882150625,17.56302261352539,761474000
2022-05-11 00:00:00+00:00,17.315477156303142,17.7207395102495,16.537893425141622,16.59977912902832,670167000
2022-05-12 00:00:00+00:00,16.189521927319188,16.75748801691552,15.538707458895326,16.145601272583008,708728000
2022-05-13 00:00:00+00:00,16.757493216581477,17.895421017236522,16.562847872141287,17.673824310302734,670437000
2022-05-16 00:00:00+00:00,17.477181558942796,17.75567386028926,17.074914055272394,17.23262596130371,521446000
2022-05-17 00:00:00+00:00,18.04115321874996,18.337614359005986,17.601954209019933,18.143966674804688,585830000
2022-05-18 00:00:00+00:00,17.67282130331116,18.085070787489677,16.833350206512566,16.907215118408203,545161000
2022-05-19 00:00:00+00:00,16.906223592330786,17.65486074699978,16.703591448652563,17.092884063720703,621310000
2022-05-20 00:00:00+00:00,17.300504976295468,17.378362351094147,15.72637008787695,16.663663864135742,739105000
2022-05-23 00:00:00+00:00,16.244422161579827,16.88425788996982,16.149595509541346,16.86728858947754,639889000
2022-05-24 00:00:00+00:00,16.479993381421657,16.566835152715054,15.751319657965462,16.1246395111084,588550000
2022-05-25 00:00:00+00:00,15.990888366746299,17.079905368342203,15.97092425449637,16.94415283203125,781132000
2022-05-26 00:00:00+00:00,16.00685575522456,18.059118973315748,15.992881259502376,17.818557739257812,996575000
2022-05-27 00:00:00+00:00,18.15294754488141,18.84668406925353,18.06710340923342,18.776811599731445,738379000
2022-05-31 00:00:00+00:00,18.945510037673294,19.165111483176826,18.3166556798284,18.638071060180664,664100000
2022-06-01 00:00:00+00:00,18.68997397259425,19.018374652138892,18.089066793747712,18.286706924438477,544514000
2022-06-02 00:00:00+00:00,18.258757824402238,19.583345936482782,18.164928787379736,19.556394577026367,648656000
2022-06-03 00:00:00+00:00,19.047325348696557,19.29687105430401,18.488341597340362,18.68598175048828,598779000
2022-06-06 00:00:00+00:00,19.104216857601944,19.301856968127392,18.53026109692932,18.75185775756836,422406000
2022-06-07 00:00:00+00:00,18.438431844745782,18.965472213893936,18.154947548277914,18.8916072845459,388914000
2022-06-08 00:00:00+00:00,18.768804244012014,19.14919278784211,18.505228350019344,18.6180477142334,363252000
2022-06-09 00:00:00+00:00,18.45131169043326,18.902585229950912,18.012018004898287,18.019006729125977,395574000
2022-06-10 00:00:00+00:00,17.571735215138354,17.668579557406105,16.84190828427813,16.946741104125977,465248000
2022-06-13 00:00:00+00:00,15.974298882999761,16.28579798543527,15.580931719685918,15.621866226196289,604153000
2022-06-14 00:00:00+00:00,15.705730306415653,16.040192214090787,15.387242491326816,15.810562133789062,469680000
2022-06-15 00:00:00+00:00,16.06914487895743,16.84090387526414,15.900416682083067,16.500452041625977,563936000
2022-06-16 00:00:00+00:00,15.834523928335084,15.916392943958204,15.376261580184906,15.575940132141113,545749000
2022-06-17 00:00:00+00:00,15.622863557257194,15.969306274754233,15.303377894797796,15.854491233825684,630334000
2022-06-21 00:00:00+00:00,16.448535233491057,16.98067807199888,16.380643675300785,16.53938865661621,483089000
2022-06-22 00:00:00+00:00,16.199933739530884,16.63523415441029,16.15400810802624,16.33371925354004,437135000
2022-06-23 00:00:00+00:00,16.49246289970144,16.558356861748027,15.827533351841502,16.198936462402344,463680000
2022-06-24 00:00:00+00:00,16.473495860765993,17.112467212054863,16.2838005267453,17.09848976135254,472153000
2022-06-27 00:00:00+00:00,17.284187038580626,17.30215776962476,16.599288334670938,16.84189796447754,427968000
2022-06-28 00:00:00+00:00,16.87285307326158,17.17436801500843,15.91938717022095,15.956328392028809,461149000
2022-06-29 00:00:00+00:00,15.788598896697644,15.79458882502246,15.14563326818601,15.517035484313965,482352000
2022-06-30 00:00:00+00:00,15.336326385518298,15.541995824627715,14.838128310223647,15.134651184082031,686070000
2022-07-01 00:00:00+00:00,14.875068383035895,15.03880451331611,14.368882791299097,14.499671936035156,577610000
2022-07-05 00:00:00+00:00,14.152229332482921,14.94695015807397,14.032422215907793,14.939961433410645,651397000
2022-07-06 00:00:00+00:00,14.985887657126462,15.294391284315516,14.765242008688814,15.105694770812988,529066000
2022-07-07 00:00:00+00:00,15.431172487703748,15.91938634734984,15.36427972508815,15.832526206970215,492903000
2022-07-08 00:00:00+00:00,15.405215450126937,16.01124079035871,15.364280941862427,15.812560081481934,467972000
2022-07-11 00:00:00+00:00,15.501059566316355,15.502058363657559,15.013843557279245,15.127660751342773,437321000
2022-07-12 00:00:00+00:00,15.243472758265565,15.406211017689797,14.85310107596107,15.057771682739258,458483000
2022-07-13 00:00:00+00:00,14.56656253178919,15.350301342288464,14.441763333884406,15.139639854431152,521918000
2022-07-14 00:00:00+00:00,15.083731337790685,15.448144798089075,14.704341629701336,15.347307205200195,456235000
2022-07-15 00:00:00+00:00,15.633846749612045,15.75664836262336,15.420189805163654,15.73668098449707,385935000
2022-07-18 00:00:00+00:00,16.275817386358206,16.869861070689765,15.976299978387807,16.07513999938965,670517000
2022-07-19 00:00:00+00:00,16.459520538555523,17.08251882919719,16.146025702467618,16.96470832824707,702366000
2022-07-20 00:00:00+00:00,16.919777466324557,17.904193653189743,16.774012086751018,17.77839469909668,760538000
2022-07-21 00:00:00+00:00,17.856267879415007,18.11485066717971,17.516813938908633,18.0210018157959,557049000
2022-07-22 00:00:00+00:00,17.86425701094861,17.93813754600972,17.109470902798687,17.291179656982422,536671000
2022-07-25 00:00:00+00:00,16.991659568811933,17.096492342767927,16.622255007793466,16.996652603149414,480748000
2022-07-26 00:00:00+00:00,16.861866257846795,16.891818745719867,16.45152726669257,16.506439208984375,397865000
2022-07-27 00:00:00+00:00,17.004639434525583,17.907188485590435,16.885831113737122,17.761423110961914,569776000
2022-07-28 00:00:00+00:00,17.946124228071746,18.11085817162906,17.411983837534958,17.955108642578125,474646000
2022-07-29 00:00:00+00:00,17.784388988721815,18.214696484956857,17.663583046050046,18.133827209472656,435460000
2022-08-01 00:00:00+00:00,18.15279222547974,18.815727059641716,17.96110121179728,18.411376953125,476469000
2022-08-02 00:00:00+00:00,18.09289023442921,18.907579472181585,18.062937738115096,18.496240615844727,489527000
2022-08-03 00:00:00+00:00,18.154789221455992,18.93753019924968,18.107863838709722,18.86264991760254,418146000
2022-08-04 00:00:00+00:00,18.818724113299595,19.243040681587424,18.72986637165179,19.18413543701172,409652000
2022-08-05 00:00:00+00:00,18.779786567763914,19.19811418839831,18.636018761507295,18.958499908447266,386068000
2022-08-08 00:00:00+00:00,17.473884755972595,18.20970031636088,17.214302203916876,17.764415740966797,981859000
2022-08-09 00:00:00+00:00,17.224289326765735,17.41897579817991,16.69713756258524,17.058555603027344,668263000
2022-08-10 00:00:00+00:00,17.66956911758063,18.088894487490233,17.289180654581262,18.067928314208984,597422000
2022-08-11 00:00:00+00:00,18.101876890579906,18.676951881347318,17.847285427896846,17.913179397583008,509327000
2022-08-12 00:00:00+00:00,18.130831369711036,18.68793567728393,17.92416312056551,18.6789493560791,478094000
2022-08-15 00:00:00+00:00,18.670957163642598,19.13321270171444,18.583099190213602,19.00142478942871,457666000
2022-08-16 00:00:00+00:00,18.88961119385509,19.111254744277208,18.471283557711025,18.848676681518555,451240000
2022-08-17 00:00:00+00:00,18.49324736132435,18.657981332845214,18.115854280880267,18.3055477142334,446799000
2022-08-18 00:00:00+00:00,18.2716035897907,18.83469681060988,18.1537931034188,18.74284553527832,415447000
2022-08-19 00:00:00+00:00,18.376432185051982,18.490249371942653,17.74145419450282,17.820327758789062,441588000
2022-08-22 00:00:00+00:00,17.461902487750006,17.529794039492458,16.938744114151103,17.006635665893555,409593000
2022-08-23 00:00:00+00:00,16.961705639047906,17.4369407255709,16.94273515915745,17.153396606445312,369986000
2022-08-24 00:00:00+00:00,16.984674160286165,17.378042316071028,16.867863413110875,17.194337844848633,522661000
2022-08-25 00:00:00+00:00,16.816940979132873,17.918169715102525,16.805958969898168,17.88422393798828,770691000
2022-08-26 00:00:00+00:00,17.828315779513094,17.895207590473877,16.210917226715885,16.2338809967041,769127000
2022-08-29 00:00:00+00:00,15.994266622399852,16.31175468886111,15.741672771666877,15.775617599487305,496132000
2022-08-30 00:00:00+00:00,15.934362683647725,16.013235302076197,15.157612546233274,15.443153381347656,530181000
2022-08-31 00:00:00+00:00,15.359289711852172,15.51503927839252,14.934972165599781,15.069755554199219,573710000
2022-09-01 00:00:00+00:00,14.186174234575896,14.356900019307059,13.248683470937443,13.91461181640625,1178865000
2022-09-02 00:00:00+00:00,14.07735157024542,14.148236669923433,13.56916839929729,13.625079154968262,743157000
2022-09-06 00:00:00+00:00,13.70894332767748,13.756866558635831,13.329553621636906,13.443370819091797,535751000
2022-09-07 00:00:00+00:00,13.545237877389667,13.819878314045399,13.328522048866603,13.696040153503418,512657000
2022-09-08 00:00:00+00:00,13.441374901641682,13.989656718202694,13.351493557830084,13.9716796875,624873000
2022-09-09 00:00:00+00:00,14.1384581232082,14.455043335947318,14.107499539277185,14.368157386779785,486612000
2022-09-12 00:00:00+00:00,14.350181361214242,14.527947731810595,14.179404839818012,14.486002922058105,484159000
2022-09-13 00:00:00+00:00,13.783924633033108,13.903767364016517,13.081845229225642,13.113802909851074,714956000
2022-09-14 00:00:00+00:00,13.236638968194978,13.27259206506138,12.89608602300602,13.110804557800293,588507000
2022-09-15 00:00:00+00:00,12.99795522520399,13.215669180142505,12.773249515880076,12.912067413330078,523625000
2022-09-16 00:00:00+00:00,12.725311500263086,13.194696210561576,12.600475212066435,13.18071460723877,670751000
2022-09-19 00:00:00+00:00,12.99496083422158,13.44537046183126,12.992963597995722,13.364476203918457,569685000
2022-09-20 00:00:00+00:00,13.197694249472493,13.465342935530723,13.039901168379119,13.158744812011719,524818000
2022-09-21 00:00:00+00:00,13.195698647971133,14.012627364900458,13.092832880405119,13.243635177612305,807679000
2022-09-22 00:00:00+00:00,13.052881193995141,13.131778195732636,12.411722811191895,12.544548034667969,759162000
2022-09-23 00:00:00+00:00,12.403733103156807,12.594482927543599,12.24094648413454,12.49960708618164,663309000
2022-09-26 00:00:00+00:00,12.47464261841831,12.642422835414386,12.198004936367159,12.211986541748047,547343000
2022-09-27 00:00:00+00:00,12.490621493735635,12.719321699428077,12.241947974198776,12.396744728088379,553854000
2022-09-28 00:00:00+00:00,12.39374888989408,12.80620817097851,12.337822465998016,12.719322204589844,542414000
2022-09-29 00:00:00+00:00,12.431697751600325,12.483629696855662,11.930355327743255,12.203996658325195,532763000
2022-09-30 00:00:00+00:00,12.071169294217576,12.616454666511402,12.059184927057526,12.123101234436035,565638000
2022-10-03 00:00:00+00:00,12.33082923699565,12.661396053420196,12.089145605693762,12.495613098144531,547478000
2022-10-04 00:00:00+00:00,12.862131621505267,13.202685557771737,12.862131621505267,13.149754524230957,584182000
2022-10-05 00:00:00+00:00,12.894090885519283,13.30355376155447,12.604470732780348,13.191699981689453,507131000
2022-10-06 00:00:00+00:00,13.202685736539443,13.638114568042825,13.085838394985783,13.11280345916748,644157000
2022-10-07 00:00:00+00:00,12.48862450071268,12.653408390945094,12.006257199525558,12.060186386108398,672478000
2022-10-10 00:00:00+00:00,12.02123547777354,12.108121431783047,11.3930595354897,11.654716491699219,698699000
2022-10-11 00:00:00+00:00,11.545858700912863,11.830485290733634,11.26822291287926,11.570826530456543,667482000
2022-10-12 00:00:00+00:00,11.563835628802222,11.719630502652882,11.330141889388276,11.484938621520996,492590000
2022-10-13 00:00:00+00:00,10.95663354254968,12.062184311753931,10.79884044614339,11.94433879852295,850103000
2022-10-14 00:00:00+00:00,12.041209377307327,12.095138555665246,11.18932684468692,11.212296485900879,713432000
2022-10-17 00:00:00+00:00,11.502915474188297,11.932352643403792,11.501917332402892,11.872430801391602,580774000
2022-10-18 00:00:00+00:00,12.327832454158484,12.475638376699207,11.602783491739201,11.951326370239258,659362000
2022-10-19 00:00:00+00:00,11.863443550233667,12.333827422065536,11.818502403849406,12.035218238830566,523131000
2022-10-20 00:00:00+00:00,12.09713671776913,12.752277756580911,12.089146821227374,12.178030967712402,652398000
2022-10-21 00:00:00+00:00,12.082154643546934,12.481631329078258,11.871431503871706,12.44967269897461,609494000
2022-10-24 00:00:00+00:00,12.491620026626292,12.69335515427323,12.048201240588062,12.582500457763672,517457000
2022-10-25 00:00:00+00:00,12.677378194720625,13.282584619897888,12.647416792216164,13.243635177612305,505482000
2022-10-26 00:00:00+00:00,12.852146223274735,13.370465602720852,12.691356829552692,12.879110336303711,532953000
2022-10-27 00:00:00+00:00,13.612150741855237,13.819878535178242,13.10481562757985,13.158744812011719,583113000
2022-10-28 00:00:00+00:00,13.086838241715473,13.83186152118797,13.043894336346346,13.815881729125977,521040000
2022-10-31 00:00:00+00:00,13.759955512484012,13.819877352516734,13.27958550774582,13.479323387145996,486341000
2022-11-01 00:00:00+00:00,13.792911480150275,13.906762493344775,13.501294098029572,13.525262832641602,432817000
2022-11-02 00:00:00+00:00,13.83186095275916,14.191389115723172,13.193697915853496,13.20168685913086,672628000
2022-11-03 00:00:00+00:00,13.025919033651268,13.762952460821824,12.93903307601992,13.403423309326172,500065000
2022-11-04 00:00:00+00:00,13.967681388758725,14.210363141147976,13.679059406520276,14.137458801269531,612576000
2022-11-07 00:00:00+00:00,14.209366081203711,14.393125122055553,13.935725708295829,14.282270431518555,410061000
2022-11-08 00:00:00+00:00,14.781615950345596,14.871498236897642,14.197382040182664,14.582877159118652,595292000
2022-11-09 00:00:00+00:00,14.143452570833958,14.192389137520287,13.740980477958338,13.75795841217041,454414000
2022-11-10 00:00:00+00:00,14.78061823441489,15.75234357507586,14.527949302036653,15.729373931884766,700819000
2022-11-11 00:00:00+00:00,15.786296065522002,16.367533537797133,15.461721942772888,16.305614471435547,655487000
2022-11-14 00:00:00+00:00,16.196759933471668,16.518338717650273,15.901147120330615,16.273658752441406,527852000
2022-11-15 00:00:00+00:00,16.70009908063956,16.975736669946382,16.360544231088024,16.64417266845703,545876000
2022-11-16 00:00:00+00:00,16.140833788396282,16.34057071172928,15.852211772174623,15.88916301727295,649547000
2022-11-17 00:00:00+00:00,15.694418730732606,16.244697698362444,15.514654166070915,15.656468391418457,710894000
2022-11-18 00:00:00+00:00,15.94508842788451,15.981042481409775,15.100196742798564,15.388818740844727,492072000
2022-11-21 00:00:00+00:00,15.127162421148238,15.456730146887825,15.060249781863105,15.296939849853516,404739000
2022-11-22 00:00:00+00:00,15.30792800033822,16.036972558111696,15.102197430405885,16.016998291015625,472866000
2022-11-23 00:00:00+00:00,16.076917762150764,16.505356800578657,16.026984003688426,16.497365951538086,427241000
2022-11-25 00:00:00+00:00,16.296632854209083,16.465410273649304,16.150824128322316,16.248695373535156,167934000
2022-11-28 00:00:00+00:00,16.00501033484104,16.335578114870664,15.704405855375358,15.80627155303955,303741000
2022-11-29 00:00:00+00:00,15.806272346937764,15.9111353323506,15.499675191959904,15.618518829345703,298384000
2022-11-30 00:00:00+00:00,15.680454279692341,16.91215540251176,15.58056025532418,16.905162811279297,565298000
2022-12-01 00:00:00+00:00,16.981079427481237,17.24679783970152,16.61746285278934,17.11693572998047,470977000
2022-12-02 00:00:00+00:00,16.641441188481675,16.91515254992387,16.427666051305167,16.858211517333984,371389000
2022-12-05 00:00:00+00:00,16.66141865731802,16.977085530136808,16.454636135070988,16.592491149902344,352255000
2022-12-06 00:00:00+00:00,16.512575914907618,16.55552985566231,15.802324959390125,15.970148086547852,352694000
2022-12-07 00:00:00+00:00,15.75537458146814,16.168938682471737,15.6504847696813,16.103008270263672,372388000
2022-12-08 00:00:00+00:00,16.255842795411304,17.160887664579754,15.94217278840802,17.150897979736328,515456000
2022-12-09 00:00:00+00:00,17.141910790847255,17.564465224613613,16.957106340396344,16.983078002929688,465338000
2022-12-12 00:00:00+00:00,17.019043348066607,17.519514736231685,16.779296541065285,17.516517639160156,457328000
2022-12-13 00:00:00+00:00,18.511469596335157,18.7701974035508,17.692334131047183,18.052953720092773,656589000
2022-12-14 00:00:00+00:00,17.968040523898743,18.23276249935812,17.401638727640112,17.655370712280273,496888000
2022-12-15 00:00:00+00:00,17.127923524585228,17.30173986952119,16.68239457922902,16.934127807617188,478542000
2022-12-16 00:00:00+00:00,16.846223968965074,17.023037438901543,16.392702058076296,16.553531646728516,478232000
2022-12-19 00:00:00+00:00,16.554527689533725,16.591487428402555,16.12797785448351,16.236862182617188,354039000
2022-12-20 00:00:00+00:00,16.047064984160826,16.292805947862565,15.83528952764598,16.068042755126953,403260000
2022-12-21 00:00:00+00:00,16.097013267551,16.609472961104036,16.0850248812042,16.483604431152344,325025000
2022-12-22 00:00:00+00:00,16.077033433532407,16.120987673315565,14.866311240758934,15.322829246520996,565045000
2022-12-23 00:00:00+00:00,15.17998128298212,15.322830189395079,14.867311505326436,15.189970970153809,349326000
2022-12-27 00:00:00+00:00,15.058107798213722,15.084080409205695,14.041180476349215,14.106112480163574,464902000
2022-12-28 00:00:00+00:00,13.912319639203043,14.246966554872388,13.86936474434743,14.021204948425293,351066000
2022-12-29 00:00:00+00:00,14.38681998720955,14.667522983450695,14.2120042555653,14.587607383728027,354923000
2022-12-30 00:00:00+00:00,14.31889101828184,14.613580152560912,14.217997644037638,14.598596572875977,310490000
2023-01-03 00:00:00+00:00,14.835345814456593,14.980193431350457,14.081141524221861,14.299910545349121,401277000
2023-01-04 00:00:00+00:00,14.5516444923479,14.837342302451898,14.225987933937839,14.733451843261719,431324000
2023-01-05 00:00:00+00:00,14.475724399761354,14.548647400640538,14.13308556373845,14.24996280670166,389168000
2023-01-06 00:00:00+00:00,14.45874173703761,14.994176946626181,14.019205996590792,14.84333610534668,405044000
2023-01-09 00:00:00+00:00,15.267888310654865,16.03907384357529,15.125038456294371,15.611525535583496,504231000
2023-01-10 00:00:00+00:00,15.490653372601406,15.94517366128145,15.455690420036634,15.892230033874512,384101000
2023-01-11 00:00:00+00:00,15.823302234215715,16.011103777484436,15.546593810156406,15.984131813049316,353285000
2023-01-12 00:00:00+00:00,16.083027207439695,16.619459833672344,15.475667427433098,16.493593215942383,551409000
2023-01-13 00:00:00+00:00,16.260841726815173,16.904163911762296,16.147961873227626,16.881187438964844,447287000
2023-01-17 00:00:00+00:00,16.88119065568685,17.709317461991862,16.88119065568685,17.6833438873291,511102000
2023-01-18 00:00:00+00:00,17.648375934651437,17.854158152300805,17.263781558432793,17.35868263244629,439624000
2023-01-19 00:00:00+00:00,17.01804012030735,17.178871599912767,16.71336324869982,16.747325897216797,452932000
2023-01-20 00:00:00+00:00,16.99306612778277,17.83717652058434,16.807263297293154,17.820194244384766,564967000
2023-01-23 00:00:00+00:00,18.044961594385768,19.224718604327315,17.79922246859913,19.172773361206055,655163000
2023-01-24 00:00:00+00:00,18.807155689842816,19.474452780290186,18.80016309844602,19.244693756103516,496204000
2023-01-25 00:00:00+00:00,18.893061849004603,19.349580807071824,18.560412717739826,19.302629470825195,449537000
2023-01-26 00:00:00+00:00,19.680230760238217,20.14474069411191,19.257676365647274,19.781124114990234,489535000
2023-01-27 00:00:00+00:00,19.441480911459067,20.60625195178664,19.38454179975137,20.343528747558594,542142000
2023-01-30 00:00:00+00:00,19.928967331974427,20.118765641748798,19.129809634592785,19.14179801940918,488611000
2023-01-31 00:00:00+00:00,19.14979141108904,19.66624659725309,18.93002401700691,19.51640510559082,498017000
2023-02-01 00:00:00+00:00,19.670242250628736,21.169659387182808,19.590326660737446,20.920923233032227,660477000
2023-02-02 00:00:00+00:00,20.977861172359162,21.925860113730366,20.6781782034606,21.686113357543945,564276000
2023-02-03 00:00:00+00:00,20.977863818383533,21.72207934933685,20.767085792265146,21.0777587890625,429366000
2023-02-06 00:00:00+00:00,20.784069803716758,21.547264471015012,20.764090426847382,21.0667724609375,452197000
2023-02-07 00:00:00+00:00,21.359459276744385,22.235535559887833,21.12770349826597,22.149625778198242,664150000
2023-02-08 00:00:00+00:00,22.363398373809797,22.853881881192613,21.98479821168747,22.181591033935547,559651000
2023-02-09 00:00:00+00:00,22.582174978590846,22.995738195263232,22.09668714435072,22.313457489013672,523876000
2023-02-10 00:00:00+00:00,21.6671373847091,22.054726981350132,20.789064216864638,21.242584228515625,550737000
2023-02-13 00:00:00+00:00,21.515297242953466,22.024759888693577,20.939904182007883,21.765033721923828,474919000
2023-02-14 00:00:00+00:00,21.555250107252977,23.02469994876541,21.343473718903144,22.9467830657959,675474000
2023-02-15 00:00:00+00:00,22.52523007264076,22.830907263123883,22.082698167631655,22.74000358581543,420575000
2023-02-16 00:00:00+00:00,22.109671806310875,22.526232116091098,21.903889549979603,21.978811264038086,412026000
2023-02-17 00:00:00+00:00,21.60819758522636,21.717081932888007,20.9528889890741,21.365453720092773,465888000
2023-02-21 00:00:00+00:00,20.97786395244178,21.471342710023446,20.59626664817325,20.633228302001953,410015000
2023-02-22 00:00:00+00:00,20.685172986353002,21.081753858938534,20.399473261638228,20.73212242126465,513184000
2023-02-23 00:00:00+00:00,23.415290457504543,23.86281813728652,23.00072702935598,23.639053344726562,1117995000
2023-02-24 00:00:00+00:00,23.200519010604086,23.449257089535415,22.922812171124363,23.26145362854004,589716000
2023-02-27 00:00:00+00:00,23.645049286961875,23.854827009250346,23.429277371082858,23.476226806640625,452994000
2023-02-28 00:00:00+00:00,23.347364022615437,23.799887550278743,23.18153863236945,23.1915283203125,455963000
2023-03-01 00:00:00+00:00,23.1675548821103,23.231488507829404,22.48427580835061,22.674076080322266,460026000
2023-03-02 00:00:00+00:00,22.464295399339527,23.355353400499368,22.40835276964801,23.2894229888916,389415000
2023-03-03 00:00:00+00:00,23.29541409039906,23.874802536880523,23.10561386843544,23.86481285095215,412393000
2023-03-06 00:00:00+00:00,23.865813694172704,24.22243577267556,23.462238375938345,23.5291690826416,437429000
2023-03-07 00:00:00+00:00,23.579126969767078,24.10366224367853,23.220443334628193,23.26740264892578,515154000
2023-03-08 00:00:00+00:00,23.466224373577802,24.17859494826269,23.403280373872484,24.159610748291016,513573000
2023-03-09 00:00:00+00:00,24.15361456298328,24.4323690005714,23.362315331755266,23.41526985168457,501257000
2023-03-10 00:00:00+00:00,23.388296345871805,23.60610394776299,22.705899859992172,22.94468879699707,474866000
2023-03-13 00:00:00+00:00,22.731874936608868,23.277391485551078,22.27727749488012,22.9456844329834,421890000
2023-03-14 00:00:00+00:00,23.475219568886814,24.197579694405405,23.439250204223796,24.041717529296875,474910000
2023-03-15 00:00:00+00:00,23.73998553895474,24.26452084975583,23.339341111840906,24.206573486328125,524486000
2023-03-16 00:00:00+00:00,24.005747106314715,25.565365225905747,23.872863426440126,25.518407821655273,583253000
2023-03-17 00:00:00+00:00,25.95902220904214,26.37565323674263,25.645298824126904,25.70224952697754,848547000
2023-03-20 00:00:00+00:00,25.592342695819287,26.000981321988803,25.107771080019624,25.877090454101562,432747000
2023-03-21 00:00:00+00:00,26.15684854280883,26.36866095810992,25.358555335995277,26.175830841064453,547408000
2023-03-22 00:00:00+00:00,26.401626474238157,27.564598386349715,26.21379303359335,26.444589614868164,797295000
2023-03-23 00:00:00+00:00,27.091015330476242,27.47467644266125,26.66639202441552,27.166948318481445,564889000
2023-03-24 00:00:00+00:00,27.007089867354004,27.142969248408896,26.3316872285577,26.755311965942383,454920000
2023-03-27 00:00:00+00:00,26.813266991321488,26.97612295141189,26.34168427554185,26.507537841796875,361026000
2023-03-28 00:00:00+00:00,26.423606568217767,26.48954817207098,25.82713452804624,26.386638641357422,356104000
2023-03-29 00:00:00+00:00,26.801270947352435,27.054045493100617,26.573471999419272,26.960128784179688,393694000
2023-03-30 00:00:00+00:00,27.204918683423134,27.47468035198424,27.07803019459777,27.358781814575195,364516000
2023-03-31 00:00:00+00:00,27.115994254760153,27.809380660660256,27.08102536446216,27.752431869506836,433933000
2023-04-03 00:00:00+00:00,27.48466960367856,27.97523454624746,27.311822283407086,27.940265655517578,398716000
2023-04-04 00:00:00+00:00,27.94126145071521,27.975231771386614,27.28284399228964,27.428714752197266,368592000
2023-04-05 00:00:00+00:00,26.80527136414144,26.97412061023067,26.371655203421952,26.85722541809082,515015000
2023-04-06 00:00:00+00:00,26.560485977879456,27.056047553520614,26.403625256641565,27.013086318969727,397654000
2023-04-10 00:00:00+00:00,26.7992792502264,27.596573880749386,26.645416109679182,27.554611206054688,395279000
2023-04-11 00:00:00+00:00,27.699477407319026,27.76541901115848,27.1020048950003,27.144968032836914,314378000
2023-04-12 00:00:00+00:00,27.345791283837347,27.44370417314176,26.42460593521108,26.47156524658203,446259000
2023-04-13 00:00:00+00:00,26.710354492654048,26.863219050562652,26.305713912619126,26.439594268798828,353615000
2023-04-14 00:00:00+00:00,26.48055798084649,26.859222480822282,26.196808771126577,26.734333038330078,395660000
2023-04-17 00:00:00+00:00,26.541505126599592,26.982115069024893,26.409621904454085,26.978118896484375,321471000
2023-04-18 00:00:00+00:00,27.508650082334086,28.08513943393583,27.332805146499545,27.64253044128418,604812000
2023-04-19 00:00:00+00:00,27.336798357649375,27.97523308017652,27.207912752047683,27.906293869018555,358660000
2023-04-20 00:00:00+00:00,27.646522604245416,28.005206202430383,26.97611662299647,27.08002471923828,427713000
2023-04-21 00:00:00+00:00,26.928158664013214,27.158955227215888,26.6983625730689,27.09501075744629,345103000
2023-04-24 00:00:00+00:00,26.989109891102213,27.341796428628392,26.64741139924113,27.018083572387695,339282000
2023-04-25 00:00:00+00:00,27.054050219721624,27.2229013742331,26.201805913337573,26.217790603637695,378527000
2023-04-26 00:00:00+00:00,26.978116353168147,27.305825338536614,26.6813781784844,26.93215560913086,406337000
2023-04-27 00:00:00+00:00,27.338799421481617,27.47068264242289,26.601451283130864,27.201919555664062,377161000
2023-04-28 00:00:00+00:00,27.20092196442208,27.73344960649909,27.047056930698307,27.724458694458008,292216000
2023-05-01 00:00:00+00:00,27.81537477855387,29.032297830068675,27.755428384065603,28.884428024291992,570329000
2023-05-02 00:00:00+00:00,28.654634590232256,28.810496754933304,28.058162478439368,28.185049057006836,402730000
2023-05-03 00:00:00+00:00,27.815377004737694,28.341911325325526,27.44770245263645,27.77741050720215,383387000
2023-05-04 00:00:00+00:00,27.62653870236366,27.834354886302556,27.215902978603246,27.53761863708496,321850000
2023-05-05 00:00:00+00:00,27.801385997568506,28.72956317440286,27.706470718340587,28.654630661010742,361494000
2023-05-08 00:00:00+00:00,28.49677215933893,29.194154745050692,28.32492531170623,29.125215530395508,344979000
2023-05-09 00:00:00+00:00,28.873437666396427,28.94737161540953,28.42483542221699,28.545726776123047,314869000
2023-05-10 00:00:00+00:00,28.979342170869927,29.087248344641875,28.43582465826317,28.85944938659668,369350000
2023-05-11 00:00:00+00:00,28.87044053584294,28.92439362497088,28.221015861335896,28.55272102355957,322149000
2023-05-12 00:00:00+00:00,28.503769625610616,28.754549009866494,28.021196966245277,28.314937591552734,274222000
2023-05-15 00:00:00+00:00,28.48278682439075,28.943379556146176,28.127102678492278,28.927392959594727,293926000
2023-05-16 00:00:00+00:00,28.81548790146732,29.8435789202714,28.806496990692356,29.187158584594727,449405000
2023-05-17 00:00:00+00:00,29.557833570142268,30.17228939441913,29.403970448812785,30.151308059692383,432535000
2023-05-18 00:00:00+00:00,30.383106094116936,31.799851322804358,30.293185535146684,31.64998435974121,748725000
2023-05-19 00:00:00+00:00,31.508105976511025,31.552067683944458,30.888655428377344,31.236347198486328,473908000
2023-05-22 00:00:00+00:00,30.87366776329227,31.49212165768894,30.652864468171376,31.148426055908203,372000000
2023-05-23 00:00:00+00:00,30.972578631206357,31.260323984561705,30.60390555229095,30.66085433959961,356253000
2023-05-24 00:00:00+00:00,30.183279227752074,30.579929358273947,29.77963722467679,30.510990142822266,721419000
2023-05-25 00:00:00+00:00,38.48892244912427,39.44507664562874,36.60259203294565,37.94640350341797,1543911000
2023-05-26 00:00:00+00:00,37.856486677468894,39.13535333136667,37.51678724611189,38.91155242919922,714397000
2023-05-30 00:00:00+00:00,40.559096455146374,41.90090712766281,39.91366790954096,40.075523376464844,923401000
2023-05-31 00:00:00+00:00,39.45307752910507,40.25936306137478,37.7885504996595,37.800540924072266,1002580000
2023-06-01 00:00:00+00:00,38.45495978773049,40.01458010495206,38.30609329724924,39.73482894897461,635873000
2023-06-02 00:00:00+00:00,40.061532803064914,40.46417621230153,39.02345037446548,39.292213439941406,482731000
2023-06-05 00:00:00+00:00,38.87458704490847,39.53000507242546,38.6727660406919,39.136356353759766,396094000
2023-06-06 00:00:00+00:00,38.79566268178252,39.12536886577813,38.114262787053896,38.619815826416016,388729000
2023-06-07 00:00:00+00:00,38.88459809447063,39.468141471393565,37.32681416120832,37.44572067260742,511998000
2023-06-08 00:00:00+00:00,37.694534053593046,38.833643027365426,37.47570715034152,38.47991943359375,417772000
2023-06-09 00:00:00+00:00,39.00650530356787,39.67997860030122,38.53687503234718,38.739715576171875,427717000
2023-06-12 00:00:00+00:00,39.16937922135142,39.49911945587758,38.58783312564601,39.45115661621094,388701000
2023-06-13 00:00:00+00:00,40.154617863223834,41.06890421553936,39.708967017457006,40.98996353149414,613208000
2023-06-14 00:00:00+00:00,40.79211040782438,42.966409248322705,40.52031971750945,42.96341323852539,740465000
2023-06-15 00:00:00+00:00,42.5687310811785,43.255194841743766,42.11408458461737,42.61968994140625,568622000
2023-06-16 00:00:00+00:00,43.416060581927226,43.6868488037051,42.62767543128522,42.658653259277344,655709000
2023-06-20 00:00:00+00:00,42.964412198119035,43.9556378533534,42.6406639871136,43.77377700805664,451153000
2023-06-21 00:00:00+00:00,43.467020523272616,43.58093370313804,42.04713285457767,43.011375427246094,551603000
2023-06-22 00:00:00+00:00,42.21999389255843,43.392077979853475,42.201011539171446,42.99139404296875,417737000
2023-06-23 00:00:00+00:00,42.43082724844622,42.77555513779792,41.982176702107104,42.176025390625,358140000
2023-06-26 00:00:00+00:00,42.4278236221225,42.73058828997181,40.0686682179348,40.60025405883789,594322000
2023-06-27 00:00:00+00:00,40.76713004512084,41.907237605323324,40.416406298926006,41.84328842163086,462175000
2023-06-28 00:00:00+00:00,40.628240868259915,41.812316652912195,40.486353490200045,41.08488464355469,582639000
2023-06-29 00:00:00+00:00,41.5255405787365,41.567507592478876,40.568288623316235,40.79011535644531,380514000
2023-06-30 00:00:00+00:00,41.64744701058792,42.516766447959405,41.46858596097829,42.268959045410156,501148000
2023-07-03 00:00:00+00:00,42.483786406248804,42.86448930889797,42.169033838728204,42.37986755371094,198209000
2023-07-05 00:00:00+00:00,42.102089932908285,43.143275924330226,42.05212974638505,42.28395080566406,323618000
2023-07-06 00:00:00+00:00,41.81131756799603,42.14605498586675,41.31370545626282,42.07011413574219,303582000
2023-07-07 00:00:00+00:00,42.288940665727566,43.18024602401447,42.14705329030634,42.46979904174805,355881000
2023-07-10 00:00:00+00:00,42.623685218893456,42.77756426984942,41.616469261927726,42.147056579589844,353908000
2023-07-11 00:00:00+00:00,42.44782043348418,42.72460451753315,42.03414612426581,42.37187957763672,298244000
2023-07-12 00:00:00+00:00,42.99938563817074,43.90068146612332,42.74358509464824,43.867706298828125,481277000
2023-07-13 00:00:00+00:00,44.48322958682048,46.118948189485444,44.457248919012514,45.94108963012695,478204000
2023-07-14 00:00:00+00:00,46.546619140200846,48.050444811535804,45.02480978329466,45.43349075317383,772075000
2023-07-17 00:00:00+00:00,46.25284659122238,46.459681830207685,45.2266483214971,46.42470932006836,510488000
2023-07-18 00:00:00+00:00,46.66451794958182,47.85858412490547,45.69827430374762,47.4568977355957,569164000
2023-07-19 00:00:00+00:00,47.42692856470666,47.78065216165784,46.70549236660369,47.04022979736328,427502000
2023-07-20 00:00:00+00:00,46.47067610405814,47.05022493000669,45.02680501298147,45.48444747924805,537865000
2023-07-21 00:00:00+00:00,45.7522321711593,45.83017417101583,44.06555098011311,44.27438735961914,963769000
2023-07-24 00:00:00+00:00,44.69606260557121,45.0737695401444,44.00560422049565,44.57715606689453,382516000
2023-07-25 00:00:00+00:00,44.90589946333249,46.14692613209552,44.88791196755602,45.6433219909668,348081000
2023-07-26 00:00:00+00:00,45.9850482020561,46.01702469777884,44.59513601307883,45.4164924621582,364237000
2023-07-27 00:00:00+00:00,46.4826670082,47.357982253239214,45.71426663486367,45.86415100097656,455976000
2023-07-28 00:00:00+00:00,46.63154903236518,46.99026979268205,46.344774445154044,46.71348571777344,331194000
2023-07-31 00:00:00+00:00,46.71747924909827,47.093184983951005,46.4696718790696,46.69249725341797,251055000
2023-08-01 00:00:00+00:00,46.42371224639774,46.86337103094522,45.9910517758365,46.47067642211914,237858000
2023-08-02 00:00:00+00:00,45.79520881072496,45.804200653759004,43.35311724859975,44.23442840576172,530142000
2023-08-03 00:00:00+00:00,43.76579051634056,45.08276192345427,43.76579051634056,44.48023223876953,324176000
2023-08-04 00:00:00+00:00,44.94986554244231,45.60635008188567,44.35832886320504,44.645103454589844,362666000
2023-08-07 00:00:00+00:00,45.07576998074253,45.50443580088547,44.52819761374418,45.38153076171875,322154000
2023-08-08 00:00:00+00:00,44.817971444919216,45.20666758358326,44.02159299987499,44.629119873046875,353843000
2023-08-09 00:00:00+00:00,44.23941737277786,44.27738970488,42.10108946258739,42.5207633972168,586449000
2023-08-10 00:00:00+00:00,42.12707396720268,43.53997113311342,41.80232702153618,42.354896545410156,492705000
2023-08-11 00:00:00+00:00,41.718385785784754,41.9851793236234,40.607254909066846,40.82308578491211,533085000
2023-08-14 00:00:00+00:00,40.45437254104037,43.76578283263548,40.27951001276461,43.71881866455078,690286000
2023-08-15 00:00:00+00:00,44.52520400479387,45.232651303193144,43.67586549160289,43.90568542480469,676512000
2023-08-16 00:00:00+00:00,44.48522285041412,44.640100549597996,43.372090845714155,43.452030181884766,527451000
2023-08-17 00:00:00+00:00,43.93565295261865,44.02758013920778,42.96740814260929,43.310142517089844,452395000
2023-08-18 00:00:00+00:00,42.60169211486707,43.543956241722725,41.627455303744846,43.265174865722656,583768000
2023-08-21 00:00:00+00:00,44.45924519865085,47.028236135596124,44.187458298338946,46.93031311035156,692573000
2023-08-22 00:00:00+00:00,48.09739207507064,48.14935340082815,45.2975830430365,45.632320404052734,755293000
2023-08-23 00:00:00+00:00,45.83018078207806,47.16313859123231,45.17269372042857,47.07920455932617,779046000
2023-08-24 00:00:00+00:00,50.17677640386691,50.22673658703904,47.12216498787686,47.12615966796875,1156044000
2023-08-25 00:00:00+00:00,46.975282602767756,47.76766250313572,44.98883254303396,45.982059478759766,925341000
2023-08-28 00:00:00+00:00,46.44569122659898,46.94330333520207,44.852938347469795,46.79841613769531,685192000
2023-08-29 00:00:00+00:00,46.62954971759292,49.04266428440614,46.35476299443785,48.74589538574219,701397000
2023-08-30 00:00:00+00:00,49.005691704274305,49.88800143615993,48.387175707748206,49.225521087646484,735206000
2023-08-31 00:00:00+00:00,49.34143402541549,49.70514814643913,48.9197627338808,49.31645202636719,528570000
2023-09-01 00:00:00+00:00,49.72313481683707,49.761103338104185,48.10439736069892,48.47111129760742,463830000
2023-09-05 00:00:00+00:00,48.185331532444785,48.81284315295678,47.82261611647607,48.51007843017578,382653000
2023-09-06 00:00:00+00:00,48.40715103407181,48.515073458793,46.547451450862816,47.028114318847656,468670000
2023-09-07 00:00:00+00:00,45.4931913383561,46.311619313403384,45.120450870903866,46.20869064331055,433330000
2023-09-08 00:00:00+00:00,45.909897697113266,46.57343135473317,45.239365149462806,45.54015350341797,473069000
2023-09-11 00:00:00+00:00,46.115746643442655,46.130735550235435,44.28103126100682,45.146427154541016,473966000
2023-09-12 00:00:00+00:00,44.706734397330045,45.64108235714804,44.49987832466093,44.83864212036133,349256000
2023-09-13 00:00:00+00:00,44.568836579722586,45.897909142211645,44.471904231366715,45.45322036743164,398355000
2023-09-14 00:00:00+00:00,45.917886332538636,45.954859222912646,45.09945848722069,45.54914474487305,370097000
2023-09-15 00:00:00+00:00,45.309314822834715,45.567133950218214,43.77738515441512,43.86932373046875,506831000
2023-09-18 00:00:00+00:00,42.71812866784668,44.211084137750255,41.97065027461465,43.93527603149414,500271000
2023-09-19 00:00:00+00:00,43.80237454169073,43.9352810366056,42.97195387152737,43.489593505859375,373064000
2023-09-20 00:00:00+00:00,43.56953710623469,43.872326816521394,42.193500252380844,42.20948791503906,367108000
2023-09-21 00:00:00+00:00,41.55394487986268,42.07058192849427,40.95136557382746,40.988338470458984,450736000
2023-09-22 00:00:00+00:00,41.54294952811981,42.08557317870962,41.202188203522006,41.58092498779297,479236000
2023-09-25 00:00:00+00:00,41.561937649909076,42.50627702068914,41.14822547100166,42.19249725341797,419091000
2023-09-26 00:00:00+00:00,41.97166260057773,42.79009078958364,41.62590360367414,41.8817253112793,402282000
2023-09-27 00:00:00+00:00,42.30042372625329,42.84204482057062,41.59991333679484,42.438323974609375,444935000
2023-09-28 00:00:00+00:00,42.430321689918024,43.41563258671688,42.085565419671916,43.05888366699219,424663000
2023-09-29 00:00:00+00:00,43.79637496273023,44.113154796580034,43.276737862234015,43.468605041503906,397830000
2023-10-02 00:00:00+00:00,43.99922478728352,45.14342496714759,43.83034418769884,44.750701904296875,433298000
2023-10-03 00:00:00+00:00,44.77668963515232,45.09846705093091,43.215780788420936,43.48659133911133,470850000
2023-10-04 00:00:00+00:00,43.71143633979229,44.11215712134903,43.26175000991843,44.01022720336914,361821000
2023-10-05 00:00:00+00:00,44.019214187437484,44.868622438501156,43.85732865408626,44.656768798828125,393483000
2023-10-06 00:00:00+00:00,44.16212229169967,45.757007806644154,43.99523916079719,45.73002624511719,434436000
2023-10-09 00:00:00+00:00,44.810664938003,45.573132266606365,44.33699712951298,45.241363525390625,409675000
2023-10-10 00:00:00+00:00,45.27833709467453,46.22667139823051,45.05649211437215,45.765995025634766,368582000
2023-10-11 00:00:00+00:00,46.16371818891468,46.8262569088581,46.017820302651025,46.773292541503906,378137000
2023-10-12 00:00:00+00:00,46.74431143305413,47.575730741552675,46.297625211200135,46.912193298339844,481325000
2023-10-13 00:00:00+00:00,46.92718276252737,47.08307579073531,45.24835646569822,45.429229736328125,474115000
2023-10-16 00:00:00+00:00,45.03151331618372,46.19270015345539,44.88061784699003,46.06279373168945,375099000
2023-10-17 00:00:00+00:00,43.96925981519668,44.722734656513275,42.450321291409665,43.90730285644531,812333000
2023-10-18 00:00:00+00:00,42.5612359572998,43.18879926057118,41.79577241593963,42.16651153564453,627294000
2023-10-19 00:00:00+00:00,42.78108575212414,43.26674621056965,41.85273405618411,42.07158279418945,501233000
2023-10-20 00:00:00+00:00,41.860724837875836,42.44032133844881,41.0492920242925,41.35807800292969,477266000
2023-10-23 00:00:00+00:00,41.20019083203981,43.217781037891605,40.91638888400306,42.944969177246094,478530000
2023-10-24 00:00:00+00:00,43.04689918780669,43.66646488934986,42.66117113532344,43.63248825073242,401463000
2023-10-25 00:00:00+00:00,43.36767758718175,43.61950423451798,41.52596674486631,41.74980926513672,398379000
2023-10-26 00:00:00+00:00,41.8237544285133,42.22647269652664,39.852133556535904,40.297821044921875,541001000
2023-10-27 00:00:00+00:00,41.1012595868594,41.177206691835266,39.987037067133414,40.47169876098633,416784000
2023-10-30 00:00:00+00:00,41.05829449956598,41.73681712722262,40.45271510334961,41.132240295410156,388028000
2023-10-31 00:00:00+00:00,40.421739350493176,40.850440472726774,39.20259051438913,40.75150680541992,517969000
2023-11-01 00:00:00+00:00,40.8554341335007,42.35138985981638,40.840445223590976,42.29542922973633,437593000
2023-11-02 00:00:00+00:00,43.297724168934685,43.85333542629518,42.864029312260996,43.47560119628906,409172000
2023-11-03 00:00:00+00:00,43.989240387189966,45.27733731815709,43.69244703893823,44.97355270385742,424610000
2023-11-06 00:00:00+00:00,45.25335828782106,45.90290564428218,44.86762640814462,45.719032287597656,400733000
2023-11-07 00:00:00+00:00,45.687054558944546,46.18570260804149,45.12644574728523,45.922889709472656,343165000
2023-11-08 00:00:00+00:00,46.06778272127609,46.834248828049994,45.93587499644732,46.54145431518555,346719000
2023-11-09 00:00:00+00:00,47.43383140399592,48.19629874432979,46.71733335440422,46.91719436645508,540496000
2023-11-10 00:00:00+00:00,47.466815645191716,48.43813671048467,47.24996819068083,48.301231384277344,421245000
2023-11-13 00:00:00+00:00,48.28623183718149,49.081676995363466,48.06538560948801,48.586021423339844,384136000
2023-11-14 00:00:00+00:00,49.645285046741414,49.799176764113575,49.00573287416369,49.621299743652344,416954000
2023-11-15 00:00:00+00:00,49.90010916476034,49.92508940872805,48.1663208904743,48.85383987426758,475497000
2023-11-16 00:00:00+00:00,48.64498792594149,49.490397480832705,48.296232754650504,49.44542694091797,339756000
2023-11-17 00:00:00+00:00,49.48939362933796,49.68225956451404,48.972756588136555,49.263553619384766,325205000
2023-11-20 00:00:00+00:00,49.27754565599921,50.512682115669016,49.14663666812377,50.373779296875,414120000
2023-11-21 00:00:00+00:00,50.09097543368955,50.48170107547834,49.18760774710226,49.90910339355469,565747000
2023-11-22 00:00:00+00:00,49.81716500278888,50.29982538193606,47.6566732297451,48.68195724487305,899420000
2023-11-24 00:00:00+00:00,48.43613388773008,48.8868189750065,47.711638178100976,47.742618560791016,294645000
2023-11-27 00:00:00+00:00,47.76660139816942,48.49609089003982,47.61870599505968,48.20829391479492,395662000
2023-11-28 00:00:00+00:00,48.202293315261734,48.289234319970646,47.439826002688484,47.78758239746094,401491000
2023-11-29 00:00:00+00:00,48.34519277962711,48.72792454719917,47.82655446752382,48.10635757446289,382005000
2023-11-30 00:00:00+00:00,47.9904493527191,48.0763916225083,46.38957111066741,46.737327575683594,526247000
2023-12-01 00:00:00+00:00,46.49249632095064,47.16702396235708,46.1547312180282,46.73232650756836,369317000
2023-12-04 00:00:00+00:00,46.044796441168046,46.044796441168046,44.978540825820026,45.47819137573242,437543000
2023-12-05 00:00:00+00:00,45.43822164958941,46.57152769132749,45.24334109197845,46.53755187988281,371718000
2023-12-06 00:00:00+00:00,47.18615263660435,47.35804843216662,45.38425283422849,45.475196838378906,380590000
2023-12-07 00:00:00+00:00,45.67208285394523,46.60051618631754,45.57614082890342,46.567535400390625,350823000
2023-12-08 00:00:00+00:00,46.566535548739374,47.71183534651791,46.52156105756746,47.47697830200195,359224000
2023-12-11 00:00:00+00:00,47.46199285274284,47.50196552269277,45.80200812005124,46.59851837158203,509728000
2023-12-12 00:00:00+00:00,46.017875514105,47.6368849146668,46.017875514105,47.627891540527344,372387000
2023-12-13 00:00:00+00:00,47.59990881517736,48.56431952524785,47.578921733918634,48.05862808227539,447792000
2023-12-14 00:00:00+00:00,48.360430116300336,48.64025779907837,47.393023118434655,48.32045364379883,391232000
2023-12-15 00:00:00+00:00,48.16456014183968,49.37382007835511,48.09060403450958,48.86013412475586,479948000
2023-12-18 00:00:00+00:00,49.369828783003264,50.40219497597293,49.119981479065736,50.04641342163086,412587000
2023-12-19 00:00:00+00:00,49.39380199579273,49.66963433728467,48.86512588284418,49.573692321777344,464444000
2023-12-20 00:00:00+00:00,49.624663268494515,49.9684548790202,48.0686152726536,48.081607818603516,397894000
2023-12-21 00:00:00+00:00,48.781180068606574,49.06500695718709,48.389417453965386,48.9600715637207,300425000
2023-12-22 00:00:00+00:00,49.16494962310715,49.35283451146827,48.43739367116176,48.800174713134766,252507000
2023-12-26 00:00:00+00:00,48.93807912022649,49.569692938536456,48.93008458769596,49.2488899230957,244200000
2023-12-27 00:00:00+00:00,49.48075464580007,49.64965012045702,49.05501239405432,49.386810302734375,233648000
2023-12-28 00:00:00+00:00,49.6126770927999,49.85352719386826,49.38181539341571,49.49174880981445,246587000
2023-12-29 00:00:00+00:00,49.7825714182401,49.96646094313931,48.72121986722186,49.49174880981445,389293000
2024-01-02 00:00:00+00:00,49.21391556134482,49.26488309320295,47.565924699352884,48.138572692871094,411254000
2024-01-03 00:00:00+00:00,47.45599156277329,48.15456203597886,47.2910914479061,47.539939880371094,320896000
2024-01-04 00:00:00+00:00,47.737819636783634,48.47037358886087,47.4789789763883,47.96868133544922,306535000
2024-01-05 00:00:00+00:00,48.43239854255895,49.51673484987403,48.27649179251623,49.06700897216797,415039000
2024-01-08 00:00:00+00:00,49.48175412771333,52.24306669740862,49.44877334196531,52.22107696533203,642510000
2024-01-09 00:00:00+00:00,52.36899311649789,54.29181767502081,51.65842506490768,53.107540130615234,773100000
2024-01-10 00:00:00+00:00,53.58325017590931,54.56664645309511,53.45632503855136,54.31679916381836,533796000
2024-01-11 00:00:00+00:00,54.965399369459846,55.312187494704844,53.527279337957886,54.78850555419922,596759000
2024-01-12 00:00:00+00:00,54.58662953889082,54.93641799826661,54.29680960809761,54.67657470703125,352994000
2024-01-16 00:00:00+00:00,54.984391900558016,56.800279452629056,54.86646395445467,56.347557067871094,449580000
2024-01-17 00:00:00+00:00,56.312579806380306,56.43650460830921,54.706563019184806,56.018760681152344,474394000
2024-01-18 00:00:00+00:00,57.225019450786334,57.5648119047759,56.07272391506558,57.072113037109375,491650000
2024-01-19 00:00:00+00:00,57.95357335479518,59.46365188180549,57.19004013784853,59.45465850830078,543501000
2024-01-22 00:00:00+00:00,60.01231668308295,60.29414590763177,59.03391464914335,59.617557525634766,452955000
2024-01-23 00:00:00+00:00,59.5336132708294,59.873405745227366,58.54921431651321,59.836429595947266,294654000
2024-01-24 00:00:00+00:00,60.2671639217423,62.81060746868792,59.90138636580081,61.32451629638672,560271000
2024-01-25 00:00:00+00:00,62.311911094050835,62.68068897905718,60.8128273903059,61.57936096191406,482777000
2024-01-26 00:00:00+00:00,60.92276141821586,61.74526054571479,60.53600059416135,60.993717193603516,390309000
2024-01-29 00:00:00+00:00,61.1945932389414,62.450825336358335,60.869794823781135,62.426841735839844,348733000
2024-01-30 00:00:00+00:00,62.861579220191196,63.45421549320403,62.22196696017239,62.735652923583984,410735000
2024-01-31 00:00:00+00:00,61.402469372359604,62.230965375095856,60.662923519798866,61.489418029785156,453795000
2024-02-01 00:00:00+00:00,62.06205926012063,63.15239614325578,61.612337231861346,62.988494873046875,369146000
2024-02-02 00:00:00+00:00,63.934921410632114,66.55931680667902,63.65109449153059,66.11959075927734,476578000
2024-02-05 00:00:00+00:00,68.18331639891433,69.45454244217241,67.16394292298222,69.28964233398438,680078000
2024-02-06 00:00:00+00:00,69.58745829595591,69.71138308978904,66.25949848302591,68.18132019042969,683111000
2024-02-07 00:00:00+00:00,68.2772638618389,70.17710350841662,67.5587013332111,70.0561752319336,495575000
2024-02-08 00:00:00+00:00,70.03119148834118,70.7507528828607,69.41257394689296,69.59845733642578,414422000
2024-02-09 00:00:00+00:00,70.48991468195457,72.14090604638328,70.16911160679686,72.08894348144531,436637000
2024-02-12 00:00:00+00:00,72.55564739281085,74.56542046599529,71.2064736279646,72.20386505126953,613710000
2024-02-13 00:00:00+00:00,70.35700477469595,73.40513741451034,69.57748237910234,72.08394622802734,602580000
2024-02-14 00:00:00+00:00,73.15729429339046,74.19065934700839,71.89406636072601,73.85486602783203,504917000
2024-02-15 00:00:00+00:00,73.82387565740021,73.92980608164119,72.35577132172895,72.61360931396484,420122000
2024-02-16 00:00:00+00:00,74.05471723562285,74.35653464053262,72.45669533307102,72.5686264038086,495327000
2024-02-20 00:00:00+00:00,71.90303947909813,71.91203666406658,67.69261615478561,69.4095687866211,704833000
2024-02-21 00:00:00+00:00,67.96444884340175,68.84591377259603,66.20752727493073,67.43077850341797,673755000
2024-02-22 00:00:00+00:00,74.97917375100998,78.52700071768926,74.17466516688725,78.49002838134766,865100000
2024-02-23 00:00:00+00:00,80.74064650613892,82.34366290568272,77.5226123761237,78.76885223388672,829388000
2024-02-26 00:00:00+00:00,79.6513162598183,80.59674521460998,78.45704646976243,79.04369354248047,503973000
2024-02-27 00:00:00+00:00,79.3325008302499,79.4314469973946,77.1148623296948,78.65291595458984,391705000
2024-02-28 00:00:00+00:00,77.57258943700786,78.88478331880187,77.07788905731108,77.61556243896484,393110000
2024-02-29 00:00:00+00:00,79.0456805510973,79.94112925032395,78.3021317921465,79.06366729736328,507289000
2024-03-01 00:00:00+00:00,79.95112232187887,82.24972013852617,79.38646508056598,82.22872924804688,479135000
2024-03-04 00:00:00+00:00,84.07861042508992,87.641435353428,83.66786597883684,85.1849365234375,615616000
2024-03-05 00:00:00+00:00,85.22191083370436,86.04844794548417,83.36995895717057,85.91551971435547,520639000
2024-03-06 00:00:00+00:00,87.97235204473671,89.67338783876231,86.98090721641023,88.64996337890625,582520000
2024-03-07 00:00:00+00:00,90.10714445366249,92.71467403344542,89.55145830366479,92.61672973632812,608119000
2024-03-08 00:00:00+00:00,95.08434657912662,97.34507194141518,86.45721088913098,87.4786376953125,1142269000
2024-03-11 00:00:00+00:00,86.38026112101332,88.7469219574668,84.11853680206842,85.72563171386719,678364000
2024-03-12 00:00:00+00:00,87.99934858682109,91.90813847414768,86.10141744907258,91.86116790771484,668075000
2024-03-13 00:00:00+00:00,91.00362892663239,91.45237310893827,88.38510433229271,90.83672332763672,635713000
2024-03-14 00:00:00+00:00,89.52647603225017,90.5948732884495,86.55115025815236,87.89439392089844,602318000
2024-03-15 00:00:00+00:00,86.88097416830968,89.49549613199862,86.20835719890029,87.78746032714844,642086000
2024-03-18 00:00:00+00:00,90.33702166642148,92.3528823706334,87.03588315502401,88.40511322021484,668976000
2024-03-19 00:00:00+00:00,86.65109602123033,90.49292967987033,84.9620544077868,89.34757995605469,672171000
2024-03-20 00:00:00+00:00,89.74634940187569,90.35901024319512,88.17323967680368,90.32102966308594,479063000
2024-03-21 00:00:00+00:00,92.2479404308415,92.59574371140432,90.3540050520513,91.3834228515625,480372000
2024-03-22 00:00:00+00:00,91.0895826139038,94.72453187599703,90.78275659770236,94.23580932617188,586719000
2024-03-25 00:00:00+00:00,93.88801151365493,96.71141493346599,93.45725487677139,94.94841003417969,552136000
2024-03-26 00:00:00+00:00,95.79693429152606,96.3206408094852,92.44982423178193,92.5087890625,513648000
2024-03-27 00:00:00+00:00,93.05948982143728,93.1874159899472,89.07274096879794,90.19910430908203,586067000
2024-03-28 00:00:00+00:00,89.9492288448454,91.24849853375163,89.14268488587938,90.3050308227539,435212000
2024-04-01 00:00:00+00:00,90.24806771473163,92.17297617207028,89.15368416261286,90.31202697753906,452441000
2024-04-02 00:00:00+00:00,88.39811114522563,90.04318648075638,87.57058285516493,89.40155029296875,433064000
2024-04-03 00:00:00+00:00,88.43410095294554,90.32303448482294,88.35014869042175,88.91382598876953,370067000
2024-04-04 00:00:00+00:00,90.35500517909665,90.58288102989088,85.83155707073556,85.8565444946289,434965000
2024-04-05 00:00:00+00:00,86.81700456921507,88.4310991932804,85.87753991776991,87.95836639404297,399678000
2024-04-08 00:00:00+00:00,88.64995673788222,88.77988827828314,86.68307229452097,87.08384704589844,283220000
2024-04-09 00:00:00+00:00,87.39267436773328,87.58556628736338,82.97516956737525,85.30584716796875,501700000
2024-04-10 00:00:00+00:00,83.87866326448999,87.35070274664696,83.66178279831279,86.98990631103516,431929000
2024-04-11 00:00:00+00:00,87.37069146521046,90.687819723934,86.87697442257391,90.56488800048828,431637000
2024-04-12 00:00:00+00:00,89.64841591771264,90.1241530507074,87.48064030544892,88.13626861572266,426805000
2024-04-15 00:00:00+00:00,89.0477450616577,90.56188993656951,85.8805337738884,85.9524917602539,443077000
2024-04-16 00:00:00+00:00,86.38424380509475,88.06829089560239,86.01545628049773,87.36569213867188,370453000
2024-04-17 00:00:00+00:00,88.29016660250515,88.72492641813315,83.90264346955806,83.98760223388672,495400000
2024-04-18 00:00:00+00:00,84.92207255324703,86.14138561304675,82.35552028108327,84.62323760986328,447260000
2024-04-19 00:00:00+00:00,83.10310538210794,84.27643922651326,75.56336143765269,76.15702056884766,875198000
2024-04-22 00:00:00+00:00,78.0599406532052,80.02783178093904,76.35690706369323,79.47314453125,596341000
2024-04-23 00:00:00+00:00,80.7234366574032,82.72230848851257,80.21872426508081,82.37650299072266,438559000
2024-04-24 00:00:00+00:00,83.90264988256477,84.03457921776213,79.13834013698539,79.63206481933594,512208000
2024-04-25 00:00:00+00:00,78.82351130528671,83.27600032547527,78.17887846781115,82.58539581298828,424641000
2024-04-26 00:00:00+00:00,83.7707330936579,88.28118855401848,83.3399763925944,87.6855239868164,551011000
2024-04-29 00:00:00+00:00,87.54559308685103,87.94236470516184,85.21790438488335,87.70750427246094,388971000
2024-04-30 00:00:00+00:00,87.19079630766022,88.76890816331654,86.25133163329888,86.353271484375,363709000
2024-05-01 00:00:00+00:00,85.02901046138126,85.95148630832341,81.20916027802339,82.99415588378906,559863000
2024-05-02 00:00:00+00:00,84.4013606664833,86.18835408667036,83.15306466582874,85.76859283447266,377898000
2024-05-03 00:00:00+00:00,87.73947860212795,89.23063371341577,86.9909005732954,88.7389144897461,398341000
2024-05-06 00:00:00+00:00,89.33957168600001,92.16797702421842,89.00476158502293,92.08802032470703,376203000
2024-05-06 13:30:00+00:00,89.36199951171875,91.68798828125,89.05500030517578,91.23839569091797,13365123
2024-05-06 14:30:00+00:00,91.23699951171875,91.77498626708984,88.78900146484375,91.71400451660156,5409258
2024-05-06 15:30:00+00:00,91.71562194824219,91.96284484863281,91.51500701904297,91.60399627685547,3855268
2024-05-06 16:30:00+00:00,91.62899017333984,91.99099731445312,91.44499969482422,91.71299743652344,3227923
2024-05-06 17:30:00+00:00,91.74498748779297,91.93299102783203,91.62001037597656,91.92150115966797,2461294
2024-05-06 18:30:00+00:00,91.92333984375,92.22000122070312,91.81800079345703,91.97999572753906,4023801
2024-05-06 19:30:00+00:00,91.96699523925781,92.16500091552734,91.67100524902344,92.16099548339844,3045041
2024-05-07 13:30:00+00:00,91.08599853515625,91.78099060058594,89.01200103759766,89.73600006103516,14514969
2024-05-07 14:30:00+00:00,89.73799896240234,90.83491516113281,89.69200134277344,90.427001953125,6142070
2024-05-07 15:30:00+00:00,90.43199920654297,91.53999328613281,90.31599426269531,91.3969955444336,4671059
2024-05-07 16:30:00+00:00,91.39399719238281,91.68231964111328,91.04100799560547,91.59700012207031,3687597
2024-05-07 17:30:00+00:00,91.62999725341797,91.72000122070312,89.9000015258789,90.1500015258789,5275592
2024-05-07 18:30:00+00:00,90.17198944091797,90.65900421142578,89.72100067138672,90.35399627685547,4487396
2024-05-07 19:30:00+00:00,90.3594970703125,90.7249984741211,90.12592315673828,90.53499603271484,2579940
2024-05-08 13:30:00+00:00,89.48799896240234,91.19400024414062,89.41999816894531,90.98300170898438,9952112
2024-05-08 14:30:00+00:00,91.0009994506836,91.11399841308594,89.53199768066406,89.9645004272461,5491736
2024-05-08 15:30:00+00:00,89.9645004272461,90.21798706054688,89.5405044555664,90.14586639404297,4181991
2024-05-08 16:30:00+00:00,90.14755249023438,90.52000427246094,89.9330062866211,89.95899963378906,2877581
2024-05-08 17:30:00+00:00,89.93400573730469,90.53499603271484,89.86100006103516,90.51454162597656,2632864
2024-05-08 18:30:00+00:00,90.51899719238281,90.5780029296875,90.06001281738281,90.36100006103516,2807993
2024-05-08 19:30:00+00:00,90.37498474121094,90.55000305175781,90.22200012207031,90.31700134277344,2157622
2024-05-09 13:30:00+00:00,90.53700256347656,91.0719985961914,88.23100280761719,88.36000061035156,12955958
2024-05-09 14:30:00+00:00,88.31700134277344,89.58200073242188,88.30999755859375,89.54090881347656,5855052
2024-05-09 15:30:00+00:00,89.55000305175781,89.6989974975586,88.68000793457031,89.11000061035156,4150344
2024-05-09 16:30:00+00:00,89.13764190673828,89.49564361572266,88.75199890136719,89.20726013183594,3867824
2024-05-09 17:30:00+00:00,89.23189544677734,89.23189544677734,88.71701049804688,89.00800323486328,2788887
2024-05-09 18:30:00+00:00,89.01799774169922,89.239990234375,88.50199890136719,88.67649841308594,3380138
2024-05-09 19:30:00+00:00,88.68400573730469,88.9260025024414,88.44999694824219,88.79000091552734,3158411
2024-05-10 13:30:00+00:00,90.31599426269531,91.4000015258789,89.46701049804688,89.5169906616211,13410490
2024-05-10 14:30:00+00:00,89.53099822998047,90.19499969482422,89.3600082397461,89.88990783691406,5357027
2024-05-10 15:30:00+00:00,89.89500427246094,90.04798889160156,89.23300170898438,89.77100372314453,3495866
2024-05-10 16:30:00+00:00,89.77723693847656,90.0198974609375,89.45800018310547,89.85900115966797,2596655
2024-05-10 17:30:00+00:00,89.8740005493164,90.12199401855469,89.65599822998047,89.93800354003906,2634074
2024-05-10 18:30:00+00:00,89.93266296386719,89.94950103759766,89.56900024414062,89.77999877929688,2339161
2024-05-10 19:30:00+00:00,89.78199768066406,89.98500061035156,89.56099700927734,89.88600158691406,2172975
2024-05-13 13:30:00+00:00,90.47000122070312,90.88700103759766,88.52899932861328,89.67050170898438,9149207
2024-05-13 14:30:00+00:00,89.6500015258789,90.34300231933594,89.19999694824219,89.97999572753906,4570468
2024-05-13 15:30:00+00:00,89.95700073242188,90.85499572753906,89.81999969482422,90.73100280761719,3898833
2024-05-13 16:30:00+00:00,90.74699401855469,90.99600219726562,89.87999725341797,90.2145004272461,3596173
2024-05-13 17:30:00+00:00,90.21299743652344,90.4000015258789,89.97200012207031,90.27799987792969,2144173
2024-05-13 18:30:00+00:00,90.28849792480469,90.375,90.09584045410156,90.29600524902344,1818728
2024-05-13 19:30:00+00:00,90.27400207519531,90.45999908447266,90.13371276855469,90.39900207519531,2201433
2024-05-14 13:30:00+00:00,89.5989990234375,90.82099151611328,88.94499969482422,90.69000244140625,9062354
2024-05-14 14:30:00+00:00,90.71049499511719,91.24600219726562,90.16799926757812,91.17949676513672,4874465
2024-05-14 15:30:00+00:00,91.19499206542969,91.19499969482422,90.5360107421875,90.67949676513672,3072277
2024-05-14 16:30:00+00:00,90.68220520019531,90.90699768066406,90.50900268554688,90.86299896240234,1851276
2024-05-14 17:30:00+00:00,90.86500549316406,91.54100036621094,90.61100006103516,91.34907531738281,3301272
2024-05-14 18:30:00+00:00,91.34950256347656,91.6510009765625,91.27708435058594,91.39000701904297,3595928
2024-05-14 19:30:00+00:00,91.37999725341797,91.59895324707031,91.27899932861328,91.375,2367470
2024-05-15 13:30:00+00:00,92.47200012207031,93.51899719238281,91.5989990234375,93.38521575927734,12993381
2024-05-15 14:30:00+00:00,93.39099884033203,94.47798919677734,93.3010025024414,94.05101013183594,7100580
2024-05-15 15:30:00+00:00,94.06956481933594,94.67500305175781,94.02999877929688,94.61399841308594,4674616
2024-05-15 16:30:00+00:00,94.61399841308594,94.68699645996094,94.05999755859375,94.54399871826172,3522868
2024-05-15 17:30:00+00:00,94.53700256347656,94.8499984741211,94.35600280761719,94.60200500488281,3552414
2024-05-15 18:30:00+00:00,94.60053253173828,94.76599884033203,94.35800170898438,94.59099578857422,3775007
2024-05-15 19:30:00+00:00,94.58549499511719,94.86100006103516,94.51901245117188,94.65599822998047,3406565
2024-05-16 13:30:00+00:00,94.90299987792969,95.81898498535156,94.4020004272461,95.23300170898438,11327307
2024-05-16 14:30:00+00:00,95.25700378417969,95.63200378417969,95.03700256347656,95.45298767089844,3925194
2024-05-16 15:30:00+00:00,95.44999694824219,95.54100036621094,94.67399597167969,94.95700073242188,3450020
2024-05-16 16:30:00+00:00,94.96800231933594,95.07498931884766,94.1030044555664,94.4469985961914,3132610
2024-05-16 17:30:00+00:00,94.44322204589844,94.72200012207031,94.26512145996094,94.44398498535156,2471718
2024-05-16 18:30:00+00:00,94.42495727539062,95.1719970703125,94.41400146484375,94.98100280761719,3015965
2024-05-16 19:30:00+00:00,94.98300170898438,95.00300598144531,94.28199768066406,94.37100219726562,3073840
2024-05-17 13:30:00+00:00,94.49400329589844,94.74000549316406,92.90309143066406,93.77899932861328,9991138
2024-05-17 14:30:00+00:00,93.77116394042969,94.11500549316406,93.41400909423828,93.66300201416016,4228577
2024-05-17 15:30:00+00:00,93.67150115966797,93.67900085449219,93.0999984741211,93.3740005493164,3099130
2024-05-17 16:30:00+00:00,93.35900115966797,93.45597839355469,93.04035949707031,93.19999694824219,2250788
2024-05-17 17:30:00+00:00,93.1989974975586,93.27400207519531,91.80999755859375,91.98149871826172,5263249
2024-05-17 18:30:00+00:00,91.95692443847656,92.822998046875,91.80799865722656,92.78199768066406,5069548
2024-05-17 19:30:00+00:00,92.77899932861328,92.81300354003906,92.30601501464844,92.49400329589844,2847044
2024-05-20 13:30:00+00:00,93.75,95.19999694824219,93.44000244140625,94.8215103149414,10082991
2024-05-20 14:30:00+00:00,94.8219985961914,94.93199920654297,94.20816040039062,94.57808685302734,4203112
2024-05-20 15:30:00+00:00,94.57550048828125,94.69300079345703,94.02899932861328,94.54341125488281,3505353
2024-05-20 16:30:00+00:00,94.52400207519531,95.16300201416016,94.47999572753906,94.71800231933594,3913351
2024-05-20 17:30:00+00:00,94.7125015258789,94.88200378417969,94.54920196533203,94.8604965209961,2524909
2024-05-20 18:30:00+00:00,94.87300109863281,95.19400024414062,94.80999755859375,95.10399627685547,3315956
2024-05-20 19:30:00+00:00,95.125,95.18000030517578,94.50599670410156,94.83399963378906,2552996
2024-05-21 13:30:00+00:00,93.5989990234375,94.3228988647461,93.18000030517578,94.05714416503906,10670317
2024-05-21 14:30:00+00:00,94.0780029296875,94.99600219726562,94.05000305175781,94.85900115966797,5294755
2024-05-21 15:30:00+00:00,94.87100219726562,95.28700256347656,94.59201049804688,95.1572494506836,3443525
2024-05-21 16:30:00+00:00,95.15599822998047,95.1967544555664,94.56800079345703,94.85600280761719,2697859
2024-05-21 17:30:00+00:00,94.86500549316406,95.04910278320312,94.77999877929688,94.79100799560547,2038795
2024-05-21 18:30:00+00:00,94.80899047851562,95.12399291992188,94.60277557373047,95.09349822998047,2813608
2024-05-21 19:30:00+00:00,95.08100128173828,95.4000015258789,95.01289367675781,95.35099792480469,3374158
2024-05-22 13:30:00+00:00,95.41099548339844,96.01799774169922,94.0719985961914,94.45449829101562,11782061
2024-05-22 14:30:00+00:00,94.44599914550781,95.03878021240234,94.32301330566406,95.02799987792969,3716495
2024-05-22 15:30:00+00:00,95.02799987792969,95.18000030517578,94.44000244140625,94.98167419433594,3631083
2024-05-22 16:30:00+00:00,94.97100067138672,95.11500549316406,94.74699401855469,94.89099884033203,3034884
2024-05-22 17:30:00+00:00,94.88200378417969,94.89344024658203,93.2490005493164,93.41300964355469,7369072
2024-05-22 18:30:00+00:00,93.41500091552734,94.22100067138672,93.30400085449219,94.21099853515625,5299540
2024-05-22 19:30:00+00:00,94.19400024414062,94.95999145507812,94.15999603271484,94.87000274658203,5370151
2024-05-23 13:30:00+00:00,102.0,104.26700592041016,101.52000427246094,104.2280044555664,28324817
2024-05-23 14:30:00+00:00,104.22249603271484,104.72700500488281,103.52000427246094,104.59449768066406,10495735
2024-05-23 15:30:00+00:00,104.5999984741211,105.19599914550781,104.41099548339844,105.15699768066406,7444822
2024-05-23 16:30:00+00:00,105.15879821777344,105.9739990234375,105.0,105.94998931884766,5960933
2024-05-23 17:30:00+00:00,105.93399810791016,106.31999206542969,103.67000579833984,104.00140380859375,10378322
2024-05-23 18:30:00+00:00,104.0,104.33299255371094,102.00300598144531,102.54447174072266,10620818
2024-05-23 19:30:00+00:00,102.56199645996094,104.19999694824219,102.56199645996094,103.82099914550781,6101258
2024-05-24 13:30:00+00:00,104.51800537109375,104.72798919677734,103.0,103.97283935546875,13346199
2024-05-24 14:30:00+00:00,104.0,104.99100494384766,103.875,104.68900299072266,5623090
2024-05-24 15:30:00+00:00,104.69876861572266,104.86600494384766,104.06219482421875,104.5685043334961,3444567
2024-05-24 16:30:00+00:00,104.58290100097656,104.99300384521484,104.510009765625,104.80400085449219,3967046
2024-05-24 17:30:00+00:00,104.8010025024414,105.78900146484375,104.7750015258789,105.53700256347656,4802601
2024-05-24 18:30:00+00:00,105.5479965209961,106.1709976196289,105.125,105.957763671875,4761643
2024-05-24 19:30:00+00:00,105.9489974975586,106.4749984741211,105.7699966430664,106.4380111694336,4048131
2024-05-28 13:30:00+00:00,110.2280044555664,112.1619873046875,109.88700103759766,111.4000015258789,18523713
2024-05-28 14:30:00+00:00,111.40776062011719,112.4000015258789,111.3219985961914,112.16400146484375,7092034
2024-05-28 15:30:00+00:00,112.16072845458984,113.2699966430664,111.9699935913086,112.58799743652344,6919380
2024-05-28 16:30:00+00:00,112.60530090332031,114.43800354003906,112.59000396728516,114.38349914550781,7528042
2024-05-28 17:30:00+00:00,114.3915023803711,114.93900299072266,113.156005859375,113.48799896240234,7442477
2024-05-28 18:30:00+00:00,113.47700500488281,114.28599548339844,112.4000015258789,113.87300109863281,7868887
2024-05-28 19:30:00+00:00,113.89898681640625,114.4389877319336,112.93119812011719,114.0,5435573
2024-05-29 13:30:00+00:00,113.05450439453125,113.9489974975586,110.90201568603516,113.65238189697266,19424028
2024-05-29 14:30:00+00:00,113.6780014038086,114.8499984741211,113.4020004272461,113.66751861572266,7910847
2024-05-29 15:30:00+00:00,113.6500015258789,114.33000183105469,113.302001953125,114.24300384521484,4629624
2024-05-29 16:30:00+00:00,114.23100280761719,114.94599914550781,114.1204833984375,114.59930419921875,4955865
2024-05-29 17:30:00+00:00,114.59748840332031,115.49200439453125,114.11100769042969,114.9209976196289,6205792
2024-05-29 18:30:00+00:00,114.90799713134766,115.34100341796875,114.656005859375,115.1709976196289,4781516
2024-05-29 19:30:00+00:00,115.14949798583984,115.3499984741211,114.22700500488281,114.7560043334961,4332985
2024-05-30 13:30:00+00:00,114.61700439453125,115.81915283203125,114.02099609375,114.25150299072266,12388074
2024-05-30 14:30:00+00:00,114.24200439453125,114.45799255371094,112.56600189208984,113.23500061035156,8774789
2024-05-30 15:30:00+00:00,113.23299407958984,114.25,113.15101623535156,113.8966064453125,4082517
2024-05-30 16:30:00+00:00,113.88199615478516,114.04200744628906,113.4020004272461,113.94000244140625,2739769
2024-05-30 17:30:00+00:00,113.90706634521484,114.18199157714844,113.25,113.56330871582031,3331178
2024-05-30 18:30:00+00:00,113.55350494384766,113.72099304199219,111.1360092163086,111.8800048828125,5874557
2024-05-30 19:30:00+00:00,111.90350341796875,112.093994140625,109.6719970703125,110.55400085449219,7381077
2024-05-31 13:30:00+00:00,112.51300048828125,112.71700286865234,109.0050048828125,109.50309753417969,14971421
2024-05-31 14:30:00+00:00,109.44999694824219,110.09898376464844,108.28700256347656,109.1270980834961,8808834
2024-05-31 15:30:00+00:00,109.17613220214844,109.29000091552734,106.94000244140625,107.2199935913086,6756449
2024-05-31 16:30:00+00:00,107.22532653808594,109.0199966430664,107.17399597167969,108.9260025024414,5171444
2024-05-31 17:30:00+00:00,108.92399597167969,109.05000305175781,107.9366455078125,108.21971130371094,4211154
2024-05-31 18:30:00+00:00,108.2170639038086,109.29899597167969,108.11399841308594,109.00199890136719,4447439
2024-05-31 19:30:00+00:00,109.0040054321289,110.375,108.95600891113281,109.7459945678711,5843684
2024-06-03 13:30:00+00:00,113.58935546875,114.38399505615234,113.0199966430664,114.125,13449425
2024-06-03 14:30:00+00:00,114.10001373291016,114.13499450683594,112.00300598144531,113.08599853515625,6430156
2024-06-03 15:30:00+00:00,113.0689926147461,114.15998840332031,112.71800231933594,113.19795227050781,5027979
2024-06-03 16:30:00+00:00,113.16600036621094,113.64998626708984,112.5040054321289,113.61500549316406,3816982
2024-06-03 17:30:00+00:00,113.60450744628906,114.09200286865234,113.3969955444336,113.60200500488281,3655323
2024-06-03 18:30:00+00:00,113.59700012207031,114.5999984741211,113.35099792480469,114.50300598144531,4079312
2024-06-03 19:30:00+00:00,114.51600646972656,115.0,114.10899353027344,115.0,4098723
2024-06-04 13:30:00+00:00,115.71700286865234,116.12300109863281,114.0999984741211,114.6199951171875,12767207
2024-06-04 14:30:00+00:00,114.60099792480469,115.2300033569336,114.2280044555664,114.34449768066406,4748219
2024-06-04 15:30:00+00:00,114.31999206542969,114.9000015258789,114.04499816894531,114.85160064697266,3357263
2024-06-04 16:30:00+00:00,114.86199951171875,115.5199966430664,114.677001953125,115.0689926147461,3941669
2024-06-04 17:30:00+00:00,115.08599853515625,115.9000015258789,114.72501373291016,115.88065338134766,3303767
2024-06-04 18:30:00+00:00,115.88499450683594,116.5999984741211,115.55000305175781,116.09066009521484,6138587
2024-06-04 19:30:00+00:00,116.08699798583984,116.52618408203125,115.53199768066406,116.4439926147461,3711841
2024-06-05 13:30:00+00:00,118.37199401855469,119.84898376464844,117.46800231933594,119.71820068359375,15143536
2024-06-05 14:30:00+00:00,119.7280044555664,119.99300384521484,119.53700256347656,119.81300354003906,5697791
2024-06-05 15:30:00+00:00,119.83000183105469,120.0,119.69999694824219,119.9000015258789,3993333
2024-06-05 16:30:00+00:00,119.89750671386719,121.22900390625,119.8219985961914,120.8685073852539,6793674
2024-06-05 17:30:00+00:00,120.87918853759766,121.5999984741211,120.85400390625,121.57259368896484,5304707
2024-06-05 18:30:00+00:00,121.55999755859375,122.35899353027344,121.4229965209961,121.82698822021484,6296734
2024-06-05 19:30:00+00:00,121.811279296875,122.44950103759766,121.6050033569336,122.43900299072266,4728006
2024-06-06 13:30:00+00:00,124.09100341796875,125.58699798583984,118.4000015258789,121.08900451660156,28192095
2024-06-06 14:30:00+00:00,121.1738052368164,122.38299560546875,120.0459976196289,120.46247863769531,8848457
2024-06-06 15:30:00+00:00,120.4020004272461,120.8699951171875,119.3375244140625,119.72700500488281,5825782
2024-06-06 16:30:00+00:00,119.67916107177734,120.35600280761719,118.31999206542969,119.77950286865234,7119419
2024-06-06 17:30:00+00:00,119.77950286865234,120.375,119.1777572631836,119.5999984741211,4158551
2024-06-06 18:30:00+00:00,119.5989990234375,120.4800033569336,119.4747543334961,120.1614990234375,4716411
2024-06-06 19:30:00+00:00,120.14399719238281,121.40199279785156,120.02703857421875,120.94100189208984,4673414
2024-06-07 13:30:00+00:00,119.8399658203125,119.84000396728516,118.02299499511719,118.83030700683594,11833822
2024-06-07 14:30:00+00:00,118.82365417480469,119.45100402832031,118.70601654052734,119.0060043334961,4379551
2024-06-07 15:30:00+00:00,119.02506256103516,120.79200744628906,119.0,120.78700256347656,4445828
2024-06-07 16:30:00+00:00,120.7800064086914,121.69171142578125,120.22100830078125,120.99749755859375,5194243
2024-06-07 17:30:00+00:00,120.97599792480469,121.47563171386719,119.4050064086914,120.22349548339844,4597849
2024-06-07 18:30:00+00:00,120.20100402832031,120.9939956665039,119.94999694824219,120.63999938964844,4110651
2024-06-07 19:30:00+00:00,120.63999938964844,121.26499938964844,120.5,120.86500549316406,4115987
2024-06-10 13:30:00+00:00,120.37999725341797,121.25,117.01000213623047,119.93000030517578,97470996
2024-06-10 14:30:00+00:00,119.91999816894531,122.47000122070312,119.55999755859375,122.30829620361328,52422800
2024-06-10 15:30:00+00:00,122.29499816894531,122.7300033569336,121.62000274658203,122.2300033569336,33786036
2024-06-10 16:30:00+00:00,122.2300033569336,123.0999984741211,121.88999938964844,122.08000183105469,29449166
2024-06-10 17:30:00+00:00,122.08940124511719,122.79000091552734,121.08000183105469,121.17500305175781,27349205
2024-06-10 18:30:00+00:00,121.16999816894531,122.47000122070312,120.52999877929688,122.38999938964844,33066431
2024-06-10 19:30:00+00:00,122.38999938964844,122.38999938964844,121.46050262451172,121.6500015258789,22007126
2024-06-11 13:30:00+00:00,121.79000091552734,122.87000274658203,120.66000366210938,121.02680206298828,65926569
2024-06-11 14:30:00+00:00,121.05500030517578,121.4000015258789,120.01000213623047,120.66999816894531,33197756
2024-06-11 15:30:00+00:00,120.67970275878906,120.77999877929688,118.73999786376953,120.6050033569336,40854838
2024-06-11 16:30:00+00:00,120.61000061035156,120.87000274658203,119.80999755859375,120.27999877929688,17406621
2024-06-11 17:30:00+00:00,120.28990173339844,120.97989654541016,120.04000091552734,120.93000030517578,15846329
2024-06-11 18:30:00+00:00,120.94000244140625,121.29000091552734,120.26000213623047,120.37000274658203,18277076
2024-06-11 19:30:00+00:00,120.36499786376953,120.98999786376953,120.30000305175781,120.91000366210938,14607752
2024-06-12 13:30:00+00:00,123.05000305175781,126.83999633789062,122.56999969482422,126.83999633789062,96498762
2024-06-12 14:30:00+00:00,126.83499908447266,126.87999725341797,124.7699966430664,125.54000091552734,47269209
2024-06-12 15:30:00+00:00,125.54000091552734,125.94999694824219,125.12999725341797,125.58000183105469,24754779
2024-06-12 16:30:00+00:00,125.56999969482422,126.29000091552734,125.4800033569336,125.87940216064453,22202179
2024-06-12 17:30:00+00:00,125.86009979248047,126.11000061035156,124.54000091552734,125.6500015258789,27222005
2024-06-12 18:30:00+00:00,125.63999938964844,126.16000366210938,124.16999816894531,124.44010162353516,29826604
2024-06-12 19:30:00+00:00,124.4800033569336,125.72949981689453,124.19000244140625,125.2699966430664,23271771
2024-06-13 13:30:00+00:00,129.39999389648438,129.73939514160156,127.4000015258789,128.25999450683594,91856336
2024-06-13 14:30:00+00:00,128.2899932861328,129.05999755859375,127.5999984741211,128.0050048828125,31939114
2024-06-13 15:30:00+00:00,128.0050048828125,129.0500030517578,127.72000122070312,127.81600189208984,24525940
2024-06-13 16:30:00+00:00,127.81500244140625,128.60000610351562,127.16000366210938,128.40879821777344,21278424
2024-06-13 17:30:00+00:00,128.40989685058594,128.99000549316406,128.0500030517578,128.83999633789062,17185929
2024-06-13 18:30:00+00:00,128.8300018310547,129.72000122070312,128.77999877929688,129.08999633789062,27268436
2024-06-13 19:30:00+00:00,129.08999633789062,129.8000030517578,128.89999389648438,129.3699951171875,19991914
2024-06-14 13:30:00+00:00,129.94000244140625,132.75,128.32000732421875,132.6396942138672,96646990
2024-06-14 14:30:00+00:00,132.63999938964844,132.8350067138672,130.42999267578125,130.68040466308594,45049456
2024-06-14 15:30:00+00:00,130.67140197753906,131.39999389648438,129.1999969482422,130.67030334472656,38365593
2024-06-14 16:30:00+00:00,130.6699981689453,132.19000244140625,130.4600067138672,132.0323944091797,28932111
2024-06-14 17:30:00+00:00,132.02999877929688,132.5800018310547,131.55999755859375,131.8175048828125,27131550
2024-06-14 18:30:00+00:00,131.81500244140625,132.10000610351562,131.39999389648438,131.82000732421875,28247358
2024-06-14 19:30:00+00:00,131.82000732421875,132.07000732421875,131.57000732421875,131.97999572753906,20092283
2024-06-17 13:30:00+00:00,132.90499877929688,133.72999572753906,129.58009338378906,130.25,104654313
2024-06-17 14:30:00+00:00,130.30650329589844,131.4600067138672,130.1699981689453,131.2100067138672,34285425
2024-06-17 15:30:00+00:00,131.22000122070312,132.0,130.4499969482422,131.97999572753906,28985968
2024-06-17 16:30:00+00:00,131.98500061035156,132.4600067138672,131.6199951171875,131.94000244140625,25974696
2024-06-17 17:30:00+00:00,131.94000244140625,132.52999877929688,131.8300018310547,132.0749969482422,21674725
2024-06-17 18:30:00+00:00,132.0800018310547,132.5800018310547,132.02000427246094,132.25,21273256
2024-06-17 19:30:00+00:00,132.24000549316406,132.42999267578125,130.9600067138672,131.08999633789062,24008812
2024-06-18 13:30:00+00:00,131.0399932861328,133.7198944091797,130.6999969482422,133.05999755859375,78263233
2024-06-18 14:30:00+00:00,133.07000732421875,133.5800018310547,132.6999969482422,133.47000122070312,31207876
2024-06-18 15:30:00+00:00,133.46180725097656,134.8000030517578,133.32000732421875,134.44569396972656,35425830
2024-06-18 16:30:00+00:00,134.44000244140625,135.72999572753906,134.25,135.6199951171875,34389569
2024-06-18 17:30:00+00:00,135.639892578125,136.3300018310547,135.07000732421875,135.875,38022838
2024-06-18 18:30:00+00:00,135.86500549316406,136.22000122070312,135.33999633789062,135.72000122070312,28647978
2024-06-18 19:30:00+00:00,135.71009826660156,136.0,135.02000427246094,135.67999267578125,23745246
2024-06-20 13:30:00+00:00,139.85000610351562,140.75999450683594,136.1300048828125,138.15159606933594,146856803
2024-06-20 14:30:00+00:00,138.16000366210938,139.52999877929688,137.85000610351562,138.98899841308594,45306162
2024-06-20 15:30:00+00:00,138.98599243164062,139.0,134.07000732421875,134.14500427246094,58924575
2024-06-20 16:30:00+00:00,134.13999938964844,134.57000732421875,130.5500030517578,131.24000549316406,76306044
2024-06-20 17:30:00+00:00,131.2436065673828,133.3000030517578,129.52999877929688,133.1103057861328,63217513
2024-06-20 18:30:00+00:00,133.11000061035156,133.2899932861328,129.8300018310547,131.29840087890625,44957208
2024-06-20 19:30:00+00:00,131.29989624023438,132.50999450683594,130.60000610351562,130.72000122070312,35806912
2024-06-21 13:30:00+00:00,127.0,128.77999877929688,124.30000305175781,125.68000030517578,167898676
2024-06-21 14:30:00+00:00,125.64009857177734,128.88999938964844,125.12999725341797,128.2899932861328,57256665
2024-06-21 15:30:00+00:00,128.30990600585938,130.6300048828125,127.58999633789062,129.08999633789062,50080293
2024-06-21 16:30:00+00:00,129.0959930419922,129.69000244140625,126.44999694824219,126.8499984741211,40958655
2024-06-21 17:30:00+00:00,126.83999633789062,127.10990142822266,126.0199966430664,126.66500091552734,43201862
2024-06-21 18:30:00+00:00,126.66000366210938,127.19000244140625,126.1500015258789,126.73500061035156,32091365
2024-06-21 19:30:00+00:00,126.73500061035156,127.06999969482422,125.0999984741211,127.05999755859375,40322778
2024-06-24 13:30:00+00:00,122.94000244140625,124.45999908447266,120.73999786376953,120.88999938964844,118175409
2024-06-24 14:30:00+00:00,120.8499984741211,121.88999938964844,118.29000091552734,119.81999969482422,101678036
2024-06-24 15:30:00+00:00,119.82499694824219,121.1500015258789,119.37999725341797,120.76000213623047,44960252
2024-06-24 16:30:00+00:00,120.75,121.31999969482422,119.0,119.31500244140625,40844824
2024-06-24 17:30:00+00:00,119.31500244140625,119.92919921875,118.51000213623047,118.66999816894531,36757889
2024-06-24 18:30:00+00:00,118.66999816894531,120.68000030517578,118.35009765625,120.37999725341797,41572729
2024-06-24 19:30:00+00:00,120.37000274658203,120.9000015258789,118.04000091552734,118.06999969482422,40907632
2024-06-25 13:30:00+00:00,121.19999694824219,122.62000274658203,119.31999969482422,121.9999008178711,127924813
2024-06-25 14:30:00+00:00,121.98400115966797,124.3499984741211,121.41999816894531,124.11000061035156,59868901
2024-06-25 15:30:00+00:00,124.09500122070312,125.58999633789062,123.91000366210938,124.56999969482422,51742634
2024-06-25 16:30:00+00:00,124.56999969482422,125.30999755859375,123.04010009765625,124.37000274658203,40123900
2024-06-25 17:30:00+00:00,124.36000061035156,125.16999816894531,123.94999694824219,125.12920379638672,28842240
2024-06-25 18:30:00+00:00,125.12000274658203,126.36000061035156,124.62000274658203,126.31999969482422,34177398
2024-06-25 19:30:00+00:00,126.31999969482422,126.5,125.56999969482422,126.25,32599183
2024-06-26 13:30:00+00:00,126.1500015258789,128.1199951171875,124.37999725341797,125.13990020751953,106119299
2024-06-26 14:30:00+00:00,125.11000061035156,125.86000061035156,122.5999984741211,123.410400390625,66126499
2024-06-26 15:30:00+00:00,123.41999816894531,124.98999786376953,122.91000366210938,124.45010375976562,36856476
2024-06-26 16:30:00+00:00,124.45999908447266,124.87999725341797,123.12000274658203,123.87000274658203,31378839
2024-06-26 17:30:00+00:00,123.87000274658203,124.18000030517578,123.2699966430664,123.59590148925781,22246109
2024-06-26 18:30:00+00:00,123.59989929199219,124.44989776611328,122.86000061035156,124.39399719238281,27273395
2024-06-26 19:30:00+00:00,124.38999938964844,126.4800033569336,124.22000122070312,126.44999694824219,37210223
2024-06-27 13:30:00+00:00,124.0,126.40499877929688,123.75,124.55500030517578,72053266
2024-06-27 14:30:00+00:00,124.55999755859375,124.95999908447266,123.33000183105469,123.54000091552734,35910486
2024-06-27 15:30:00+00:00,123.52999877929688,124.18000030517578,122.94000244140625,124.16000366210938,30796076
2024-06-27 16:30:00+00:00,124.1500015258789,124.80000305175781,124.02999877929688,124.61000061035156,25678151
2024-06-27 17:30:00+00:00,124.61000061035156,125.08000183105469,124.19000244140625,124.52999877929688,16594108
2024-06-27 18:30:00+00:00,124.5250015258789,125.0,123.87000274658203,124.30999755859375,20853277
2024-06-27 19:30:00+00:00,124.30690002441406,124.37999725341797,122.91999816894531,124.08999633789062,23652931
2024-06-28 13:30:00+00:00,124.57499694824219,127.70999908447266,123.41999816894531,126.80599975585938,78660336
2024-06-28 14:30:00+00:00,126.80999755859375,127.19999694824219,125.11000061035156,125.95999908447266,45426717
2024-06-28 15:30:00+00:00,125.95500183105469,126.48999786376953,124.2699966430664,124.70500183105469,31025455
2024-06-28 16:30:00+00:00,124.70500183105469,124.83999633789062,122.88999938964844,124.08499908447266,34866391
2024-06-28 17:30:00+00:00,124.08999633789062,124.58999633789062,123.77010345458984,123.96399688720703,20565057
2024-06-28 18:30:00+00:00,123.97000122070312,124.41999816894531,123.86000061035156,123.87449645996094,19840275
2024-06-28 19:30:00+00:00,123.87989807128906,124.69000244140625,122.75,123.44000244140625,31712827
2024-07-01 13:30:00+00:00,123.45500183105469,123.77999877929688,118.83000183105469,121.86229705810547,103223013
2024-07-01 14:30:00+00:00,121.87999725341797,124.25,121.31999969482422,124.09989929199219,42716633
2024-07-01 15:30:00+00:00,124.09500122070312,124.83999633789062,122.81999969482422,124.30999755859375,34102624
2024-07-01 16:30:00+00:00,124.31999969482422,124.41000366210938,122.8499984741211,123.70999908447266,23718918
2024-07-01 17:30:00+00:00,123.69999694824219,124.5,123.13999938964844,124.0198974609375,22398563
2024-07-01 18:30:00+00:00,124.01000213623047,124.70999908447266,123.80000305175781,124.29109954833984,19875552
2024-07-01 19:30:00+00:00,124.29000091552734,124.52999877929688,123.54399871826172,124.18000030517578,18142724
2024-07-02 13:30:00+00:00,121.08999633789062,123.41000366210938,121.02999877929688,121.5198974609375,70582013
2024-07-02 14:30:00+00:00,121.51000213623047,122.25,121.19000244140625,121.73049926757812,32799393
2024-07-02 15:30:00+00:00,121.73999786376953,122.63999938964844,121.55999755859375,122.59500122070312,21961386
2024-07-02 16:30:00+00:00,122.5999984741211,123.36000061035156,122.45999908447266,122.9999008178711,20690800
2024-07-02 17:30:00+00:00,123.0,123.05999755859375,122.31999969482422,122.72000122070312,16128516
2024-07-02 18:30:00+00:00,122.72000122070312,122.88999938964844,122.12999725341797,122.3196029663086,17250237
2024-07-02 19:30:00+00:00,122.30999755859375,122.70999908447266,121.77999877929688,122.66000366210938,18584269
2024-07-03 13:30:00+00:00,122.04499816894531,122.76000213623047,121.36000061035156,121.79000091552734,54930564
2024-07-03 14:30:00+00:00,121.80000305175781,126.12999725341797,121.58999633789062,126.03990173339844,60513686
2024-07-03 15:30:00+00:00,126.04000091552734,128.00999450683594,125.6500015258789,127.99500274658203,47482022
2024-07-05 13:30:00+00:00,127.66999816894531,128.84519958496094,125.68000030517578,127.1156997680664,68987172
2024-07-05 14:30:00+00:00,127.11959838867188,127.52999877929688,126.20999908447266,126.95500183105469,27962444
2024-07-05 15:30:00+00:00,126.95999908447266,128.4696044921875,126.75,128.0800018310547,24476857
2024-07-05 16:30:00+00:00,128.05999755859375,128.1699981689453,126.87049865722656,127.44010162353516,18096949
2024-07-05 17:30:00+00:00,127.44989776611328,127.7300033569336,126.91000366210938,126.93499755859375,15432455
2024-07-05 18:30:00+00:00,126.93499755859375,127.23999786376953,126.69000244140625,127.02999877929688,15743317
2024-07-05 19:30:00+00:00,127.0199966430664,127.125,125.79000091552734,125.80000305175781,18266267
2024-07-08 13:30:00+00:00,127.52999877929688,130.77000427246094,127.04000091552734,128.960693359375,87597406
2024-07-08 14:30:00+00:00,128.9600067138672,129.32000732421875,127.13999938964844,128.7100067138672,38371522
2024-07-08 15:30:00+00:00,128.70010375976562,129.19000244140625,128.06199645996094,128.36729431152344,22899126
2024-07-08 16:30:00+00:00,128.3612060546875,128.75999450683594,127.6500015258789,128.75999450683594,15714135
2024-07-08 17:30:00+00:00,128.7595977783203,129.1999969482422,128.52999877929688,129.02960205078125,17193114
2024-07-08 18:30:00+00:00,129.02000427246094,129.02499389648438,127.69499969482422,127.83000183105469,17209747
2024-07-08 19:30:00+00:00,127.83989715576172,128.38999938964844,127.68000030517578,128.19000244140625,16886074
2024-07-09 13:30:00+00:00,130.30999755859375,133.82000732421875,130.26100158691406,131.96600341796875,98871596
2024-07-09 14:30:00+00:00,131.96499633789062,133.2100067138672,131.36000061035156,131.57000732421875,39801800
2024-07-09 15:30:00+00:00,131.57699584960938,131.75999450683594,130.8800048828125,131.14500427246094,25260665
2024-07-09 16:30:00+00:00,131.13999938964844,131.27999877929688,128.66000366210938,129.81500244140625,40099885
2024-07-09 17:30:00+00:00,129.8000030517578,130.44000244140625,129.7899932861328,130.1649932861328,17349387
2024-07-09 18:30:00+00:00,130.1699981689453,131.3800048828125,130.02000427246094,130.75010681152344,24140750
2024-07-09 19:30:00+00:00,130.75,131.58999633789062,130.61000061035156,131.4499969482422,17918459
2024-07-10 13:30:00+00:00,133.4571075439453,134.389892578125,132.4199981689453,134.1168975830078,74908906
2024-07-10 14:30:00+00:00,134.1199951171875,134.77999877929688,133.27999877929688,134.13499450683594,36272180
2024-07-10 15:30:00+00:00,134.13499450683594,134.8300018310547,133.94000244140625,134.72999572753906,22686043
2024-07-10 16:30:00+00:00,134.7299041748047,135.08999633789062,134.10000610351562,134.63999938964844,25202781
2024-07-10 17:30:00+00:00,134.64999389648438,134.91000366210938,134.30999755859375,134.4250030517578,14820038
2024-07-10 18:30:00+00:00,134.4199981689453,134.6999969482422,133.8300018310547,134.6820068359375,19804980
2024-07-10 19:30:00+00:00,134.67999267578125,135.08999633789062,134.22000122070312,134.84500122070312,20238999
2024-07-11 13:30:00+00:00,135.9799041748047,136.14999389648438,130.26010131835938,131.82000732421875,101644252
2024-07-11 14:30:00+00:00,131.82000732421875,132.5,128.1300048828125,128.13999938964844,63998380
2024-07-11 15:30:00+00:00,128.13009643554688,130.33999633789062,127.5999984741211,129.95440673828125,55276495
2024-07-11 16:30:00+00:00,129.94439697265625,129.99000549316406,128.00999450683594,128.92999267578125,28150211
2024-07-11 17:30:00+00:00,128.9199981689453,128.9499969482422,127.05000305175781,128.1999969482422,28603554
2024-07-11 18:30:00+00:00,128.19000244140625,129.72999572753906,128.0800018310547,128.16600036621094,34630925
2024-07-11 19:30:00+00:00,128.16000366210938,129.19000244140625,127.16000366210938,127.45999908447266,29730261
2024-07-12 13:30:00+00:00,128.75,130.3300018310547,127.22000122070312,129.02000427246094,74832139
2024-07-12 14:30:00+00:00,129.02999877929688,131.0500030517578,128.6999969482422,130.6300048828125,37619263
2024-07-12 15:30:00+00:00,130.625,130.75999450683594,129.33999633789062,129.97540283203125,22538848
2024-07-12 16:30:00+00:00,129.96009826660156,130.9499969482422,129.8603057861328,130.9398956298828,16417316
2024-07-12 17:30:00+00:00,130.92999267578125,131.49000549316406,130.77499389648438,131.44009399414062,23158310
2024-07-12 18:30:00+00:00,131.46400451660156,131.9199981689453,130.67999267578125,131.0458984375,24267008
2024-07-12 19:30:00+00:00,131.0500030517578,131.0500030517578,128.83999633789062,129.1699981689453,31584753
2024-07-15 13:30:00+00:00,130.910400390625,131.38999938964844,128.0500030517578,129.19000244140625,59254878
2024-07-15 14:30:00+00:00,129.22999572753906,130.69000244140625,129.14999389648438,129.9803924560547,25346415
2024-07-15 15:30:00+00:00,129.72000122070312,129.9600067138672,127.26000213623047,128.34500122070312,33784588
2024-07-15 16:30:00+00:00,128.33999633789062,128.88499450683594,127.80000305175781,128.11000061035156,18844928
2024-07-15 17:30:00+00:00,128.10000610351562,128.25,127.37999725341797,127.90460205078125,20400803
2024-07-15 18:30:00+00:00,127.9000015258789,128.5,127.63999938964844,128.1699981689453,17233191
2024-07-15 19:30:00+00:00,128.16000366210938,128.5,127.18000030517578,128.44000244140625,16064452
2024-07-16 13:30:00+00:00,128.41000366210938,129.0399932861328,124.58000183105469,125.86000061035156,67705595
2024-07-16 14:30:00+00:00,125.86799621582031,126.94999694824219,125.6500015258789,126.45999908447266,28994426
2024-07-16 15:30:00+00:00,126.44999694824219,126.94999694824219,125.26000213623047,125.4800033569336,20771347
2024-07-16 16:30:00+00:00,125.48500061035156,126.33999633789062,125.18000030517578,125.98999786376953,20501787
2024-07-16 17:30:00+00:00,126.0,126.30000305175781,125.28500366210938,125.77999877929688,19849550
2024-07-16 18:30:00+00:00,125.77999877929688,126.56999969482422,125.59020233154297,125.96990203857422,17548359
2024-07-16 19:30:00+00:00,125.96499633789062,126.6500015258789,125.5199966430664,126.31500244140625,16818520
2024-07-17 13:30:00+00:00,121.33999633789062,121.8499984741211,118.12000274658203,119.01000213623047,118536934
2024-07-17 14:30:00+00:00,119.01000213623047,120.33999633789062,118.9800033569336,119.77999877929688,47616254
2024-07-17 15:30:00+00:00,119.79000091552734,120.0,117.44999694824219,117.83000183105469,47811674
2024-07-17 16:30:00+00:00,117.83999633789062,118.4800033569336,116.7300033569336,118.23570251464844,47435831
2024-07-17 17:30:00+00:00,118.23500061035156,119.0199966430664,117.83999633789062,118.4542007446289,30229069
2024-07-17 18:30:00+00:00,118.44999694824219,118.94999694824219,117.58999633789062,118.92790222167969,32007643
2024-07-17 19:30:00+00:00,118.91999816894531,119.0999984741211,117.80000305175781,117.8499984741211,30255002
2024-07-18 13:30:00+00:00,122.08999633789062,122.4000015258789,118.83399963378906,119.9800033569336,87415469
2024-07-18 14:30:00+00:00,119.9800033569336,119.98999786376953,116.55999755859375,116.8499984741211,59381800
2024-07-18 15:30:00+00:00,116.8550033569336,119.58999633789062,116.61009979248047,119.52030181884766,42273236
2024-07-18 16:30:00+00:00,119.52999877929688,121.37999725341797,119.26000213623047,120.44000244140625,34901585
2024-07-18 17:30:00+00:00,120.44999694824219,120.94000244140625,119.5,120.31500244140625,24825653
2024-07-18 18:30:00+00:00,120.30999755859375,120.55999755859375,118.94999694824219,119.83999633789062,26924135
2024-07-18 19:30:00+00:00,119.83999633789062,121.45999908447266,119.63999938964844,121.11000061035156,24196877
2024-07-19 13:30:00+00:00,120.33999633789062,121.5999984741211,119.01000213623047,119.19999694824219,54354646
2024-07-19 14:30:00+00:00,119.19499969482422,120.2699966430664,118.58999633789062,119.30500030517578,31053648
2024-07-19 15:30:00+00:00,119.30500030517578,119.9800033569336,118.75,119.17729949951172,19430625
2024-07-19 16:30:00+00:00,119.16999816894531,119.30999755859375,117.37000274658203,118.01499938964844,25397386
2024-07-19 17:30:00+00:00,118.0,118.5,117.63999938964844,117.98999786376953,21368087
2024-07-19 18:30:00+00:00,117.9800033569336,118.8499984741211,117.70020294189453,118.7750015258789,20177064
2024-07-19 19:30:00+00:00,118.7699966430664,118.79499816894531,117.75,117.98999786376953,21873094
2024-07-22 13:30:00+00:00,120.3499984741211,123.27999877929688,119.86000061035156,122.85199737548828,75041434
2024-07-22 14:30:00+00:00,122.86000061035156,123.16999816894531,120.6500015258789,120.80480194091797,34574339
2024-07-22 15:30:00+00:00,120.80000305175781,121.91999816894531,120.3499984741211,121.7699966430664,24045869
2024-07-22 16:30:00+00:00,121.7750015258789,122.94999694824219,121.54000091552734,122.80000305175781,20145140
2024-07-22 17:30:00+00:00,122.80999755859375,124.06999969482422,122.5999984741211,123.51499938964844,27192892
2024-07-22 18:30:00+00:00,123.51750183105469,123.75,122.61000061035156,122.83999633789062,25875275
2024-07-22 19:30:00+00:00,122.86499786376953,123.75,122.70999908447266,123.73999786376953,20012085
2024-07-23 13:30:00+00:00,122.77999877929688,124.69000244140625,122.69999694824219,123.70500183105469,48641719
2024-07-23 14:30:00+00:00,123.70999908447266,124.43000030517578,122.9000015258789,124.0199966430664,28169071
2024-07-23 15:30:00+00:00,124.02999877929688,124.13999938964844,123.11000061035156,123.22090148925781,18814566
2024-07-23 16:30:00+00:00,123.23999786376953,123.52999877929688,122.43000030517578,122.8499984741211,16864842
2024-07-23 17:30:00+00:00,122.87000274658203,123.0999984741211,122.0999984741211,122.29499816894531,13664206
2024-07-23 18:30:00+00:00,122.30000305175781,123.05000305175781,122.20999908447266,122.90499877929688,13701470
2024-07-23 19:30:00+00:00,122.9000015258789,122.98999786376953,122.23999786376953,122.43000030517578,12363261
2024-07-24 13:30:00+00:00,119.13999938964844,119.94000244140625,117.38999938964844,118.5199966430664,63484089
2024-07-24 14:30:00+00:00,118.5199966430664,118.88999938964844,117.55000305175781,117.99500274658203,28765995
2024-07-24 15:30:00+00:00,117.98999786376953,118.12000274658203,115.55000305175781,115.91999816894531,44012042
2024-07-24 16:30:00+00:00,115.91999816894531,117.26000213623047,115.67900085449219,116.84010314941406,28457659
2024-07-24 17:30:00+00:00,116.84989929199219,117.33000183105469,115.79000091552734,115.87999725341797,30564696
2024-07-24 18:30:00+00:00,115.875,116.09989929199219,113.87999725341797,114.01000213623047,46626863
2024-07-24 19:30:00+00:00,114.0,115.73999786376953,113.51000213623047,114.42369842529297,41195868
2024-07-25 13:30:00+00:00,113.08000183105469,113.91000366210938,106.30000305175781,111.36000061035156,163680513
2024-07-25 14:30:00+00:00,111.36000061035156,115.66000366210938,110.58999633789062,114.63500213623047,89477205
2024-07-25 15:30:00+00:00,114.63200378417969,116.25,112.93000030517578,116.04000091552734,47594475
2024-07-25 16:30:00+00:00,116.05000305175781,116.62999725341797,114.37000274658203,114.80999755859375,35712222
2024-07-25 17:30:00+00:00,114.81999969482422,115.81999969482422,114.0999984741211,114.80500030517578,28498920
2024-07-25 18:30:00+00:00,114.80000305175781,115.25,113.55000305175781,114.75,34405238
2024-07-25 19:30:00+00:00,114.76000213623047,115.0199966430664,112.08000183105469,112.33999633789062,32874816
2024-07-26 13:30:00+00:00,115.58499908447266,115.93000030517578,113.0999984741211,113.80000305175781,81172349
2024-07-26 14:30:00+00:00,113.81999969482422,113.93000030517578,112.01000213623047,112.6050033569336,42142091
2024-07-26 15:30:00+00:00,112.61000061035156,114.12999725341797,112.5999984741211,113.79000091552734,28688049
2024-07-26 16:30:00+00:00,113.79499816894531,114.54000091552734,113.74500274658203,114.2699966430664,30674884
2024-07-26 17:30:00+00:00,114.26499938964844,114.44000244140625,112.66999816894531,113.09639739990234,29045758
2024-07-26 18:30:00+00:00,113.08999633789062,113.44000244140625,111.58000183105469,112.875,32996270
2024-07-26 19:30:00+00:00,112.87000274658203,113.16000366210938,112.08999633789062,113.05999755859375,22079736
2024-07-29 13:30:00+00:00,113.62000274658203,116.27999877929688,113.31999969482422,114.93000030517578,69794891
2024-07-29 14:30:00+00:00,114.94000244140625,115.0,111.75,112.53459930419922,40052015
2024-07-29 15:30:00+00:00,112.5250015258789,113.52999877929688,111.43000030517578,112.9520034790039,31038965
2024-07-29 16:30:00+00:00,112.9520034790039,113.70999908447266,112.11000061035156,112.11000061035156,21225100
2024-07-29 17:30:00+00:00,112.12999725341797,112.8499984741211,111.75,112.00499725341797,22137199
2024-07-29 18:30:00+00:00,112.0,112.29000091552734,111.30000305175781,112.0,23617972
2024-07-29 19:30:00+00:00,111.98999786376953,112.19000244140625,111.37999725341797,111.55000305175781,16308431
2024-07-30 13:30:00+00:00,111.51000213623047,111.98999786376953,107.30999755859375,107.49349975585938,87709693
2024-07-30 14:30:00+00:00,107.49500274658203,107.88999938964844,104.2699966430664,106.05999755859375,88707559
2024-07-30 15:30:00+00:00,106.05999755859375,106.11000061035156,103.91000366210938,104.58999633789062,63047127
2024-07-30 16:30:00+00:00,104.58999633789062,105.3499984741211,102.54000091552734,105.33999633789062,60621384
2024-07-30 17:30:00+00:00,105.33000183105469,106.29000091552734,104.76000213623047,105.92919921875,42720603
2024-07-30 18:30:00+00:00,105.93000030517578,106.4800033569336,104.27999877929688,104.47000122070312,41919527
2024-07-30 19:30:00+00:00,104.47000122070312,104.70999908447266,103.41000366210938,103.70760345458984,42864912
2024-07-31 13:30:00+00:00,112.29900360107422,115.7699966430664,110.87999725341797,114.10169982910156,143006186
2024-07-31 14:30:00+00:00,114.12999725341797,115.88999938964844,114.05000305175781,115.73999786376953,54324447
2024-07-31 15:30:00+00:00,115.7300033569336,116.47000122070312,115.41000366210938,115.42060089111328,41236682
2024-07-31 16:30:00+00:00,115.43000030517578,116.02999877929688,114.73999786376953,115.5199966430664,31361626
2024-07-31 17:30:00+00:00,115.52999877929688,116.43000030517578,114.25,116.23999786376953,37471590
2024-07-31 18:30:00+00:00,116.23999786376953,118.33999633789062,115.91999816894531,116.07499694824219,64526635
2024-07-31 19:30:00+00:00,116.125,117.58999633789062,116.01010131835938,117.16999816894531,35006763
2024-08-01 13:30:00+00:00,117.5999984741211,120.16000366210938,116.30000305175781,116.39080047607422,112132353
2024-08-01 14:30:00+00:00,116.41000366210938,116.76000213623047,113.05999755859375,114.2300033569336,70536021
2024-08-01 15:30:00+00:00,114.2300033569336,114.34500122070312,111.66999816894531,112.01000213623047,55098465
2024-08-01 16:30:00+00:00,112.00499725341797,112.16000366210938,108.43000030517578,109.01010131835938,64696302
2024-08-01 17:30:00+00:00,109.0199966430664,109.97000122070312,107.0,107.58740234375,67144853
2024-08-01 18:30:00+00:00,107.57499694824219,108.6500015258789,106.8104019165039,108.35990142822266,60761865
2024-08-01 19:30:00+00:00,108.3499984741211,109.48999786376953,107.69999694824219,109.33000183105469,43726685
2024-08-02 13:30:00+00:00,103.2833023071289,107.5,101.37000274658203,103.91999816894531,156234641
2024-08-02 14:30:00+00:00,103.91500091552734,106.27999877929688,102.41000366210938,105.93389892578125,66201323
2024-08-02 15:30:00+00:00,105.97000122070312,108.72000122070312,105.7300033569336,107.23079681396484,71037703
2024-08-02 16:30:00+00:00,107.20999908447266,107.36000061035156,104.75650024414062,104.83499908447266,41520288
2024-08-02 17:30:00+00:00,104.82450103759766,106.37000274658203,104.55999755859375,106.06999969482422,36381667
2024-08-02 18:30:00+00:00,106.08999633789062,106.44999694824219,105.18000030517578,106.04000091552734,35049214
2024-08-02 19:30:00+00:00,106.04000091552734,107.37999725341797,105.62000274658203,107.30879974365234,32770218
2024-08-05 13:30:00+00:00,92.0,102.36000061035156,90.69000244140625,98.91500091552734,219717072
2024-08-05 14:30:00+00:00,98.9000015258789,102.20890045166016,98.5999984741211,100.62999725341797,69152526
2024-08-05 15:30:00+00:00,100.625,103.4000015258789,100.2699966430664,103.19000244140625,54584350
2024-08-05 16:30:00+00:00,103.16000366210938,103.18499755859375,100.04000091552734,100.79000091552734,46683520
2024-08-05 17:30:00+00:00,100.80999755859375,102.0999984741211,100.01000213623047,100.5250015258789,35946881
2024-08-05 18:30:00+00:00,100.52999877929688,101.08000183105469,98.55999755859375,99.98999786376953,49136746
2024-08-05 19:30:00+00:00,99.98500061035156,100.76000213623047,98.80999755859375,100.5999984741211,40986446
2024-08-06 13:30:00+00:00,103.83999633789062,104.8499984741211,100.55000305175781,103.63999938964844,112195260
2024-08-06 14:30:00+00:00,103.66999816894531,106.3550033569336,103.19999694824219,103.8949966430664,59079314
2024-08-06 15:30:00+00:00,103.9000015258789,106.04000091552734,103.875,105.4800033569336,36703353
2024-08-06 16:30:00+00:00,105.48999786376953,107.43000030517578,105.38999938964844,106.94999694824219,42109332
2024-08-06 17:30:00+00:00,106.94999694824219,107.55000305175781,106.19999694824219,107.1449966430664,31089587
2024-08-06 18:30:00+00:00,107.15499877929688,107.70999908447266,105.3499984741211,106.28399658203125,39578841
2024-08-06 19:30:00+00:00,106.27999877929688,106.69999694824219,104.0,104.01000213623047,35121723
2024-08-07 13:30:00+00:00,107.8499984741211,108.80000305175781,104.29000091552734,104.7300033569336,104921272
2024-08-07 14:30:00+00:00,104.7300033569336,106.2300033569336,104.44999694824219,104.9000015258789,43503035
2024-08-07 15:30:00+00:00,104.90499877929688,105.13999938964844,102.75599670410156,103.80079650878906,42109919
2024-08-07 16:30:00+00:00,103.80999755859375,103.94000244140625,101.56999969482422,102.25,37899748
2024-08-07 17:30:00+00:00,102.25,102.80000305175781,99.41000366210938,100.41000366210938,51727967
2024-08-07 18:30:00+00:00,100.4000015258789,101.38999938964844,99.26000213623047,100.375,51064882
2024-08-07 19:30:00+00:00,100.36000061035156,100.58000183105469,98.69000244140625,98.75,37695630
2024-08-08 13:30:00+00:00,101.55000305175781,102.16999816894531,97.5199966430664,102.04000091552734,115266613
2024-08-08 14:30:00+00:00,102.04000091552734,103.0,101.51000213623047,102.73419952392578,58817609
2024-08-08 15:30:00+00:00,102.75,104.1449966430664,102.5199966430664,103.76000213623047,42794431
2024-08-08 16:30:00+00:00,103.77999877929688,104.6050033569336,102.77999877929688,104.58999633789062,37590838
2024-08-08 17:30:00+00:00,104.58000183105469,105.5,104.45999908447266,104.82469940185547,36015368
2024-08-08 18:30:00+00:00,104.83499908447266,105.33999633789062,104.0199966430664,104.20500183105469,34403070
2024-08-08 19:30:00+00:00,104.2300033569336,105.25,103.6603012084961,105.22000122070312,31984281
2024-08-09 13:30:00+00:00,105.56999969482422,106.5999984741211,103.44000244140625,104.19010162353516,97584505
2024-08-09 14:30:00+00:00,104.19000244140625,105.68000030517578,103.87000274658203,104.41000366210938,41596572
2024-08-09 15:30:00+00:00,104.41999816894531,104.79000091552734,103.72000122070312,104.21009826660156,31396088
2024-08-09 16:30:00+00:00,104.20999908447266,105.62999725341797,104.05010223388672,105.625,29275091
2024-08-09 17:30:00+00:00,105.62550354003906,105.82990264892578,104.62999725341797,105.1531982421875,29262613
2024-08-09 18:30:00+00:00,105.1500015258789,105.31999969482422,104.30000305175781,104.74009704589844,25841030
2024-08-09 19:30:00+00:00,104.74500274658203,105.04000091552734,104.20999908447266,104.70999908447266,20572931
2024-08-12 13:30:00+00:00,107.55000305175781,111.06999969482422,106.58000183105469,110.05999755859375,102807482
2024-08-12 14:30:00+00:00,110.05999755859375,110.68250274658203,108.5999984741211,109.2300033569336,53335163
2024-08-12 15:30:00+00:00,109.22000122070312,109.8499984741211,108.16999816894531,109.83499908447266,39307878
2024-08-12 16:30:00+00:00,109.83499908447266,110.37999725341797,109.0,109.78990173339844,31852587
2024-08-12 17:30:00+00:00,109.78500366210938,110.16999816894531,109.05999755859375,109.8584976196289,24741071
2024-08-12 18:30:00+00:00,109.8499984741211,110.11000061035156,109.04000091552734,109.3302001953125,26293122
2024-08-12 19:30:00+00:00,109.31500244140625,109.69000244140625,108.68000030517578,109.12159729003906,23392058
2024-08-13 13:30:00+00:00,112.43000030517578,114.62000274658203,111.58000183105469,113.82579803466797,96042652
2024-08-13 14:30:00+00:00,113.81999969482422,115.0,113.30999755859375,114.66999816894531,39974137
2024-08-13 15:30:00+00:00,114.66000366210938,114.91000366210938,113.8499984741211,114.51499938964844,29325937
2024-08-13 16:30:00+00:00,114.5199966430664,115.7300033569336,114.33000183105469,115.31999969482422,29217929
2024-08-13 17:30:00+00:00,115.33000183105469,115.56999969482422,114.43009948730469,115.47000122070312,27138655
2024-08-13 18:30:00+00:00,115.4800033569336,116.18000030517578,115.14009857177734,115.66999816894531,31015798
2024-08-13 19:30:00+00:00,115.66999816894531,116.2300033569336,115.37999725341797,116.16999816894531,25299640
2024-08-14 13:30:00+00:00,118.48999786376953,118.5999984741211,114.06999969482422,115.78009796142578,122788831
2024-08-14 14:30:00+00:00,115.79000091552734,117.36000061035156,114.68000030517578,117.18370056152344,50832315
2024-08-14 15:30:00+00:00,117.189697265625,118.46800231933594,116.55000305175781,117.1104965209961,45641634
2024-08-14 16:30:00+00:00,117.12000274658203,117.58999633789062,116.22000122070312,117.11990356445312,30744647
2024-08-14 17:30:00+00:00,117.08999633789062,117.47000122070312,116.51000213623047,117.36969757080078,20995569
2024-08-14 18:30:00+00:00,117.3499984741211,117.68000030517578,116.75,117.11000061035156,21308145
2024-08-14 19:30:00+00:00,117.12000274658203,118.23999786376953,116.82499694824219,117.97000122070312,23950233
2024-08-15 13:30:00+00:00,118.91999816894531,121.05999755859375,117.47000122070312,120.87999725341797,98148596
2024-08-15 14:30:00+00:00,120.88999938964844,122.48999786376953,120.66999816894531,122.01920318603516,51715874
2024-08-15 15:30:00+00:00,122.01010131835938,122.48999786376953,121.69000244140625,122.45500183105469,29671304
2024-08-15 16:30:00+00:00,122.44999694824219,122.4800033569336,121.83999633789062,122.04010009765625,24981794
2024-08-15 17:30:00+00:00,122.05000305175781,123.20999908447266,122.04499816894531,122.9301986694336,28762902
2024-08-15 18:30:00+00:00,122.93990325927734,122.9800033569336,122.0999984741211,122.3550033569336,25787258
2024-08-15 19:30:00+00:00,122.3499984741211,122.97000122070312,122.11000061035156,122.91000366210938,24826433
2024-08-16 13:30:00+00:00,121.35359954833984,125.0,121.18000030517578,124.56999969482422,99498826
2024-08-16 14:30:00+00:00,124.56999969482422,125.0,122.33000183105469,123.08999633789062,56374052
2024-08-16 15:30:00+00:00,123.08000183105469,124.08999633789062,122.91999816894531,123.98500061035156,31267985
2024-08-16 16:30:00+00:00,123.98999786376953,124.66999816894531,123.79000091552734,124.57499694824219,26750261
2024-08-16 17:30:00+00:00,124.56999969482422,124.75499725341797,124.02999877929688,124.625,22699616
2024-08-16 18:30:00+00:00,124.62979888916016,124.69999694824219,123.94000244140625,124.3499984741211,21378972
2024-08-16 19:30:00+00:00,124.35990142822266,124.58000183105469,123.8499984741211,124.58000183105469,20179270
2024-08-19 13:30:00+00:00,123.86000061035156,125.63990020751953,123.41999816894531,124.95349884033203,84933999
2024-08-19 14:30:00+00:00,124.95500183105469,126.56999969482422,124.83000183105469,126.38999938964844,38992239
2024-08-19 15:30:00+00:00,126.37999725341797,127.65989685058594,126.30999755859375,127.04499816894531,37095647
2024-08-19 16:30:00+00:00,127.05000305175781,128.07000732421875,126.44999694824219,127.92009735107422,30152231
2024-08-19 17:30:00+00:00,127.92500305175781,129.2899932861328,127.91999816894531,129.2205047607422,36078372
2024-08-19 18:30:00+00:00,129.22000122070312,129.2899932861328,128.5800018310547,129.0749969482422,30868847
2024-08-19 19:30:00+00:00,129.0800018310547,130.0,128.75999450683594,129.99000549316406,28861712
2024-08-20 13:30:00+00:00,128.39999389648438,129.8800048828125,126.66999816894531,127.3102035522461,99170806
2024-08-20 14:30:00+00:00,127.31880187988281,127.87000274658203,125.88999938964844,127.27989959716797,52939434
2024-08-20 15:30:00+00:00,127.2593002319336,128.39999389648438,127.20999908447266,127.41000366210938,33310018
2024-08-20 16:30:00+00:00,127.41999816894531,127.62000274658203,126.54000091552734,127.44000244140625,24478747
2024-08-20 17:30:00+00:00,127.45999908447266,128.29989624023438,127.20999908447266,127.94999694824219,21742292
2024-08-20 18:30:00+00:00,127.96009826660156,128.55999755859375,127.56999969482422,127.62010192871094,23727927
2024-08-20 19:30:00+00:00,127.63999938964844,127.8499984741211,127.12000274658203,127.2699966430664,18986615
2024-08-21 13:30:00+00:00,127.31500244140625,128.8800048828125,126.83000183105469,128.0435028076172,71460495
2024-08-21 14:30:00+00:00,128.0449981689453,129.33999633789062,127.19999694824219,128.2299041748047,47216731
2024-08-21 15:30:00+00:00,128.22999572753906,128.24000549316406,126.66000366210938,127.67469787597656,26783326
2024-08-21 16:30:00+00:00,127.66000366210938,128.11000061035156,127.43000030517578,127.77040100097656,16794654
2024-08-21 17:30:00+00:00,127.80000305175781,129.14999389648438,127.7699966430664,129.1060028076172,24352335
2024-08-21 18:30:00+00:00,129.09500122070312,129.35000610351562,127.66000366210938,128.21600341796875,30157959
2024-08-21 19:30:00+00:00,128.22000122070312,128.61500549316406,127.75,128.4499969482422,20809110
2024-08-22 13:30:00+00:00,130.02999877929688,130.75,128.22999572753906,129.14930725097656,85725568
2024-08-22 14:30:00+00:00,129.14990234375,129.14990234375,127.79000091552734,127.86499786376953,38000789
2024-08-22 15:30:00+00:00,127.83999633789062,127.8550033569336,124.43000030517578,126.57499694824219,63197769
2024-08-22 16:30:00+00:00,126.58000183105469,126.90249633789062,125.36000061035156,126.1989974975586,34041711
2024-08-22 17:30:00+00:00,126.19000244140625,126.30000305175781,123.80000305175781,124.89510345458984,42415090
2024-08-22 18:30:00+00:00,124.88999938964844,125.15499877929688,123.37999725341797,123.51000213623047,36751142
2024-08-22 19:30:00+00:00,123.5199966430664,124.16999816894531,123.0999984741211,123.79000091552734,36397787
2024-08-23 13:30:00+00:00,125.87000274658203,129.60000610351562,125.22000122070312,129.48500061035156,99471311
2024-08-23 14:30:00+00:00,129.47999572753906,129.5800018310547,126.51000213623047,128.74000549316406,57004779
2024-08-23 15:30:00+00:00,128.77000427246094,129.17999267578125,127.18000030517578,127.5250015258789,32240944
2024-08-23 16:30:00+00:00,127.51000213623047,128.14990234375,126.62000274658203,128.01060485839844,25570577
2024-08-23 17:30:00+00:00,128.02000427246094,128.77999877929688,127.95999908447266,128.6699981689453,20085109
2024-08-23 18:30:00+00:00,128.6699981689453,128.8800048828125,127.875,128.8300018310547,22573146
2024-08-23 19:30:00+00:00,128.8300018310547,129.32000732421875,128.1699981689453,129.27999877929688,27582703
2024-08-26 13:30:00+00:00,129.60000610351562,131.25999450683594,126.66000366210938,126.84500122070312,103393486
2024-08-26 14:30:00+00:00,126.83999633789062,127.3499984741211,124.37000274658203,127.06999969482422,62728675
2024-08-26 15:30:00+00:00,127.05999755859375,127.44000244140625,125.93000030517578,127.03500366210938,32422470
2024-08-26 16:30:00+00:00,127.0250015258789,127.54000091552734,126.08999633789062,126.48999786376953,28331944
2024-08-26 17:30:00+00:00,126.48999786376953,126.68000030517578,125.55000305175781,126.58999633789062,27701959
2024-08-26 18:30:00+00:00,126.58999633789062,126.98999786376953,126.33000183105469,126.63999938964844,23016655
2024-08-26 19:30:00+00:00,126.63999938964844,126.87999725341797,126.12000274658203,126.44999694824219,22622718
2024-08-27 13:30:00+00:00,125.02999877929688,127.61000061035156,123.87999725341797,127.20159912109375,93846227
2024-08-27 14:30:00+00:00,127.20500183105469,128.97999572753906,127.0,128.14999389648438,50097633
2024-08-27 15:30:00+00:00,128.110107421875,128.22999572753906,127.33000183105469,127.9749984741211,30391916
2024-08-27 16:30:00+00:00,127.96499633789062,128.9499969482422,127.5199966430664,128.80499267578125,24907233
2024-08-27 17:30:00+00:00,128.80929565429688,129.1999969482422,128.22999572753906,128.47520446777344,30212633
2024-08-27 18:30:00+00:00,128.47000122070312,128.7899932861328,128.1199951171875,128.4600067138672,22283933
2024-08-27 19:30:00+00:00,128.4600067138672,128.75,128.1999969482422,128.33999633789062,20730115
2024-08-28 13:30:00+00:00,128.1199951171875,128.3300018310547,126.08000183105469,127.27999877929688,74144659
2024-08-28 14:30:00+00:00,127.2699966430664,127.56999969482422,122.63999938964844,123.99009704589844,74409264
2024-08-28 15:30:00+00:00,123.97010040283203,125.83000183105469,123.91000366210938,125.48500061035156,50989670
2024-08-28 16:30:00+00:00,125.47000122070312,126.02999877929688,125.072998046875,125.67500305175781,34442445
2024-08-28 17:30:00+00:00,125.66999816894531,125.87000274658203,123.88009643554688,124.95800018310547,34490261
2024-08-28 18:30:00+00:00,124.95680236816406,126.3499984741211,124.42500305175781,126.1698989868164,42699297
2024-08-28 19:30:00+00:00,126.16000366210938,126.67620086669922,125.44999694824219,125.66000366210938,35723996
2024-08-29 13:30:00+00:00,120.1593017578125,124.43000030517578,119.2300033569336,120.73999786376953,161150946
2024-08-29 14:30:00+00:00,120.7300033569336,122.55000305175781,120.48999786376953,120.98999786376953,59984693
2024-08-29 15:30:00+00:00,120.9800033569336,121.83999633789062,120.7699966430664,121.29000091552734,32040570
2024-08-29 16:30:00+00:00,121.27999877929688,121.54000091552734,120.2300033569336,120.62000274658203,29140644
2024-08-29 17:30:00+00:00,120.62999725341797,121.16000366210938,119.01000213623047,119.21499633789062,34442138
2024-08-29 18:30:00+00:00,119.20999908447266,119.21499633789062,116.72000122070312,117.9312973022461,65467182
2024-08-29 19:30:00+00:00,117.94000244140625,119.08000183105469,117.5,117.59040069580078,36214417
2024-08-30 13:30:00+00:00,119.4800033569336,121.75,118.44999694824219,119.30000305175781,99495892
2024-08-30 14:30:00+00:00,119.30000305175781,120.20999908447266,117.47000122070312,117.85990142822266,51928541
2024-08-30 15:30:00+00:00,117.8499984741211,118.88999938964844,117.22000122070312,118.34960174560547,35816370
2024-08-30 16:30:00+00:00,118.34010314941406,118.70999908447266,117.83999633789062,118.22930145263672,24962127
2024-08-30 17:30:00+00:00,118.2300033569336,118.80000305175781,117.9800033569336,118.65850067138672,19564723
2024-08-30 18:30:00+00:00,118.66000366210938,119.2300033569336,118.30999755859375,119.03679656982422,28437690
2024-08-30 19:30:00+00:00,119.04000091552734,119.5999984741211,118.37000274658203,119.36000061035156,26525908
2024-09-03 13:30:00+00:00,115.28019714355469,115.30000305175781,111.77999877929688,112.18000030517578,117228658
2024-09-03 14:30:00+00:00,112.17330169677734,112.19999694824219,109.3949966430664,110.93000030517578,89524867
2024-09-03 15:30:00+00:00,110.93000030517578,111.41999816894531,110.0,110.24009704589844,38413673
2024-09-03 16:30:00+00:00,110.24500274658203,110.80999755859375,109.80000305175781,110.5,30491299
2024-09-03 17:30:00+00:00,110.5,110.66000366210938,108.0199966430664,108.28500366210938,49654995
2024-09-03 18:30:00+00:00,108.29000091552734,109.20999908447266,108.02010345458984,108.30000305175781,47703463
2024-09-03 19:30:00+00:00,108.30500030517578,108.4800033569336,107.29000091552734,107.9800033569336,48690229
2024-09-04 13:30:00+00:00,105.37999725341797,108.38500213623047,104.12000274658203,107.36009979248047,129224432
2024-09-04 14:30:00+00:00,107.35009765625,109.98999786376953,107.20500183105469,108.2699966430664,59060788
2024-09-04 15:30:00+00:00,108.26249694824219,108.86000061035156,107.52010345458984,108.67500305175781,34812666
2024-09-04 16:30:00+00:00,108.67500305175781,109.51000213623047,108.22000122070312,109.01000213623047,27408611
2024-09-04 17:30:00+00:00,109.01000213623047,109.37000274658203,107.72000122070312,108.1050033569336,26157057
2024-09-04 18:30:00+00:00,108.0999984741211,108.1500015258789,105.4000015258789,105.95500183105469,43755634
2024-09-04 19:30:00+00:00,105.95939636230469,106.98999786376953,105.56210327148438,106.16999816894531,33144531
2024-09-05 13:30:00+00:00,105.26000213623047,109.6500015258789,105.0,109.07949829101562,109306773
2024-09-05 14:30:00+00:00,109.1050033569336,109.33999633789062,106.22000122070312,106.29499816894531,49465467
2024-09-05 15:30:00+00:00,106.30500030517578,107.5999984741211,106.06999969482422,107.41010284423828,34225159
2024-09-05 16:30:00+00:00,107.4198989868164,107.7051010131836,106.31500244140625,106.3375015258789,21973973
2024-09-05 17:30:00+00:00,106.33999633789062,107.75,106.29000091552734,106.98500061035156,24341139
2024-09-05 18:30:00+00:00,106.9800033569336,107.54000091552734,106.55000305175781,107.16999816894531,21466526
2024-09-05 19:30:00+00:00,107.1760025024414,107.4000015258789,106.37999725341797,107.23999786376953,19508322
2024-09-06 13:30:00+00:00,107.90499877929688,108.1500015258789,103.5999984741211,103.69999694824219,107594986
2024-09-06 14:30:00+00:00,103.69999694824219,104.0,101.94999694824219,102.31999969482422,81532463
2024-09-06 15:30:00+00:00,102.31999969482422,102.75,100.94999694824219,101.83999633789062,54783731
2024-09-06 16:30:00+00:00,101.85900115966797,103.2699966430664,101.5999984741211,102.61499786376953,35350486
2024-09-06 17:30:00+00:00,102.5999984741211,102.7300033569336,101.77999877929688,102.00990295410156,30018251
2024-09-06 18:30:00+00:00,102.01000213623047,103.56999969482422,101.99019622802734,103.38500213623047,35575241
2024-09-06 19:30:00+00:00,103.4000015258789,103.66500091552734,102.48999786376953,102.83999633789062,27855515
2024-09-09 13:30:00+00:00,104.86499786376953,106.55000305175781,104.81999969482422,105.04199981689453,82098735
2024-09-09 14:30:00+00:00,105.0199966430664,105.07990264892578,103.69000244140625,104.93000030517578,42550860
2024-09-09 15:30:00+00:00,104.93099975585938,105.68000030517578,104.70999908447266,105.56999969482422,26639014
2024-09-09 16:30:00+00:00,105.56999969482422,106.19999694824219,105.19000244140625,105.94999694824219,24285051
2024-09-09 17:30:00+00:00,105.94499969482422,105.94499969482422,104.91000366210938,104.94000244140625,24252460
2024-09-09 18:30:00+00:00,104.94000244140625,105.88500213623047,104.68000030517578,105.80139923095703,22150277
2024-09-09 19:30:00+00:00,105.79000091552734,106.55000305175781,105.5250015258789,106.4800033569336,20173904
2024-09-10 13:30:00+00:00,107.97530364990234,109.4000015258789,105.95999908447266,107.29000091552734,87845460
2024-09-10 14:30:00+00:00,107.29989624023438,107.54499816894531,106.41600036621094,107.1177978515625,33241851
2024-09-10 15:30:00+00:00,107.0999984741211,107.44000244140625,104.94999694824219,105.45500183105469,36994246
2024-09-10 16:30:00+00:00,105.44999694824219,106.6500015258789,105.41000366210938,106.19999694824219,24532466
2024-09-10 17:30:00+00:00,106.19499969482422,107.47000122070312,106.12000274658203,107.29419708251953,22080720
2024-09-10 18:30:00+00:00,107.30000305175781,107.58000183105469,107.02999877929688,107.54989624023438,20222622
2024-09-10 19:30:00+00:00,107.54499816894531,108.18000030517578,107.33000183105469,108.0199966430664,20494338
2024-09-11 13:30:00+00:00,109.4000015258789,111.93000030517578,108.47000122070312,109.31500244140625,104156057
2024-09-11 14:30:00+00:00,109.30999755859375,109.44999694824219,107.41999816894531,109.31999969482422,50513326
2024-09-11 15:30:00+00:00,109.30000305175781,112.87000274658203,109.16500091552734,112.82749938964844,59793549
2024-09-11 16:30:00+00:00,112.82050323486328,113.87000274658203,111.70999908447266,113.8550033569336,50045657
2024-09-11 17:30:00+00:00,113.86000061035156,115.37000274658203,113.36000061035156,115.27619934082031,50208711
2024-09-11 18:30:00+00:00,115.28500366210938,116.13999938964844,114.55999755859375,115.9800033569336,48831566
2024-09-11 19:30:00+00:00,115.98500061035156,117.18000030517578,115.66000366210938,116.8499984741211,39897445
2024-09-12 13:30:00+00:00,116.875,119.81999969482422,115.37999725341797,119.6050033569336,110932880
2024-09-12 14:30:00+00:00,119.60009765625,120.23999786376953,118.27999877929688,118.66999816894531,61988443
2024-09-12 15:30:00+00:00,118.67500305175781,119.30000305175781,117.7699966430664,119.13500213623047,39212589
2024-09-12 16:30:00+00:00,119.13939666748047,119.95999908447266,118.47000122070312,119.84010314941406,30068279
2024-09-12 17:30:00+00:00,119.8550033569336,120.79000091552734,119.46790313720703,120.40010070800781,38812810
2024-09-12 18:30:00+00:00,120.4000015258789,120.48999786376953,119.0999984741211,119.94999694824219,35025996
2024-09-12 19:30:00+00:00,119.95999908447266,120.0999984741211,119.0199966430664,119.18000030517578,25774270
2024-09-13 13:30:00+00:00,119.01000213623047,119.95500183105469,118.0199966430664,118.37000274658203,77115916
2024-09-13 14:30:00+00:00,118.37020111083984,119.79000091552734,117.5999984741211,119.41020202636719,41632945
2024-09-13 15:30:00+00:00,119.41999816894531,119.55000305175781,118.30000305175781,118.71499633789062,27707927
2024-09-13 16:30:00+00:00,118.72000122070312,119.33000183105469,118.44499969482422,119.1050033569336,21624083
2024-09-13 17:30:00+00:00,119.1050033569336,119.16999816894531,118.3687973022461,118.61499786376953,17701903
2024-09-13 18:30:00+00:00,118.62000274658203,119.12999725341797,118.41999816894531,119.05999755859375,20818196
2024-09-13 19:30:00+00:00,119.05999755859375,119.13999938964844,118.70999908447266,119.06999969482422,17327901
2024-09-16 13:30:00+00:00,116.80999755859375,118.18000030517578,114.36000061035156,117.11499786376953,88468816
2024-09-16 14:30:00+00:00,117.12999725341797,117.2499008178711,116.02999877929688,116.625,35852811
2024-09-16 15:30:00+00:00,116.625,116.87000274658203,115.71089935302734,116.1698989868164,26871447
2024-09-16 16:30:00+00:00,116.16999816894531,116.79000091552734,115.75,116.62000274658203,18889204
2024-09-16 17:30:00+00:00,116.62079620361328,117.07499694824219,116.45010375976562,116.66500091552734,17703890
2024-09-16 18:30:00+00:00,116.66059875488281,116.68499755859375,116.0999984741211,116.35009765625,17752526
2024-09-16 19:30:00+00:00,116.3501968383789,116.79000091552734,116.2300033569336,116.7699966430664,14443184
2024-09-17 13:30:00+00:00,118.76000213623047,118.80000305175781,116.54000091552734,117.7499008178711,64854037
2024-09-17 14:30:00+00:00,117.73999786376953,118.27059936523438,117.18000030517578,117.20999908447266,28647718
2024-09-17 15:30:00+00:00,117.20600128173828,117.5199966430664,115.97000122070312,116.52989959716797,25503727
2024-09-17 16:30:00+00:00,116.5199966430664,116.69999694824219,115.66999816894531,116.09500122070312,26392736
2024-09-17 17:30:00+00:00,116.08999633789062,116.26000213623047,114.83000183105469,115.37909698486328,25990083
2024-09-17 18:30:00+00:00,115.375,115.6500015258789,114.8550033569336,115.3499984741211,21933744
2024-09-17 19:30:00+00:00,115.34120178222656,115.6500015258789,114.9800033569336,115.58499908447266,18718670
2024-09-18 13:30:00+00:00,116.0260009765625,116.3499984741211,114.61000061035156,115.12000274658203,54005037
2024-09-18 14:30:00+00:00,115.12930297851562,115.4397964477539,114.52999877929688,114.82990264892578,24486152
2024-09-18 15:30:00+00:00,114.82219696044922,114.8499984741211,113.68000030517578,114.69000244140625,27633139
2024-09-18 16:30:00+00:00,114.69999694824219,115.33000183105469,114.56999969482422,115.0999984741211,21073731
2024-09-18 17:30:00+00:00,115.09500122070312,117.16999816894531,114.62999725341797,116.7750015258789,49042417
2024-09-18 18:30:00+00:00,116.77999877929688,117.69999694824219,113.51000213623047,115.38999938964844,66458647
2024-09-18 19:30:00+00:00,115.38999938964844,115.7300033569336,113.22000122070312,113.22000122070312,32757218
2024-09-19 13:30:00+00:00,117.31999969482422,119.47000122070312,117.25,119.22000122070312,95723223
2024-09-19 14:30:00+00:00,119.30069732666016,119.5999984741211,118.51000213623047,119.52519989013672,36413875
2024-09-19 15:30:00+00:00,119.5250015258789,119.66000366210938,118.7699966430664,119.16000366210938,26693186
2024-09-19 16:30:00+00:00,119.16999816894531,119.66000366210938,118.94000244140625,119.49500274658203,23193470
2024-09-19 17:30:00+00:00,119.40499877929688,119.48999786376953,118.66999816894531,119.1240005493164,21799497
2024-09-19 18:30:00+00:00,119.12999725341797,119.13500213623047,117.61000061035156,118.1449966430664,29362719
2024-09-19 19:30:00+00:00,118.16000366210938,118.6500015258789,117.70999908447266,117.9800033569336,21695352
2024-09-20 13:30:00+00:00,117.05999755859375,118.61810302734375,116.70999908447266,117.08000183105469,76665867
2024-09-20 14:30:00+00:00,117.06999969482422,117.41999816894531,115.39009857177734,115.73999786376953,41470671
2024-09-20 15:30:00+00:00,115.73999786376953,116.81999969482422,115.69999694824219,116.67939758300781,31124714
2024-09-20 16:30:00+00:00,116.66000366210938,116.66999816894531,116.0199966430664,116.19010162353516,18720226
2024-09-20 17:30:00+00:00,116.19000244140625,116.55999755859375,115.5,115.84449768066406,25463820
2024-09-20 18:30:00+00:00,115.83999633789062,116.72000122070312,115.69000244140625,116.62000274658203,22337565
2024-09-20 19:30:00+00:00,116.625,116.88999938964844,115.72000122070312,116.08000183105469,27559179
2024-09-23 13:30:00+00:00,116.45999908447266,116.98999786376953,115.44999694824219,116.17500305175781,56701554
2024-09-23 14:30:00+00:00,116.17500305175781,116.23999786376953,114.86000061035156,115.5250015258789,32593605
2024-09-23 15:30:00+00:00,115.52999877929688,116.3499984741211,115.44000244140625,115.49500274658203,24615527
2024-09-23 16:30:00+00:00,115.48999786376953,115.77999877929688,115.2699966430664,115.66999816894531,18461327
2024-09-23 17:30:00+00:00,115.66500091552734,116.22989654541016,115.55999755859375,116.11029815673828,14762662
2024-09-23 18:30:00+00:00,116.11000061035156,116.6050033569336,115.91000366210938,116.52899932861328,15548684
2024-09-23 19:30:00+00:00,116.52940368652344,116.56999969482422,116.1500015258789,116.23999786376953,14358863
2024-09-24 13:30:00+00:00,116.51499938964844,117.61000061035156,115.83999633789062,115.98410034179688,56053899
2024-09-24 14:30:00+00:00,115.98500061035156,117.44999694824219,115.37999725341797,117.37999725341797,37634844
2024-09-24 15:30:00+00:00,117.38990020751953,121.62000274658203,117.37999725341797,120.77999877929688,94116304
2024-09-24 16:30:00+00:00,120.78209686279297,121.47000122070312,120.55169677734375,121.29499816894531,36259139
2024-09-24 17:30:00+00:00,121.31500244140625,121.80000305175781,121.0999984741211,121.30999755859375,30789973
2024-09-24 18:30:00+00:00,121.31500244140625,121.4000015258789,120.43000030517578,120.43099975585938,28892110
2024-09-24 19:30:00+00:00,120.43499755859375,121.18000030517578,120.0999984741211,120.94999694824219,28259500
2024-09-25 13:30:00+00:00,122.02999877929688,124.93000030517578,121.61499786376953,124.56500244140625,95740250
2024-09-25 14:30:00+00:00,124.56500244140625,124.9000015258789,124.01000213623047,124.02519989013672,41870989
2024-09-25 15:30:00+00:00,124.0199966430664,124.25,123.05999755859375,123.7970962524414,36973240
2024-09-25 16:30:00+00:00,123.80000305175781,123.88999938964844,122.76000213623047,123.25990295410156,27098149
2024-09-25 17:30:00+00:00,123.25,123.5999984741211,122.62000274658203,123.5999984741211,24210456
2024-09-25 18:30:00+00:00,123.59750366210938,123.5999984741211,123.20999908447266,123.29000091552734,15776500
2024-09-25 19:30:00+00:00,123.30000305175781,123.58999633789062,123.22000122070312,123.55999755859375,15319575
2024-09-26 13:30:00+00:00,126.77999877929688,127.66500091552734,125.52999877929688,125.66999816894531,90395504
2024-09-26 14:30:00+00:00,125.67990112304688,125.83999633789062,122.15499877929688,123.53910064697266,65540148
2024-09-26 15:30:00+00:00,123.5250015258789,124.4885025024414,122.94999694824219,123.42169952392578,31071894
2024-09-26 16:30:00+00:00,123.41010284423828,123.55000305175781,121.80000305175781,122.63999938964844,26191868
2024-09-26 17:30:00+00:00,122.64089965820312,124.04979705810547,122.55000305175781,124.029296875,26965092
2024-09-26 18:30:00+00:00,124.0250015258789,124.44999694824219,123.52999877929688,124.12999725341797,23400572
2024-09-26 19:30:00+00:00,124.13909912109375,124.23989868164062,123.6500015258789,123.98999786376953,16979294
2024-09-27 13:30:00+00:00,123.9375,124.0,120.91000366210938,121.38009643554688,70060186
2024-09-27 14:30:00+00:00,121.30000305175781,121.51000213623047,119.81999969482422,120.25499725341797,47670657
2024-09-27 15:30:00+00:00,120.25920104980469,120.95500183105469,119.95999908447266,120.83000183105469,27820965
2024-09-27 16:30:00+00:00,120.83000183105469,121.18000030517578,120.19999694824219,120.21920013427734,19945637
2024-09-27 17:30:00+00:00,120.21080017089844,120.95999908447266,119.3499984741211,119.3499984741211,24732932
2024-09-27 18:30:00+00:00,119.37000274658203,120.5260009765625,119.26000213623047,120.5,27723104
2024-09-27 19:30:00+00:00,120.4801025390625,121.97000122070312,120.38500213623047,121.4000015258789,27623003
2024-09-30 13:30:00+00:00,118.29499816894531,121.2699966430664,118.1500015258789,120.0907974243164,66913853
2024-09-30 14:30:00+00:00,120.0999984741211,120.97380065917969,119.66000366210938,120.97380065917969,26448987
2024-09-30 15:30:00+00:00,121.06500244140625,121.0999984741211,120.26000213623047,120.71499633789062,21952911
2024-09-30 16:30:00+00:00,120.72000122070312,120.80999755859375,119.95999908447266,120.10070037841797,16099303
2024-09-30 17:30:00+00:00,120.1050033569336,120.69000244140625,119.18000030517578,119.47000122070312,21885081
2024-09-30 18:30:00+00:00,119.47000122070312,120.36000061035156,119.19000244140625,120.08499908447266,23135879
2024-09-30 19:30:00+00:00,120.08000183105469,121.5,119.8197021484375,121.48999786376953,22603713
2024-10-01 13:30:00+00:00,121.76499938964844,122.43499755859375,117.62000274658203,117.88919830322266,70408748
2024-10-01 14:30:00+00:00,117.87000274658203,118.47000122070312,116.19999694824219,117.41999816894531,49018494
2024-10-01 15:30:00+00:00,117.41000366210938,118.08999633789062,116.9000015258789,117.4800033569336,32494796
2024-10-01 16:30:00+00:00,117.4800033569336,117.5999984741211,115.79000091552734,115.99500274658203,36720338
2024-10-01 17:30:00+00:00,115.98989868164062,117.94499969482422,115.88999938964844,117.81009674072266,29536695
2024-10-01 18:30:00+00:00,117.81400299072266,118.05999755859375,117.23999786376953,117.4749984741211,24719590
2024-10-01 19:30:00+00:00,117.47000122070312,117.47000122070312,116.72000122070312,116.94989776611328,22720466
2024-10-02 13:30:00+00:00,116.41999816894531,118.75,115.13999938964844,118.25,66749149
2024-10-02 14:30:00+00:00,118.25,119.23999786376953,117.62999725341797,118.872802734375,30144068
2024-10-02 15:30:00+00:00,118.87999725341797,119.29000091552734,118.56999969482422,118.98500061035156,23327842
2024-10-02 16:30:00+00:00,118.98999786376953,118.98999786376953,117.83999633789062,118.37920379638672,17473621
2024-10-02 17:30:00+00:00,118.36000061035156,118.88999938964844,117.76000213623047,118.62999725341797,17602525
2024-10-02 18:30:00+00:00,118.62999725341797,119.16000366210938,118.4800033569336,119.04000091552734,17840580
2024-10-02 19:30:00+00:00,119.05000305175781,119.37999725341797,118.76000213623047,118.83989715576172,16622500
2024-10-03 13:30:00+00:00,120.91999816894531,124.36000061035156,120.34010314941406,122.26000213623047,104618154
2024-10-03 14:30:00+00:00,122.26000213623047,123.16000366210938,121.77999877929688,122.7249984741211,41186772
2024-10-03 15:30:00+00:00,122.72000122070312,123.33000183105469,122.6968002319336,123.04000091552734,24893614
2024-10-03 16:30:00+00:00,123.05000305175781,123.06999969482422,121.45999908447266,122.69999694824219,29056405
2024-10-03 17:30:00+00:00,122.69999694824219,123.19999694824219,122.38200378417969,122.74500274658203,20102782
2024-10-03 18:30:00+00:00,122.74500274658203,122.87989807128906,122.11250305175781,122.1604995727539,18091694
2024-10-03 19:30:00+00:00,122.16999816894531,123.0,122.15499877929688,122.83999633789062,18226899
2024-10-04 13:30:00+00:00,124.80889892578125,124.83000183105469,121.9000015258789,122.5199966430664,80373372
2024-10-04 14:30:00+00:00,122.52999877929688,124.0999984741211,122.3550033569336,123.58999633789062,36945317
2024-10-04 15:30:00+00:00,123.58000183105469,124.3499984741211,123.26000213623047,123.83000183105469,25045462
2024-10-04 16:30:00+00:00,123.83000183105469,124.48999786376953,123.7699966430664,124.03500366210938,18530654
2024-10-04 17:30:00+00:00,124.04000091552734,124.5999984741211,123.76000213623047,124.59339904785156,22292813
2024-10-04 18:30:00+00:00,124.58999633789062,124.69999694824219,124.30000305175781,124.55500030517578,18383132
2024-10-04 19:30:00+00:00,124.55500030517578,125.0199966430664,124.4800033569336,124.88999938964844,24014244
2024-10-07 13:30:00+00:00,124.94999694824219,127.80999755859375,124.94999694824219,127.24500274658203,80097596
2024-10-07 14:30:00+00:00,127.24500274658203,128.61000061035156,126.51000213623047,128.5991973876953,47992679
2024-10-07 15:30:00+00:00,128.5998992919922,129.64999389648438,128.5500030517578,129.55630493164062,46140495
2024-10-07 16:30:00+00:00,129.5594024658203,129.6999969482422,128.80999755859375,129.42970275878906,29112870
2024-10-07 17:30:00+00:00,129.44979858398438,130.63999938964844,129.1699981689453,129.72999572753906,49595566
2024-10-07 18:30:00+00:00,129.72999572753906,129.7799072265625,127.94000244140625,128.2449951171875,43181861
2024-10-07 19:30:00+00:00,128.25,128.6199951171875,127.5199966430664,127.79000091552734,26902103
2024-10-08 13:30:00+00:00,130.3300018310547,131.8800048828125,129.4199981689453,131.63980102539062,88240738
2024-10-08 14:30:00+00:00,131.63499450683594,132.9199981689453,131.53500366210938,131.8939971923828,53037326
2024-10-08 15:30:00+00:00,131.9001007080078,132.5749969482422,131.61000061035156,132.56500244140625,27024947
2024-10-08 16:30:00+00:00,132.55999755859375,132.69000244140625,131.6999969482422,132.0500030517578,21136447
2024-10-08 17:30:00+00:00,132.06410217285156,132.63059997558594,131.99989318847656,132.61929321289062,17193286
2024-10-08 18:30:00+00:00,132.61500549316406,133.3000030517578,132.27000427246094,133.2899932861328,32581100
2024-10-08 19:30:00+00:00,133.2899932861328,133.47999572753906,132.74400329589844,132.93600463867188,23691861
2024-10-09 13:30:00+00:00,134.2187957763672,134.3000030517578,131.3800048828125,133.9095001220703,87025783
2024-10-09 14:30:00+00:00,133.90499877929688,133.9600067138672,132.50999450683594,133.14059448242188,36984056
2024-10-09 15:30:00+00:00,133.14930725097656,133.42909240722656,131.47000122070312,132.30990600585938,31493459
2024-10-09 16:30:00+00:00,132.30340576171875,132.55999755859375,131.6699981689453,131.98500061035156,20003973
2024-10-09 17:30:00+00:00,131.98460388183594,132.67999267578125,131.47999572753906,132.6309051513672,21393569
2024-10-09 18:30:00+00:00,132.63999938964844,132.69000244140625,132.1199951171875,132.33090209960938,17609317
2024-10-09 19:30:00+00:00,132.3350067138672,132.83999633789062,132.30999755859375,132.625,16425633
2024-10-10 13:30:00+00:00,131.52000427246094,134.2899932861328,131.30189514160156,134.26499938964844,73574479
2024-10-10 14:30:00+00:00,134.25999450683594,134.77000427246094,133.4600067138672,134.08009338378906,37325114
2024-10-10 15:30:00+00:00,134.0850067138672,135.0,133.94009399414062,134.38470458984375,27402661
2024-10-10 16:30:00+00:00,134.3699951171875,134.89999389648438,133.9499969482422,134.7957000732422,25312958
2024-10-10 17:30:00+00:00,134.80999755859375,134.97999572753906,134.1300048828125,134.33999633789062,18223135
2024-10-10 18:30:00+00:00,134.33140563964844,134.75,133.52000427246094,134.64500427246094,26083908
2024-10-10 19:30:00+00:00,134.63999938964844,134.85000610351562,134.16400146484375,134.8000030517578,17638828
2024-10-11 13:30:00+00:00,134.02000427246094,135.77999877929688,133.66000366210938,135.02980041503906,62079200
2024-10-11 14:30:00+00:00,135.0299072265625,135.42999267578125,134.17999267578125,134.95010375976562,29731851
2024-10-11 15:30:00+00:00,134.94149780273438,135.25,134.67999267578125,135.1199951171875,17430163
2024-10-11 16:30:00+00:00,135.1300048828125,135.14999389648438,134.6699981689453,134.85000610351562,12064169
2024-10-11 17:30:00+00:00,134.83999633789062,135.14990234375,134.77000427246094,134.8990020751953,11584827
2024-10-11 18:30:00+00:00,134.89999389648438,134.97000122070312,134.55999755859375,134.82000732421875,12431698
2024-10-11 19:30:00+00:00,134.81910705566406,134.92999267578125,134.68499755859375,134.75,11468505
2024-10-14 13:30:00+00:00,136.42999267578125,139.52999877929688,136.3000030517578,139.31500244140625,80017009
2024-10-14 14:30:00+00:00,139.3000030517578,139.60000610351562,137.72000122070312,138.02000427246094,35801251
2024-10-14 15:30:00+00:00,138.02000427246094,138.52000427246094,137.42999267578125,138.5,22565261
2024-10-14 16:30:00+00:00,138.49000549316406,138.73989868164062,138.13999938964844,138.58999633789062,16453146
2024-10-14 17:30:00+00:00,138.58999633789062,138.99000549316406,138.49000549316406,138.6907958984375,13863861
2024-10-14 18:30:00+00:00,138.6999969482422,139.0500030517578,138.41000366210938,138.74000549316406,19238805
2024-10-14 19:30:00+00:00,138.74000549316406,138.89999389648438,137.86000061035156,138.14010620117188,20398623
2024-10-15 13:30:00+00:00,137.5800018310547,138.57000732421875,131.86000061035156,132.11000061035156,98327408
2024-10-15 14:30:00+00:00,132.10440063476562,132.8179931640625,128.74000549316406,131.79600524902344,96019919
2024-10-15 15:30:00+00:00,131.77999877929688,132.39500427246094,130.00999450683594,130.8350067138672,43374304
2024-10-15 16:30:00+00:00,130.83999633789062,131.6999969482422,130.83349609375,131.0800018310547,27417003
2024-10-15 17:30:00+00:00,131.0850067138672,132.25,130.8300018310547,131.83999633789062,26669839
2024-10-15 18:30:00+00:00,131.8300018310547,132.19000244140625,130.64500427246094,131.19090270996094,28013192
2024-10-15 19:30:00+00:00,131.1999969482422,131.97999572753906,130.64999389648438,131.61000061035156,26366584
2024-10-16 13:30:00+00:00,133.9550018310547,134.64999389648438,131.5800018310547,134.4219970703125,76813534
2024-10-16 14:30:00+00:00,134.44000244140625,134.77999877929688,132.67300415039062,134.16000366210938,40168282
2024-10-16 15:30:00+00:00,134.16000366210938,134.33999633789062,133.74000549316406,134.22000122070312,22304078
2024-10-16 16:30:00+00:00,134.2200927734375,135.6959991455078,134.1300048828125,135.4770050048828,27949316
2024-10-16 17:30:00+00:00,135.47999572753906,136.44000244140625,135.47000122070312,136.4199981689453,30790484
2024-10-16 18:30:00+00:00,136.4250030517578,136.6199951171875,135.91000366210938,136.0260009765625,26041553
2024-10-16 19:30:00+00:00,136.02999877929688,136.07000732421875,135.3105926513672,135.70989990234375,19418534
2024-10-17 13:30:00+00:00,139.35000610351562,140.88999938964844,137.375,139.59019470214844,121602338
2024-10-17 14:30:00+00:00,139.63999938964844,139.74000549316406,138.38999938964844,139.64999389648438,40882687
2024-10-17 15:30:00+00:00,139.64999389648438,140.2519989013672,139.22000122070312,139.46009826660156,32335890
2024-10-17 16:30:00+00:00,139.46499633789062,139.67999267578125,138.89340209960938,139.53990173339844,21696482
2024-10-17 17:30:00+00:00,139.53500366210938,139.9199981689453,138.30999755859375,138.66400146484375,23245295
2024-10-17 18:30:00+00:00,138.6649932861328,138.97999572753906,137.91000366210938,137.9261932373047,23161284
2024-10-17 19:30:00+00:00,137.9499969482422,138.1699981689453,136.8699951171875,136.9199981689453,23689363
2024-10-18 13:30:00+00:00,138.14500427246094,138.89999389648438,137.3800048828125,138.2227020263672,59459699
2024-10-18 14:30:00+00:00,138.22109985351562,138.35000610351562,137.4499969482422,137.96499633789062,21659549
2024-10-18 15:30:00+00:00,137.97999572753906,138.10000610351562,137.27999877929688,137.5540008544922,15798333
2024-10-18 16:30:00+00:00,137.5500030517578,138.6699981689453,137.52999877929688,138.33999633789062,19479007
2024-10-18 17:30:00+00:00,138.33999633789062,138.5,138.00999450683594,138.27000427246094,12656560
2024-10-18 18:30:00+00:00,138.26499938964844,138.3300018310547,137.8699951171875,138.1800994873047,13544144
2024-10-18 19:30:00+00:00,138.18499755859375,138.18499755859375,137.88999938964844,137.97999572753906,12321477
2024-10-21 13:30:00+00:00,138.14500427246094,141.8000030517578,138.00999450683594,141.42999267578125,78715899
2024-10-21 14:30:00+00:00,141.4300994873047,141.52999877929688,139.94000244140625,140.35499572753906,37727208
2024-10-21 15:30:00+00:00,140.35000610351562,141.5500030517578,140.28500366210938,141.07679748535156,22578413
2024-10-21 16:30:00+00:00,141.08909606933594,141.6999969482422,140.69000244140625,141.53570556640625,17172594
2024-10-21 17:30:00+00:00,141.53500366210938,142.4600067138672,141.52999877929688,142.0699005126953,30023012
2024-10-21 18:30:00+00:00,142.0601043701172,142.61000061035156,141.77999877929688,142.47000122070312,21972410
2024-10-21 19:30:00+00:00,142.47999572753906,143.7100067138672,142.13999938964844,143.6999969482422,27144345
2024-10-22 13:30:00+00:00,142.2899932861328,144.4199981689453,141.77999877929688,143.52000427246094,79487338
2024-10-22 14:30:00+00:00,143.52000427246094,143.75,142.3300018310547,143.26010131835938,32440573
2024-10-22 15:30:00+00:00,143.26600646972656,143.49000549316406,142.52999877929688,142.61500549316406,17057980
2024-10-22 16:30:00+00:00,142.6199951171875,143.4199981689453,141.9600067138672,143.41990661621094,21629451
2024-10-22 17:30:00+00:00,143.4197998046875,144.05990600585938,143.3000030517578,143.35000610351562,22305926
2024-10-22 18:30:00+00:00,143.36000061035156,143.75,143.1114959716797,143.74000549316406,17050545
2024-10-22 19:30:00+00:00,143.74000549316406,143.86000061035156,143.4499969482422,143.57000732421875,14702197
2024-10-23 13:30:00+00:00,141.84300231933594,142.42999267578125,138.25999450683594,140.33999633789062,85128048
2024-10-23 14:30:00+00:00,140.35000610351562,141.41000366210938,139.66000366210938,139.73199462890625,40222146
2024-10-23 15:30:00+00:00,139.7100067138672,140.6999969482422,139.35000610351562,139.40499877929688,25775688
2024-10-23 16:30:00+00:00,139.39999389648438,139.8699951171875,137.6999969482422,138.4387969970703,31996546
2024-10-23 17:30:00+00:00,138.43080139160156,138.5,137.4600067138672,138.44500732421875,27671609
2024-10-23 18:30:00+00:00,138.44500732421875,139.24000549316406,138.22000122070312,138.9199981689453,30472018
2024-10-23 19:30:00+00:00,138.9250030517578,139.85989379882812,138.63999938964844,139.57000732421875,19363612
2024-10-24 13:30:00+00:00,140.82000732421875,141.35000610351562,138.4600067138672,138.52999877929688,57260778
2024-10-24 14:30:00+00:00,138.5399932861328,140.02969360351562,138.52000427246094,139.7050018310547,26348227
2024-10-24 15:30:00+00:00,139.6999969482422,139.85000610351562,138.7899932861328,139.4250030517578,17309886
2024-10-24 16:30:00+00:00,139.42999267578125,140.05999755859375,139.14500427246094,139.53700256347656,14765867
2024-10-24 17:30:00+00:00,139.5399932861328,140.13999938964844,139.25999450683594,139.85719299316406,12461923
2024-10-24 18:30:00+00:00,139.87600708007812,140.5399932861328,139.60000610351562,140.52999877929688,14405766
2024-10-24 19:30:00+00:00,140.52499389648438,140.83999633789062,140.25,140.39999389648438,13277656
2024-10-25 13:30:00+00:00,140.94000244140625,143.5500030517578,140.8000030517578,143.45010375976562,59191386
2024-10-25 14:30:00+00:00,143.4600067138672,144.11000061035156,143.02000427246094,143.7299041748047,30457488
2024-10-25 15:30:00+00:00,143.74000549316406,144.0500030517578,143.30999755859375,143.6199951171875,21337436
2024-10-25 16:30:00+00:00,143.61990356445312,143.6300048828125,142.50999450683594,142.5198974609375,16722765
2024-10-25 17:30:00+00:00,142.50999450683594,142.74000549316406,140.94200134277344,141.95989990234375,31614170
2024-10-25 18:30:00+00:00,141.9600067138672,142.29989624023438,141.6750030517578,141.94290161132812,15965833
2024-10-25 19:30:00+00:00,141.94500732421875,142.19000244140625,141.3800048828125,141.47000122070312,13457139
2024-10-28 13:30:00+00:00,142.3697967529297,142.38999938964844,140.88999938964844,141.4600067138672,50535052
2024-10-28 14:30:00+00:00,141.46490478515625,141.6999969482422,140.7899932861328,141.01539611816406,25699061
2024-10-28 15:30:00+00:00,141.02999877929688,141.07000732421875,140.0500030517578,140.5399932861328,23081781
2024-10-28 16:30:00+00:00,140.5399932861328,141.27999877929688,140.17999267578125,141.1699981689453,15707963
2024-10-28 17:30:00+00:00,141.17999267578125,141.49000549316406,141.00999450683594,141.24000549316406,13467263
2024-10-28 18:30:00+00:00,141.24000549316406,141.3300018310547,140.72999572753906,141.23069763183594,12228507
2024-10-28 19:30:00+00:00,141.23500061035156,141.3300018310547,140.39999389648438,140.61000061035156,13105912
2024-10-29 13:30:00+00:00,140.25,140.72999572753906,138.89999389648438,140.3300018310547,41937597
2024-10-29 14:30:00+00:00,140.3300018310547,141.11000061035156,140.1999969482422,141.0388946533203,19797823
2024-10-29 15:30:00+00:00,141.0399932861328,142.0,140.6999969482422,141.6800994873047,18853341
2024-10-29 16:30:00+00:00,141.6959991455078,141.85000610351562,141.19790649414062,141.48500061035156,14274390
2024-10-29 17:30:00+00:00,141.5,141.75990295410156,141.25,141.6999969482422,10575850
2024-10-29 18:30:00+00:00,141.69000244140625,142.2550048828125,141.6199951171875,142.08999633789062,14725585
2024-10-29 19:30:00+00:00,142.0850067138672,142.1387939453125,141.02000427246094,141.1999969482422,13662138
2024-10-30 13:30:00+00:00,139.44000244140625,139.9149932861328,136.80999755859375,139.3699951171875,61262191
2024-10-30 14:30:00+00:00,139.3699951171875,140.17999267578125,138.8300018310547,140.17990112304688,19613802
2024-10-30 15:30:00+00:00,140.1699981689453,140.17999267578125,139.47000122070312,139.55499267578125,14023471
2024-10-30 16:30:00+00:00,139.5699005126953,140.3300018310547,139.36000061035156,139.82989501953125,11933106
2024-10-30 17:30:00+00:00,139.8092041015625,140.27999877929688,138.9600067138672,139.97000122070312,14964589
2024-10-30 18:30:00+00:00,139.9600067138672,140.16000366210938,139.32000732421875,139.4199981689453,12164956
2024-10-30 19:30:00+00:00,139.4149932861328,139.99000549316406,139.1300048828125,139.17999267578125,14161047
2024-10-31 13:30:00+00:00,137.61000061035156,137.61000061035156,132.37010192871094,133.80999755859375,82137383
2024-10-31 14:30:00+00:00,133.80999755859375,134.17999267578125,133.02000427246094,133.83050537109375,31508825
2024-10-31 15:30:00+00:00,133.82000732421875,133.94000244140625,132.3000030517578,133.5850067138672,27711250
2024-10-31 16:30:00+00:00,133.5800018310547,133.83999633789062,133.22999572753906,133.3249969482422,14571145
2024-10-31 17:30:00+00:00,133.3249969482422,133.42999267578125,132.50999450683594,132.64529418945312,17674160
2024-10-31 18:30:00+00:00,132.64990234375,134.0399932861328,132.11300659179688,133.62789916992188,26786914
2024-10-31 19:30:00+00:00,133.6300048828125,134.5500030517578,132.41000366210938,132.69500732421875,25757359
2024-11-01 13:30:00+00:00,134.66000366210938,137.30999755859375,134.57000732421875,137.1739959716797,61795417
2024-11-01 14:30:00+00:00,137.19000244140625,137.2292938232422,135.90049743652344,137.0063018798828,31891433
2024-11-01 15:30:00+00:00,137.00999450683594,137.1300048828125,136.0908966064453,136.4001007080078,16319752
2024-11-01 16:30:00+00:00,136.36000061035156,136.68499755859375,135.5,136.3300018310547,19585389
2024-11-01 17:30:00+00:00,136.3249969482422,136.36000061035156,134.9499969482422,135.4739990234375,18874792
2024-11-01 18:30:00+00:00,135.47909545898438,136.0800018310547,135.3311004638672,135.59500122070312,14485066
2024-11-01 19:30:00+00:00,135.58999633789062,136.02999877929688,135.03500366210938,135.4199981689453,14798805
2024-11-04 14:30:00+00:00,137.25559997558594,137.99530029296875,135.57000732421875,137.8249969482422,60781340
2024-11-04 15:30:00+00:00,137.80999755859375,138.9600067138672,137.2100067138672,138.60609436035156,25903089
2024-11-04 16:30:00+00:00,138.61000061035156,138.72999572753906,137.02999877929688,137.7519989013672,22303822
2024-11-04 17:30:00+00:00,137.75990295410156,138.0800018310547,137.32000732421875,137.77000427246094,15805625
2024-11-04 18:30:00+00:00,137.76499938964844,138.389892578125,137.64999389648438,137.87989807128906,11550013
2024-11-04 19:30:00+00:00,137.8699951171875,138.14999389648438,137.49000549316406,137.5,14224016
2024-11-04 20:30:00+00:00,137.5,137.5500030517578,136.0,136.0800018310547,18100851
2024-11-05 14:30:00+00:00,137.42999267578125,139.35000610351562,137.35000610351562,138.7700958251953,44790395
2024-11-05 15:30:00+00:00,138.78089904785156,139.72999572753906,138.72999572753906,139.64500427246094,18847028
2024-11-05 16:30:00+00:00,139.64999389648438,140.37010192871094,139.6199951171875,139.69039916992188,20776294
2024-11-05 17:30:00+00:00,139.6990966796875,139.97000122070312,139.35000610351562,139.5601043701172,14092325
2024-11-05 18:30:00+00:00,139.57000732421875,140.0,139.0800018310547,139.82000732421875,14137270
2024-11-05 19:30:00+00:00,139.8249969482422,139.9499969482422,139.25010681152344,139.87339782714844,12962335
2024-11-05 20:30:00+00:00,139.86000061035156,139.94000244140625,139.12930297851562,139.91000366210938,14420996
2024-11-06 14:30:00+00:00,142.92999267578125,144.6300048828125,141.9600067138672,144.06500244140625,78272745
2024-11-06 15:30:00+00:00,144.06500244140625,144.30999755859375,143.22999572753906,144.0500030517578,23301199
2024-11-06 16:30:00+00:00,144.05499267578125,145.0,143.89999389648438,144.881103515625,22389081
2024-11-06 17:30:00+00:00,144.8813018798828,146.3350067138672,144.67999267578125,146.1699981689453,33826579
2024-11-06 18:30:00+00:00,146.1699981689453,146.22999572753906,145.4199981689453,146.02000427246094,17108631
2024-11-06 19:30:00+00:00,145.99000549316406,146.49000549316406,145.89999389648438,146.24000549316406,20189742
2024-11-06 20:30:00+00:00,146.24000549316406,146.33999633789062,145.32159423828125,145.6199951171875,18744290
2024-11-07 14:30:00+00:00,146.36000061035156,148.75,146.1699981689453,148.1199951171875,61418565
2024-11-07 15:30:00+00:00,148.125,148.3800048828125,147.2899932861328,147.96180725097656,26539772
2024-11-07 16:30:00+00:00,147.9600067138672,148.29989624023438,147.7100067138672,148.02999877929688,14263951
2024-11-07 17:30:00+00:00,148.02999877929688,148.25,147.4499969482422,147.7899932861328,14763668
2024-11-07 18:30:00+00:00,147.78500366210938,148.4949951171875,147.64999389648438,147.91000366210938,16271871
2024-11-07 19:30:00+00:00,147.9149932861328,148.4799041748047,147.55999755859375,148.27499389648438,22875030
2024-11-07 20:30:00+00:00,148.27000427246094,148.9199981689453,148.05999755859375,148.88999938964844,16759777
2024-11-08 14:30:00+00:00,148.77000427246094,149.75999450683594,146.25999450683594,147.08999633789062,66970756
2024-11-08 15:30:00+00:00,147.0800018310547,147.5800018310547,146.35000610351562,147.25,23309931
2024-11-08 16:30:00+00:00,147.25,147.97000122070312,147.1300048828125,147.52000427246094,15218271
2024-11-08 17:30:00+00:00,147.51499938964844,147.85000610351562,147.22000122070312,147.45989990234375,9951775
2024-11-08 18:30:00+00:00,147.4499969482422,147.72999572753906,147.13009643554688,147.3000030517578,10606342
2024-11-08 19:30:00+00:00,147.2949981689453,147.4499969482422,146.85000610351562,147.25010681152344,12668465
2024-11-08 20:30:00+00:00,147.24000549316406,147.83999633789062,147.11000061035156,147.5,12861470
2024-11-11 14:30:00+00:00,148.67999267578125,148.77000427246094,143.57000732421875,145.0054931640625,69841367
2024-11-11 15:30:00+00:00,145.0,146.49000549316406,145.0,145.4698944091797,24566872
2024-11-11 16:30:00+00:00,145.47000122070312,145.60000610351562,144.69500732421875,144.96009826660156,16148542
2024-11-11 17:30:00+00:00,144.97000122070312,145.60000610351562,144.47000122070312,144.88710021972656,14842047
2024-11-11 18:30:00+00:00,144.88909912109375,145.13999938964844,144.6300048828125,144.69500732421875,10777542
2024-11-11 19:30:00+00:00,144.69410705566406,145.89999389648438,144.6300048828125,145.34500122070312,14414068
2024-11-11 20:30:00+00:00,145.34500122070312,145.6898956298828,144.88499450683594,145.27999877929688,11927016
2024-11-12 14:30:00+00:00,146.73500061035156,149.5500030517578,146.00999450683594,149.22000122070312,64287360
2024-11-12 15:30:00+00:00,149.2100067138672,149.6199951171875,147.92999267578125,148.64500427246094,28277149
2024-11-12 16:30:00+00:00,148.63999938964844,149.3699951171875,147.5500030517578,148.0850067138672,21174825
2024-11-12 17:30:00+00:00,148.07000732421875,148.1300048828125,146.5800018310547,147.1199951171875,19093300
2024-11-12 18:30:00+00:00,147.08900451660156,148.55999755859375,147.0800018310547,148.23089599609375,13856982
2024-11-12 19:30:00+00:00,148.22500610351562,148.7449951171875,147.5500030517578,147.78619384765625,12812037
2024-11-12 20:30:00+00:00,147.77999877929688,148.5299072265625,147.6199951171875,148.39999389648438,14689439
2024-11-13 14:30:00+00:00,149.0500030517578,149.3300018310547,146.72000122070312,147.24400329589844,52875837
2024-11-13 15:30:00+00:00,147.25,147.75999450683594,146.5500030517578,147.3249969482422,20146063
2024-11-13 16:30:00+00:00,147.30349731445312,147.4199981689453,145.89999389648438,146.9600067138672,21527509
2024-11-13 17:30:00+00:00,146.9600067138672,147.33999633789062,146.41000366210938,147.02499389648438,14159243
2024-11-13 18:30:00+00:00,147.02499389648438,147.83999633789062,146.52999877929688,146.8498992919922,14839533
2024-11-13 19:30:00+00:00,146.83999633789062,147.1999053955078,146.35000610351562,146.49000549316406,14872318
2024-11-13 20:30:00+00:00,146.47500610351562,147.0399932861328,145.9499969482422,146.4199981689453,15990383
2024-11-14 14:30:00+00:00,147.2899932861328,148.57000732421875,145.7449951171875,148.31520080566406,54272218
2024-11-14 15:30:00+00:00,148.30999755859375,148.99000549316406,147.69000244140625,148.86500549316406,25106650
2024-11-14 16:30:00+00:00,148.875,149.0,147.67120361328125,147.7550048828125,18098271
2024-11-14 17:30:00+00:00,147.75390625,147.8699951171875,147.27000427246094,147.42750549316406,16034380
2024-11-14 18:30:00+00:00,147.42999267578125,147.52000427246094,146.47000122070312,146.80259704589844,25311371
2024-11-14 19:30:00+00:00,146.8000030517578,147.10519409179688,145.85000610351562,146.16000366210938,19908657
2024-11-14 20:30:00+00:00,146.1699981689453,146.89010620117188,145.75999450683594,146.8000946044922,13599159
2024-11-15 14:30:00+00:00,144.8699951171875,145.24000549316406,141.80999755859375,142.38999938964844,67749741
2024-11-15 15:30:00+00:00,142.3800048828125,143.52999877929688,142.3000030517578,142.97000122070312,26200905
2024-11-15 16:30:00+00:00,142.9600067138672,143.10000610351562,140.83999633789062,141.80999755859375,29495799
2024-11-15 17:30:00+00:00,141.7949981689453,142.19000244140625,140.72000122070312,141.23500061035156,22083629
2024-11-15 18:30:00+00:00,141.22000122070312,141.3361053466797,140.0800018310547,140.1199951171875,24284572
2024-11-15 19:30:00+00:00,140.1300048828125,142.33999633789062,140.10000610351562,142.07000732421875,31079307
2024-11-15 20:30:00+00:00,142.0500030517578,142.31500244140625,141.5449981689453,141.97030639648438,20081701
2024-11-18 14:30:00+00:00,139.83999633789062,140.1300048828125,137.14999389648438,140.00999450683594,74926664
2024-11-18 15:30:00+00:00,140.00999450683594,141.1699981689453,139.63999938964844,141.02999877929688,24675009
2024-11-18 16:30:00+00:00,141.02000427246094,141.27999877929688,139.35000610351562,139.52999877929688,22706788
2024-11-18 17:30:00+00:00,139.52999877929688,140.0500030517578,138.8800048828125,139.843505859375,16132498
2024-11-18 18:30:00+00:00,139.86000061035156,140.39999389648438,139.35299682617188,139.7100067138672,15415554
2024-11-18 19:30:00+00:00,139.72000122070312,141.5500030517578,139.55999755859375,141.5,15272534
2024-11-18 20:30:00+00:00,141.47000122070312,141.5,139.5,140.1999969482422,18040131
2024-11-19 14:30:00+00:00,141.5,143.5500030517578,140.99000549316406,142.97999572753906,59592508
2024-11-19 15:30:00+00:00,142.97000122070312,144.5500030517578,142.77000427246094,143.67999267578125,29728176
2024-11-19 16:30:00+00:00,143.6804962158203,144.16000366210938,143.16000366210938,143.60000610351562,17453921
2024-11-19 17:30:00+00:00,143.60000610351562,144.66000366210938,143.41000366210938,144.60690307617188,16232534
2024-11-19 18:30:00+00:00,144.61000061035156,146.30999755859375,144.50999450683594,146.03460693359375,25125970
2024-11-19 19:30:00+00:00,146.03500366210938,146.97000122070312,145.77999877929688,146.63490295410156,26511111
2024-11-19 20:30:00+00:00,146.6300048828125,147.1300048828125,146.1300048828125,146.99000549316406,21863148
2024-11-20 14:30:00+00:00,146.36000061035156,147.3800048828125,142.72999572753906,143.83450317382812,70469342
2024-11-20 15:30:00+00:00,143.8300018310547,146.5800018310547,143.7899932861328,144.7899932861328,39712714
2024-11-20 16:30:00+00:00,144.81080627441406,146.22000122070312,144.1999969482422,145.3101043701172,28787398
2024-11-20 17:30:00+00:00,145.31500244140625,145.5,144.3800048828125,145.02099609375,19184166
2024-11-20 18:30:00+00:00,145.02000427246094,145.0500030517578,143.24000549316406,143.47000122070312,22144642
2024-11-20 19:30:00+00:00,143.4600067138672,144.57000732421875,143.41000366210938,144.47000122070312,25982186
2024-11-20 20:30:00+00:00,144.4600067138672,146.16000366210938,144.4510955810547,145.92999267578125,29516785
2024-11-21 14:30:00+00:00,149.31500244140625,152.88999938964844,141.02000427246094,141.1959991455078,161308642
2024-11-21 15:30:00+00:00,141.1522979736328,145.08990478515625,140.6999969482422,144.98199462890625,53973735
2024-11-21 16:30:00+00:00,144.99000549316406,145.4550018310547,143.14999389648438,144.27999877929688,36124960
2024-11-21 17:30:00+00:00,144.30999755859375,145.4199981689453,143.7100067138672,145.17999267578125,25072264
2024-11-21 18:30:00+00:00,145.1999969482422,147.61000061035156,145.19000244140625,147.10159301757812,40308019
2024-11-21 19:30:00+00:00,147.10989379882812,148.5500030517578,146.9499969482422,148.1750030517578,34275796
2024-11-21 20:30:00+00:00,148.1750030517578,148.42999267578125,146.3000030517578,146.6300048828125,24086105
2024-11-22 14:30:00+00:00,145.91000366210938,147.16000366210938,142.4600067138672,142.7449951171875,72309140
2024-11-22 15:30:00+00:00,142.75999450683594,143.88999938964844,142.00999450683594,142.2799072265625,35885016
2024-11-22 16:30:00+00:00,142.27999877929688,142.3800048828125,141.5301055908203,142.09719848632812,29752903
2024-11-22 17:30:00+00:00,142.08999633789062,142.3300018310547,141.7899932861328,141.99000549316406,17601923
2024-11-22 18:30:00+00:00,141.98500061035156,142.1699981689453,141.10000610351562,141.4600067138672,21078391
2024-11-22 19:30:00+00:00,141.46499633789062,142.22000122070312,141.43089294433594,142.0,20326048
2024-11-22 20:30:00+00:00,141.99989318847656,142.1300048828125,141.47999572753906,141.89999389648438,18195187
2024-11-25 14:30:00+00:00,141.97000122070312,142.0500030517578,136.49000549316406,137.1699981689453,93964898
2024-11-25 15:30:00+00:00,137.13999938964844,138.33999633789062,136.22000122070312,138.279296875,36654509
2024-11-25 16:30:00+00:00,138.28500366210938,138.66000366210938,136.63999938964844,136.96200561523438,26386230
2024-11-25 17:30:00+00:00,136.9698944091797,137.88999938964844,136.4499969482422,137.0897979736328,25854910
2024-11-25 18:30:00+00:00,137.0800018310547,137.1999969482422,136.3000030517578,136.927001953125,21813470
2024-11-25 19:30:00+00:00,136.9199981689453,137.4149932861328,136.35000610351562,136.72500610351562,20414076
2024-11-25 20:30:00+00:00,136.72999572753906,137.14830017089844,135.82000732421875,135.94000244140625,25894894
2024-11-26 14:30:00+00:00,137.69000244140625,139.3000030517578,136.30999755859375,136.96310424804688,69441466
2024-11-26 15:30:00+00:00,136.97999572753906,137.1699981689453,136.1699981689453,136.9250030517578,27336608
2024-11-26 16:30:00+00:00,136.91000366210938,137.13999938964844,136.47999572753906,136.81619262695312,15867762
2024-11-26 17:30:00+00:00,136.8249969482422,137.10000610351562,136.375,136.63499450683594,12135169
2024-11-26 18:30:00+00:00,136.6300048828125,136.85499572753906,135.6699981689453,135.9600067138672,14953767
2024-11-26 19:30:00+00:00,135.9499969482422,136.84500122070312,135.80999755859375,136.83990478515625,13655903
2024-11-26 20:30:00+00:00,136.8350067138672,137.10000610351562,136.55999755859375,136.82000732421875,13840913
2024-11-27 14:30:00+00:00,135.00999450683594,135.1199951171875,132.25,132.35989379882812,72333292
2024-11-27 15:30:00+00:00,132.3780975341797,133.0800018310547,132.0,132.4149932861328,34349238
2024-11-27 16:30:00+00:00,132.41000366210938,132.7899932861328,131.89999389648438,132.59500122070312,20553359
2024-11-27 17:30:00+00:00,132.58999633789062,133.65989685058594,132.22999572753906,133.65989685058594,17619519
2024-11-27 18:30:00+00:00,133.65089416503906,134.57000732421875,133.6199951171875,134.14999389648438,19717594
2024-11-27 19:30:00+00:00,134.14500427246094,135.1699981689453,133.97999572753906,134.4398956298828,19235243
2024-11-27 20:30:00+00:00,134.43499755859375,135.4199981689453,134.17999267578125,135.4199981689453,14427684
2024-11-29 14:30:00+00:00,136.85000610351562,139.35000610351562,136.0500030517578,138.6750030517578,57723304
2024-11-29 15:30:00+00:00,138.6699981689453,139.14999389648438,138.1999969482422,138.35000610351562,23606266
2024-11-29 16:30:00+00:00,138.35000610351562,139.0800018310547,138.1300048828125,138.82000732421875,19259852
2024-12-02 14:30:00+00:00,138.83999633789062,140.4499969482422,138.08999633789062,139.1699981689453,53770929
2024-12-02 15:30:00+00:00,139.16000366210938,139.27000427246094,138.3000030517578,138.99400329589844,21944827
2024-12-02 16:30:00+00:00,138.98989868164062,139.64990234375,138.72000122070312,139.1649932861328,14733385
2024-12-02 17:30:00+00:00,139.1699981689453,139.22999572753906,138.2899932861328,138.2949981689453,13513148
2024-12-02 18:30:00+00:00,138.3000030517578,138.83999633789062,137.8249969482422,138.12860107421875,14799496
2024-12-02 19:30:00+00:00,138.1260986328125,138.8699951171875,138.0800018310547,138.79879760742188,10879220
2024-12-02 20:30:00+00:00,138.7949981689453,138.88999938964844,137.88999938964844,138.63999938964844,14377830
2024-12-03 14:30:00+00:00,138.31500244140625,140.5399932861328,137.9499969482422,138.5299072265625,44241821
2024-12-03 15:30:00+00:00,138.52999877929688,139.39999389648438,138.10000610351562,139.17919921875,20134225
2024-12-03 16:30:00+00:00,139.18499755859375,139.4499969482422,138.4949951171875,138.77999877929688,19621458
2024-12-03 17:30:00+00:00,138.78500366210938,139.44000244140625,138.50999450683594,139.05870056152344,14091472
2024-12-03 18:30:00+00:00,139.0500030517578,139.39999389648438,138.9199981689453,139.26589965820312,9524141
2024-12-03 19:30:00+00:00,139.27000427246094,140.27999877929688,139.26499938964844,140.22999572753906,15387277
2024-12-03 20:30:00+00:00,140.22360229492188,140.27999877929688,139.72000122070312,140.25,15928668
2024-12-04 14:30:00+00:00,142.02000427246094,142.6300048828125,140.2899932861328,141.8000030517578,50608437
2024-12-04 15:30:00+00:00,141.8000030517578,143.0,141.6199951171875,142.9499969482422,24494468
2024-12-04 16:30:00+00:00,142.94110107421875,144.5800018310547,142.91000366210938,144.5749969482422,32275847
2024-12-04 17:30:00+00:00,144.5749969482422,144.6199951171875,143.80999755859375,143.83009338378906,21547289
2024-12-04 18:30:00+00:00,143.83380126953125,145.52000427246094,143.7530059814453,145.5050048828125,24719833
2024-12-04 19:30:00+00:00,145.5050048828125,145.7899932861328,145.25999450683594,145.3800048828125,24269319
2024-12-04 20:30:00+00:00,145.3699951171875,145.6699981689453,144.5800018310547,145.13819885253906,20550348
2024-12-05 14:30:00+00:00,144.25100708007812,145.9600067138672,143.9499969482422,144.61000061035156,47984197
2024-12-05 15:30:00+00:00,144.610107421875,146.19000244140625,144.24000549316406,145.94500732421875,23943465
2024-12-05 16:30:00+00:00,145.94979858398438,146.5399932861328,145.75999450683594,146.0,18441563
2024-12-05 17:30:00+00:00,145.99000549316406,146.17990112304688,144.66000366210938,144.9199981689453,18051433
2024-12-05 18:30:00+00:00,144.9149932861328,145.1710968017578,144.30999755859375,144.87600708007812,15370696
2024-12-05 19:30:00+00:00,144.86000061035156,145.5,144.85000610351562,144.98989868164062,12772741
2024-12-05 20:30:00+00:00,144.97999572753906,145.25,144.8800048828125,145.00999450683594,12218215
2024-12-06 14:30:00+00:00,144.6300048828125,145.6999969482422,144.1750030517578,144.5500030517578,44083095
2024-12-06 15:30:00+00:00,144.5500030517578,144.7050018310547,141.72000122070312,142.69000244140625,35632112
2024-12-06 16:30:00+00:00,142.67999267578125,143.22999572753906,141.30999755859375,142.91099548339844,27987480
2024-12-06 17:30:00+00:00,142.91709899902344,142.92999267578125,142.02999877929688,142.6708984375,14468084
2024-12-06 18:30:00+00:00,142.67990112304688,142.6999969482422,142.17999267578125,142.5850067138672,11155484
2024-12-06 19:30:00+00:00,142.58999633789062,142.7100067138672,141.8800048828125,142.10499572753906,13885046
2024-12-06 20:30:00+00:00,142.10499572753906,142.47999572753906,141.7899932861328,142.39999389648438,14636169
2024-12-09 14:30:00+00:00,138.0,139.9499969482422,137.80999755859375,138.66000366210938,63026259
2024-12-09 15:30:00+00:00,138.66000366210938,138.86729431152344,137.1300048828125,138.08999633789062,31012042
2024-12-09 16:30:00+00:00,138.08999633789062,138.7100067138672,137.8800048828125,138.4499969482422,14990840
2024-12-09 17:30:00+00:00,138.4550018310547,139.7830047607422,138.43040466308594,139.56500244140625,14749724
2024-12-09 18:30:00+00:00,139.57000732421875,139.83999633789062,138.63999938964844,138.67999267578125,11428516
2024-12-09 19:30:00+00:00,138.69000244140625,138.77000427246094,138.0500030517578,138.28500366210938,12452486
2024-12-09 20:30:00+00:00,138.3000030517578,139.13999938964844,138.24989318847656,138.80499267578125,11453233
2024-12-10 14:30:00+00:00,138.89999389648438,141.82000732421875,138.80999755859375,140.07000732421875,46374574
2024-12-10 15:30:00+00:00,140.05999755859375,140.16000366210938,137.07000732421875,137.17990112304688,29845197
2024-12-10 16:30:00+00:00,137.19000244140625,137.25999450683594,135.764892578125,136.2899932861328,26121686
2024-12-10 17:30:00+00:00,136.2899932861328,136.85000610351562,135.96009826660156,136.41000366210938,13846109
2024-12-10 18:30:00+00:00,136.41000366210938,136.64999389648438,135.6300048828125,135.88999938964844,14589609
2024-12-10 19:30:00+00:00,135.88009643554688,135.9694061279297,133.8000030517578,134.5800018310547,28768670
2024-12-10 20:30:00+00:00,134.58999633789062,135.3800048828125,134.44000244140625,135.0,19039483
2024-12-11 14:30:00+00:00,137.20010375976562,138.0500030517578,135.2100067138672,136.2050018310547,48972591
2024-12-11 15:30:00+00:00,136.197998046875,137.7100067138672,135.42999267578125,137.64999389648438,22757958
2024-12-11 16:30:00+00:00,137.64999389648438,139.0500030517578,137.17999267578125,138.6300048828125,21971597
2024-12-11 17:30:00+00:00,138.639892578125,139.17999267578125,138.22999572753906,139.17880249023438,14256316
2024-12-11 18:30:00+00:00,139.17979431152344,139.92999267578125,139.10000610351562,139.45449829101562,16419617
2024-12-11 19:30:00+00:00,139.4503936767578,140.1699981689453,139.35000610351562,140.11160278320312,18622791
2024-12-11 20:30:00+00:00,140.11500549316406,140.11500549316406,138.94000244140625,139.27000427246094,13537749
2024-12-12 14:30:00+00:00,137.10000610351562,137.5500030517578,135.8000030517578,136.6739959716797,52104111
2024-12-12 15:30:00+00:00,136.66000366210938,137.52999877929688,136.3800048828125,136.72000122070312,18884134
2024-12-12 16:30:00+00:00,136.72999572753906,137.38999938964844,136.09010314941406,137.37010192871094,13556780
2024-12-12 17:30:00+00:00,137.3699951171875,138.41000366210938,136.9499969482422,138.2050018310547,16490344
2024-12-12 18:30:00+00:00,138.2050018310547,138.25,137.32000732421875,137.96090698242188,13279870
2024-12-12 19:30:00+00:00,137.9600067138672,138.1199951171875,137.27000427246094,137.38499450683594,11982914
2024-12-12 20:30:00+00:00,137.38999938964844,137.75,137.0,137.30999755859375,9286520
2024-12-13 14:30:00+00:00,139.0,139.60000610351562,136.4499969482422,136.49000549316406,49347246
2024-12-13 15:30:00+00:00,136.50999450683594,137.0,132.5399932861328,132.9499969482422,55221021
2024-12-13 16:30:00+00:00,132.9517059326172,134.14999389648438,132.89999389648438,133.27999877929688,31987618
2024-12-13 17:30:00+00:00,133.3000030517578,134.52999877929688,132.85000610351562,134.5294952392578,18658386
2024-12-13 18:30:00+00:00,134.52499389648438,134.75,133.9499969482422,134.63479614257812,14065097
2024-12-13 19:30:00+00:00,134.63229370117188,134.9199981689453,133.64999389648438,133.98699951171875,22835599
2024-12-13 20:30:00+00:00,133.97999572753906,134.30999755859375,133.72000122070312,134.22000122070312,14372220
2024-12-16 14:30:00+00:00,134.1649932861328,134.39999389648438,130.4199981689453,132.29010009765625,73858692
2024-12-16 15:30:00+00:00,132.3000030517578,132.4600067138672,130.88999938964844,130.92990112304688,27169378
2024-12-16 16:30:00+00:00,130.92010498046875,131.57000732421875,130.44000244140625,130.96299743652344,23176778
2024-12-16 17:30:00+00:00,130.9600067138672,132.0399932861328,130.82000732421875,131.3184051513672,19102314
2024-12-16 18:30:00+00:00,131.30999755859375,131.77999877929688,130.7100067138672,131.61000061035156,23414928
2024-12-16 19:30:00+00:00,131.6300048828125,132.77999877929688,131.58999633789062,132.39999389648438,22170031
2024-12-16 20:30:00+00:00,132.38999938964844,132.44000244140625,131.52000427246094,131.99000549316406,16535776
2024-12-17 14:30:00+00:00,129.0,129.61000061035156,126.86000061035156,127.62000274658203,87462311
2024-12-17 15:30:00+00:00,127.62000274658203,129.3000030517578,127.62000274658203,128.99000549316406,33645194
2024-12-17 16:30:00+00:00,128.97999572753906,131.2100067138672,128.80999755859375,131.19000244140625,30929782
2024-12-17 17:30:00+00:00,131.1999969482422,131.58999633789062,129.7100067138672,129.72430419921875,20569000
2024-12-17 18:30:00+00:00,129.72500610351562,130.1999053955078,129.25,129.89999389648438,16935727
2024-12-17 19:30:00+00:00,129.89999389648438,130.00999450683594,129.10000610351562,129.3249053955078,15589185
2024-12-17 20:30:00+00:00,129.3249969482422,130.41000366210938,128.82000732421875,130.35000610351562,19970966
2024-12-18 14:30:00+00:00,133.8699951171875,135.77999877929688,132.80999755859375,135.56370544433594,63894115
2024-12-18 15:30:00+00:00,135.5601043701172,136.6999969482422,134.9550018310547,135.25,33075633
2024-12-18 16:30:00+00:00,135.27000427246094,135.86000061035156,134.66000366210938,135.61500549316406,18318841
2024-12-18 17:30:00+00:00,135.61990356445312,136.4199981689453,135.11000061035156,135.98500061035156,14292090
2024-12-18 18:30:00+00:00,135.97999572753906,136.3350067138672,133.74000549316406,133.8699951171875,24494848
2024-12-18 19:30:00+00:00,133.8520050048828,134.4499969482422,130.7899932861328,130.97000122070312,33555951
2024-12-18 20:30:00+00:00,130.9550018310547,131.57989501953125,128.27999877929688,128.7100067138672,36863879
2024-12-19 14:30:00+00:00,131.72000122070312,132.05999755859375,129.8217010498047,130.22000122070312,56394762
2024-12-19 15:30:00+00:00,130.22000122070312,133.44000244140625,129.5500030517578,133.14990234375,33593760
2024-12-19 16:30:00+00:00,133.1199951171875,134.02999877929688,131.4499969482422,131.61729431152344,22742846
2024-12-19 17:30:00+00:00,131.60499572753906,132.58999633789062,131.52000427246094,131.74000549316406,18404115
2024-12-19 18:30:00+00:00,131.7449951171875,132.9499969482422,131.57000732421875,132.0408935546875,13856362
2024-12-19 19:30:00+00:00,132.05999755859375,132.08999633789062,130.9499969482422,131.57009887695312,15554561
2024-12-19 20:30:00+00:00,131.58999633789062,131.89999389648438,130.3000030517578,130.6719970703125,15479724
2024-12-20 14:30:00+00:00,129.80999755859375,132.5,128.22000122070312,132.44679260253906,73961621
2024-12-20 15:30:00+00:00,132.4405059814453,134.14999389648438,132.36000061035156,133.91000366210938,32066759
2024-12-20 16:30:00+00:00,133.91000366210938,135.00999450683594,133.82000732421875,134.98489379882812,25135974
2024-12-20 17:30:00+00:00,134.97999572753906,135.27999877929688,133.5399932861328,133.69000244140625,20457543
2024-12-20 18:30:00+00:00,133.6970977783203,134.99000549316406,133.5800018310547,134.92970275878906,16952324
2024-12-20 19:30:00+00:00,134.9199981689453,135.02999877929688,133.6999969482422,133.889892578125,18593721
2024-12-20 20:30:00+00:00,133.88999938964844,135.00999450683594,132.89999389648438,134.9600067138672,24109566
2024-12-23 14:30:00+00:00,136.27999877929688,137.82000732421875,135.12010192871094,136.1999969482422,49997537
2024-12-23 15:30:00+00:00,136.1999969482422,137.50999450683594,135.8300018310547,137.25990295410156,19313071
2024-12-23 16:30:00+00:00,137.25,138.47000122070312,136.85000610351562,137.92999267578125,18596455
2024-12-23 17:30:00+00:00,137.92999267578125,139.0,137.7550048828125,138.52999877929688,16154943
2024-12-23 18:30:00+00:00,138.53990173339844,139.6999969482422,138.52000427246094,139.35000610351562,17563953
2024-12-23 19:30:00+00:00,139.3592071533203,139.52000427246094,138.33999633789062,139.05999755859375,18497265
2024-12-23 20:30:00+00:00,139.07000732421875,139.7899932861328,138.88999938964844,139.65499877929688,14565048
2024-12-24 14:30:00+00:00,139.89500427246094,141.89999389648438,139.310302734375,140.82009887695312,44242434
2024-12-24 15:30:00+00:00,140.8300018310547,141.40989685058594,140.25999450683594,141.39500427246094,19811591
2024-12-24 16:30:00+00:00,141.39999389648438,141.39999389648438,140.4600067138672,140.76449584960938,14936424
2024-12-26 14:30:00+00:00,139.52499389648438,140.85000610351562,137.72999572753906,138.72000122070312,38224769
2024-12-26 15:30:00+00:00,138.7100067138672,139.66000366210938,138.406005859375,139.3699951171875,16077919
2024-12-26 16:30:00+00:00,139.360107421875,140.44000244140625,139.22999572753906,139.94009399414062,13461581
2024-12-26 17:30:00+00:00,139.9600067138672,140.39999389648438,139.36000061035156,140.22000122070312,11051236
2024-12-26 18:30:00+00:00,140.2100067138672,140.35000610351562,139.85000610351562,139.99000549316406,9968537
2024-12-26 19:30:00+00:00,140.0,140.2899932861328,139.85000610351562,140.1649932861328,8107739
2024-12-26 20:30:00+00:00,140.14999389648438,140.27999877929688,139.82000732421875,139.88999938964844,8622750
2024-12-27 14:30:00+00:00,138.55499267578125,139.02000427246094,134.7100067138672,135.639892578125,51034871
2024-12-27 15:30:00+00:00,135.63499450683594,136.8699951171875,135.14999389648438,136.86380004882812,21330869
2024-12-27 16:30:00+00:00,136.86000061035156,136.92999267578125,135.17999267578125,135.6999969482422,18977464
2024-12-27 17:30:00+00:00,135.6999969482422,136.5699005126953,135.36000061035156,135.95989990234375,14807348
2024-12-27 18:30:00+00:00,135.94119262695312,136.8300018310547,135.85499572753906,136.23129272460938,11959118
2024-12-27 19:30:00+00:00,136.22999572753906,136.99000549316406,136.16000366210938,136.76849365234375,14163644
2024-12-27 20:30:00+00:00,136.77000427246094,137.13999938964844,136.3000030517578,137.13999938964844,16695144
2024-12-30 14:30:00+00:00,135.1343994140625,138.6699981689453,134.02000427246094,136.7100067138672,51292533
2024-12-30 15:30:00+00:00,136.6999969482422,138.2899932861328,136.64999389648438,137.55990600585938,21647966
2024-12-30 16:30:00+00:00,137.5500030517578,139.07000732421875,137.39239501953125,139.02000427246094,15602989
2024-12-30 17:30:00+00:00,139.02999877929688,140.27000427246094,138.89999389648438,139.5500030517578,22612504
2024-12-30 18:30:00+00:00,139.5399932861328,139.94000244140625,138.83999633789062,139.01100158691406,14240428
2024-12-30 19:30:00+00:00,139.02000427246094,139.5,138.57000732421875,138.5998992919922,14145908
2024-12-30 20:30:00+00:00,138.60000610351562,138.8249969482422,137.3800048828125,137.41000366210938,13996718
2024-12-31 14:30:00+00:00,137.60000610351562,137.7899932861328,135.6699981689453,137.47000122070312,37279333
2024-12-31 15:30:00+00:00,137.49000549316406,137.625,135.0800018310547,135.11000061035156,19151346
2024-12-31 16:30:00+00:00,135.10000610351562,136.1999969482422,134.92999267578125,135.0500030517578,16280814
2024-12-31 17:30:00+00:00,135.02999877929688,135.72239685058594,134.25599670410156,134.42999267578125,16882852
2024-12-31 18:30:00+00:00,134.4398956298828,134.8350067138672,133.83160400390625,134.1199951171875,14681046
2024-12-31 19:30:00+00:00,134.1199951171875,135.6199951171875,133.88999938964844,135.4615020751953,16433112
2024-12-31 20:30:00+00:00,135.4499969482422,135.5699005126953,134.0,134.2899932861328,16463481
2025-01-02 14:30:00+00:00,136.39999389648438,138.3699951171875,134.6300048828125,136.97999572753906,57155225
2025-01-02 15:30:00+00:00,136.97999572753906,138.07000732421875,136.41000366210938,137.92129516601562,22385014
2025-01-02 16:30:00+00:00,137.9199981689453,138.8800048828125,136.9114990234375,137.00999450683594,22996889
2025-01-02 17:30:00+00:00,137.0,137.00970458984375,135.16000366210938,136.36990356445312,23813747
2025-01-02 18:30:00+00:00,136.35499572753906,137.36000061035156,135.52999877929688,137.3022003173828,15287714
2025-01-02 19:30:00+00:00,137.2899932861328,138.0399932861328,136.64999389648438,137.9149932861328,16465639
2025-01-02 20:30:00+00:00,137.92999267578125,138.62600708007812,137.30999755859375,138.27999877929688,14882303
2025-01-03 14:30:00+00:00,140.02000427246094,144.2198944091797,139.77000427246094,143.11270141601562,79451070
2025-01-03 15:30:00+00:00,143.1199951171875,143.72000122070312,142.75289916992188,143.46009826660156,27317067
2025-01-03 16:30:00+00:00,143.47000122070312,144.1300048828125,143.1800994873047,143.6802978515625,19087152
2025-01-03 17:30:00+00:00,143.69000244140625,144.74000549316406,143.63999938964844,144.49530029296875,20329289
2025-01-03 18:30:00+00:00,144.5,144.89999389648438,143.82000732421875,144.37100219726562,19539730
2025-01-03 19:30:00+00:00,144.3699951171875,144.5500030517578,144.0399932861328,144.32000732421875,15989401
2025-01-03 20:30:00+00:00,144.3000030517578,144.72000122070312,144.05999755859375,144.58999633789062,17801822
2025-01-06 14:30:00+00:00,148.5601043701172,151.6999969482422,148.10499572753906,151.5312042236328,91209338
2025-01-06 15:30:00+00:00,151.52000427246094,152.156005859375,151.03500366210938,151.8887939453125,34157939
2025-01-06 16:30:00+00:00,151.8800048828125,151.91859436035156,150.88999938964844,151.3096923828125,21844568
2025-01-06 17:30:00+00:00,151.30189514160156,151.85000610351562,150.80999755859375,151.6750030517578,19322484
2025-01-06 18:30:00+00:00,151.66879272460938,151.83889770507812,149.66000366210938,150.2949981689453,23113785
2025-01-06 19:30:00+00:00,150.3000030517578,150.6199951171875,149.3699951171875,150.52499389648438,18639381
2025-01-06 20:30:00+00:00,150.52000427246094,150.8300018310547,148.2550048828125,149.51010131835938,25098803
2025-01-07 14:30:00+00:00,152.1999969482422,152.36000061035156,143.73440551757812,143.7899932861328,115634781
2025-01-07 15:30:00+00:00,142.9199981689453,143.1300048828125,140.44000244140625,142.76669311523438,80981326
2025-01-07 16:30:00+00:00,142.75999450683594,149.42999267578125,141.1199951171875,141.4290008544922,32583750
2025-01-07 17:30:00+00:00,141.42999267578125,143.4499969482422,141.30999755859375,143.11500549316406,23029395
2025-01-07 18:30:00+00:00,143.11000061035156,143.1699981689453,141.39999389648438,141.64010620117188,18605910
2025-01-07 19:30:00+00:00,141.64500427246094,141.66000366210938,140.44000244140625,140.60499572753906,24935062
2025-01-07 20:30:00+00:00,140.61000061035156,141.3000030517578,140.00999450683594,140.1199951171875,25410017
2025-01-08 14:30:00+00:00,142.66000366210938,143.9499969482422,139.4300994873047,140.58999633789062,79113578
2025-01-08 15:30:00+00:00,140.5800018310547,141.5,139.42999267578125,140.031005859375,27638578
2025-01-08 16:30:00+00:00,140.0399932861328,140.85000610351562,138.02999877929688,138.1298065185547,21229554
2025-01-08 17:30:00+00:00,138.13999938964844,140.85000610351562,137.88999938964844,140.6199951171875,22854066
2025-01-08 18:30:00+00:00,140.6199951171875,141.02000427246094,139.57000732421875,140.7100067138672,21783866
2025-01-08 19:30:00+00:00,140.6999969482422,140.6999969482422,139.70010375976562,139.9989013671875,15800747
2025-01-08 20:30:00+00:00,139.97999572753906,140.27000427246094,139.77999877929688,140.05999755859375,12892815
2025-01-10 14:30:00+00:00,137.3699951171875,137.6750030517578,134.22000122070312,136.15130615234375,71482682
2025-01-10 15:30:00+00:00,136.15899658203125,137.4199981689453,135.1199951171875,135.6199951171875,30235066
2025-01-10 16:30:00+00:00,135.61000061035156,136.1999969482422,135.0,136.1699981689453,19282492
2025-01-10 17:30:00+00:00,136.16000366210938,136.89500427246094,136.10000610351562,136.52999877929688,15418478
2025-01-10 18:30:00+00:00,136.52000427246094,137.10989379882812,135.77000427246094,136.24000549316406,15407385
2025-01-10 19:30:00+00:00,136.22999572753906,136.46670532226562,135.42140197753906,135.64999389648438,14690719
2025-01-10 20:30:00+00:00,135.63999938964844,136.1300048828125,135.4199981689453,135.86000061035156,13963294
2025-01-13 14:30:00+00:00,131.61000061035156,132.61000061035156,129.6300048828125,130.74989318847656,78759504
2025-01-13 15:30:00+00:00,130.72000122070312,133.11000061035156,130.72000122070312,131.63499450683594,27363869
2025-01-13 16:30:00+00:00,131.6300048828125,132.83999633789062,131.13999938964844,132.6300048828125,19761358
2025-01-13 17:30:00+00:00,132.6300048828125,132.91000366210938,131.9550018310547,132.51499938964844,13032729
2025-01-13 18:30:00+00:00,132.52000427246094,132.6300048828125,131.57000732421875,132.2949981689453,13159817
2025-01-13 19:30:00+00:00,132.29949951171875,132.639892578125,131.94000244140625,132.1907958984375,14548338
2025-01-13 20:30:00+00:00,132.1999969482422,133.49000549316406,132.16000366210938,133.24000549316406,14212783
2025-01-14 14:30:00+00:00,136.05999755859375,136.3800048828125,132.514404296875,132.55999755859375,56314616
2025-01-14 15:30:00+00:00,132.55999755859375,132.9503936767578,130.32000732421875,130.9810028076172,37323371
2025-01-14 16:30:00+00:00,130.99000549316406,131.24000549316406,130.4499969482422,131.1300048828125,16714373
2025-01-14 17:30:00+00:00,131.13499450683594,131.7899932861328,130.5800018310547,131.656005859375,14111137
2025-01-14 18:30:00+00:00,131.6558074951172,132.36000061035156,131.4600067138672,131.7050018310547,16793453
2025-01-14 19:30:00+00:00,131.70950317382812,132.0399932861328,130.0500030517578,130.79580688476562,21614619
2025-01-14 20:30:00+00:00,130.7949981689453,131.85000610351562,130.4600067138672,131.85000610351562,15064220
2025-01-15 14:30:00+00:00,133.6300048828125,134.5500030517578,131.2899932861328,134.1999969482422,53514058
2025-01-15 15:30:00+00:00,134.2100067138672,135.58999633789062,133.94000244140625,134.389892578125,28196095
2025-01-15 16:30:00+00:00,134.3800048828125,134.91000366210938,133.49000549316406,134.8813018798828,18294033
2025-01-15 17:30:00+00:00,134.88499450683594,135.74989318847656,134.86000061035156,135.5247039794922,17977109
2025-01-15 18:30:00+00:00,135.52870178222656,135.97000122070312,135.12010192871094,135.9398956298828,12270239
2025-01-15 19:30:00+00:00,135.9385986328125,136.24000549316406,135.25999450683594,136.06700134277344,15108793
2025-01-15 20:30:00+00:00,136.05999755859375,136.4250030517578,135.7100067138672,136.1999969482422,14667621
2025-01-16 14:30:00+00:00,137.5,138.6999969482422,136.29409790039062,137.1999969482422,59855103
2025-01-16 15:30:00+00:00,137.2050018310547,137.3800048828125,135.11000061035156,135.24000549316406,26007675
2025-01-16 16:30:00+00:00,135.25,135.61000061035156,134.11000061035156,135.56570434570312,22592545
2025-01-16 17:30:00+00:00,135.57000732421875,135.6699981689453,134.24000549316406,134.25999450683594,12856152
2025-01-16 18:30:00+00:00,134.25999450683594,135.32000732421875,133.5500030517578,135.125,26434872
2025-01-16 19:30:00+00:00,135.1300048828125,135.8686065673828,134.99000549316406,135.20010375976562,16984829
2025-01-16 20:30:00+00:00,135.2050018310547,135.35000610351562,133.5,133.55999755859375,16315423
2025-01-17 14:30:00+00:00,135.94149780273438,137.6291046142578,135.47000122070312,136.75,65138447
2025-01-17 15:30:00+00:00,136.75,138.24000549316406,136.7200927734375,138.1291961669922,27166921
2025-01-17 16:30:00+00:00,138.13499450683594,138.2200927734375,137.65379333496094,137.968505859375,19344161
2025-01-17 17:30:00+00:00,137.96499633789062,138.5,137.5800018310547,138.25999450683594,13857648
2025-01-17 18:30:00+00:00,138.25999450683594,138.30999755859375,137.47000122070312,138.08999633789062,15651447
2025-01-17 19:30:00+00:00,138.0800018310547,138.1649932861328,137.30999755859375,137.68499755859375,16654190
2025-01-17 20:30:00+00:00,137.67999267578125,138.10000610351562,137.52999877929688,137.72999572753906,15314643
2025-01-21 14:30:00+00:00,139.16000366210938,140.2100067138672,137.08999633789062,138.5166015625,52007076
2025-01-21 15:30:00+00:00,138.50999450683594,139.22000122070312,138.1300048828125,138.97999572753906,17474761
2025-01-21 16:30:00+00:00,138.9700927734375,139.49000549316406,138.3300018310547,139.33009338378906,12989005
2025-01-21 17:30:00+00:00,139.35000610351562,141.8300018310547,139.2899932861328,141.57960510253906,26808979
2025-01-21 18:30:00+00:00,141.5800018310547,141.75999450683594,140.76260375976562,141.27999877929688,17160453
2025-01-21 19:30:00+00:00,141.28750610351562,141.58999633789062,140.94000244140625,141.5800018310547,14044572
2025-01-21 20:30:00+00:00,141.5749969482422,141.72000122070312,140.5800018310547,140.8300018310547,13699719
2025-01-22 14:30:00+00:00,144.75,147.42999267578125,143.6699981689453,146.37890625,82029594
2025-01-22 15:30:00+00:00,146.375,147.17999267578125,145.5500030517578,146.0050048828125,31356657
2025-01-22 16:30:00+00:00,146.00990295410156,146.92990112304688,145.6999969482422,146.75929260253906,21005879
2025-01-22 17:30:00+00:00,146.75970458984375,147.10000610351562,146.3800048828125,146.60000610351562,15569337
2025-01-22 18:30:00+00:00,146.59500122070312,147.7100067138672,146.5399932861328,147.37010192871094,22193366
2025-01-22 19:30:00+00:00,147.3800048828125,147.7899932861328,147.02999877929688,147.05810546875,18442995
2025-01-22 20:30:00+00:00,147.05499267578125,147.4499969482422,146.6999969482422,147.0399932861328,17907158
2025-01-23 14:30:00+00:00,145.02000427246094,145.92999267578125,143.72000122070312,145.2899932861328,49364950
2025-01-23 15:30:00+00:00,145.29049682617188,146.2899932861328,145.0500030517578,145.71499633789062,21234259
2025-01-23 16:30:00+00:00,145.7100067138672,146.3199005126953,145.27999877929688,145.3800048828125,12997316
2025-01-23 17:30:00+00:00,145.38499450683594,146.11000061035156,144.97999572753906,145.90499877929688,12459325
2025-01-23 18:30:00+00:00,145.89999389648438,146.72000122070312,145.8800048828125,146.58990478515625,12121155
2025-01-23 19:30:00+00:00,146.58999633789062,146.86000061035156,146.0,146.47999572753906,15219675
2025-01-23 20:30:00+00:00,146.47500610351562,147.22999572753906,146.07000732421875,147.1999969482422,15857774
2025-01-24 14:30:00+00:00,148.5,148.5395050048828,145.75999450683594,146.0500030517578,63266630
2025-01-24 15:30:00+00:00,146.0399932861328,146.57000732421875,144.9199981689453,145.1999969482422,27036979
2025-01-24 16:30:00+00:00,145.19000244140625,145.39999389648438,144.13999938964844,144.43499755859375,22004122
2025-01-24 17:30:00+00:00,144.42999267578125,144.6154022216797,142.6199951171875,143.38999938964844,25876751
2025-01-24 18:30:00+00:00,143.38999938964844,143.57000732421875,141.94009399414062,142.3101043701172,30513147
2025-01-24 19:30:00+00:00,142.30999755859375,142.85000610351562,141.8800048828125,142.03500366210938,20342241
2025-01-24 20:30:00+00:00,142.02499389648438,142.83599853515625,141.89999389648438,142.60040283203125,21485810
2025-01-27 14:30:00+00:00,124.79000091552734,128.39999389648438,123.05000305175781,124.02999877929688,243794418
2025-01-27 15:30:00+00:00,124.0199966430664,124.95999908447266,119.0,119.1500015258789,111922566
2025-01-27 16:30:00+00:00,119.1449966430664,121.75,117.26000213623047,119.76000213623047,119667017
2025-01-27 17:30:00+00:00,119.7699966430664,121.0154037475586,117.80000305175781,117.875,64458183
2025-01-27 18:30:00+00:00,117.87090301513672,119.95999908447266,117.36000061035156,118.80500030517578,65261226
2025-01-27 19:30:00+00:00,118.80500030517578,119.47000122070312,116.69999694824219,117.77999877929688,78086044
2025-01-27 20:30:00+00:00,117.77999877929688,118.62999725341797,117.7750015258789,118.51000213623047,61664583
2025-01-28 14:30:00+00:00,121.80500030517578,122.0,116.25,121.7699966430664,180037322
2025-01-28 15:30:00+00:00,121.7699966430664,121.80999755859375,119.36000061035156,120.7699966430664,63928166
2025-01-28 16:30:00+00:00,120.77010345458984,126.63999938964844,120.66200256347656,126.0199966430664,91004183
2025-01-28 17:30:00+00:00,126.01499938964844,126.91999816894531,124.9177017211914,126.08999633789062,61486818
2025-01-28 18:30:00+00:00,126.08499908447266,127.4000015258789,125.45240020751953,126.7750015258789,44202557
2025-01-28 19:30:00+00:00,126.7699966430664,127.87000274658203,126.63999938964844,127.59010314941406,46205682
2025-01-28 20:30:00+00:00,127.58999633789062,129.0,126.9000015258789,128.9801025390625,50320355
2025-01-29 14:30:00+00:00,126.46150207519531,126.64990234375,123.71499633789062,124.0,97792943
2025-01-29 15:30:00+00:00,123.98999786376953,124.3499984741211,121.72000122070312,122.98159790039062,63372499
2025-01-29 16:30:00+00:00,122.9800033569336,123.2300033569336,121.87999725341797,122.99839782714844,37340162
2025-01-29 17:30:00+00:00,122.99800109863281,123.48989868164062,120.05000305175781,121.58999633789062,53048844
2025-01-29 18:30:00+00:00,121.58999633789062,122.08999633789062,120.30000305175781,120.91000366210938,37832248
2025-01-29 19:30:00+00:00,120.91000366210938,123.3499984741211,120.55000305175781,123.1500015258789,45222438
2025-01-29 20:30:00+00:00,123.16999816894531,123.80999755859375,121.61000061035156,123.80999755859375,37735388
2025-01-30 14:30:00+00:00,123.08000183105469,124.1500015258789,119.44999694824219,119.56999969482422,90528663
2025-01-30 15:30:00+00:00,119.5813980102539,120.4000015258789,118.0999984741211,119.05470275878906,63174251
2025-01-30 16:30:00+00:00,119.05010223388672,120.88999938964844,118.44000244140625,119.29000091552734,39697758
2025-01-30 17:30:00+00:00,119.28500366210938,120.19999694824219,119.11000061035156,119.4749984741211,23780625
2025-01-30 18:30:00+00:00,119.4800033569336,121.56999969482422,119.37999725341797,121.45500183105469,32649141
2025-01-30 19:30:00+00:00,121.45429992675781,123.4800033569336,121.0,123.41500091552734,43926561
2025-01-30 20:30:00+00:00,123.41000366210938,125.0,121.93000030517578,124.91000366210938,47647645
2025-01-31 14:30:00+00:00,123.80999755859375,126.62999725341797,123.20999908447266,126.18599700927734,84699752
2025-01-31 15:30:00+00:00,126.18000030517578,127.8499984741211,125.75,126.75,58838231
2025-01-31 16:30:00+00:00,126.73999786376953,126.97000122070312,124.05999755859375,125.30999755859375,44879038
2025-01-31 17:30:00+00:00,125.31999969482422,125.95480346679688,124.11000061035156,124.16999816894531,27608473
2025-01-31 18:30:00+00:00,124.1511001586914,124.42759704589844,122.56999969482422,123.01000213623047,34339688
2025-01-31 19:30:00+00:00,123.0250015258789,123.12999725341797,119.88009643554688,120.10990142822266,48003349
2025-01-31 20:30:00+00:00,120.1050033569336,120.3499984741211,119.19000244140625,120.0,40804602
2025-02-03 14:30:00+00:00,114.70999908447266,116.38999938964844,113.01000213623047,115.76000213623047,133603571
2025-02-03 15:30:00+00:00,115.75,117.98999786376953,115.41999816894531,116.53700256347656,54914957
2025-02-03 16:30:00+00:00,116.54000091552734,117.4000015258789,115.8499984741211,115.88999938964844,28736939
2025-02-03 17:30:00+00:00,115.87999725341797,116.48999786376953,115.51000213623047,115.93990325927734,28422904
2025-02-03 18:30:00+00:00,115.94000244140625,118.56999969482422,115.9000015258789,117.6447982788086,36003187
2025-02-03 19:30:00+00:00,117.6449966430664,118.13140106201172,117.1500015258789,117.46990203857422,27327687
2025-02-03 20:30:00+00:00,117.47000122070312,117.93000030517578,116.01000213623047,116.66000366210938,25588651
2025-02-04 14:30:00+00:00,116.94000244140625,121.19999694824219,116.69999694824219,119.93000030517578,77281308
2025-02-04 15:30:00+00:00,119.94499969482422,120.36000061035156,119.27999877929688,120.11000061035156,33499092
2025-02-04 16:30:00+00:00,120.11000061035156,120.16999816894531,117.86000061035156,117.88999938964844,29580724
2025-02-04 17:30:00+00:00,117.88999938964844,119.33000183105469,117.85009765625,119.09010314941406,20084695
2025-02-04 18:30:00+00:00,119.08999633789062,119.81999969482422,119.0,119.30999755859375,17759010
2025-02-04 19:30:00+00:00,119.30999755859375,119.5999984741211,118.3499984741211,118.46499633789062,21662859
2025-02-04 20:30:00+00:00,118.46610260009766,118.95500183105469,118.08000183105469,118.68000030517578,17723334
2025-02-05 14:30:00+00:00,122.3499984741211,123.30000305175781,120.76000213623047,122.30999755859375,88881320
2025-02-05 15:30:00+00:00,122.31539916992188,123.5,122.02999877929688,123.22599792480469,32575720
2025-02-05 16:30:00+00:00,123.22000122070312,124.63999938964844,123.05000305175781,124.03500366210938,30969306
2025-02-05 17:30:00+00:00,124.04000091552734,124.2300033569336,122.9000015258789,123.23989868164062,19752387
2025-02-05 18:30:00+00:00,123.2300033569336,123.55000305175781,122.33000183105469,123.32499694824219,20373343
2025-02-05 19:30:00+00:00,123.33000183105469,124.5,123.19999694824219,124.44000244140625,20964315
2025-02-05 20:30:00+00:00,124.43000030517578,125.0,123.54499816894531,124.95500183105469,24966962
2025-02-06 14:30:00+00:00,127.41999816894531,127.5,125.20999908447266,126.22160339355469,72706327
2025-02-06 15:30:00+00:00,126.2300033569336,127.0,125.93000030517578,126.86000061035156,26067881
2025-02-06 16:30:00+00:00,126.86000061035156,128.24000549316406,126.5999984741211,127.73529815673828,36681781
2025-02-06 17:30:00+00:00,127.75,128.32000732421875,127.4000015258789,128.11000061035156,21309637
2025-02-06 18:30:00+00:00,128.10499572753906,128.44000244140625,127.4800033569336,127.6948013305664,20105477
2025-02-06 19:30:00+00:00,127.69999694824219,128.25,124.83000183105469,128.125,25923574
2025-02-06 20:30:00+00:00,128.1300048828125,128.75,127.92500305175781,128.68499755859375,19331163
2025-02-07 14:30:00+00:00,129.16000366210938,130.3699951171875,127.80000305175781,129.11000061035156,77600882
2025-02-07 15:30:00+00:00,129.10000610351562,129.89999389648438,128.22999572753906,128.6999969482422,32934587
2025-02-07 16:30:00+00:00,128.6999969482422,129.05960083007812,127.5999984741211,128.23500061035156,27757064
2025-02-07 17:30:00+00:00,128.22999572753906,129.64999389648438,128.02000427246094,129.2550048828125,17653887
2025-02-07 18:30:00+00:00,129.25990295410156,129.42999267578125,127.90879821777344,128.1300048828125,16675456
2025-02-07 19:30:00+00:00,128.13999938964844,129.08990478515625,127.97000122070312,128.94850158691406,16455557
2025-02-07 20:30:00+00:00,128.94500732421875,130.0,128.82000732421875,129.86000061035156,21996032
2025-02-10 14:30:00+00:00,130.0500030517578,134.78500366210938,129.97000122070312,134.41000366210938,77728736
2025-02-10 15:30:00+00:00,134.42999267578125,134.83999633789062,133.4499969482422,133.47500610351562,27521922
2025-02-10 16:30:00+00:00,133.50030517578125,134.1999969482422,132.99000549316406,134.0290069580078,20327925
2025-02-10 17:30:00+00:00,134.0260009765625,134.49000549316406,133.99000549316406,134.3300018310547,13224086
2025-02-10 18:30:00+00:00,134.3300018310547,134.69000244140625,134.11000061035156,134.51499938964844,15171778
2025-02-10 19:30:00+00:00,134.51210021972656,135.0,134.22000122070312,134.51930236816406,19896685
2025-02-10 20:30:00+00:00,134.50999450683594,134.6699981689453,133.38999938964844,133.50999450683594,17439170
2025-02-11 14:30:00+00:00,132.3699951171875,134.47999572753906,132.00999450683594,133.94500732421875,52677652
2025-02-11 15:30:00+00:00,133.94000244140625,134.3800048828125,133.64999389648438,133.9698944091797,18659627
2025-02-11 16:30:00+00:00,133.97000122070312,134.08999633789062,131.02000427246094,132.7100067138672,30097141
2025-02-11 17:30:00+00:00,132.72000122070312,132.8699951171875,131.91000366210938,132.83230590820312,14579500
2025-02-11 18:30:00+00:00,132.83999633789062,133.89999389648438,132.80999755859375,133.03500366210938,17292595
2025-02-11 19:30:00+00:00,133.02999877929688,133.74000549316406,132.97999572753906,133.45140075683594,13156103
2025-02-11 20:30:00+00:00,133.4550018310547,133.50990295410156,132.41000366210938,132.8699951171875,13494512
2025-02-12 14:30:00+00:00,130.00999450683594,132.24000549316406,129.0800018310547,131.32020568847656,53129779
2025-02-12 15:30:00+00:00,131.3300018310547,132.0,130.36000061035156,130.61990356445312,19227032
2025-02-12 16:30:00+00:00,130.61000061035156,132.0,130.61000061035156,131.5749969482422,17020004
2025-02-12 17:30:00+00:00,131.5749969482422,131.6199951171875,130.82119750976562,130.97500610351562,14244469
2025-02-12 18:30:00+00:00,130.97999572753906,131.1156005859375,130.19000244140625,130.6898956298828,13621244
2025-02-12 19:30:00+00:00,130.68499755859375,131.7050018310547,130.58999633789062,131.52499389648438,12791678
2025-02-12 20:30:00+00:00,131.50999450683594,131.61000061035156,130.97000122070312,131.07989501953125,11269249
2025-02-13 14:30:00+00:00,131.55499267578125,134.9499969482422,131.1699981689453,134.5500030517578,54411865
2025-02-13 15:30:00+00:00,134.5500030517578,136.5,134.54660034179688,135.71499633789062,36777123
2025-02-13 16:30:00+00:00,135.7100067138672,135.97999572753906,134.6300048828125,135.00999450683594,19354752
2025-02-13 17:30:00+00:00,135.0050048828125,135.57000732421875,133.4207000732422,134.52499389648438,18628170
2025-02-13 18:30:00+00:00,134.4949951171875,135.2899932861328,133.8300018310547,135.12030029296875,17283443
2025-02-13 19:30:00+00:00,135.125,135.5500030517578,134.97000122070312,135.36129760742188,15429824
2025-02-13 20:30:00+00:00,135.36000061035156,135.38999938964844,134.72999572753906,135.25,15333903
2025-02-14 14:30:00+00:00,136.8800048828125,138.1699981689453,135.5,138.00010681152344,57840894
2025-02-14 15:30:00+00:00,138.00999450683594,138.30999755859375,136.24000549316406,136.5800018310547,28584822
2025-02-14 16:30:00+00:00,136.58999633789062,137.0500030517578,136.00999450683594,136.74009704589844,17594915
2025-02-14 17:30:00+00:00,136.75,137.74000549316406,136.55999755859375,137.3376007080078,13675504
2025-02-14 18:30:00+00:00,137.3300018310547,137.99000549316406,137.0800018310547,137.82000732421875,13748369
2025-02-14 19:30:00+00:00,137.81500244140625,138.47999572753906,137.64999389648438,138.36509704589844,16155253
2025-02-14 20:30:00+00:00,138.3699951171875,139.1999969482422,138.35000610351562,138.86000061035156,24516052
2025-02-18 14:30:00+00:00,141.25,143.44000244140625,140.3000030517578,140.66000366210938,75623001
2025-02-18 15:30:00+00:00,140.6649932861328,141.22000122070312,138.97999572753906,141.19500732421875,34088399
2025-02-18 16:30:00+00:00,141.19000244140625,141.19000244140625,139.8549041748047,139.96499633789062,15582760
2025-02-18 17:30:00+00:00,139.96499633789062,140.6999969482422,139.9499969482422,140.15139770507812,12499776
2025-02-18 18:30:00+00:00,140.15499877929688,140.39999389648438,139.0919952392578,139.5749969482422,16587058
2025-02-18 19:30:00+00:00,139.5675048828125,140.16990661621094,139.42999267578125,139.54989624023438,12892226
2025-02-18 20:30:00+00:00,139.52999877929688,139.72000122070312,137.9250030517578,139.41000366210938,22832152
2025-02-19 14:30:00+00:00,139.50999450683594,140.0,137.22000122070312,139.3300018310547,43638802
2025-02-19 15:30:00+00:00,139.3350067138672,140.5,139.33189392089844,139.94830322265625,26073700
2025-02-19 16:30:00+00:00,139.94000244140625,140.11000061035156,139.49000549316406,139.81500244140625,13424823
2025-02-19 17:30:00+00:00,139.81500244140625,141.36000061035156,139.74000549316406,140.639892578125,19599460
2025-02-19 18:30:00+00:00,140.63999938964844,140.85000610351562,140.1199951171875,140.44509887695312,13213960
2025-02-19 19:30:00+00:00,140.44000244140625,140.84500122070312,139.02000427246094,139.31939697265625,20162981
2025-02-19 20:30:00+00:00,139.32000732421875,139.86000061035156,138.77239990234375,139.24000549316406,14622733
2025-02-20 14:30:00+00:00,140.1300048828125,140.52999877929688,136.79010009765625,138.62060546875,45160191
2025-02-20 15:30:00+00:00,138.61000061035156,139.07000732421875,137.11000061035156,138.3000030517578,20769192
2025-02-20 16:30:00+00:00,138.3000030517578,139.97000122070312,138.22999572753906,139.5800018310547,17027606
2025-02-20 17:30:00+00:00,139.560302734375,139.839599609375,139.08999633789062,139.49000549316406,11187948
2025-02-20 18:30:00+00:00,139.49000549316406,140.0,139.38499450683594,139.80490112304688,10655696
2025-02-20 19:30:00+00:00,139.7899932861328,140.32000732421875,139.3800048828125,139.89999389648438,14152452
2025-02-20 20:30:00+00:00,139.88999938964844,140.1999969482422,139.69000244140625,140.1199951171875,10091197
2025-02-21 14:30:00+00:00,140.0,141.4600067138672,138.9499969482422,139.22999572753906,48808452
2025-02-21 15:30:00+00:00,139.22999572753906,139.72000122070312,138.5500030517578,139.19920349121094,23381184
2025-02-21 16:30:00+00:00,139.19000244140625,139.8000030517578,138.3699951171875,138.99110412597656,15825238
2025-02-21 17:30:00+00:00,139.0,139.05999755859375,136.05999755859375,137.1699981689453,29842368
2025-02-21 18:30:00+00:00,137.1699981689453,138.06500244140625,135.34500122070312,135.39669799804688,24903198
2025-02-21 19:30:00+00:00,135.3800048828125,136.25999450683594,134.5800018310547,135.10000610351562,30385659
2025-02-21 20:30:00+00:00,135.10000610351562,135.1999969482422,134.0399932861328,134.27000427246094,25630708
2025-02-24 14:30:00+00:00,136.7550048828125,138.58999633789062,131.92999267578125,132.92999267578125,76292889
2025-02-24 15:30:00+00:00,132.9199981689453,134.2899932861328,130.61000061035156,134.0399932861328,37651734
2025-02-24 16:30:00+00:00,134.0399932861328,134.99000549316406,133.49000549316406,134.60000610351562,26471760
2025-02-24 17:30:00+00:00,134.60000610351562,134.88999938964844,134.19000244140625,134.6199951171875,13394332
2025-02-24 18:30:00+00:00,134.6300048828125,134.875,132.66000366210938,132.72000122070312,15517929
2025-02-24 19:30:00+00:00,132.71009826660156,133.14999389648438,131.9199981689453,132.57000732421875,18193639
2025-02-24 20:30:00+00:00,132.5800018310547,133.0800018310547,130.0897979736328,130.10000610351562,23873374
2025-02-25 14:30:00+00:00,129.9600067138672,130.1999969482422,124.44000244140625,125.33999633789062,85363681
2025-02-25 15:30:00+00:00,125.3499984741211,127.33999633789062,125.05000305175781,126.19000244140625,38552542
2025-02-25 16:30:00+00:00,126.19999694824219,128.5399932861328,125.75,128.52499389648438,26597121
2025-02-25 17:30:00+00:00,128.52870178222656,129.88999938964844,128.30999755859375,128.3699951171875,26234066
2025-02-25 18:30:00+00:00,128.3800048828125,129.0,127.04000091552734,127.2699966430664,22835671
2025-02-25 19:30:00+00:00,127.26000213623047,129.3800048828125,127.18000030517578,128.81500244140625,23200458
2025-02-25 20:30:00+00:00,128.82000732421875,128.8800048828125,126.19000244140625,126.62999725341797,25422556
2025-02-26 14:30:00+00:00,129.98500061035156,131.60980224609375,129.0500030517578,130.4499969482422,61026640
2025-02-26 15:30:00+00:00,130.47000122070312,133.72999572753906,130.4499969482422,132.4149932861328,39297221
2025-02-26 16:30:00+00:00,132.4149932861328,133.0,131.72000122070312,132.55679321289062,24467999
2025-02-26 17:30:00+00:00,132.57989501953125,132.74000549316406,130.35000610351562,130.3751983642578,25366254
2025-02-26 18:30:00+00:00,130.36000061035156,131.1199951171875,128.49000549316406,129.88999938964844,45619369
2025-02-26 19:30:00+00:00,129.8800048828125,130.8800048828125,128.9600067138672,130.74000549316406,26930195
2025-02-26 20:30:00+00:00,130.6999969482422,132.08999633789062,130.02000427246094,131.52000427246094,30301408
2025-02-27 14:30:00+00:00,135.0,135.0,125.27999877929688,127.4800033569336,139627459
2025-02-27 15:30:00+00:00,127.4800033569336,128.0699005126953,125.51000213623047,126.27999877929688,47154830
2025-02-27 16:30:00+00:00,126.29000091552734,127.41000366210938,125.6500015258789,127.08000183105469,31842499
2025-02-27 17:30:00+00:00,127.08000183105469,128.4499969482422,126.27999877929688,127.61000061035156,28567618
2025-02-27 18:30:00+00:00,127.61499786376953,127.91000366210938,123.69000244140625,123.74500274658203,40681735
2025-02-27 19:30:00+00:00,123.74500274658203,124.69000244140625,121.57140350341797,121.91000366210938,61051900
2025-02-27 20:30:00+00:00,121.90499877929688,122.55729675292969,120.01000213623047,120.01000213623047,47543937
2025-02-28 14:30:00+00:00,117.6500015258789,122.7750015258789,116.41000366210938,122.7300033569336,121634753
2025-02-28 15:30:00+00:00,122.73500061035156,123.69999694824219,121.41999816894531,121.55999755859375,53003489
2025-02-28 16:30:00+00:00,121.54000091552734,122.80000305175781,121.13999938964844,122.18099975585938,26114445
2025-02-28 17:30:00+00:00,122.19000244140625,122.27760314941406,118.84500122070312,120.57990264892578,36004561
2025-02-28 18:30:00+00:00,120.58760070800781,121.2300033569336,119.68000030517578,120.47000122070312,26592728
2025-02-28 19:30:00+00:00,120.46389770507812,122.2300033569336,120.29000091552734,121.88500213623047,29137364
2025-02-28 20:30:00+00:00,121.87999725341797,125.06999969482422,121.2699966430664,125.05000305175781,42867559
2025-03-03 14:30:00+00:00,123.50499725341797,123.69999694824219,118.30000305175781,119.51000213623047,90292423
2025-03-03 15:30:00+00:00,119.51499938964844,120.19999694824219,118.51000213623047,119.22000122070312,38941419
2025-03-03 16:30:00+00:00,119.23999786376953,119.5,118.25,118.41000366210938,30591168
2025-03-03 17:30:00+00:00,118.41000366210938,118.43000030517578,114.51000213623047,115.23999786376953,64601109
2025-03-03 18:30:00+00:00,115.24440002441406,117.2699966430664,115.04000091552734,116.04499816894531,40434891
2025-03-03 19:30:00+00:00,116.03009796142578,117.62000274658203,112.27999877929688,113.16999816894531,65189266
2025-03-03 20:30:00+00:00,113.16000366210938,114.19999694824219,112.5,114.01000213623047,44205633
2025-03-04 14:30:00+00:00,111.8949966430664,115.13999938964844,110.11000061035156,111.61000061035156,127887000
2025-03-04 15:30:00+00:00,111.5999984741211,113.30000305175781,110.9000015258789,111.83000183105469,46791250
2025-03-04 16:30:00+00:00,111.81999969482422,116.5999984741211,111.81999969482422,116.01020050048828,51255627
2025-03-04 17:30:00+00:00,116.01499938964844,117.58000183105469,115.0999984741211,116.19999694824219,40436938
2025-03-04 18:30:00+00:00,116.20999908447266,118.25,115.87999725341797,117.7698974609375,33842281
2025-03-04 19:30:00+00:00,117.76499938964844,119.30999755859375,117.04000091552734,118.88999938964844,34300518
2025-03-04 20:30:00+00:00,118.9000015258789,119.01499938964844,115.05000305175781,115.95999908447266,34552128
2025-03-05 14:30:00+00:00,117.5199966430664,118.0,114.63999938964844,115.97000122070312,78072523
2025-03-05 15:30:00+00:00,115.97000122070312,116.86000061035156,114.51000213623047,115.40989685058594,39193117
2025-03-05 16:30:00+00:00,115.4000015258789,116.81999969482422,114.5199966430664,116.56310272216797,29044947
2025-03-05 17:30:00+00:00,116.55999755859375,117.91000366210938,116.11000061035156,116.2699966430664,29662552
2025-03-05 18:30:00+00:00,116.30000305175781,118.2300033569336,115.81999969482422,117.10980224609375,26002248
2025-03-05 19:30:00+00:00,117.11000061035156,118.2780990600586,116.7300033569336,117.66000366210938,26217630
2025-03-05 20:30:00+00:00,117.625,118.20899963378906,117.16999816894531,117.29000091552734,20809411
2025-03-06 14:30:00+00:00,113.5,115.3499984741211,112.30000305175781,114.84439849853516,73446901
2025-03-06 15:30:00+00:00,114.83999633789062,115.33999633789062,113.56999969482422,114.05999755859375,34221965
2025-03-06 16:30:00+00:00,114.04000091552734,114.76000213623047,111.20999908447266,111.6355972290039,41307149
2025-03-06 17:30:00+00:00,111.63999938964844,112.29000091552734,110.94999694824219,111.53500366210938,33581282
2025-03-06 18:30:00+00:00,111.52999877929688,111.90499877929688,110.33999633789062,110.52999877929688,33771494
2025-03-06 19:30:00+00:00,110.5199966430664,112.22000122070312,110.22000122070312,111.09719848632812,39231805
2025-03-06 20:30:00+00:00,111.08999633789062,111.4999008178711,110.41000366210938,110.58000183105469,30010571
2025-03-07 14:30:00+00:00,111.18000030517578,113.4800033569336,110.7300033569336,111.04000091552734,76024654
2025-03-07 15:30:00+00:00,111.0199966430664,111.79000091552734,109.51190185546875,109.69999694824219,54624751
2025-03-07 16:30:00+00:00,109.70500183105469,110.0,107.55999755859375,109.00499725341797,51020128
2025-03-07 17:30:00+00:00,109.0,111.29000091552734,108.69999694824219,110.50890350341797,45996375
2025-03-07 18:30:00+00:00,110.52999877929688,112.51499938964844,110.33000183105469,112.25,34597993
2025-03-07 19:30:00+00:00,112.26000213623047,112.91999816894531,111.29499816894531,112.6050033569336,32459442
2025-03-07 20:30:00+00:00,112.5999984741211,113.0999984741211,111.03500366210938,112.7300033569336,29030527
2025-03-10 13:30:00+00:00,110.3499984741211,111.8499984741211,108.01000213623047,108.06439971923828,74631134
2025-03-10 14:30:00+00:00,108.06999969482422,108.47899627685547,106.18000030517578,107.658203125,62308207
2025-03-10 15:30:00+00:00,107.66010284423828,108.91999816894531,106.8499984741211,108.08499908447266,43453261
2025-03-10 16:30:00+00:00,108.08999633789062,108.8499984741211,106.51000213623047,107.06009674072266,36616744
2025-03-10 17:30:00+00:00,107.05500030517578,107.2968978881836,106.2300033569336,106.76000213623047,31503406
2025-03-10 18:30:00+00:00,106.76000213623047,107.4000015258789,105.45999908447266,106.64990234375,44627698
2025-03-10 19:30:00+00:00,106.6500015258789,107.91000366210938,106.29000091552734,107.0199966430664,39086074
2025-03-11 13:30:00+00:00,107.00499725341797,110.98999786376953,106.0999984741211,106.30999755859375,97478690
2025-03-11 14:30:00+00:00,106.30500030517578,109.47000122070312,104.7699966430664,108.8949966430664,60995863
2025-03-11 15:30:00+00:00,108.87999725341797,110.5999984741211,108.27999877929688,108.81999969482422,36587643
2025-03-11 16:30:00+00:00,108.80500030517578,109.4000015258789,107.4800033569336,107.55999755859375,28235528
2025-03-11 17:30:00+00:00,107.56500244140625,110.73999786376953,107.44999694824219,110.43000030517578,32990769
2025-03-11 18:30:00+00:00,110.44000244140625,112.23600006103516,109.9800033569336,110.80860137939453,45716228
2025-03-11 19:30:00+00:00,110.80999755859375,111.02989959716797,108.63999938964844,108.63999938964844,24887618
2025-03-12 13:30:00+00:00,114.12000274658203,116.76000213623047,113.87999725341797,114.65010070800781,103960062
2025-03-12 14:30:00+00:00,114.6500015258789,115.2291030883789,112.87999725341797,114.51000213623047,47132903
2025-03-12 15:30:00+00:00,114.51090240478516,116.19000244140625,114.36009979248047,115.83499908447266,33633309
2025-03-12 16:30:00+00:00,115.8499984741211,116.5999984741211,115.44000244140625,116.11499786376953,31306972
2025-03-12 17:30:00+00:00,116.11000061035156,116.26000213623047,114.30000305175781,115.55500030517578,29673338
2025-03-12 18:30:00+00:00,115.55999755859375,116.04000091552734,115.08000183105469,115.44999694824219,25861035
2025-03-12 19:30:00+00:00,115.43000030517578,115.97989654541016,114.9800033569336,115.73999786376953,25027420
2025-03-13 13:30:00+00:00,117.0199966430664,117.76000213623047,113.79000091552734,116.65499877929688,85359507
2025-03-13 14:30:00+00:00,116.65499877929688,117.25,115.61000061035156,116.08000183105469,39262209
2025-03-13 15:30:00+00:00,116.08000183105469,116.69999694824219,115.41000366210938,115.86090087890625,31632519
2025-03-13 16:30:00+00:00,115.8499984741211,116.80000305175781,114.44999694824219,115.26499938964844,30548149
2025-03-13 17:30:00+00:00,115.26499938964844,116.94999694824219,115.11019897460938,116.94999694824219,28164566
2025-03-13 18:30:00+00:00,116.94999694824219,117.7300033569336,115.88999938964844,116.00499725341797,31767650
2025-03-13 19:30:00+00:00,116.01000213623047,116.3499984741211,115.12000274658203,115.70999908447266,26425577
2025-03-14 13:30:00+00:00,118.62000274658203,120.56500244140625,118.1500015258789,119.52490234375,80054675
2025-03-14 14:30:00+00:00,119.52899932861328,121.19000244140625,119.5000991821289,120.93000030517578,37708775
2025-03-14 15:30:00+00:00,120.93000030517578,121.87999725341797,120.5,120.51499938964844,33893954
2025-03-14 16:30:00+00:00,120.51010131835938,121.28500366210938,120.36000061035156,120.54499816894531,22384234
2025-03-14 17:30:00+00:00,120.54000091552734,120.8593978881836,120.11000061035156,120.2750015258789,19595435
2025-03-14 18:30:00+00:00,120.27999877929688,121.06849670410156,120.25,120.58499908447266,23734973
2025-03-14 19:30:00+00:00,120.58999633789062,121.80000305175781,120.58000183105469,121.44999694824219,29113451
2025-03-17 13:30:00+00:00,122.73750305175781,122.88999938964844,119.5,119.53500366210938,74495804
2025-03-17 14:30:00+00:00,119.54000091552734,120.2699966430664,118.87999725341797,119.29499816894531,34677303
2025-03-17 15:30:00+00:00,119.30500030517578,119.70999908447266,118.27999877929688,118.36509704589844,24933399
2025-03-17 16:30:00+00:00,118.37000274658203,119.25,118.02999877929688,119.17489624023438,24739657
2025-03-17 17:30:00+00:00,119.17500305175781,120.56999969482422,119.0,120.5,24394177
2025-03-17 18:30:00+00:00,120.48999786376953,121.08000183105469,120.2300033569336,120.3644027709961,25289938
2025-03-17 19:30:00+00:00,120.36000061035156,120.46499633789062,119.41999816894531,119.4800033569336,21588433
2025-03-18 13:30:00+00:00,118.24500274658203,118.5199966430664,114.54000091552734,115.83999633789062,72291232
2025-03-18 14:30:00+00:00,115.83000183105469,116.95999908447266,115.4800033569336,116.75499725341797,33542033
2025-03-18 15:30:00+00:00,116.75499725341797,117.68000030517578,116.1801986694336,117.63999938964844,26841463
2025-03-18 16:30:00+00:00,117.63999938964844,119.0199966430664,116.94000244140625,117.15499877929688,37041485
2025-03-18 17:30:00+00:00,117.16999816894531,117.6500015258789,115.7406997680664,116.63870239257812,38658434
2025-03-18 18:30:00+00:00,116.63999938964844,117.58000183105469,115.97000122070312,116.13500213623047,32486323
2025-03-18 19:30:00+00:00,116.13999938964844,116.29000091552734,114.94999694824219,115.58000183105469,26592776
2025-03-19 13:30:00+00:00,117.30500030517578,118.16000366210938,115.68000030517578,116.98999786376953,64324915
2025-03-19 14:30:00+00:00,116.98570251464844,117.41999816894531,116.29499816894531,117.24500274658203,25356228
2025-03-19 15:30:00+00:00,117.24500274658203,118.0999984741211,117.0,118.0250015258789,26815588
2025-03-19 16:30:00+00:00,118.0199966430664,118.25,117.2699966430664,117.45860290527344,19938862
2025-03-19 17:30:00+00:00,117.45999908447266,119.26000213623047,117.33699798583984,118.53600311279297,31708228
2025-03-19 18:30:00+00:00,118.53099822998047,120.44499969482422,118.18000030517578,118.25,42933049
2025-03-19 19:30:00+00:00,118.26499938964844,119.08000183105469,117.38999938964844,117.5199966430664,28863345
2025-03-20 13:30:00+00:00,117.23500061035156,119.44000244140625,116.76000213623047,118.9000015258789,59212296
2025-03-20 14:30:00+00:00,118.91000366210938,119.90499877929688,118.68009948730469,119.62999725341797,29473663
2025-03-20 15:30:00+00:00,119.63980102539062,120.19999694824219,118.18990325927734,118.29000091552734,36312796
2025-03-20 16:30:00+00:00,118.30999755859375,118.7750015258789,117.81999969482422,117.88899993896484,29469743
2025-03-20 17:30:00+00:00,117.9000015258789,119.06999969482422,117.83999633789062,118.0791015625,20595474
2025-03-20 18:30:00+00:00,118.06500244140625,118.68000030517578,117.73999786376953,118.04499816894531,21977978
2025-03-20 19:30:00+00:00,118.05000305175781,118.91999816894531,118.05000305175781,118.47000122070312,18320216
2025-03-21 13:30:00+00:00,116.95800018310547,117.66999816894531,115.41999816894531,116.46939849853516,77008403
2025-03-21 14:30:00+00:00,116.47000122070312,117.05000305175781,116.0199966430664,116.29000091552734,23739474
2025-03-21 15:30:00+00:00,116.29499816894531,117.62999725341797,116.2699966430664,117.3499984741211,22178576
2025-03-21 16:30:00+00:00,117.3550033569336,117.98999786376953,116.97000122070312,117.06500244140625,27230579
2025-03-21 17:30:00+00:00,117.06500244140625,117.55999755859375,116.81999969482422,117.19110107421875,14765667
2025-03-21 18:30:00+00:00,117.19000244140625,117.41000366210938,116.68499755859375,116.78500366210938,17897704
2025-03-21 19:30:00+00:00,116.77999877929688,117.80000305175781,116.4000015258789,117.63500213623047,23788360
2025-03-24 13:30:00+00:00,119.88999938964844,121.06999969482422,119.33999633789062,120.4800033569336,60100425
2025-03-24 14:30:00+00:00,120.47000122070312,122.22000122070312,120.33000183105469,122.04000091552734,34041886
2025-03-24 15:30:00+00:00,122.04010009765625,122.22000122070312,121.3499984741211,121.75,21429703
2025-03-24 16:30:00+00:00,121.75499725341797,122.08000183105469,121.37999725341797,121.72879791259766,15509433
2025-03-24 17:30:00+00:00,121.7249984741211,121.9800033569336,121.55999755859375,121.81500244140625,13064300
2025-03-24 18:30:00+00:00,121.81500244140625,122.08000183105469,121.6500015258789,121.79499816894531,16563480
2025-03-24 19:30:00+00:00,121.79499816894531,122.00990295410156,121.2300033569336,121.2300033569336,19638306
2025-03-25 13:30:00+00:00,120.56749725341797,120.94000244140625,118.91999816894531,119.9800033569336,54305819
2025-03-25 14:30:00+00:00,119.9800033569336,120.44000244140625,119.44499969482422,120.2615966796875,22280992
2025-03-25 15:30:00+00:00,120.2699966430664,120.98999786376953,120.04000091552734,120.66020202636719,18179130
2025-03-25 16:30:00+00:00,120.66999816894531,121.41000366210938,120.16999816894531,120.23500061035156,14869007
2025-03-25 17:30:00+00:00,120.23999786376953,121.0199966430664,120.23670196533203,120.71510314941406,13385816
2025-03-25 18:30:00+00:00,120.72000122070312,120.94999694824219,120.51000213623047,120.69499969482422,13173791
2025-03-25 19:30:00+00:00,120.69499969482422,121.29000091552734,120.51000213623047,120.6449966430664,13672618
2025-03-26 13:30:00+00:00,118.75499725341797,118.83999633789062,114.45500183105469,115.11499786376953,89092370
2025-03-26 14:30:00+00:00,115.11499786376953,115.63999938964844,114.73999786376953,115.16500091552734,34117276
2025-03-26 15:30:00+00:00,115.16000366210938,115.4000015258789,113.56999969482422,114.03500366210938,35802958
2025-03-26 16:30:00+00:00,114.03500366210938,114.27999877929688,113.38999938964844,113.45999908447266,28403778
2025-03-26 17:30:00+00:00,113.46499633789062,113.79000091552734,112.70999908447266,113.6449966430664,29558918
2025-03-26 18:30:00+00:00,113.6500015258789,113.7699966430664,112.76499938964844,113.26499938964844,26875607
2025-03-26 19:30:00+00:00,113.26499938964844,114.1500015258789,113.18000030517578,113.69999694824219,24048584
2025-03-27 13:30:00+00:00,111.34500122070312,113.28739929199219,110.66999816894531,112.81500244140625,68494954
2025-03-27 14:30:00+00:00,112.80999755859375,114.44999694824219,112.6500015258789,113.55000305175781,33925620
2025-03-27 15:30:00+00:00,113.55000305175781,113.55999755859375,111.95999908447266,112.50499725341797,28975493
2025-03-27 16:30:00+00:00,112.5,112.79000091552734,111.6500015258789,111.69139862060547,18461760
2025-03-27 17:30:00+00:00,111.69000244140625,112.53500366210938,111.5199966430664,112.1449966430664,18439363
2025-03-27 18:30:00+00:00,112.12999725341797,112.97000122070312,111.94999694824219,112.66999816894531,16703652
2025-03-27 19:30:00+00:00,112.6636962890625,112.68499755859375,111.18000030517578,111.43000030517578,19127222
2025-03-28 13:30:00+00:00,111.48500061035156,112.87000274658203,109.26000213623047,109.27880096435547,67383364
2025-03-28 14:30:00+00:00,109.27999877929688,110.1500015258789,109.07990264892578,109.65499877929688,30806013
2025-03-28 15:30:00+00:00,109.65499877929688,110.18389892578125,109.0999984741211,109.58499908447266,24313542
2025-03-28 16:30:00+00:00,109.58000183105469,110.1449966430664,109.23999786376953,109.4749984741211,22879578
2025-03-28 17:30:00+00:00,109.48500061035156,110.41819763183594,109.36000061035156,110.01499938964844,19879394
2025-03-28 18:30:00+00:00,110.01100158691406,110.61000061035156,109.86000061035156,109.91000366210938,21216107
2025-03-28 19:30:00+00:00,109.91000366210938,110.07859802246094,109.4000015258789,109.63999938964844,21276045
2025-03-31 13:30:00+00:00,105.11000061035156,106.01000213623047,103.6500015258789,103.88999938964844,87254622
2025-03-31 14:30:00+00:00,103.8949966430664,105.52999877929688,103.8949966430664,105.1895980834961,38342264
2025-03-31 15:30:00+00:00,105.18000030517578,106.01000213623047,104.7699966430664,105.9800033569336,26299485
2025-03-31 16:30:00+00:00,105.9749984741211,106.25,105.30999755859375,105.72000122070312,20941158
2025-03-31 17:30:00+00:00,105.72889709472656,107.56999969482422,105.55999755859375,107.55010223388672,21222498
2025-03-31 18:30:00+00:00,107.55000305175781,108.13999938964844,107.12000274658203,107.23999786376953,30430998
2025-03-31 19:30:00+00:00,107.25,108.95999908447266,107.13009643554688,108.7699966430664,30493185
2025-04-01 13:30:00+00:00,108.53250122070312,109.09369659423828,106.47000122070312,107.12999725341797,56995789
2025-04-01 14:30:00+00:00,107.14350128173828,109.48999786376953,107.07499694824219,108.91089630126953,31564223
2025-04-01 15:30:00+00:00,108.91999816894531,109.92990112304688,108.58000183105469,109.4000015258789,25262661
2025-04-01 16:30:00+00:00,109.41000366210938,109.45500183105469,108.44999694824219,108.80120086669922,19506598
2025-04-01 17:30:00+00:00,108.80000305175781,109.2300033569336,107.41000366210938,107.71990203857422,18839819
2025-04-01 18:30:00+00:00,107.70999908447266,108.95999908447266,107.63999938964844,108.61129760742188,20397955
2025-04-01 19:30:00+00:00,108.61000061035156,110.19999694824219,108.55999755859375,110.1500015258789,23879667
2025-04-02 13:30:00+00:00,107.30000305175781,109.72000122070312,106.79000091552734,108.99859619140625,52456911
2025-04-02 14:30:00+00:00,109.0,110.48999786376953,108.68000030517578,110.25,24990782
2025-04-02 15:30:00+00:00,110.23999786376953,111.15499877929688,109.61000061035156,111.15239715576172,20802108
2025-04-02 16:30:00+00:00,111.15129852294922,111.9800033569336,110.1500015258789,111.23500061035156,24736543
2025-04-02 17:30:00+00:00,111.22000122070312,111.25,109.31999969482422,109.32499694824219,23167039
2025-04-02 18:30:00+00:00,109.30000305175781,110.12999725341797,108.8499984741211,109.6500015258789,20996629
2025-04-02 19:30:00+00:00,109.6449966430664,110.76000213623047,109.38999938964844,110.37999725341797,18771615
2025-04-03 13:30:00+00:00,103.50499725341797,105.62999725341797,103.26219940185547,105.1500015258789,88390819
2025-04-03 14:30:00+00:00,105.1500015258789,105.4291000366211,102.01000213623047,102.96990203857422,61147077
2025-04-03 15:30:00+00:00,102.95500183105469,104.19000244140625,102.88500213623047,103.66100311279297,32422689
2025-04-03 16:30:00+00:00,103.66999816894531,103.87000274658203,102.75,103.0199966430664,30347849
2025-04-03 17:30:00+00:00,103.0198974609375,103.36000061035156,102.30000305175781,102.625,22282652
2025-04-03 18:30:00+00:00,102.62999725341797,104.0999984741211,102.53500366210938,102.66850280761719,33686143
2025-04-03 19:30:00+00:00,102.66999816894531,103.01000213623047,101.5999984741211,101.80999755859375,36062968
2025-04-04 13:30:00+00:00,98.94000244140625,100.12409973144531,94.55999755859375,94.60579681396484,144457921
2025-04-04 14:30:00+00:00,94.6050033569336,96.56999969482422,92.11000061035156,95.0999984741211,99663988
2025-04-04 15:30:00+00:00,95.0999984741211,95.8499984741211,93.62999725341797,93.82990264892578,50949073
2025-04-04 16:30:00+00:00,93.83000183105469,94.58000183105469,93.23999786376953,94.10009765625,42350512
2025-04-04 17:30:00+00:00,94.11000061035156,96.12989807128906,93.66500091552734,94.01000213623047,43326237
2025-04-04 18:30:00+00:00,94.0250015258789,95.55999755859375,93.26490020751953,95.16500091552734,54075828
2025-04-04 19:30:00+00:00,95.16999816894531,96.37999725341797,94.20999908447266,94.31999969482422,48492823
2025-04-07 13:30:00+00:00,88.25,101.73999786376953,86.62999725341797,93.4800033569336,243187525
2025-04-07 14:30:00+00:00,93.4800033569336,98.27999877929688,92.0199966430664,93.87999725341797,98058048
2025-04-07 15:30:00+00:00,93.86000061035156,97.73999786376953,93.86000061035156,95.87000274658203,52286254
2025-04-07 16:30:00+00:00,95.86000061035156,98.31999969482422,94.81199645996094,98.23290252685547,44582320
2025-04-07 17:30:00+00:00,98.20999908447266,99.69000244140625,97.17500305175781,97.41000366210938,54154785
2025-04-07 18:30:00+00:00,97.43070220947266,99.02999877929688,96.41999816894531,96.6500015258789,41244887
2025-04-07 19:30:00+00:00,96.66999816894531,98.37000274658203,96.2699966430664,97.70999908447266,32364653
2025-04-08 13:30:00+00:00,103.80500030517578,105.8499984741211,102.58999633789062,104.7300033569336,131855772
2025-04-08 14:30:00+00:00,104.72000122070312,105.2300033569336,102.0199966430664,102.05999755859375,62175660
2025-04-08 15:30:00+00:00,102.05999755859375,104.3656997680664,100.94999694824219,101.58499908447266,53337417
2025-04-08 16:30:00+00:00,101.58000183105469,101.81999969482422,98.69999694824219,98.77999877929688,54463549
2025-04-08 17:30:00+00:00,98.75499725341797,101.0,98.58000183105469,99.42990112304688,37886532
2025-04-08 18:30:00+00:00,99.42829895019531,101.0,95.2699966430664,96.31999969482422,55183916
2025-04-08 19:30:00+00:00,96.30999755859375,96.75,94.45999908447266,96.70999908447266,44320325
2025-04-09 13:30:00+00:00,98.87999725341797,101.18000030517578,97.53009796142578,99.97940063476562,110121099
2025-04-09 14:30:00+00:00,99.97000122070312,100.93000030517578,97.73999786376953,99.1688003540039,48978408
2025-04-09 15:30:00+00:00,99.16999816894531,99.70999908447266,98.0,99.44000244140625,33664067
2025-04-09 16:30:00+00:00,99.44000244140625,109.8499984741211,99.1500015258789,106.47000122070312,86003341
2025-04-09 17:30:00+00:00,106.47000122070312,112.98999786376953,101.56999969482422,112.02999877929688,114934175
2025-04-09 18:30:00+00:00,112.02999877929688,113.30000305175781,110.0999984741211,112.79000091552734,79368009
2025-04-09 19:30:00+00:00,112.79759979248047,115.0999984741211,112.7750015258789,114.25,69889080
2025-04-10 13:30:00+00:00,109.31999969482422,110.02999877929688,106.94000244140625,109.08000183105469,103900783
2025-04-10 14:30:00+00:00,109.05000305175781,110.86000061035156,107.88999938964844,107.8949966430664,49359864
2025-04-10 15:30:00+00:00,107.89129638671875,108.26799774169922,103.01000213623047,104.05000305175781,64357100
2025-04-10 16:30:00+00:00,104.02999877929688,108.37000274658203,103.94000244140625,106.47000122070312,52957278
2025-04-10 17:30:00+00:00,106.44999694824219,108.56999969482422,106.05000305175781,108.44400024414062,43347805
2025-04-10 18:30:00+00:00,108.44999694824219,108.9386978149414,106.41000366210938,106.44000244140625,42888124
2025-04-10 19:30:00+00:00,106.44000244140625,108.05999755859375,105.5,107.69999694824219,39204146
2025-04-11 13:30:00+00:00,108.58999633789062,110.69000244140625,107.55999755859375,107.69999694824219,81909147
2025-04-11 14:30:00+00:00,107.70999908447266,109.83499908447266,107.4800033569336,108.63999938964844,41874415
2025-04-11 15:30:00+00:00,108.6500015258789,109.98999786376953,108.43000030517578,109.44000244140625,31153652
2025-04-11 16:30:00+00:00,109.47000122070312,111.05999755859375,109.43000030517578,109.73999786376953,35792537
2025-04-11 17:30:00+00:00,109.73999786376953,111.54989624023438,109.29010009765625,110.3499984741211,36180706
2025-04-11 18:30:00+00:00,110.36000061035156,110.5199966430664,109.58000183105469,110.11000061035156,24853430
2025-04-11 19:30:00+00:00,110.1050033569336,111.0,109.83000183105469,110.69000244140625,29628386
2025-04-14 13:30:00+00:00,114.13999938964844,114.29000091552734,111.38009643554688,112.56700134277344,82789779
2025-04-14 14:30:00+00:00,112.56500244140625,112.98999786376953,111.30000305175781,111.33350372314453,32614822
2025-04-14 15:30:00+00:00,111.3499984741211,111.66000366210938,109.06999969482422,110.02999877929688,42210370
2025-04-14 16:30:00+00:00,110.02999877929688,111.19000244140625,109.93499755859375,110.44000244140625,23588472
2025-04-14 17:30:00+00:00,110.43000030517578,111.36000061035156,109.77999877929688,111.19999694824219,21463425
2025-04-14 18:30:00+00:00,111.19110107421875,111.87999725341797,111.0999984741211,111.3499984741211,20101443
2025-04-14 19:30:00+00:00,111.36000061035156,111.79000091552734,110.63999938964844,110.69999694824219,21299355
2025-04-15 13:30:00+00:00,110.97000122070312,112.76000213623047,110.5,111.01499938964844,58803422
2025-04-15 14:30:00+00:00,111.04000091552734,112.48999786376953,111.0,112.02999877929688,26916127
2025-04-15 15:30:00+00:00,112.03500366210938,113.61499786376953,111.79000091552734,113.26499938964844,35167817
2025-04-15 16:30:00+00:00,113.2699966430664,113.4000015258789,111.7301025390625,111.84010314941406,22753728
2025-04-15 17:30:00+00:00,111.83499908447266,112.63999938964844,111.7699966430664,112.12000274658203,19596078
2025-04-15 18:30:00+00:00,112.11499786376953,112.72000122070312,111.99500274658203,112.21009826660156,17827629
2025-04-15 19:30:00+00:00,112.21499633789062,112.3499984741211,111.94999694824219,112.0999984741211,14052161
2025-04-16 13:30:00+00:00,104.55000305175781,106.79000091552734,104.3499984741211,105.5199966430664,101562531
2025-04-16 14:30:00+00:00,105.5250015258789,105.58470153808594,103.80000305175781,105.17510223388672,46612325
2025-04-16 15:30:00+00:00,105.18000030517578,105.37000274658203,103.58000183105469,103.91500091552734,32297195
2025-04-16 16:30:00+00:00,103.91500091552734,104.16000366210938,103.1500015258789,103.93499755859375,28022826
2025-04-16 17:30:00+00:00,103.94000244140625,103.9800033569336,101.74120330810547,102.18499755859375,46963938
2025-04-16 18:30:00+00:00,102.18499755859375,102.25499725341797,100.44999694824219,101.00499725341797,52578363
2025-04-16 19:30:00+00:00,101.01000213623047,104.55000305175781,101.01000213623047,104.5,48163675
2025-04-17 13:30:00+00:00,104.42500305175781,104.47000122070312,100.4800033569336,100.49500274658203,82712336
2025-04-17 14:30:00+00:00,100.49569702148438,101.33000183105469,100.05000305175781,100.39820098876953,50819134
2025-04-17 15:30:00+00:00,100.3949966430664,101.4000015258789,100.16000366210938,101.23500061035156,34589269
2025-04-17 16:30:00+00:00,101.23509979248047,101.83999633789062,100.75170135498047,100.8311996459961,26631436
2025-04-17 17:30:00+00:00,100.83999633789062,102.37999725341797,100.79000091552734,102.15630340576172,26656995
2025-04-17 18:30:00+00:00,102.16000366210938,102.48999786376953,101.0199966430664,101.21499633789062,27771508
2025-04-17 19:30:00+00:00,101.20999908447266,101.69999694824219,100.8499984741211,101.41000366210938,22752612
2025-04-21 13:30:00+00:00,99.2699966430664,99.33999633789062,95.56999969482422,95.83499908447266,83473343
2025-04-21 14:30:00+00:00,95.83499908447266,96.56999969482422,95.6500015258789,95.88999938964844,33159945
2025-04-21 15:30:00+00:00,95.88999938964844,96.27999877929688,95.73999786376953,95.80000305175781,23386474
2025-04-21 16:30:00+00:00,95.80000305175781,96.38999938964844,95.1500015258789,95.36859893798828,24254282
2025-04-21 17:30:00+00:00,95.36000061035156,95.68000030517578,95.04000091552734,95.58999633789062,21645802
2025-04-21 18:30:00+00:00,95.58999633789062,95.86000061035156,95.1500015258789,95.5999984741211,25081227
2025-04-21 19:30:00+00:00,95.5999984741211,97.19999694824219,95.5999984741211,96.80000305175781,28458934
2025-04-22 13:30:00+00:00,98.76499938964844,99.37999725341797,97.36000061035156,99.02870178222656,59768072
2025-04-22 14:30:00+00:00,99.0250015258789,99.44999694824219,98.35009765625,98.8949966430664,29039264
2025-04-22 15:30:00+00:00,98.89640045166016,99.81099700927734,98.30000305175781,99.6500015258789,30596290
2025-04-22 16:30:00+00:00,99.65499877929688,99.7699966430664,97.95999908447266,98.1050033569336,28063300
2025-04-22 17:30:00+00:00,98.0999984741211,98.55999755859375,97.56999969482422,98.48500061035156,20303566
2025-04-22 18:30:00+00:00,98.49579620361328,98.83000183105469,97.5999984741211,97.70500183105469,17537365
2025-04-22 19:30:00+00:00,97.69999694824219,99.0,97.27999877929688,98.87999725341797,24642393
2025-04-23 13:30:00+00:00,104.52010345458984,104.80000305175781,102.58000183105469,104.18499755859375,83247065
2025-04-23 14:30:00+00:00,104.18499755859375,104.73999786376953,102.94000244140625,103.13700103759766,34974533
2025-04-23 15:30:00+00:00,103.1500015258789,103.47000122070312,102.62000274658203,103.36000061035156,25976963
2025-04-23 16:30:00+00:00,103.3550033569336,104.33000183105469,103.11000061035156,103.95999908447266,20566700
2025-04-23 17:30:00+00:00,103.97000122070312,104.23999786376953,103.55999755859375,103.71499633789062,15975552
2025-04-23 18:30:00+00:00,103.71499633789062,103.91999816894531,102.31999969482422,102.41999816894531,20008243
2025-04-23 19:30:00+00:00,102.41999816894531,102.87000274658203,102.0199966430664,102.53500366210938,20806368
2025-04-24 13:30:00+00:00,103.4749984741211,105.38500213623047,103.11000061035156,105.36869812011719,56039411
2025-04-24 14:30:00+00:00,105.36499786376953,105.98999786376953,104.7300033569336,105.34500122070312,31690192
2025-04-24 15:30:00+00:00,105.3499984741211,105.87999725341797,105.03790283203125,105.7489013671875,22022097
2025-04-24 16:30:00+00:00,105.73999786376953,106.37999725341797,105.66999816894531,106.29499816894531,24284792
2025-04-24 17:30:00+00:00,106.29830169677734,106.45999908447266,105.86000061035156,106.33470153808594,16704091
2025-04-24 18:30:00+00:00,106.33000183105469,106.5,105.51010131835938,105.7249984741211,18390301
2025-04-24 19:30:00+00:00,105.7249984741211,106.54000091552734,105.66999816894531,106.37999725341797,18998196
2025-04-25 13:30:00+00:00,106.86000061035156,108.0999984741211,105.7300033569336,107.54100036621094,56519423
2025-04-25 14:30:00+00:00,107.55999755859375,108.9800033569336,107.30999755859375,108.66000366210938,26933524
2025-04-25 15:30:00+00:00,108.66000366210938,109.5199966430664,108.4800033569336,109.4749984741211,24948783
2025-04-25 16:30:00+00:00,109.47000122070312,111.91999816894531,109.31999969482422,111.87000274658203,39255944
2025-04-25 17:30:00+00:00,111.85990142822266,111.89949798583984,109.82119750976562,110.83499908447266,33902808
2025-04-25 18:30:00+00:00,110.83999633789062,111.44000244140625,110.5999984741211,110.73500061035156,25044117
2025-04-25 19:30:00+00:00,110.73999786376953,111.0,110.19999694824219,110.95999908447266,23072925
2025-04-28 13:30:00+00:00,109.69499969482422,110.36990356445312,107.86000061035156,108.52519989013672,60413372
2025-04-28 14:30:00+00:00,108.52999877929688,108.68000030517578,106.3843994140625,106.5999984741211,30770324
2025-04-28 15:30:00+00:00,106.6050033569336,107.52999877929688,106.54019927978516,106.5509033203125,20240417
2025-04-28 16:30:00+00:00,106.55999755859375,107.25499725341797,106.0199966430664,106.27999877929688,18846051
2025-04-28 17:30:00+00:00,106.27999877929688,107.4000015258789,106.16999816894531,107.30000305175781,15472588
2025-04-28 18:30:00+00:00,107.29499816894531,108.29000091552734,107.08000183105469,108.19000244140625,16786692
2025-04-28 19:30:00+00:00,108.18000030517578,108.8499984741211,108.12000274658203,108.63999938964844,18093005
2025-04-29 13:30:00+00:00,107.87000274658203,109.70999908447266,107.81999969482422,108.52999877929688,45041087
2025-04-29 14:30:00+00:00,108.54000091552734,109.0999984741211,108.37999725341797,108.80979919433594,19083368
2025-04-29 15:30:00+00:00,108.80999755859375,109.2699966430664,108.53500366210938,108.875,13963878
2025-04-29 16:30:00+00:00,108.87999725341797,109.08000183105469,108.22000122070312,108.73500061035156,12800451
2025-04-29 17:30:00+00:00,108.73999786376953,110.19989776611328,108.73999786376953,109.9801025390625,21179656
2025-04-29 18:30:00+00:00,109.98519897460938,110.08000183105469,108.82009887695312,109.4000015258789,22598643
2025-04-29 19:30:00+00:00,109.4000015258789,109.52999877929688,108.7699966430664,108.91999816894531,16544045
2025-04-30 13:30:00+00:00,104.47000122070312,106.12000274658203,104.08000183105469,105.98500061035156,59488326
2025-04-30 14:30:00+00:00,105.9800033569336,106.54000091552734,105.66999816894531,106.375,23685269
2025-04-30 15:30:00+00:00,106.375,106.90499877929688,105.87999725341797,106.05500030517578,19101518
2025-04-30 16:30:00+00:00,106.05999755859375,106.5,105.63999938964844,106.47000122070312,14908641
2025-04-30 17:30:00+00:00,106.47010040283203,107.7699966430664,106.37999725341797,107.19499969482422,21407425
2025-04-30 18:30:00+00:00,107.19000244140625,107.83499908447266,107.04000091552734,107.25499725341797,16187996
2025-04-30 19:30:00+00:00,107.25,108.87999725341797,107.04000091552734,108.7750015258789,24138337
2025-05-01 13:30:00+00:00,113.0999984741211,114.07980346679688,112.08000183105469,113.33000183105469,69672901
2025-05-01 14:30:00+00:00,113.31999969482422,114.94000244140625,113.13369750976562,114.32499694824219,38782979
2025-05-01 15:30:00+00:00,114.33000183105469,114.41999816894531,113.05000305175781,113.65180206298828,28376525
2025-05-01 16:30:00+00:00,113.6500015258789,113.87000274658203,112.86000061035156,113.5647964477539,16605965
2025-05-01 17:30:00+00:00,113.56999969482422,113.91999816894531,112.9000015258789,113.66999816894531,15678013
2025-05-01 18:30:00+00:00,113.66999816894531,113.75,112.87999725341797,113.0,15249098
2025-05-01 19:30:00+00:00,113.0,113.04000091552734,111.31999969482422,111.52999877929688,22930513
2025-05-02 13:30:00+00:00,114.18000030517578,115.4000015258789,113.37000274658203,113.90499877929688,59365090
2025-05-02 14:30:00+00:00,113.9000015258789,114.80000305175781,113.48999786376953,114.65010070800781,23266857
2025-05-02 15:30:00+00:00,114.66000366210938,115.25,114.55000305175781,114.74500274658203,20729043
2025-05-02 16:30:00+00:00,114.74500274658203,114.97989654541016,113.94999694824219,114.364501953125,15564881
2025-05-02 17:30:00+00:00,114.36499786376953,114.87999725341797,114.19000244140625,114.80000305175781,14510300
2025-05-02 18:30:00+00:00,114.80999755859375,115.02999877929688,114.22000122070312,114.47000122070312,19985024
2025-05-02 19:30:00+00:00,114.47000122070312,114.62999725341797,113.9000015258789,114.38999938964844,19368086
2025-05-05 13:30:00+00:00,112.90499877929688,114.37999725341797,112.7699966430664,113.24500274658203,38031331
2025-05-05 14:30:00+00:00,113.24700164794922,113.97000122070312,112.66000366210938,113.9198989868164,17940252
2025-05-05 15:30:00+00:00,113.91999816894531,114.12000274658203,113.4000015258789,113.78500366210938,13139046
2025-05-05 16:30:00+00:00,113.95999908447266,114.16000366210938,113.8499984741211,114.12999725341797,10787578
2025-05-05 17:30:00+00:00,114.13500213623047,114.52999877929688,114.0999984741211,114.37100219726562,9164969
2025-05-05 18:30:00+00:00,114.37000274658203,114.66000366210938,114.04000091552734,114.3740005493164,11760297
2025-05-05 19:30:00+00:00,114.36000061035156,114.62000274658203,113.66999816894531,113.80999755859375,11600077
2025-05-06 13:30:00+00:00,111.63999938964844,112.97000122070312,110.8219985961914,112.65499877929688,44297315
2025-05-06 14:30:00+00:00,112.6500015258789,113.25,112.5636978149414,113.06999969482422,18483594
2025-05-06 15:30:00+00:00,113.06500244140625,113.79000091552734,112.5999984741211,113.01789855957031,15157659
2025-05-06 16:30:00+00:00,113.01010131835938,113.4000015258789,112.61000061035156,112.91999816894531,13211868
2025-05-06 17:30:00+00:00,112.93000030517578,113.77999877929688,112.72000122070312,113.68000030517578,11895316
2025-05-06 18:30:00+00:00,113.66999816894531,114.30000305175781,113.55999755859375,114.2300033569336,16085333
2025-05-06 19:30:00+00:00,114.23139953613281,114.73999786376953,113.37999725341797,113.44499969482422,15975805
2025-05-07 13:30:00+00:00,113.04499816894531,113.6500015258789,112.61499786376953,113.48030090332031,36330539
2025-05-07 14:30:00+00:00,113.4800033569336,113.66999816894531,112.93009948730469,113.29499816894531,16245674
2025-05-07 15:30:00+00:00,113.29000091552734,114.22000122070312,113.2300033569336,113.67990112304688,15074340
2025-05-07 16:30:00+00:00,113.68000030517578,114.12999725341797,113.59490203857422,113.94499969482422,9835847
2025-05-07 17:30:00+00:00,113.94999694824219,114.0,112.28179931640625,113.0000991821289,20558834
2025-05-07 18:30:00+00:00,112.99500274658203,113.87999725341797,112.7699966430664,113.23500061035156,19343637
2025-05-07 19:30:00+00:00,113.2300033569336,117.68000030517578,113.19000244140625,117.0199966430664,63856483
2025-05-08 13:30:00+00:00,118.4800033569336,118.58999633789062,116.48999786376953,117.23999786376953,59707764
2025-05-08 14:30:00+00:00,117.2300033569336,117.59500122070312,115.8499984741211,117.26000213623047,31401104
2025-05-08 15:30:00+00:00,117.26000213623047,118.44999694824219,117.02999877929688,118.04989624023438,28059942
2025-05-08 16:30:00+00:00,118.04499816894531,118.24500274658203,117.7300033569336,117.90489959716797,13310250
2025-05-08 17:30:00+00:00,117.90499877929688,118.19100189208984,117.52999877929688,117.9749984741211,13827447
2025-05-08 18:30:00+00:00,117.97460174560547,118.68000030517578,117.86000061035156,118.54049682617188,15953072
2025-05-08 19:30:00+00:00,118.55000305175781,118.5999984741211,117.29499816894531,117.37000274658203,16200137
2025-05-09 13:30:00+00:00,117.34500122070312,118.2300033569336,115.8499984741211,116.13159942626953,41154488
2025-05-09 14:30:00+00:00,116.12999725341797,116.7699966430664,115.20999908447266,116.37750244140625,28264877
2025-05-09 15:30:00+00:00,116.37999725341797,116.7699966430664,115.9800033569336,116.28500366210938,12954336
2025-05-09 16:30:00+00:00,116.28019714355469,116.66999816894531,116.11000061035156,116.43000030517578,9605723
2025-05-09 17:30:00+00:00,116.42150115966797,116.91999816894531,116.2300033569336,116.58000183105469,9257679
2025-05-09 18:30:00+00:00,116.5802001953125,116.80000305175781,116.47000122070312,116.7251968383789,8950592
2025-05-09 19:30:00+00:00,116.7249984741211,116.86499786376953,116.43000030517578,116.62069702148438,11620676
2025-05-12 13:30:00+00:00,121.94000244140625,122.81999969482422,120.47000122070312,120.86000061035156,70528533
2025-05-12 14:30:00+00:00,120.86000061035156,121.8499984741211,120.27999877929688,121.65139770507812,28095532
2025-05-12 15:30:00+00:00,121.65499877929688,122.72000122070312,121.44499969482422,122.37129974365234,22575292
2025-05-12 16:30:00+00:00,122.3949966430664,122.93000030517578,122.33000183105469,122.6614990234375,17996416
2025-05-12 17:30:00+00:00,122.66500091552734,122.94000244140625,122.47000122070312,122.73500061035156,15972208
2025-05-12 18:30:00+00:00,122.73500061035156,123.0,122.47000122070312,122.58499908447266,19606969
2025-05-12 19:30:00+00:00,122.58000183105469,123.0,122.07009887695312,122.98999786376953,24973516
2025-05-13 13:30:00+00:00,124.72000122070312,129.49989318847656,124.47000122070312,129.21499633789062,97107956
2025-05-13 14:30:00+00:00,129.22500610351562,130.8300018310547,128.9199981689453,129.8300018310547,69868680
2025-05-13 15:30:00+00:00,129.8350067138672,130.47999572753906,129.32000732421875,130.4600067138672,33679000
2025-05-13 16:30:00+00:00,130.4499969482422,130.99000549316406,130.08999633789062,130.8350067138672,24889147
2025-05-13 17:30:00+00:00,130.8350067138672,131.21890258789062,129.86000061035156,130.44500732421875,29883803
2025-05-13 18:30:00+00:00,130.4499969482422,130.6750030517578,129.72000122070312,130.21499633789062,25419839
2025-05-13 19:30:00+00:00,130.21499633789062,130.4499969482422,129.82000732421875,129.83999633789062,22868247
2025-05-14 13:30:00+00:00,133.1699981689453,134.86000061035156,131.67999267578125,132.66000366210938,92146747
2025-05-14 14:30:00+00:00,132.63999938964844,134.27999877929688,132.3699951171875,134.15499877929688,35295196
2025-05-14 15:30:00+00:00,134.15499877929688,135.11000061035156,133.9600067138672,134.97000122070312,30186219
2025-05-14 16:30:00+00:00,134.97830200195312,135.43499755859375,133.9600067138672,134.4600067138672,25502850
2025-05-14 17:30:00+00:00,134.46090698242188,135.14999389648438,134.22999572753906,134.55999755859375,18795906
2025-05-14 18:30:00+00:00,134.55499267578125,135.32000732421875,134.55149841308594,134.88999938964844,21685495
2025-05-14 19:30:00+00:00,134.88999938964844,135.39500427246094,134.25999450683594,135.34710693359375,23440039
2025-05-15 13:30:00+00:00,133.8524932861328,134.72000122070312,132.66000366210938,133.27000427246094,64545441
2025-05-15 14:30:00+00:00,133.3000030517578,134.49000549316406,132.84010314941406,134.38499450683594,26958012
2025-05-15 15:30:00+00:00,134.39999389648438,135.25,134.2100067138672,135.2165985107422,22394144
2025-05-15 16:30:00+00:00,135.21499633789062,136.3000030517578,135.10000610351562,136.22000122070312,27539610
2025-05-15 17:30:00+00:00,136.22000122070312,136.22000122070312,134.75999450683594,135.36000061035156,22560474
2025-05-15 18:30:00+00:00,135.36000061035156,135.58999633789062,133.58999633789062,133.73500061035156,23291803
2025-05-15 19:30:00+00:00,133.73500061035156,134.9499969482422,133.72999572753906,134.89999389648438,19243632
2025-05-16 13:30:00+00:00,136.25,136.30999755859375,135.02000427246094,135.4250030517578,57460183
2025-05-16 14:30:00+00:00,135.4250030517578,135.42999267578125,133.4600067138672,134.86500549316406,34733736
2025-05-16 15:30:00+00:00,134.86000061035156,135.3300018310547,134.57000732421875,134.7949981689453,17561863
2025-05-16 16:30:00+00:00,134.8000030517578,135.82989501953125,134.42999267578125,135.82179260253906,19290065
2025-05-16 17:30:00+00:00,135.82009887695312,136.25,134.95199584960938,135.03500366210938,25639188
2025-05-16 18:30:00+00:00,135.03500366210938,135.63999938964844,135.01499938964844,135.08030700683594,17202833
2025-05-16 19:30:00+00:00,135.0850067138672,135.4199981689453,134.875,135.32000732421875,18371101
2025-05-19 13:30:00+00:00,132.41000366210938,135.8699951171875,132.41000366210938,135.28500366210938,70608935
2025-05-19 14:30:00+00:00,135.2949981689453,135.39999389648438,134.27999877929688,134.9250030517578,30377827
2025-05-19 15:30:00+00:00,134.9199981689453,135.72000122070312,132.85000610351562,135.22500610351562,17839663
2025-05-19 16:30:00+00:00,135.22109985351562,135.6999969482422,134.69000244140625,135.27499389648438,15733373
2025-05-19 17:30:00+00:00,135.27999877929688,135.69000244140625,133.0,135.0850067138672,13132000
2025-05-19 18:30:00+00:00,135.0850067138672,135.47000122070312,134.99000549316406,135.1199951171875,13714659
2025-05-19 19:30:00+00:00,135.1199951171875,135.60000610351562,135.0800018310547,135.49000549316406,13501113
2025-05-20 13:30:00+00:00,134.2899932861328,134.5800018310547,132.6199951171875,132.9499969482422,47478213
2025-05-20 14:30:00+00:00,132.94000244140625,133.9199981689453,132.75,133.77499389648438,23892925
2025-05-20 15:30:00+00:00,133.77999877929688,134.25999450683594,133.63999938964844,134.0845947265625,16269373
2025-05-20 16:30:00+00:00,134.0850067138672,134.44000244140625,134.02999877929688,134.10499572753906,12840545
2025-05-20 17:30:00+00:00,134.10000610351562,134.24000549316406,133.3699951171875,133.4499969482422,14347265
2025-05-20 18:30:00+00:00,133.4499969482422,133.9199981689453,133.02999877929688,133.81500244140625,16515666
2025-05-20 19:30:00+00:00,133.82000732421875,134.4600067138672,133.8000030517578,134.3800048828125,14603744
2025-05-21 13:30:00+00:00,133.65769958496094,134.89999389648438,133.44500732421875,134.0850067138672,43028055
2025-05-21 14:30:00+00:00,134.08999633789062,135.97999572753906,133.77000427246094,135.87579345703125,29055499
2025-05-21 15:30:00+00:00,135.875,137.39999389648438,135.72000122070312,137.0850067138672,35553645
2025-05-21 16:30:00+00:00,137.0850067138672,137.39999389648438,133.11500549316406,133.21499633789062,34652134
2025-05-21 17:30:00+00:00,133.22999572753906,134.22000122070312,132.28469848632812,132.84500122070312,43037831
2025-05-21 18:30:00+00:00,132.84500122070312,133.44500732421875,130.58999633789062,131.07870483398438,36210032
2025-05-21 19:30:00+00:00,131.0800018310547,132.41000366210938,131.07000732421875,131.72999572753906,23830741
2025-05-22 13:30:00+00:00,132.17999267578125,133.9499969482422,131.55479431152344,133.0399932861328,55798007
2025-05-22 14:30:00+00:00,133.0399932861328,133.5,132.52999877929688,132.8800048828125,25893008
2025-05-22 15:30:00+00:00,132.8800048828125,133.85000610351562,132.5800018310547,133.39500427246094,20481345
2025-05-22 16:30:00+00:00,133.40499877929688,133.6699981689453,133.00999450683594,133.51100158691406,16235179
2025-05-22 17:30:00+00:00,133.51730346679688,133.72000122070312,133.11000061035156,133.3350067138672,13441513
2025-05-22 18:30:00+00:00,133.3302001953125,134.25,133.21499633789062,133.918701171875,20043231
2025-05-22 19:30:00+00:00,133.9199981689453,133.97000122070312,132.66000366210938,132.78990173339844,17337021
2025-05-23 13:30:00+00:00,129.99000549316406,131.19500732421875,129.1699981689453,130.52999877929688,60714536
2025-05-23 14:30:00+00:00,130.5500030517578,131.47999572753906,130.19000244140625,130.97999572753906,26901787
2025-05-23 15:30:00+00:00,130.9600067138672,131.2899932861328,130.6300048828125,131.00999450683594,19633301
2025-05-23 16:30:00+00:00,131.01109313964844,132.0989990234375,130.75,131.9499969482422,17553945
2025-05-23 17:30:00+00:00,131.94979858398438,132.67999267578125,131.4199981689453,132.13499450683594,23401439
2025-05-23 18:30:00+00:00,132.1300048828125,132.38999938964844,131.3000030517578,131.6239013671875,17163745
2025-05-23 19:30:00+00:00,131.625,132.0,131.13999938964844,131.30999755859375,18296554
2025-05-27 13:30:00+00:00,134.15249633789062,135.39999389648438,133.30999755859375,135.2917938232422,60714477
2025-05-27 14:30:00+00:00,135.3000030517578,135.55999755859375,134.94000244140625,135.2100067138672,25220857
2025-05-27 15:30:00+00:00,135.21499633789062,135.4499969482422,134.83999633789062,135.26199340820312,18583613
2025-05-27 16:30:00+00:00,135.26499938964844,135.66000366210938,135.17999267578125,135.60000610351562,15154754
2025-05-27 17:30:00+00:00,135.6011962890625,135.64999389648438,135.0449981689453,135.25160217285156,14567409
2025-05-27 18:30:00+00:00,135.2550048828125,135.4600067138672,135.00999450683594,135.13999938964844,16065055
2025-05-27 19:30:00+00:00,135.13999938964844,135.5,134.72000122070312,135.49000549316406,20197749
2025-05-28 13:30:00+00:00,136.0500030517578,136.3000030517578,135.0,135.26499938964844,54142058
2025-05-28 14:30:00+00:00,135.25999450683594,135.6300048828125,134.8000030517578,135.59190368652344,24001256
2025-05-28 15:30:00+00:00,135.59500122070312,136.10000610351562,135.47999572753906,135.9403076171875,21989816
2025-05-28 16:30:00+00:00,135.93499755859375,136.5,135.52000427246094,136.4499969482422,22906136
2025-05-28 17:30:00+00:00,136.4499969482422,137.25,136.24000549316406,136.6699981689453,27863769
2025-05-28 18:30:00+00:00,136.66000366210938,137.19000244140625,136.31500244140625,136.8300018310547,30892124
2025-05-28 19:30:00+00:00,136.8300018310547,136.8300018310547,134.7899932861328,134.8115997314453,34431570
2025-05-29 13:30:00+00:00,142.24000549316406,143.49000549316406,139.2899932861328,140.61929321289062,149521246
2025-05-29 14:30:00+00:00,140.61500549316406,141.94000244140625,140.17999267578125,141.66000366210938,50432815
2025-05-29 15:30:00+00:00,141.65499877929688,141.7100067138672,140.05499267578125,140.57020568847656,32266412
2025-05-29 16:30:00+00:00,140.57000732421875,141.0500030517578,139.67999267578125,139.875,24634864
2025-05-29 17:30:00+00:00,139.87010192871094,139.99000549316406,137.91000366210938,138.44419860839844,39127901
2025-05-29 18:30:00+00:00,138.44500732421875,139.42999267578125,138.44000244140625,138.91000366210938,29054162
2025-05-29 19:30:00+00:00,138.89999389648438,139.4600067138672,138.44000244140625,139.17999267578125,24908972
2025-05-30 13:30:00+00:00,138.99000549316406,139.61000061035156,135.8000030517578,137.36000061035156,70550253
2025-05-30 14:30:00+00:00,137.35000610351562,137.4499969482422,135.5449981689453,136.10499572753906,36076531
2025-05-30 15:30:00+00:00,136.10499572753906,136.22000122070312,133.38999938964844,133.58999633789062,41219309
2025-05-30 16:30:00+00:00,133.58999633789062,134.91000366210938,132.9199981689453,134.46229553222656,38667810
2025-05-30 17:30:00+00:00,134.4600067138672,135.10000610351562,133.7899932861328,134.77999877929688,25333394
2025-05-30 18:30:00+00:00,134.77999877929688,135.47000122070312,134.2100067138672,135.26499938964844,25676693
2025-05-30 19:30:00+00:00,135.27000427246094,135.74000549316406,134.4199981689453,134.83999633789062,30087974
2025-06-02 13:30:00+00:00,136.375,137.66000366210938,135.86000061035156,136.66009521484375,56937755
2025-06-02 14:30:00+00:00,136.66000366210938,137.17999267578125,136.0,136.45989990234375,23706991
2025-06-02 15:30:00+00:00,136.47000122070312,137.63999938964844,136.36000061035156,137.4075927734375,20963251
2025-06-02 16:30:00+00:00,137.38999938964844,137.73500061035156,137.05999755859375,137.57000732421875,14436996
2025-06-02 17:30:00+00:00,137.5601043701172,138.1199951171875,137.1199951171875,138.03140258789062,16905714
2025-06-02 18:30:00+00:00,138.0399932861328,138.0500030517578,137.50999450683594,137.625,14148724
2025-06-02 19:30:00+00:00,137.62669372558594,137.6999969482422,136.9600067138672,137.3699951171875,16432511
2025-06-03 13:30:00+00:00,138.7626953125,141.5,137.9550018310547,141.3000030517578,72503390
2025-06-03 14:30:00+00:00,141.2917022705078,142.0,140.8800048828125,141.8199005126953,33656146
2025-06-03 15:30:00+00:00,141.80999755859375,141.9398956298828,140.32000732421875,141.56500244140625,21536837
2025-06-03 16:30:00+00:00,141.56820678710938,141.86000061035156,141.5500030517578,141.61500549316406,13738770
2025-06-03 17:30:00+00:00,141.6165008544922,141.6750030517578,140.25999450683594,141.15980529785156,22293768
2025-06-03 18:30:00+00:00,141.16000366210938,141.52999877929688,140.9199981689453,141.4499969482422,15855554
2025-06-03 19:30:00+00:00,141.44500732421875,141.47999572753906,141.0399932861328,141.27000427246094,18234984
2025-06-04 13:30:00+00:00,142.22000122070312,142.38999938964844,139.5449981689453,140.98500061035156,54713686
2025-06-04 14:30:00+00:00,140.98500061035156,141.5500030517578,140.7100067138672,141.3249969482422,22934690
2025-06-04 15:30:00+00:00,141.32000732421875,141.4199981689453,140.47999572753906,140.51010131835938,16773873
2025-06-04 16:30:00+00:00,140.50999450683594,140.97000122070312,140.35009765625,140.7899932861328,13648099
2025-06-04 17:30:00+00:00,140.7899932861328,141.6300048828125,140.66000366210938,141.61880493164062,12028629
2025-06-04 18:30:00+00:00,141.6199951171875,141.9600067138672,141.4217071533203,141.6699981689453,16668260
2025-06-04 19:30:00+00:00,141.6750030517578,141.97000122070312,141.38999938964844,141.83009338378906,14052117
2025-06-05 13:30:00+00:00,143.00399780273438,143.1999969482422,140.74000549316406,141.97830200195312,47304437
2025-06-05 14:30:00+00:00,141.97000122070312,143.25,141.0800018310547,143.0388946533203,31955898
2025-06-05 15:30:00+00:00,143.03179931640625,144.0,142.58990478515625,143.0050048828125,32856742
2025-06-05 16:30:00+00:00,143.0,143.0749969482422,140.77999877929688,141.57870483398438,25643548
2025-06-05 17:30:00+00:00,141.57350158691406,141.78990173339844,139.7899932861328,140.71499633789062,21809449
2025-06-05 18:30:00+00:00,140.71499633789062,141.125,138.8300018310547,139.59010314941406,22827344
2025-06-05 19:30:00+00:00,139.61000061035156,140.89999389648438,139.57069396972656,139.9499969482422,18670737
2025-06-06 13:30:00+00:00,142.25,143.27000427246094,141.50999450683594,141.64500427246094,48131114
2025-06-06 14:30:00+00:00,141.82000732421875,142.7899932861328,141.55999755859375,141.7899932861328,22693222
2025-06-06 15:30:00+00:00,141.7899932861328,142.8800048828125,141.5800018310547,142.25999450683594,16272911
2025-06-06 16:30:00+00:00,142.3199005126953,142.41000366210938,141.5399932861328,142.11500549316406,12379647
2025-06-06 17:30:00+00:00,142.11500549316406,142.72999572753906,142.02999877929688,142.36500549316406,11651566
2025-06-06 18:30:00+00:00,142.3614959716797,142.86000061035156,141.9600067138672,142.07179260253906,13192321
2025-06-06 19:30:00+00:00,142.07000732421875,142.11000061035156,141.63999938964844,141.69000244140625,14850249
2025-06-09 13:30:00+00:00,143.1999969482422,144.6999969482422,142.89999389648438,144.375,46562468
2025-06-09 14:30:00+00:00,144.375,145.0,143.0800018310547,143.1800994873047,32958581
2025-06-09 15:30:00+00:00,143.19000244140625,143.50010681152344,142.02830505371094,142.22500610351562,35668047
2025-06-09 16:30:00+00:00,142.22999572753906,143.04510498046875,142.16000366210938,142.77000427246094,14458248
2025-06-09 17:30:00+00:00,142.77499389648438,142.89999389648438,141.97000122070312,142.83990478515625,12523340
2025-06-09 18:30:00+00:00,142.8300018310547,143.02999877929688,142.52999877929688,142.77499389648438,12378395
2025-06-09 19:30:00+00:00,142.77000427246094,142.77999877929688,142.19000244140625,142.5500030517578,14675807
2025-06-10 13:30:00+00:00,142.6699981689453,143.07000732421875,141.80999755859375,142.8000030517578,36348920
2025-06-10 14:30:00+00:00,142.7949981689453,143.13980102539062,142.30999755859375,142.68699645996094,19012075
2025-06-10 15:30:00+00:00,142.67999267578125,143.14990234375,141.52499389648438,143.11500549316406,17762944
2025-06-10 16:30:00+00:00,143.11000061035156,143.28500366210938,142.64999389648438,142.65499877929688,11320481
2025-06-10 17:30:00+00:00,142.6501007080078,143.1300048828125,142.10499572753906,143.11990356445312,11735743
2025-06-10 18:30:00+00:00,143.1199951171875,144.2899932861328,142.88999938964844,144.0,21355092
2025-06-10 19:30:00+00:00,143.99000549316406,144.0,143.22999572753906,143.9499969482422,15565383
2025-06-11 13:30:00+00:00,144.61000061035156,144.99000549316406,143.02000427246094,144.477294921875,49613839
2025-06-11 14:30:00+00:00,144.48500061035156,144.6898956298828,143.42999267578125,144.1501007080078,23256895
2025-06-11 15:30:00+00:00,144.1199951171875,144.22999572753906,142.7729949951172,143.37989807128906,18477391
2025-06-11 16:30:00+00:00,143.3759002685547,143.85000610351562,143.0218048095703,143.7100067138672,11585509
2025-06-11 17:30:00+00:00,143.72500610351562,143.8000030517578,142.02000427246094,142.4716033935547,18120336
2025-06-11 18:30:00+00:00,142.47000122070312,142.9600067138672,141.8699951171875,142.39999389648438,17550577
2025-06-11 19:30:00+00:00,142.39500427246094,142.97999572753906,142.2899932861328,142.83999633789062,13674586
2025-06-12 13:30:00+00:00,141.97999572753906,144.17999267578125,141.8699951171875,144.06500244140625,43378306
2025-06-12 14:30:00+00:00,144.07000732421875,145.0,143.9949951171875,144.45120239257812,33988311
2025-06-12 15:30:00+00:00,144.44500732421875,144.72000122070312,143.97000122070312,144.4499969482422,15078767
2025-06-12 16:30:00+00:00,144.4550018310547,144.60000610351562,144.02999877929688,144.3300018310547,11353255
2025-06-12 17:30:00+00:00,144.3249969482422,144.8350067138672,144.32000732421875,144.47500610351562,12360146
2025-06-12 18:30:00+00:00,144.47500610351562,144.89999389648438,144.25,144.7550048828125,14644653
2025-06-12 19:30:00+00:00,144.75,145.0,144.5,145.0,15549176
2025-06-13 13:30:00+00:00,143.3699951171875,143.5800018310547,141.0749969482422,141.1999969482422,51872162
2025-06-13 14:30:00+00:00,141.19500732421875,142.94000244140625,141.0800018310547,142.91650390625,23127908
2025-06-13 15:30:00+00:00,142.9149932861328,143.3699951171875,142.8719024658203,143.0749969482422,13935311
2025-06-13 16:30:00+00:00,143.0800018310547,143.36000061035156,142.49000549316406,142.65499877929688,14462880
2025-06-13 17:30:00+00:00,142.65499877929688,142.8498992919922,141.56500244140625,141.60000610351562,16100745
2025-06-13 18:30:00+00:00,141.58999633789062,142.0800018310547,140.85499572753906,141.5050048828125,22482726
2025-06-13 19:30:00+00:00,141.5050048828125,142.0,141.4600067138672,141.9600067138672,20970591
2025-06-16 13:30:00+00:00,143.34500122070312,144.88999938964844,143.20010375976562,144.47999572753906,44856735
2025-06-16 14:30:00+00:00,144.47500610351562,146.1750030517578,144.02000427246094,145.4698028564453,42997672
2025-06-16 15:30:00+00:00,145.4600067138672,146.05999755859375,145.4019012451172,145.9550018310547,17537399
2025-06-16 16:30:00+00:00,146.0,146.0399932861328,145.360107421875,145.625,15141052
2025-06-16 17:30:00+00:00,145.625,145.6999969482422,145.02999877929688,145.22999572753906,13046550
2025-06-16 18:30:00+00:00,145.2216033935547,145.25999450683594,144.7100067138672,144.97000122070312,15532334
2025-06-16 19:30:00+00:00,144.97500610351562,145.0,144.27000427246094,144.6699981689453,15755840
2025-06-17 13:30:00+00:00,144.875,145.22000122070312,144.0399932861328,144.3986053466797,35665612
2025-06-17 14:30:00+00:00,144.38999938964844,144.9499969482422,144.24000549316406,144.50999450683594,15413357
2025-06-17 15:30:00+00:00,144.50999450683594,145.1649932861328,144.22000122070312,145.02000427246094,15381526
2025-06-17 16:30:00+00:00,145.02000427246094,145.125,144.25,144.8300018310547,14502323
2025-06-17 17:30:00+00:00,144.82000732421875,145.07000732421875,143.9600067138672,144.17999267578125,16341184
2025-06-17 18:30:00+00:00,144.19000244140625,144.5,143.77999877929688,144.27609252929688,11499700
2025-06-17 19:30:00+00:00,144.27499389648438,144.74000549316406,144.00999450683594,144.0399932861328,12690439
2025-06-18 13:30:00+00:00,144.0050048828125,145.3300018310547,143.1199951171875,145.22000122070312,34846762
2025-06-18 14:30:00+00:00,145.22000122070312,145.6199951171875,144.8699951171875,144.99000549316406,18889032
2025-06-18 15:30:00+00:00,145.0500030517578,145.60000610351562,144.91000366210938,145.27999877929688,15092573
2025-06-18 16:30:00+00:00,145.27420043945312,145.60000610351562,145.08999633789062,145.13499450683594,9643794
2025-06-18 17:30:00+00:00,145.13499450683594,145.5,144.7100067138672,145.0500030517578,14648267
2025-06-18 18:30:00+00:00,145.0283966064453,145.27999877929688,143.91000366210938,144.17990112304688,21610193
2025-06-18 19:30:00+00:00,144.1699981689453,145.60000610351562,144.0800018310547,145.47000122070312,24050186
2025-06-20 13:30:00+00:00,145.43499755859375,146.1999969482422,144.10000610351562,144.625,67783997
2025-06-20 14:30:00+00:00,144.6300048828125,145.02999877929688,142.7100067138672,143.89990234375,31508786
2025-06-20 15:30:00+00:00,143.8780059814453,144.47000122070312,143.67999267578125,143.9550018310547,24548725
2025-06-20 16:30:00+00:00,143.9550018310547,144.33999633789062,143.452392578125,143.48500061035156,17667331
2025-06-20 17:30:00+00:00,143.49000549316406,144.27999877929688,143.22000122070312,144.15499877929688,12313905
2025-06-20 18:30:00+00:00,144.15499877929688,144.32000732421875,143.57179260253906,143.78990173339844,12939836
2025-06-20 19:30:00+00:00,143.7899932861328,143.97999572753906,143.13999938964844,143.77999877929688,17734749
2025-06-23 13:30:00+00:00,143.42999267578125,144.3000030517578,142.32000732421875,143.6300048828125,38498456
2025-06-23 14:30:00+00:00,143.63999938964844,144.2100067138672,143.52999877929688,143.80999755859375,16692515
2025-06-23 15:30:00+00:00,143.69500732421875,144.0500030517578,142.85000610351562,142.92999267578125,16739353
2025-06-23 16:30:00+00:00,142.92999267578125,144.44000244140625,142.02999877929688,144.4058074951172,24187562
2025-06-23 17:30:00+00:00,144.40499877929688,144.74000549316406,143.8800048828125,143.90989685058594,17966220
2025-06-23 18:30:00+00:00,143.91000366210938,144.38999938964844,143.75,143.84500122070312,11368715
2025-06-23 19:30:00+00:00,143.83999633789062,144.3699951171875,143.66180419921875,144.1750030517578,13348173
2025-06-24 13:30:00+00:00,145.86000061035156,147.89999389648438,145.69000244140625,147.02000427246094,57816010
2025-06-24 14:30:00+00:00,147.02000427246094,147.42999267578125,146.8000030517578,146.90499877929688,19347817
2025-06-24 15:30:00+00:00,146.91000366210938,147.1999969482422,146.5500030517578,147.1649932861328,18014469
2025-06-24 16:30:00+00:00,147.1649932861328,147.4499969482422,147.0,147.19500732421875,13836659
2025-06-24 17:30:00+00:00,147.19000244140625,147.60000610351562,147.18499755859375,147.35009765625,12496972
2025-06-24 18:30:00+00:00,147.35499572753906,147.5399932861328,147.1699981689453,147.22850036621094,12406122
2025-06-24 19:30:00+00:00,147.22500610351562,147.9600067138672,147.18499755859375,147.8300018310547,18197811
2025-06-25 13:30:00+00:00,149.30999755859375,152.55999755859375,149.27999877929688,152.2050018310547,87631761
2025-06-25 14:30:00+00:00,152.2050018310547,153.0,151.52999877929688,152.0500030517578,34570654
2025-06-25 15:30:00+00:00,152.04299926757812,152.1999969482422,151.38999938964844,152.14129638671875,17980007
2025-06-25 16:30:00+00:00,152.14500427246094,153.92999267578125,151.97000122070312,153.89999389648438,29544691
2025-06-25 17:30:00+00:00,153.90589904785156,154.00999450683594,153.18020629882812,153.9322967529297,25802407
2025-06-25 18:30:00+00:00,153.94000244140625,154.42999267578125,153.36000061035156,153.75439453125,27432674
2025-06-25 19:30:00+00:00,153.75,154.41000366210938,153.33999633789062,154.30999755859375,24556634
2025-06-26 13:30:00+00:00,155.3800048828125,156.47000122070312,154.03500366210938,156.44859313964844,71476728
2025-06-26 14:30:00+00:00,156.44500732421875,156.71499633789062,154.7899932861328,154.95989990234375,29246134
2025-06-26 15:30:00+00:00,154.9499969482422,155.7299041748047,154.80999755859375,155.625,16236689
2025-06-26 16:30:00+00:00,155.625,156.17999267578125,155.11500549316406,156.02999877929688,15834843
2025-06-26 17:30:00+00:00,156.03990173339844,156.49000549316406,155.75999450683594,156.10479736328125,15689997
2025-06-26 18:30:00+00:00,156.0850067138672,156.08999633789062,155.42999267578125,155.46429443359375,18052277
2025-06-26 19:30:00+00:00,155.4600067138672,155.58990478515625,154.875,155.0800018310547,16962532
2025-06-27 13:30:00+00:00,156.0,157.44500732421875,155.25999450683594,157.42010498046875,50511015
2025-06-27 14:30:00+00:00,157.4250030517578,158.0,156.77999877929688,157.91009521484375,28993628
2025-06-27 15:30:00+00:00,157.9199981689453,158.7100067138672,157.2899932861328,157.69000244140625,27167396
2025-06-27 16:30:00+00:00,157.67849731445312,157.8000030517578,156.9600067138672,157.48500061035156,18710941
2025-06-27 17:30:00+00:00,157.4149932861328,157.5800018310547,156.27000427246094,156.30499267578125,19409637
2025-06-27 18:30:00+00:00,156.30499267578125,156.8300018310547,155.4600067138672,156.47000122070312,25358639
2025-06-27 19:30:00+00:00,156.47000122070312,157.85000610351562,156.45010375976562,157.75,24317507
2025-06-30 13:30:00+00:00,158.40499877929688,158.46240234375,155.9600067138672,157.10000610351562,45352612
2025-06-30 14:30:00+00:00,157.11000061035156,157.58999633789062,156.7550048828125,157.04989624023438,20595043
2025-06-30 15:30:00+00:00,157.0500030517578,158.27000427246094,156.9550018310547,157.7100067138672,18408929
2025-06-30 16:30:00+00:00,157.6999969482422,158.1699981689453,157.65499877929688,157.82550048828125,13452357
2025-06-30 17:30:00+00:00,157.8249969482422,158.11000061035156,157.5399932861328,157.57989501953125,10936075
2025-06-30 18:30:00+00:00,157.57000732421875,158.10000610351562,156.83999633789062,157.94500732421875,16748845
2025-06-30 19:30:00+00:00,157.94500732421875,158.66000366210938,157.8300018310547,157.8699951171875,18860588
2025-07-01 13:30:00+00:00,156.25999450683594,157.1999969482422,154.39010620117188,154.6300048828125,41736822
2025-07-01 14:30:00+00:00,154.63499450683594,154.83999633789062,151.49000549316406,152.88499450683594,49090512
2025-07-01 15:30:00+00:00,152.8800048828125,153.49000549316406,152.22000122070312,153.39500427246094,25783852
2025-07-01 16:30:00+00:00,153.39500427246094,154.97999572753906,153.310302734375,154.27499389648438,21975374
2025-07-01 17:30:00+00:00,154.3300018310547,154.8800048828125,154.00999450683594,154.35169982910156,13955512
2025-07-01 18:30:00+00:00,154.35000610351562,154.63999938964844,152.91009521484375,153.72999572753906,19809769
2025-07-01 19:30:00+00:00,153.72000122070312,154.125,153.2100067138672,153.27999877929688,18863865
2025-07-02 13:30:00+00:00,153.02999877929688,156.16000366210938,152.97999572753906,156.08140563964844,45496358
2025-07-02 14:30:00+00:00,156.0800018310547,157.60000610351562,155.89999389648438,156.36500549316406,31796987
2025-07-02 15:30:00+00:00,156.36500549316406,157.375,156.06019592285156,157.093505859375,18521442
2025-07-02 16:30:00+00:00,157.13499450683594,157.57000732421875,156.83999633789062,157.2053985595703,13905801
2025-07-02 17:30:00+00:00,157.2050018310547,157.30499267578125,156.7050018310547,156.9550018310547,11032900
2025-07-02 18:30:00+00:00,156.9499969482422,157.39439392089844,156.50999450683594,156.93499755859375,15050404
2025-07-02 19:30:00+00:00,156.83999633789062,157.42999267578125,156.8300018310547,157.24000549316406,15265742
2025-07-03 13:30:00+00:00,158.35000610351562,160.97999572753906,157.77000427246094,160.6300048828125,63107837
2025-07-03 14:30:00+00:00,160.63499450683594,160.82000732421875,159.17999267578125,159.80499267578125,31499036
2025-07-03 15:30:00+00:00,159.8000030517578,159.97000122070312,159.30999755859375,159.37969970703125,18434686
2025-07-07 13:30:00+00:00,158.1999969482422,159.30540466308594,158.02999877929688,158.30999755859375,38468204
2025-07-07 14:30:00+00:00,158.32000732421875,158.6199951171875,157.3419952392578,158.27999877929688,19739847
2025-07-07 15:30:00+00:00,158.1300048828125,158.6999969482422,157.6967010498047,158.22000122070312,20104320
2025-07-07 16:30:00+00:00,158.19500732421875,158.58990478515625,158.03500366210938,158.3188018798828,11668152
2025-07-07 17:30:00+00:00,158.3144989013672,158.77000427246094,157.72999572753906,157.8249969482422,11966286
2025-07-07 18:30:00+00:00,157.82000732421875,158.6300048828125,157.75,158.3000946044922,11449648
2025-07-07 19:30:00+00:00,158.30999755859375,158.60000610351562,158.0800018310547,158.24000549316406,11041631
2025-07-08 13:30:00+00:00,159.3300018310547,159.74000549316406,158.3916015625,159.07000732421875,36806011
2025-07-08 14:30:00+00:00,159.06649780273438,159.2899932861328,158.6699981689453,159.0800018310547,18018628
2025-07-08 15:30:00+00:00,159.0850067138672,159.8699951171875,158.92999267578125,159.72999572753906,12403457
2025-07-08 16:30:00+00:00,159.74000549316406,159.7899932861328,159.2799072265625,159.5850067138672,12493506
2025-07-08 17:30:00+00:00,159.5800018310547,160.22000122070312,159.25,159.5399932861328,15155501
2025-07-08 18:30:00+00:00,159.5500030517578,159.94000244140625,159.36500549316406,159.89500427246094,11112506
2025-07-08 19:30:00+00:00,159.89500427246094,160.0800018310547,159.6999969482422,160.00010681152344,13626894
2025-07-09 13:30:00+00:00,161.19000244140625,164.4199981689453,161.16000366210938,163.06869506835938,64850584
2025-07-09 14:30:00+00:00,163.06500244140625,163.4499969482422,162.44000244140625,163.35000610351562,25988494
2025-07-09 15:30:00+00:00,163.3450927734375,163.3800048828125,162.89999389648438,163.27000427246094,16389704
2025-07-09 16:30:00+00:00,163.27029418945312,163.3699951171875,162.52999877929688,162.56500244140625,15282610
2025-07-09 17:30:00+00:00,162.55999755859375,163.0384063720703,162.49000549316406,162.81500244140625,11576319
2025-07-09 18:30:00+00:00,162.81500244140625,163.2100067138672,162.5500030517578,162.85000610351562,13576938
2025-07-09 19:30:00+00:00,162.84500122070312,163.02000427246094,162.57009887695312,162.8300018310547,16787843
2025-07-10 13:30:00+00:00,164.36000061035156,164.3699951171875,161.88999938964844,162.41000366210938,53282712
2025-07-10 14:30:00+00:00,162.39999389648438,162.8000030517578,161.61000061035156,162.59669494628906,23008245
2025-07-10 15:30:00+00:00,162.59500122070312,163.32000732421875,162.57000732421875,163.2747039794922,16064526
2025-07-10 16:30:00+00:00,163.2799072265625,163.65989685058594,163.0,163.44769287109375,12567265
2025-07-10 17:30:00+00:00,163.44500732421875,164.49000549316406,163.38999938964844,163.72999572753906,20190900
2025-07-10 18:30:00+00:00,163.72500610351562,164.32000732421875,163.64999389648438,164.05999755859375,14012071
2025-07-10 19:30:00+00:00,164.05999755859375,164.27999877929688,163.8000030517578,164.10499572753906,14867354
2025-07-11 13:30:00+00:00,163.71499633789062,167.59500122070312,163.52000427246094,167.35989379882812,58059074
2025-07-11 14:30:00+00:00,167.375,167.88999938964844,166.11000061035156,166.4949951171875,37872862
2025-07-11 15:30:00+00:00,166.49000549316406,167.1199951171875,165.92999267578125,166.47869873046875,19912075
2025-07-11 16:30:00+00:00,166.47479248046875,166.69000244140625,165.99000549316406,166.1822967529297,13148079
2025-07-11 17:30:00+00:00,166.19000244140625,166.25,165.3699951171875,165.68150329589844,15595742
2025-07-11 18:30:00+00:00,165.67999267578125,166.08990478515625,164.8300018310547,165.09500122070312,17912784
2025-07-11 19:30:00+00:00,165.0998992919922,165.27000427246094,164.8699951171875,164.8800048828125,14271548
2025-07-14 13:30:00+00:00,165.4250030517578,165.49000549316406,162.0399932861328,163.72000122070312,49921181
2025-07-14 14:30:00+00:00,163.72500610351562,165.28500366210938,163.33999633789062,164.75469970703125,23965559
2025-07-14 15:30:00+00:00,164.75759887695312,165.25,164.58999633789062,164.97000122070312,11859176
2025-07-14 16:30:00+00:00,164.97500610351562,165.36000061035156,164.57000732421875,165.08009338378906,9882041
2025-07-14 17:30:00+00:00,165.0800018310547,165.22000122070312,164.69000244140625,164.82000732421875,8199722
2025-07-14 18:30:00+00:00,164.8000030517578,165.0399932861328,164.32000732421875,164.40330505371094,11169702
2025-07-14 19:30:00+00:00,164.40499877929688,164.52999877929688,164.0,164.07000732421875,11699982
2025-07-15 13:30:00+00:00,170.35989379882812,172.25,169.1981964111328,171.57839965820312,97536358
2025-07-15 14:30:00+00:00,171.57029724121094,172.39999389648438,170.75,171.38499450683594,35052855
2025-07-15 15:30:00+00:00,171.38999938964844,171.60499572753906,171.02999877929688,171.38499450683594,14121272
2025-07-15 16:30:00+00:00,171.3699951171875,171.5500030517578,170.36000061035156,170.52499389648438,15343175
2025-07-15 17:30:00+00:00,170.52999877929688,171.11000061035156,170.25,170.91180419921875,15475030
2025-07-15 18:30:00+00:00,170.9149932861328,170.9600067138672,169.94000244140625,170.1999053955078,16779036
2025-07-15 19:30:00+00:00,170.19500732421875,170.97999572753906,170.13999938964844,170.5500030517578,16696416
2025-07-16 13:30:00+00:00,171.0,171.75,169.61000061035156,169.96490478515625,47018712
2025-07-16 14:30:00+00:00,169.96499633789062,170.65499877929688,169.28770446777344,170.37860107421875,25866268
2025-07-16 15:30:00+00:00,170.39010620117188,170.68479919433594,168.89999389648438,170.39500427246094,23472577
2025-07-16 16:30:00+00:00,170.38499450683594,171.4199981689453,170.33009338378906,170.9022979736328,13702209
2025-07-16 17:30:00+00:00,170.91000366210938,171.095703125,170.6240997314453,171.0050048828125,9660542
2025-07-16 18:30:00+00:00,171.0050048828125,171.14999389648438,170.6750030517578,170.77999877929688,11175077
2025-07-16 19:30:00+00:00,170.77999877929688,171.4499053955078,170.75999450683594,171.33999633789062,12791407
2025-07-17 13:30:00+00:00,172.05999755859375,173.64019775390625,170.8300018310547,172.92999267578125,53096486
2025-07-17 14:30:00+00:00,172.92999267578125,173.34500122070312,172.63999938964844,173.11500549316406,16964743
2025-07-17 15:30:00+00:00,173.11000061035156,174.16000366210938,172.93499755859375,173.860107421875,20740420
2025-07-17 16:30:00+00:00,173.86500549316406,173.97999572753906,173.36000061035156,173.72000122070312,14631775
2025-07-17 17:30:00+00:00,173.71499633789062,173.9167022705078,173.0800018310547,173.2989959716797,13460577
2025-07-17 18:30:00+00:00,173.2899932861328,173.68850708007812,173.1750030517578,173.28500366210938,12203669
2025-07-17 19:30:00+00:00,173.28500366210938,173.50999450683594,173.00999450683594,173.1114044189453,14952193
2025-07-18 13:30:00+00:00,173.72999572753906,174.24000549316406,171.93499755859375,172.08999633789062,48486073
2025-07-18 14:30:00+00:00,172.08999633789062,172.74839782714844,171.25999450683594,172.16009521484375,25270061
2025-07-18 15:30:00+00:00,172.1699981689453,172.5800018310547,171.97999572753906,172.15469360351562,12708477
2025-07-18 16:30:00+00:00,172.16000366210938,172.75,171.8000030517578,172.64999389648438,11859350
2025-07-18 17:30:00+00:00,172.64520263671875,172.73500061035156,172.11500549316406,172.4149932861328,9307613
2025-07-18 18:30:00+00:00,172.4152069091797,172.4199981689453,171.88999938964844,172.07000732421875,9333832
2025-07-18 19:30:00+00:00,172.0800018310547,172.4250030517578,171.8249969482422,172.38999938964844,14900120
2025-07-21 13:30:00+00:00,172.73500061035156,173.3800048828125,171.67999267578125,173.08009338378906,34024091
2025-07-21 14:30:00+00:00,173.0850067138672,173.13999938964844,172.4499969482422,172.6981964111328,14503791
2025-07-21 15:30:00+00:00,172.69009399414062,172.82000732421875,171.4499969482422,172.02940368652344,16191347
2025-07-21 16:30:00+00:00,172.02999877929688,172.6199951171875,171.99000549316406,172.55479431152344,10114493
2025-07-21 17:30:00+00:00,172.55819702148438,172.80999755859375,172.47000122070312,172.70480346679688,6943501
2025-07-21 18:30:00+00:00,172.6999969482422,172.72999572753906,171.86000061035156,171.9600067138672,10195751
2025-07-21 19:30:00+00:00,171.9600067138672,172.14999389648438,171.05999755859375,171.4600067138672,11753089
2025-07-22 13:30:00+00:00,171.22000122070312,171.35000610351562,164.5800018310547,166.0847930908203,75042055
2025-07-22 14:30:00+00:00,166.0800018310547,168.1999969482422,166.0800018310547,167.86000061035156,27036246
2025-07-22 15:30:00+00:00,167.86000061035156,168.63999938964844,167.49000549316406,167.5509033203125,20199319
2025-07-22 16:30:00+00:00,167.5500030517578,168.3699951171875,167.35000610351562,168.26499938964844,14441058
2025-07-22 17:30:00+00:00,168.25999450683594,168.4199981689453,167.360107421875,167.90029907226562,10662147
2025-07-22 18:30:00+00:00,167.89999389648438,168.16000366210938,167.72999572753906,167.88499450683594,10053490
2025-07-22 19:30:00+00:00,167.8800048828125,168.0,166.75999450683594,167.00999450683594,14282707
2025-07-23 13:30:00+00:00,169.52000427246094,170.39999389648438,167.97000122070312,169.1300048828125,46559663
2025-07-23 14:30:00+00:00,169.1300048828125,169.8000030517578,168.47000122070312,169.52330017089844,17365993
2025-07-23 15:30:00+00:00,169.5050048828125,169.8800048828125,168.52999877929688,168.6199951171875,14747305
2025-07-23 16:30:00+00:00,168.6199951171875,169.27999877929688,168.55999755859375,169.03500366210938,9774945
2025-07-23 17:30:00+00:00,169.03990173339844,171.25999450683594,168.97999572753906,170.65750122070312,20290549
2025-07-23 18:30:00+00:00,170.65130615234375,171.05999755859375,170.4600067138672,170.7100067138672,15108435
2025-07-23 19:30:00+00:00,170.6999969482422,170.86000061035156,170.1707000732422,170.8300018310547,13031395
2025-07-24 13:30:00+00:00,172.4499969482422,173.4499969482422,171.3000030517578,172.08999633789062,38225261
2025-07-24 14:30:00+00:00,172.08999633789062,173.1999053955078,171.99000549316406,172.67849731445312,18227398
2025-07-24 15:30:00+00:00,172.69189453125,173.08999633789062,172.39999389648438,172.94500732421875,12437977
2025-07-24 16:30:00+00:00,172.94000244140625,173.67999267578125,172.77000427246094,173.43240356445312,13470296
2025-07-24 17:30:00+00:00,173.42999267578125,173.8300018310547,173.22000122070312,173.4550018310547,12804764
2025-07-24 18:30:00+00:00,173.4550018310547,173.75999450683594,173.25999450683594,173.6501007080078,9442160
2025-07-24 19:30:00+00:00,173.66000366210938,173.82000732421875,173.31500244140625,173.77999877929688,11284670
2025-07-25 13:30:00+00:00,173.61500549316406,174.72000122070312,172.96499633789062,174.46189880371094,38537566
2025-07-25 14:30:00+00:00,174.46820068359375,174.67999267578125,173.63999938964844,174.06809997558594,15660859
2025-07-25 15:30:00+00:00,174.10000610351562,174.52999877929688,173.75,174.3800048828125,13706268
2025-07-25 16:30:00+00:00,174.38999938964844,174.5,173.8300018310547,173.8843994140625,10462333
2025-07-25 17:30:00+00:00,173.88499450683594,173.97000122070312,173.00999450683594,173.64999389648438,11734143
2025-07-25 18:30:00+00:00,173.64999389648438,174.05999755859375,173.41000366210938,173.7949981689453,9810393
2025-07-25 19:30:00+00:00,173.7899932861328,173.99000549316406,173.25,173.49000549316406,11726836
2025-07-28 13:30:00+00:00,174.02000427246094,175.57000732421875,173.97000122070312,174.9250030517578,40106290
2025-07-28 14:30:00+00:00,174.9199981689453,175.25999450683594,174.2550048828125,174.92999267578125,15757910
2025-07-28 15:30:00+00:00,174.9250030517578,175.13999938964844,174.67999267578125,175.0299072265625,9614060
2025-07-28 16:30:00+00:00,175.02020263671875,175.27999877929688,174.6999969482422,175.2100067138672,8315414
2025-07-28 17:30:00+00:00,175.1999969482422,175.69509887695312,175.19869995117188,175.47500610351562,11462309
2025-07-28 18:30:00+00:00,175.47999572753906,176.27499389648438,175.2100067138672,176.15499877929688,15190206
2025-07-28 19:30:00+00:00,176.16000366210938,176.97999572753906,175.8300018310547,176.75,19019292
2025-07-29 13:30:00+00:00,177.9600067138672,179.3800048828125,177.6300048828125,178.13999938964844,47245091
2025-07-29 14:30:00+00:00,178.14999389648438,178.6999053955078,175.67010498046875,175.85989379882812,26997973
2025-07-29 15:30:00+00:00,175.85499572753906,176.77999877929688,175.1699981689453,176.33999633789062,21153065
2025-07-29 16:30:00+00:00,176.34500122070312,176.66000366210938,175.83169555664062,176.19529724121094,11231828
2025-07-29 17:30:00+00:00,176.1999969482422,176.6300048828125,175.8000030517578,176.2050018310547,9845570
2025-07-29 18:30:00+00:00,176.2050018310547,176.57510375976562,175.77000427246094,175.8249969482422,10067988
2025-07-29 19:30:00+00:00,175.8300018310547,175.97039794921875,175.23789978027344,175.50999450683594,14984039
2025-07-30 13:30:00+00:00,176.34950256347656,178.74000549316406,176.34950256347656,178.4600067138672,36121613
2025-07-30 14:30:00+00:00,178.46009826660156,179.27999877929688,178.19000244140625,178.26519775390625,20571627
2025-07-30 15:30:00+00:00,178.26019287109375,179.1999969482422,178.1446990966797,178.80499267578125,13706613
2025-07-30 16:30:00+00:00,178.8000946044922,179.39999389648438,178.8000946044922,179.00669860839844,14438209
2025-07-30 17:30:00+00:00,179.00999450683594,179.67999267578125,178.8800048828125,179.55499267578125,13260125
2025-07-30 18:30:00+00:00,179.55499267578125,179.88999938964844,177.55999755859375,178.58999633789062,28400674
2025-07-30 19:30:00+00:00,178.58999633789062,179.39999389648438,178.5800018310547,179.2899932861328,16698311
2025-07-31 13:30:00+00:00,182.92999267578125,183.2899932861328,180.39999389648438,181.57000732421875,58728773
2025-07-31 14:30:00+00:00,181.57009887695312,181.72000122070312,178.68350219726562,179.889892578125,32906598
2025-07-31 15:30:00+00:00,179.88999938964844,181.49000549316406,179.8000030517578,181.3780059814453,16810132
2025-07-31 16:30:00+00:00,181.37229919433594,181.4949951171875,178.82000732421875,179.02000427246094,18524780
2025-07-31 17:30:00+00:00,179.0,179.44000244140625,175.92999267578125,177.36500549316406,27861825
2025-07-31 18:30:00+00:00,177.36500549316406,178.1699981689453,177.2100067138672,177.41969299316406,17966475
2025-07-31 19:30:00+00:00,177.4250030517578,178.1699981689453,177.14500427246094,177.85000610351562,16408484
2025-08-01 13:30:00+00:00,172.75,175.03500366210938,170.88999938964844,174.97500610351562,66875436
2025-08-01 14:30:00+00:00,174.97999572753906,176.0,174.33999633789062,174.77999877929688,26579583
2025-08-01 15:30:00+00:00,174.77000427246094,176.5399932861328,174.64999389648438,175.82000732421875,18229449
2025-08-01 16:30:00+00:00,175.82000732421875,175.8699951171875,172.6649932861328,173.10989379882812,19679327
2025-08-01 17:30:00+00:00,173.10499572753906,173.6999969482422,171.7949981689453,173.2799072265625,21601464
2025-08-01 18:30:00+00:00,173.27499389648438,174.14999389648438,172.72999572753906,173.75,18409216
2025-08-01 19:30:00+00:00,173.7449951171875,174.6999969482422,173.19500732421875,173.58999633789062,14884559
2025-08-04 13:30:00+00:00,175.16000366210938,178.10000610351562,174.55999755859375,177.9499969482422,40024836
2025-08-04 14:30:00+00:00,177.95140075683594,178.10000610351562,176.92999267578125,177.8498992919922,17929805
2025-08-04 15:30:00+00:00,177.8300018310547,179.03529357910156,177.64999389648438,178.9250030517578,14410982
2025-08-04 16:30:00+00:00,178.9250030517578,179.10000610351562,178.61000061035156,179.02999877929688,10199184
2025-08-04 17:30:00+00:00,179.0399932861328,179.81500244140625,178.69000244140625,179.27000427246094,14291109
2025-08-04 18:30:00+00:00,179.27479553222656,179.66000366210938,178.94000244140625,179.31390380859375,12966879
2025-08-04 19:30:00+00:00,179.3101043701172,179.99000549316406,179.11000061035156,179.97000122070312,14189742
2025-08-05 13:30:00+00:00,178.77000427246094,180.25999450683594,177.75,178.24000549316406,41827154
2025-08-05 14:30:00+00:00,178.25,178.48829650878906,175.89999389648438,176.88499450683594,30111029
2025-08-05 15:30:00+00:00,176.8800048828125,178.26499938964844,176.22000122070312,177.92999267578125,18008893
2025-08-05 16:30:00+00:00,177.9199981689453,178.22000122070312,177.00999450683594,178.02999877929688,12436982
2025-08-05 17:30:00+00:00,178.0399932861328,179.11439514160156,177.9499969482422,178.50999450683594,13221722
2025-08-05 18:30:00+00:00,178.51010131835938,178.82000732421875,177.65150451660156,178.77520751953125,14104085
2025-08-05 19:30:00+00:00,178.77499389648438,178.97500610351562,178.1199951171875,178.25999450683594,11063423
2025-08-06 13:30:00+00:00,176.3249969482422,179.42999267578125,176.25,178.0399932861328,37211087
2025-08-06 14:30:00+00:00,178.02999877929688,178.39999389648438,176.80189514160156,178.14999389648438,20699896
2025-08-06 15:30:00+00:00,178.14999389648438,179.3800048828125,178.02000427246094,178.23500061035156,14807008
2025-08-06 16:30:00+00:00,178.22999572753906,178.4499969482422,177.65809631347656,178.42999267578125,11344990
2025-08-06 17:30:00+00:00,178.4199981689453,179.27999877929688,178.2689971923828,179.22999572753906,10284555
2025-08-06 18:30:00+00:00,179.22000122070312,179.86000061035156,178.8800048828125,179.6649932861328,13334056
2025-08-06 19:30:00+00:00,179.66000366210938,179.89999389648438,179.32000732421875,179.41000366210938,11599106
2025-08-07 13:30:00+00:00,181.5500030517578,183.8800048828125,181.3000030517578,182.47999572753906,48813258
2025-08-07 14:30:00+00:00,182.33880615234375,183.08999633789062,181.14999389648438,181.52999877929688,19854693
2025-08-07 15:30:00+00:00,181.52000427246094,182.02499389648438,180.47999572753906,181.14999389648438,15244882
2025-08-07 16:30:00+00:00,181.13510131835938,181.3350067138672,179.4199981689453,179.97000122070312,15384202
2025-08-07 17:30:00+00:00,179.96499633789062,180.27000427246094,178.82000732421875,179.42010498046875,15509269
2025-08-07 18:30:00+00:00,179.4250030517578,180.24000549316406,179.1199951171875,179.47000122070312,13498015
2025-08-07 19:30:00+00:00,179.47000122070312,180.88999938964844,179.4199981689453,180.8699951171875,11101336
2025-08-08 13:30:00+00:00,181.5500030517578,182.7689971923828,180.39999389648438,182.19500732421875,35346711
2025-08-08 14:30:00+00:00,182.19000244140625,183.3000030517578,182.04449462890625,183.01499938964844,19263080
2025-08-08 15:30:00+00:00,183.0050048828125,183.2899932861328,182.25,182.90809631347656,13673296
2025-08-08 16:30:00+00:00,182.9149932861328,182.9199981689453,181.61000061035156,181.88499450683594,12839636
2025-08-08 17:30:00+00:00,181.8800048828125,182.88999938964844,181.85000610351562,182.61500549316406,10114146
2025-08-08 18:30:00+00:00,182.60009765625,183.05999755859375,182.58009338378906,182.69500732421875,10238542
2025-08-08 19:30:00+00:00,182.69500732421875,183.05999755859375,182.1649932861328,182.75,11085190
2025-08-11 13:30:00+00:00,182.16000366210938,183.66000366210938,180.25,183.3455047607422,44896099
2025-08-11 14:30:00+00:00,183.34500122070312,183.67999267578125,182.3699951171875,183.1800994873047,16480275
2025-08-11 15:30:00+00:00,183.16439819335938,183.83999633789062,182.8800048828125,183.73500061035156,16486141
2025-08-11 16:30:00+00:00,183.73500061035156,183.80499267578125,182.85499572753906,183.23550415039062,10001941
2025-08-11 17:30:00+00:00,183.23500061035156,183.46499633789062,182.59010314941406,182.89999389648438,8923527
2025-08-11 18:30:00+00:00,182.91000366210938,183.08999633789062,182.10000610351562,182.16000366210938,9764807
2025-08-11 19:30:00+00:00,182.16000366210938,182.5800018310547,181.5,182.0850067138672,16433921
2025-08-12 13:30:00+00:00,182.9600067138672,182.99000549316406,179.4600067138672,180.92999267578125,53579929
2025-08-12 14:30:00+00:00,180.9232940673828,182.55999755859375,180.75450134277344,182.0146942138672,19016729
2025-08-12 15:30:00+00:00,182.01010131835938,182.75,181.7602996826172,182.27499389648438,12312308
2025-08-12 16:30:00+00:00,182.27000427246094,182.6999969482422,181.75,182.24000549316406,10381630
2025-08-12 17:30:00+00:00,182.24000549316406,183.08999633789062,182.1750030517578,183.06500244140625,10502042
2025-08-12 18:30:00+00:00,183.0800018310547,183.3300018310547,182.69000244140625,182.7845001220703,11225989
2025-08-12 19:30:00+00:00,182.7899932861328,184.47999572753906,182.25999450683594,183.10000610351562,12971517
2025-08-13 13:30:00+00:00,182.35499572753906,183.968994140625,180.97999572753906,181.41099548339844,57183001
2025-08-13 14:30:00+00:00,181.39500427246094,181.80929565429688,179.35000610351562,180.13180541992188,31905250
2025-08-13 15:30:00+00:00,180.139892578125,181.08999633789062,179.5749969482422,180.0500030517578,18665334
2025-08-13 16:30:00+00:00,180.0399932861328,181.00999450683594,179.39999389648438,180.99000549316406,15541217
2025-08-13 17:30:00+00:00,180.97999572753906,181.66000366210938,180.47000122070312,181.32989501953125,13188042
2025-08-13 18:30:00+00:00,181.3249969482422,181.9199981689453,181.06100463867188,181.26499938964844,13400589
2025-08-13 19:30:00+00:00,181.26499938964844,181.64999389648438,180.6300048828125,181.57000732421875,14629608
2025-08-14 13:30:00+00:00,179.7949981689453,182.66700744628906,179.4600067138672,182.5800018310547,41933654
2025-08-14 14:30:00+00:00,182.57850646972656,182.97500610351562,181.00999450683594,181.3800048828125,19906026
2025-08-14 15:30:00+00:00,181.3800048828125,182.19000244140625,180.9600067138672,181.14349365234375,15698784
2025-08-14 16:30:00+00:00,181.2200927734375,182.1999969482422,181.125,182.1649932861328,10084493
2025-08-14 17:30:00+00:00,182.1649932861328,182.1699981689453,181.4499969482422,181.52499389648438,8710122
2025-08-14 18:30:00+00:00,181.52999877929688,182.05999755859375,181.4217071533203,181.9600067138672,9628090
2025-08-14 19:30:00+00:00,181.9550018310547,182.24000549316406,181.7899932861328,182.0,12263611
2025-08-15 13:30:00+00:00,181.75999450683594,181.89999389648438,178.04469299316406,179.92010498046875,53746813
2025-08-15 14:30:00+00:00,179.9250030517578,180.04989624023438,178.75,179.5050048828125,19965791
2025-08-15 15:30:00+00:00,179.47000122070312,179.61000061035156,178.41000366210938,178.92999267578125,16053351
2025-08-15 16:30:00+00:00,178.9250030517578,179.8000030517578,178.8350067138672,179.70010375976562,10662845
2025-08-15 17:30:00+00:00,179.6999969482422,180.30999755859375,179.69000244140625,180.17999267578125,10132382
2025-08-15 18:30:00+00:00,180.18499755859375,180.25,179.48500061035156,179.97000122070312,11672960
2025-08-15 19:30:00+00:00,179.97999572753906,180.5399932861328,179.92999267578125,180.44000244140625,14420184
2025-08-18 13:30:00+00:00,180.64999389648438,182.93499755859375,180.60450744628906,182.67999267578125,41258508
2025-08-18 14:30:00+00:00,182.67999267578125,182.69500732421875,180.94000244140625,181.1519012451172,21186319
2025-08-18 15:30:00+00:00,181.16000366210938,181.8300018310547,181.07000732421875,181.7657928466797,10494508
2025-08-18 16:30:00+00:00,181.75999450683594,181.91000366210938,180.9600067138672,181.49920654296875,10564113
2025-08-18 17:30:00+00:00,181.48500061035156,181.82000732421875,181.13499450683594,181.76210021972656,9063596
2025-08-18 18:30:00+00:00,181.75999450683594,182.61000061035156,181.75010681152344,182.19500732421875,14116183
2025-08-18 19:30:00+00:00,182.19500732421875,182.3800048828125,181.97000122070312,181.97999572753906,8608391
2025-08-19 13:30:00+00:00,182.42999267578125,182.5,178.52999877929688,178.66490173339844,43099321
2025-08-19 14:30:00+00:00,178.66000366210938,179.13999938964844,177.3000030517578,178.27749633789062,31692135
2025-08-19 15:30:00+00:00,178.27499389648438,178.6649932861328,176.80499267578125,177.53990173339844,19758122
2025-08-19 16:30:00+00:00,177.5399932861328,177.75999450683594,175.75,176.69509887695312,23233166
2025-08-19 17:30:00+00:00,176.6699981689453,177.22999572753906,176.4199981689453,176.5749053955078,14572380
2025-08-19 18:30:00+00:00,176.5800018310547,176.75999450683594,175.66000366210938,176.33250427246094,17226419
2025-08-19 19:30:00+00:00,176.3350067138672,176.5800018310547,175.49000549316406,175.64999389648438,16724604
2025-08-20 13:30:00+00:00,175.10000610351562,175.11000061035156,168.80099487304688,170.30999755859375,75230669
2025-08-20 14:30:00+00:00,170.30999755859375,172.47999572753906,168.89999389648438,172.4250030517578,36403063
2025-08-20 15:30:00+00:00,172.4199981689453,174.11000061035156,171.6999969482422,174.0500030517578,25285992
2025-08-20 16:30:00+00:00,174.05499267578125,174.0800018310547,172.64999389648438,173.47500610351562,15454109
2025-08-20 17:30:00+00:00,173.47000122070312,174.4199981689453,172.56019592285156,172.8249969482422,16865512
2025-08-20 18:30:00+00:00,172.82989501953125,174.86000061035156,172.75,174.5800018310547,15941813
2025-08-20 19:30:00+00:00,174.5800018310547,175.5299072265625,174.42999267578125,175.38999938964844,15457138
2025-08-21 13:30:00+00:00,174.67999267578125,176.89999389648438,173.97999572753906,176.47500610351562,42477436
2025-08-21 14:30:00+00:00,176.47149658203125,176.47149658203125,174.60069274902344,174.96499633789062,17677407
2025-08-21 15:30:00+00:00,174.92999267578125,175.63999938964844,174.11000061035156,174.22569274902344,15131639
2025-08-21 16:30:00+00:00,174.22000122070312,174.80999755859375,173.80999755859375,174.26499938964844,14081487
2025-08-21 17:30:00+00:00,174.26499938964844,175.19000244140625,174.2550048828125,174.7449951171875,11047345
2025-08-21 18:30:00+00:00,174.75999450683594,175.0872039794922,174.27000427246094,174.80189514160156,10711465
2025-08-21 19:30:00+00:00,174.8000030517578,175.1300048828125,174.52000427246094,174.9709930419922,10228191
2025-08-22 13:30:00+00:00,171.44349670410156,177.86000061035156,171.1999969482422,176.32000732421875,59679892
2025-08-22 14:30:00+00:00,176.30499267578125,178.3000030517578,176.07000732421875,178.1300048828125,27365324
2025-08-22 15:30:00+00:00,178.125,178.58999633789062,176.8800048828125,177.00579833984375,19515607
2025-08-22 16:30:00+00:00,177.00999450683594,178.3000030517578,176.88999938964844,178.2949981689453,13484278
2025-08-22 17:30:00+00:00,178.2949981689453,178.4199981689453,177.8300018310547,178.11500549316406,11900337
2025-08-22 18:30:00+00:00,178.11500549316406,178.5399932861328,177.74000549316406,178.0601043701172,11391933
2025-08-22 19:30:00+00:00,178.06500244140625,178.41000366210938,177.63999938964844,178.02000427246094,13795946
2025-08-25 13:30:00+00:00,178.35499572753906,179.40989685058594,176.57000732421875,178.99000549316406,42237022
2025-08-25 14:30:00+00:00,178.97999572753906,181.25,178.86419677734375,181.22140502929688,28701803
2025-08-25 15:30:00+00:00,181.23500061035156,181.91000366210938,181.0399932861328,181.5240936279297,21214446
2025-08-25 16:30:00+00:00,181.50999450683594,181.71499633789062,180.6199951171875,181.0,14530987
2025-08-25 17:30:00+00:00,181.00010681152344,181.47999572753906,180.74000549316406,181.33990478515625,12209736
2025-08-25 18:30:00+00:00,181.3350067138672,181.6699981689453,180.9199981689453,181.03500366210938,12052092
2025-08-25 19:30:00+00:00,181.02999877929688,181.25,179.5800018310547,179.83999633789062,15481637
2025-08-26 13:30:00+00:00,180.00999450683594,181.22999572753906,178.80999755859375,180.97999572753906,41256978
2025-08-26 14:30:00+00:00,180.9600067138672,181.75999450683594,180.67999267578125,180.8800048828125,23689726
2025-08-26 15:30:00+00:00,180.8699951171875,181.9499969482422,180.77999877929688,181.68499755859375,13758007
2025-08-26 16:30:00+00:00,181.69000244140625,181.75,181.22000122070312,181.6199951171875,9254676
2025-08-26 17:30:00+00:00,181.61500549316406,181.8699951171875,180.88999938964844,181.81500244140625,10526629
2025-08-26 18:30:00+00:00,181.81500244140625,182.27000427246094,181.75,182.02549743652344,15952704
2025-08-26 19:30:00+00:00,182.02000427246094,182.38999938964844,181.52999877929688,181.6999969482422,14977172
2025-08-27 13:30:00+00:00,182.07000732421875,182.07000732421875,179.10020446777344,181.05999755859375,56038541
2025-08-27 14:30:00+00:00,181.06179809570312,182.44000244140625,181.05999755859375,181.58999633789062,27348415
2025-08-27 15:30:00+00:00,181.5800018310547,182.22999572753906,181.11000061035156,181.40420532226562,17369181
2025-08-27 16:30:00+00:00,181.39999389648438,182.07000732421875,181.2899932861328,181.93499755859375,14646358
2025-08-27 17:30:00+00:00,181.93499755859375,182.49000549316406,181.6300048828125,182.22259521484375,14657337
2025-08-27 18:30:00+00:00,182.22000122070312,182.22999572753906,180.92999267578125,181.6645965576172,19942375
2025-08-27 19:30:00+00:00,181.6649932861328,181.8300018310547,181.27000427246094,181.60000610351562,20299137
2025-08-28 13:30:00+00:00,183.90499877929688,184.47000122070312,176.41000366210938,177.69500732421875,115181721
2025-08-28 14:30:00+00:00,177.67190551757812,180.60499572753906,177.61749267578125,179.156494140625,37722258
2025-08-28 15:30:00+00:00,179.15499877929688,179.82000732421875,178.3800048828125,179.69000244140625,21239947
2025-08-28 16:30:00+00:00,179.67999267578125,179.97000122070312,178.69000244140625,179.91419982910156,18458449
2025-08-28 17:30:00+00:00,179.9149932861328,180.85000610351562,179.79100036621094,180.82969665527344,18823778
2025-08-28 18:30:00+00:00,180.8249969482422,181.5500030517578,179.97000122070312,180.0800018310547,26267219
2025-08-28 19:30:00+00:00,180.0850067138672,181.0800018310547,179.99000549316406,180.1999969482422,20952896
2025-08-29 13:30:00+00:00,178.11000061035156,178.11000061035156,173.75999450683594,175.06500244140625,80744435
2025-08-29 14:30:00+00:00,175.05999755859375,175.22999572753906,173.3699951171875,174.77499389648438,35501745
2025-08-29 15:30:00+00:00,174.75999450683594,174.8498992919922,173.61000061035156,174.14999389648438,22530764
2025-08-29 16:30:00+00:00,174.14999389648438,174.77000427246094,173.14500427246094,173.52000427246094,19417117
2025-08-29 17:30:00+00:00,173.53500366210938,174.2899932861328,173.25,173.55670166015625,18216909
2025-08-29 18:30:00+00:00,173.57420349121094,174.2698974609375,173.56500244140625,174.0399932861328,16934957
2025-08-29 19:30:00+00:00,174.0449981689453,174.50999450683594,173.35000610351562,174.27999877929688,21927826
2025-09-02 13:30:00+00:00,169.0,172.37899780273438,168.64999389648438,170.63360595703125,67328024
2025-09-02 14:30:00+00:00,170.6300048828125,170.63999938964844,168.52999877929688,169.05999755859375,33206180
2025-09-02 15:30:00+00:00,169.0500030517578,169.09730529785156,167.2200927734375,167.93499755859375,35717985
2025-09-02 16:30:00+00:00,167.94000244140625,169.35000610351562,167.85000610351562,169.23500061035156,22695385
2025-09-02 17:30:00+00:00,169.22999572753906,169.6199951171875,168.97999572753906,169.1981964111328,15114674
2025-09-02 18:30:00+00:00,169.1999969482422,170.44000244140625,169.03500366210938,170.2949981689453,21361055
2025-09-02 19:30:00+00:00,170.2899932861328,171.1199951171875,170.27999877929688,170.75,18149057
2025-09-03 13:30:00+00:00,170.96600341796875,171.82000732421875,169.52000427246094,171.35000610351562,43886562
2025-09-03 14:30:00+00:00,171.35000610351562,172.41000366210938,170.5800018310547,170.70590209960938,22048727
2025-09-03 15:30:00+00:00,170.70579528808594,171.77999877929688,170.33999633789062,171.52499389648438,16505755
2025-09-03 16:30:00+00:00,171.52999877929688,171.5449981689453,170.57009887695312,170.7834930419922,11770942
2025-09-03 17:30:00+00:00,170.77999877929688,170.9499969482422,169.22000122070312,169.36000061035156,16683384
2025-09-03 18:30:00+00:00,169.36500549316406,169.6654052734375,168.875,169.36500549316406,15625408
2025-09-03 19:30:00+00:00,169.36000061035156,170.63499450683594,169.36000061035156,170.6300048828125,15586633
2025-09-04 13:30:00+00:00,170.5500030517578,171.86000061035156,169.41000366210938,170.8614959716797,41325410
2025-09-04 14:30:00+00:00,170.86000061035156,171.3083038330078,170.0800018310547,170.8000030517578,18117759
2025-09-04 15:30:00+00:00,170.8083953857422,170.94000244140625,170.2100067138672,170.46420288085938,12428337
2025-09-04 16:30:00+00:00,170.46499633789062,171.17999267578125,170.39349365234375,170.4499969482422,10774928
2025-09-04 17:30:00+00:00,170.4550018310547,170.86000061035156,170.35000610351562,170.41220092773438,11356223
2025-09-04 18:30:00+00:00,170.4149932861328,171.1300048828125,170.39999389648438,170.90499877929688,10743103
2025-09-04 19:30:00+00:00,170.88999938964844,171.7375946044922,170.8300018310547,171.64999389648438,14491186
2025-09-05 13:30:00+00:00,166.87249755859375,169.02999877929688,164.22479248046875,165.13729858398438,84959254
2025-09-05 14:30:00+00:00,165.1300048828125,166.13999938964844,164.07000732421875,166.08999633789062,38285700
2025-09-05 15:30:00+00:00,166.08680725097656,166.99000549316406,165.86000061035156,166.36549377441406,22932097
2025-09-05 16:30:00+00:00,166.3699951171875,167.13999938964844,166.25999450683594,166.5850067138672,14017812
2025-09-05 17:30:00+00:00,166.5850067138672,166.88999938964844,165.8800048828125,166.76010131835938,15004758
2025-09-05 18:30:00+00:00,166.75999450683594,167.14999389648438,166.02999877929688,167.09500122070312,16232638
2025-09-05 19:30:00+00:00,167.08999633789062,167.19500732421875,166.50999450683594,167.0399932861328,15720578
2025-09-08 13:30:00+00:00,167.55999755859375,170.9600067138672,167.4499969482422,170.25999450683594,53173407
2025-09-08 14:30:00+00:00,170.25,170.4550018310547,169.5399932861328,169.9698944091797,18395592
2025-09-08 15:30:00+00:00,169.9600067138672,170.25,169.25,170.1649932861328,15482659
2025-09-08 16:30:00+00:00,170.16000366210938,170.19509887695312,169.5,169.86500549316406,10722063
2025-09-08 17:30:00+00:00,169.8699951171875,170.16000366210938,169.52999877929688,169.71499633789062,10813107
2025-09-08 18:30:00+00:00,169.7100067138672,169.91000366210938,168.9499969482422,169.14500427246094,15257114
2025-09-08 19:30:00+00:00,169.14999389648438,169.80999755859375,168.11000061035156,168.3699951171875,21138361
2025-09-09 13:30:00+00:00,168.61500549316406,169.63999938964844,167.48989868164062,168.0800018310547,36489605
2025-09-09 14:30:00+00:00,168.07000732421875,168.13999938964844,166.74009704589844,167.7550048828125,23318993
2025-09-09 15:30:00+00:00,167.7550048828125,168.92999267578125,167.44500732421875,168.7050018310547,14592458
2025-09-09 16:30:00+00:00,168.7100067138672,168.8000030517578,167.93580627441406,168.0850067138672,11117131
2025-09-09 17:30:00+00:00,168.08999633789062,168.59500122070312,167.84500122070312,168.2449951171875,14638624
2025-09-09 18:30:00+00:00,168.25990295410156,170.3699951171875,168.1300048828125,170.23989868164062,18651732
2025-09-09 19:30:00+00:00,170.24000549316406,170.9799041748047,169.83999633789062,170.7584991455078,17249099
2025-09-10 13:30:00+00:00,176.64999389648438,178.9499969482422,175.47999572753906,177.64999389648438,82319968
2025-09-10 14:30:00+00:00,177.64999389648438,179.2899932861328,177.60000610351562,178.61419677734375,36684204
2025-09-10 15:30:00+00:00,178.6199951171875,178.72999572753906,177.47999572753906,177.99000549316406,20946072
2025-09-10 16:30:00+00:00,177.97999572753906,178.14999389648438,177.3699951171875,178.00509643554688,14456545
2025-09-10 17:30:00+00:00,178.0050048828125,178.32000732421875,176.14999389648438,176.27499389648438,18519526
2025-09-10 18:30:00+00:00,176.27000427246094,176.7657928466797,175.9600067138672,176.72500610351562,18537958
2025-09-10 19:30:00+00:00,176.72999572753906,177.54510498046875,176.67999267578125,177.3300018310547,18318589
2025-09-11 13:30:00+00:00,179.69000244140625,180.0,176.9250030517578,177.2550048828125,47832570
2025-09-11 14:30:00+00:00,177.2550048828125,178.44000244140625,177.14999389648438,178.09500122070312,384018
2025-09-11 15:30:00+00:00,178.08999633789062,178.52999877929688,177.42999267578125,177.55810546875,35862018
2025-09-11 16:30:00+00:00,177.56419372558594,177.6999969482422,176.9499969482422,177.0941925048828,12011191
2025-09-11 17:30:00+00:00,177.09500122070312,177.73989868164062,176.47999572753906,177.5749969482422,16520716
2025-09-11 18:30:00+00:00,177.5800018310547,177.74000549316406,176.977294921875,177.1199951171875,10922991
2025-09-11 19:30:00+00:00,177.1199951171875,177.5,176.89999389648438,177.08999633789062,10686498
2025-09-12 13:30:00+00:00,177.75010681152344,178.0800018310547,176.4499969482422,177.77499389648438,31281879
2025-09-12 14:30:00+00:00,177.77639770507812,178.58999633789062,177.63999938964844,177.6750030517578,18768373
2025-09-12 15:30:00+00:00,177.6649932861328,178.17999267578125,177.3249969482422,178.11000061035156,16940381
2025-09-12 16:30:00+00:00,178.10000610351562,178.21839904785156,177.5,177.52499389648438,9160585
2025-09-12 17:30:00+00:00,177.52000427246094,177.9501953125,177.44500732421875,177.4700927734375,8744569
2025-09-12 18:30:00+00:00,177.4720001220703,177.94000244140625,177.41000366210938,177.68499755859375,10122889
2025-09-12 19:30:00+00:00,177.6842041015625,178.0,177.39999389648438,177.7899932861328,11842853
2025-09-15 13:30:00+00:00,175.66000366210938,176.57000732421875,174.50999450683594,175.48899841308594,45146345
2025-09-15 14:30:00+00:00,175.49000549316406,177.25,174.8300018310547,177.02169799804688,21808573
2025-09-15 15:30:00+00:00,177.02999877929688,178.08999633789062,176.7700958251953,177.5850067138672,19648158
2025-09-15 16:30:00+00:00,177.5850067138672,178.27999877929688,177.14500427246094,177.27000427246094,12971918
2025-09-15 17:30:00+00:00,177.2718963623047,177.8800048828125,177.25450134277344,177.52499389648438,9423651
2025-09-15 18:30:00+00:00,177.52499389648438,177.85000610351562,176.92340087890625,177.19500732421875,12982335
2025-09-15 19:30:00+00:00,177.1920928955078,178.85000610351562,176.9149932861328,177.77999877929688,14122964
2025-09-16 13:30:00+00:00,176.9949951171875,177.5,175.7100067138672,176.31500244140625,32526962
2025-09-16 14:30:00+00:00,176.30999755859375,176.85000610351562,175.82000732421875,176.13999938964844,17078775
2025-09-16 15:30:00+00:00,176.1300048828125,176.19500732421875,174.80999755859375,175.26499938964844,17647333
2025-09-16 16:30:00+00:00,175.26499938964844,175.39999389648438,174.9499969482422,175.14999389648438,12304080
2025-09-16 17:30:00+00:00,175.154296875,175.17999267578125,174.64999389648438,174.77499389648438,13033359
2025-09-16 18:30:00+00:00,174.77999877929688,175.22000122070312,174.67999267578125,174.75,12991542
2025-09-16 19:30:00+00:00,174.7449951171875,175.16000366210938,174.3800048828125,174.8300018310547,16323762
2025-09-17 13:30:00+00:00,172.5800018310547,173.1999969482422,169.76499938964844,170.1199951171875,56381360
2025-09-17 14:30:00+00:00,170.1300048828125,170.77999877929688,169.6699981689453,170.40499877929688,24501916
2025-09-17 15:30:00+00:00,170.39999389648438,170.4600067138672,169.30999755859375,169.87840270996094,19537478
2025-09-17 16:30:00+00:00,169.88999938964844,170.27999877929688,169.27000427246094,170.23500061035156,14559453
2025-09-17 17:30:00+00:00,170.25,171.60000610351562,168.64999389648438,170.19580078125,28164845
2025-09-17 18:30:00+00:00,170.2100067138672,171.39999389648438,168.41000366210938,171.18850708007812,33136610
2025-09-17 19:30:00+00:00,171.19639587402344,171.27999877929688,170.1199951171875,170.2100067138672,16604213
2025-09-18 13:30:00+00:00,174.0570068359375,175.8000030517578,173.03089904785156,175.77490234375,60722688
2025-09-18 14:30:00+00:00,175.77000427246094,176.38999938964844,175.08999633789062,176.2550048828125,28413878
2025-09-18 15:30:00+00:00,176.25570678710938,176.57000732421875,175.46499633789062,176.25999450683594,17798601
2025-09-18 16:30:00+00:00,176.2519073486328,176.92999267578125,176.1999969482422,176.6199951171875,14145107
2025-09-18 17:30:00+00:00,176.6199951171875,176.72900390625,176.0,176.55499267578125,14897510
2025-09-18 18:30:00+00:00,176.55499267578125,177.08999633789062,176.2899932861328,176.34500122070312,15451038
2025-09-18 19:30:00+00:00,176.33999633789062,177.10000610351562,174.2100067138672,176.27999877929688,18968507
2025-09-19 13:30:00+00:00,176.10000610351562,177.789306640625,175.17999267578125,177.7050018310547,56102590
2025-09-19 14:30:00+00:00,177.6999969482422,178.0800018310547,176.1649932861328,176.3000030517578,21800764
2025-09-19 15:30:00+00:00,176.298095703125,176.57989501953125,175.8000030517578,176.0677032470703,16332882
2025-09-19 16:30:00+00:00,176.05999755859375,176.10000610351562,175.55999755859375,175.88499450683594,12387551
2025-09-19 17:30:00+00:00,175.88499450683594,176.22500610351562,175.57260131835938,175.59500122070312,13501140
2025-09-19 18:30:00+00:00,175.59500122070312,176.47999572753906,175.5500030517578,176.31500244140625,14306891
2025-09-19 19:30:00+00:00,176.30999755859375,178.0,175.8300018310547,176.5019073486328,18105830
2025-09-22 13:30:00+00:00,175.35000610351562,176.07000732421875,174.70530700683594,175.4199981689453,31865074
2025-09-22 14:30:00+00:00,175.4199981689453,176.0800018310547,175.27000427246094,175.46009826660156,16016014
2025-09-22 15:30:00+00:00,175.47000122070312,182.49000549316406,175.39999389648438,182.1999969482422,64690587
2025-09-22 16:30:00+00:00,182.1999969482422,184.5500030517578,182.02999877929688,182.9949951171875,61192196
2025-09-22 17:30:00+00:00,182.99000549316406,183.69000244140625,182.3350067138672,182.68499755859375,24015488
2025-09-22 18:30:00+00:00,182.68499755859375,183.9573974609375,182.52000427246094,183.26010131835938,24735631
2025-09-22 19:30:00+00:00,183.27000427246094,183.80099487304688,182.63999938964844,183.61000061035156,23741673
2025-09-23 13:30:00+00:00,181.94000244140625,182.4199981689453,179.14500427246094,180.6522979736328,41118404
2025-09-23 14:30:00+00:00,180.66000366210938,180.77000427246094,179.41099548339844,180.21499633789062,15283598
2025-09-23 15:30:00+00:00,180.22999572753906,180.3699951171875,179.34500122070312,179.485595703125,11573277
2025-09-23 16:30:00+00:00,179.49000549316406,179.75,178.57000732421875,178.69000244140625,13191585
2025-09-23 17:30:00+00:00,178.69000244140625,178.77000427246094,177.3000030517578,177.89500427246094,16650287
2025-09-23 18:30:00+00:00,177.89999389648438,178.61000061035156,177.6199951171875,178.10000610351562,57636558
2025-09-23 19:30:00+00:00,178.11000061035156,178.9149932861328,176.2100067138672,178.4499969482422,14503114
2025-09-24 13:30:00+00:00,179.72000122070312,179.77999877929688,177.60000610351562,178.4949951171875,24773443
2025-09-24 14:30:00+00:00,178.47999572753906,178.875,177.9199981689453,178.3542022705078,11961544
2025-09-24 15:30:00+00:00,178.35499572753906,178.3800048828125,175.39999389648438,176.2449951171875,19802432
2025-09-24 16:30:00+00:00,176.2550048828125,177.22129821777344,175.74000549316406,177.12010192871094,10872730
2025-09-24 17:30:00+00:00,177.1300048828125,177.33999633789062,176.4801025390625,176.72000122070312,8798972
2025-09-24 18:30:00+00:00,176.73500061035156,177.33999633789062,176.54510498046875,177.05999755859375,7526968
2025-09-24 19:30:00+00:00,177.0699005126953,177.22000122070312,176.7050018310547,176.8800048828125,6585490
2025-09-25 13:30:00+00:00,174.47999572753906,177.64999389648438,173.1300048828125,177.14500427246094,35556731
2025-09-25 14:30:00+00:00,177.15499877929688,178.57000732421875,176.92999267578125,178.0301055908203,18681926
2025-09-25 15:30:00+00:00,178.02999877929688,180.25999450683594,178.02999877929688,179.26510620117188,20684301
2025-09-25 16:30:00+00:00,179.27000427246094,179.75790405273438,177.40440368652344,177.9799041748047,14562904
2025-09-25 17:30:00+00:00,177.97500610351562,178.13999938964844,175.5482940673828,177.20989990234375,18040186
2025-09-25 18:30:00+00:00,177.20179748535156,177.75,176.77000427246094,177.0749969482422,12699385
2025-09-25 19:30:00+00:00,177.0800018310547,177.94000244140625,176.83999633789062,177.67999267578125,9238888
2025-09-26 13:30:00+00:00,178.1699981689453,178.63999938964844,174.92999267578125,175.58999633789062,28263350
2025-09-26 14:30:00+00:00,175.59010314941406,176.77769470214844,175.36500549316406,176.7449951171875,16379330
2025-09-26 15:30:00+00:00,176.75,176.89999389648438,175.77999877929688,176.52999877929688,11014839
2025-09-26 16:30:00+00:00,176.52650451660156,177.57000732421875,176.1699981689453,177.15499877929688,11609712
2025-09-26 17:30:00+00:00,177.1533966064453,177.9199981689453,176.9705047607422,177.7342987060547,8400243
2025-09-26 18:30:00+00:00,177.74000549316406,177.80999755859375,177.17999267578125,177.68499755859375,8373700
2025-09-26 19:30:00+00:00,177.6800994873047,178.27999877929688,177.49899291992188,178.19000244140625,50759133
2025-09-29 13:30:00+00:00,180.43499755859375,184.0,180.35000610351562,183.375,41112749
2025-09-29 14:30:00+00:00,183.375,183.8800048828125,182.1699981689453,182.3249969482422,21215289
2025-09-29 15:30:00+00:00,182.3249969482422,182.57000732421875,181.44000244140625,182.02999877929688,13497978
2025-09-29 16:30:00+00:00,182.03819274902344,182.30799865722656,181.27999877929688,181.9031982421875,9240745
2025-09-29 17:30:00+00:00,181.89999389648438,182.26739501953125,181.69009399414062,181.7100067138672,7552876
2025-09-29 18:30:00+00:00,181.6999969482422,181.84500122070312,180.6699981689453,180.89500427246094,10601888
2025-09-29 19:30:00+00:00,180.88999938964844,181.94000244140625,180.8699951171875,181.82000732421875,9869077
2025-09-30 13:30:00+00:00,182.22000122070312,184.94000244140625,181.47999572753906,184.73989868164062,41216097
2025-09-30 14:30:00+00:00,184.73500061035156,187.35000610351562,184.55990600585938,186.30990600585938,38277144
2025-09-30 15:30:00+00:00,186.2949981689453,187.1199951171875,185.60000610351562,186.73500061035156,17575412
2025-09-30 16:30:00+00:00,186.73500061035156,186.9499969482422,185.32000732421875,185.625,14131551
2025-09-30 17:30:00+00:00,185.6199951171875,186.4600067138672,185.22999572753906,186.2725067138672,11551216
2025-09-30 18:30:00+00:00,186.27000427246094,186.30999755859375,185.00999450683594,185.88999938964844,12705176
2025-09-30 19:30:00+00:00,185.88999938964844,186.77000427246094,185.3000030517578,186.55999755859375,14524343
2025-10-01 13:30:00+00:00,185.2100067138672,186.6699981689453,183.89999389648438,186.65499877929688,36094855
2025-10-01 14:30:00+00:00,186.65499877929688,187.86500549316406,186.314697265625,186.55999755859375,22794271
2025-10-01 15:30:00+00:00,186.55999755859375,187.52999877929688,186.4199981689453,186.60499572753906,10682992
2025-10-01 16:30:00+00:00,186.61500549316406,188.13999938964844,186.48500061035156,187.57000732421875,12818212
2025-10-01 17:30:00+00:00,187.5800018310547,187.9499969482422,187.3000030517578,187.48440551757812,44723479
2025-10-01 18:30:00+00:00,187.48500061035156,187.69000244140625,187.14999389648438,187.18350219726562,10013033
2025-10-01 19:30:00+00:00,187.17999267578125,187.4600067138672,186.36000061035156,187.1699981689453,15197176
2025-10-02 13:30:00+00:00,189.6199951171875,191.0500030517578,188.26499938964844,190.1049041748047,51136746
2025-10-02 14:30:00+00:00,190.10499572753906,190.4199981689453,188.89999389648438,189.85499572753906,20569176
2025-10-02 15:30:00+00:00,189.85499572753906,189.89169311523438,188.9499969482422,189.2100067138672,13336605
2025-10-02 16:30:00+00:00,189.18499755859375,189.47999572753906,188.77000427246094,189.11929321289062,10186660
2025-10-02 17:30:00+00:00,189.1199951171875,189.24000549316406,188.61000061035156,188.87510681152344,9326052
2025-10-02 18:30:00+00:00,188.8699951171875,189.30499267578125,188.71009826660156,189.18499755859375,10060451
2025-10-02 19:30:00+00:00,189.18499755859375,189.24000549316406,188.5,188.9199981689453,10344240
2025-10-03 13:30:00+00:00,189.18499755859375,190.36000061035156,188.3300018310547,188.94369506835938,31867298
2025-10-03 14:30:00+00:00,188.9499969482422,189.8000030517578,188.3699951171875,189.47390747070312,15378728
2025-10-03 15:30:00+00:00,189.47000122070312,189.54930114746094,188.4199981689453,188.7001953125,12735312
2025-10-03 16:30:00+00:00,188.6999969482422,188.6999969482422,186.9499969482422,187.17750549316406,16666788
2025-10-03 17:30:00+00:00,187.16000366210938,187.52000427246094,185.3800048828125,187.47500610351562,20766990
2025-10-03 18:30:00+00:00,187.47999572753906,187.7449951171875,187.02999877929688,187.3249969482422,11927924
2025-10-03 19:30:00+00:00,187.32000732421875,188.0,186.22999572753906,187.62100219726562,11488859
2025-10-06 13:30:00+00:00,185.55999755859375,187.2299041748047,183.3300018310547,185.5,59311744
2025-10-06 14:30:00+00:00,185.5399932861328,186.19000244140625,184.2100067138672,185.9698944091797,22980670
2025-10-06 15:30:00+00:00,185.97999572753906,187.22999572753906,185.97999572753906,186.92999267578125,16569881
2025-10-06 16:30:00+00:00,186.93370056152344,186.9600067138672,186.00999450683594,186.14990234375,9813634
2025-10-06 17:30:00+00:00,186.14999389648438,186.2100067138672,185.38999938964844,185.58999633789062,11195919
2025-10-06 18:30:00+00:00,185.59719848632812,186.0500030517578,185.49000549316406,185.80999755859375,9944365
2025-10-06 19:30:00+00:00,185.80999755859375,186.02810668945312,185.42999267578125,185.52999877929688,11119569
2025-10-07 13:30:00+00:00,186.25999450683594,189.05999755859375,186.1999969482422,188.01510620117188,36576448
2025-10-07 14:30:00+00:00,188.02000427246094,188.57000732421875,184.7801055908203,185.24000549316406,30950863
2025-10-07 15:30:00+00:00,185.24000549316406,186.1699981689453,184.40499877929688,185.47000122070312,22823701
2025-10-07 16:30:00+00:00,185.47000122070312,186.4149932861328,185.46499633789062,185.90980529785156,12411681
2025-10-07 17:30:00+00:00,185.86500549316406,186.0399932861328,185.14999389648438,185.89500427246094,8840682
2025-10-07 18:30:00+00:00,185.91000366210938,185.96499633789062,185.4250946044922,185.5863037109375,7925630
2025-10-07 19:30:00+00:00,185.58999633789062,185.67999267578125,184.50999450683594,184.9600067138672,9331222
2025-10-08 13:30:00+00:00,186.6300048828125,189.4199981689453,186.5399932861328,189.0449981689453,45810785
2025-10-08 14:30:00+00:00,189.0449981689453,189.2261962890625,187.7449951171875,188.27000427246094,16475937
2025-10-08 15:30:00+00:00,188.27000427246094,188.39500427246094,187.61380004882812,188.18499755859375,11866256
2025-10-08 16:30:00+00:00,188.17999267578125,188.48980712890625,187.76499938964844,188.14999389648438,9095911
2025-10-08 17:30:00+00:00,188.16000366210938,188.88999938964844,188.1199951171875,188.42239379882812,10444809
2025-10-08 18:30:00+00:00,188.42999267578125,188.75,187.98500061035156,188.58999633789062,9523320
2025-10-08 19:30:00+00:00,188.58999633789062,189.19000244140625,188.2949981689453,189.07000732421875,13031125
2025-10-09 13:30:00+00:00,192.27999877929688,195.3000030517578,191.05999755859375,193.68499755859375,69029669
2025-10-09 14:30:00+00:00,193.6842041015625,194.7198944091797,192.19000244140625,193.75999450683594,28515373
2025-10-09 15:30:00+00:00,193.76499938964844,194.5800018310547,193.36500549316406,193.88499450683594,17397407
2025-10-09 16:30:00+00:00,193.8800048828125,194.0500030517578,192.43910217285156,192.66009521484375,13991184
2025-10-09 17:30:00+00:00,192.67999267578125,193.1699981689453,192.17999267578125,192.5449981689453,12688036
2025-10-09 18:30:00+00:00,192.53500366210938,193.5395050048828,192.1300048828125,192.74000549316406,15942400
2025-10-09 19:30:00+00:00,192.72999572753906,193.00999450683594,191.89999389648438,192.5399932861328,12018618
2025-10-10 13:30:00+00:00,193.5050048828125,195.49000549316406,192.22000122070312,195.24830627441406,46230258
2025-10-10 14:30:00+00:00,195.2449951171875,195.6199951171875,188.33990478515625,188.83160400390625,51916107
2025-10-10 15:30:00+00:00,188.85000610351562,190.1999053955078,186.3800048828125,189.14999389648438,42140895
2025-10-10 16:30:00+00:00,189.13999938964844,189.66000366210938,186.64089965820312,188.16000366210938,22149826
2025-10-10 17:30:00+00:00,188.14999389648438,188.4600067138672,186.97999572753906,187.72000122070312,15772022
2025-10-10 18:30:00+00:00,187.72000122070312,187.9600067138672,186.11000061035156,186.39999389648438,17485987
2025-10-10 19:30:00+00:00,186.4199981689453,186.55999755859375,182.8000030517578,183.13999938964844,35832393
2025-10-13 13:30:00+00:00,187.96499633789062,190.10989379882812,187.38999938964844,188.49000549316406,53451703
2025-10-13 14:30:00+00:00,188.5,188.77499389648438,185.97000122070312,188.27499389648438,24205593
2025-10-13 15:30:00+00:00,188.27999877929688,188.64999389648438,187.69000244140625,188.43179321289062,13795160
2025-10-13 16:30:00+00:00,188.4208984375,189.42999267578125,188.2700958251953,188.5500030517578,11823453
2025-10-13 17:30:00+00:00,188.5500030517578,188.6558074951172,187.66000366210938,187.9250030517578,10396598
2025-10-13 18:30:00+00:00,187.9250030517578,188.17999267578125,187.25,187.80259704589844,10500602
2025-10-13 19:30:00+00:00,187.8000030517578,188.89999389648438,187.52000427246094,188.32000732421875,13567029
2025-10-14 13:30:00+00:00,184.77999877929688,184.8000030517578,179.6999969482422,182.38499450683594,61673542
2025-10-14 14:30:00+00:00,182.3800048828125,182.42999267578125,180.94500732421875,181.5500030517578,24869258
2025-10-14 15:30:00+00:00,181.55999755859375,183.53599548339844,181.35000610351562,183.43629455566406,21469144
2025-10-14 16:30:00+00:00,183.44000244140625,184.1999969482422,182.91000366210938,183.22500610351562,20202579
2025-10-14 17:30:00+00:00,183.22999572753906,183.30999755859375,181.52349853515625,182.17999267578125,17686398
2025-10-14 18:30:00+00:00,182.17999267578125,182.3699951171875,181.72000122070312,181.89990234375,13423471
2025-10-14 19:30:00+00:00,181.89599609375,181.9199981689453,179.8300018310547,180.07000732421875,26666011
2025-10-15 13:30:00+00:00,184.83999633789062,184.8699951171875,181.02000427246094,182.36990356445312,52916810
2025-10-15 14:30:00+00:00,182.3697967529297,183.2100067138672,181.5,181.71090698242188,28256632
2025-10-15 15:30:00+00:00,181.7100067138672,181.73899841308594,179.86090087890625,180.69020080566406,29801481
2025-10-15 16:30:00+00:00,180.69000244140625,180.74000549316406,177.2899932861328,178.17999267578125,27094307
2025-10-15 17:30:00+00:00,178.17999267578125,180.0207061767578,178.0850067138672,179.79490661621094,18813172
2025-10-15 18:30:00+00:00,179.7949981689453,180.67999267578125,179.6999969482422,180.16000366210938,13746081
2025-10-15 19:30:00+00:00,180.1699981689453,180.3699951171875,178.60459899902344,179.8699951171875,19911874
2025-10-16 13:30:00+00:00,182.19000244140625,183.02000427246094,181.24000549316406,182.41000366210938,41938632
2025-10-16 14:30:00+00:00,182.4199981689453,183.27999877929688,181.97000122070312,182.32139587402344,22390005
2025-10-16 15:30:00+00:00,182.32249450683594,182.7899932861328,180.82000732421875,180.96499633789062,20255390
2025-10-16 16:30:00+00:00,180.97000122070312,182.35000610351562,179.77000427246094,182.3300018310547,23943118
2025-10-16 17:30:00+00:00,182.3249969482422,182.52000427246094,179.8800048828125,180.33999633789062,19387187
2025-10-16 18:30:00+00:00,180.34010314941406,181.61000061035156,179.82000732421875,180.78500366210938,18685762
2025-10-16 19:30:00+00:00,180.8000030517578,182.00999450683594,180.49000549316406,181.81100463867188,13969567
2025-10-17 13:30:00+00:00,179.86000061035156,183.52999877929688,179.8000030517578,183.27999877929688,52215912
2025-10-17 14:30:00+00:00,183.27999877929688,183.35499572753906,180.57000732421875,180.8719940185547,27029244
2025-10-17 15:30:00+00:00,180.8800048828125,182.78509521484375,180.02000427246094,182.6300048828125,20595635
2025-10-17 16:30:00+00:00,182.6199951171875,182.97000122070312,182.00999450683594,182.36000061035156,13910035
2025-10-17 17:30:00+00:00,182.3699951171875,183.86500549316406,181.92999267578125,183.69000244140625,16815195
2025-10-17 18:30:00+00:00,183.6909942626953,184.10000610351562,183.2550048828125,183.7100067138672,15059096
2025-10-17 19:30:00+00:00,183.7100067138672,183.7899932861328,182.83999633789062,183.24000549316406,12278827
2025-10-20 13:30:00+00:00,183.07000732421875,185.05499267578125,181.72999572753906,184.94400024414062,39741770
2025-10-20 14:30:00+00:00,184.94000244140625,185.1999969482422,183.1300048828125,183.78500366210938,21790430
2025-10-20 15:30:00+00:00,183.77999877929688,183.8800048828125,183.02999877929688,183.80999755859375,12556026
2025-10-20 16:30:00+00:00,183.80999755859375,184.25990295410156,183.47999572753906,183.8159942626953,10187702
2025-10-20 17:30:00+00:00,183.80999755859375,183.96499633789062,183.47000122070312,183.63409423828125,7966091
2025-10-20 18:30:00+00:00,183.62530517578125,183.7949981689453,182.60000610351562,182.95530700683594,11984910
2025-10-20 19:30:00+00:00,182.9600067138672,183.1300048828125,182.4499969482422,182.57000732421875,11294009
2025-10-21 13:30:00+00:00,182.77999877929688,182.77999877929688,179.93499755859375,180.18499755859375,36389148
2025-10-21 14:30:00+00:00,180.1959991455078,182.18649291992188,179.8000030517578,181.91000366210938,20754684
2025-10-21 15:30:00+00:00,181.91000366210938,182.6510009765625,181.46009826660156,182.49000549316406,12199927
2025-10-21 16:30:00+00:00,182.49000549316406,182.49549865722656,181.0601043701172,181.47999572753906,11885756
2025-10-21 17:30:00+00:00,181.4801025390625,181.68499755859375,180.97000122070312,181.22999572753906,8908090
2025-10-21 18:30:00+00:00,181.22999572753906,181.47000122070312,180.92999267578125,181.3350067138672,9096058
2025-10-21 19:30:00+00:00,181.3350067138672,181.61990356445312,181.0800018310547,181.13999938964844,7546853
2025-10-22 13:30:00+00:00,181.1300048828125,183.44000244140625,180.2899932861328,180.3968963623047,34186154
2025-10-22 14:30:00+00:00,180.4199981689453,180.88999938964844,178.7899932861328,178.87010192871094,29126012
2025-10-22 15:30:00+00:00,178.89999389648438,179.9600067138672,177.89999389648438,179.22000122070312,19190846
2025-10-22 16:30:00+00:00,179.22000122070312,179.4387969970703,177.22999572753906,177.69000244140625,19775065
2025-10-22 17:30:00+00:00,177.67999267578125,178.04600524902344,176.77000427246094,177.7050018310547,17739839
2025-10-22 18:30:00+00:00,177.69000244140625,179.6300048828125,177.58999633789062,179.47669982910156,15270067
2025-10-22 19:30:00+00:00,179.47999572753906,180.38999938964844,179.4600067138672,180.2899932861328,11283433
2025-10-23 13:30:00+00:00,180.375,181.75999450683594,179.79010009765625,181.58009338378906,31763740
2025-10-23 14:30:00+00:00,181.5800018310547,182.39999389648438,181.22500610351562,181.9949951171875,16283069
2025-10-23 15:30:00+00:00,182.0,182.5,181.35409545898438,181.82000732421875,10578688
2025-10-23 16:30:00+00:00,181.82000732421875,182.2899932861328,181.57000732421875,181.78500366210938,9233407
2025-10-23 17:30:00+00:00,181.77999877929688,182.9409942626953,181.7440948486328,182.7100067138672,10330473
2025-10-23 18:30:00+00:00,182.7100067138672,183.02999877929688,182.64999389648438,182.78500366210938,9634220
2025-10-23 19:30:00+00:00,182.78500366210938,182.7899932861328,181.8800048828125,182.1999969482422,8583605
2025-10-24 13:30:00+00:00,183.8350067138672,186.02999877929688,183.5,184.61500549316406,37413753
2025-10-24 14:30:00+00:00,184.60000610351562,185.52999877929688,184.3300018310547,185.19000244140625,16357048
2025-10-24 15:30:00+00:00,185.19000244140625,185.60000610351562,185.0800018310547,185.08999633789062,11016169
2025-10-24 16:30:00+00:00,185.08999633789062,185.39999389648438,184.89999389648438,185.0,7696934
2025-10-24 17:30:00+00:00,185.00999450683594,185.64999389648438,184.99009704589844,185.27499389648438,9319098
2025-10-24 18:30:00+00:00,185.27000427246094,187.47000122070312,185.01499938964844,186.91000366210938,21613138
2025-10-24 19:30:00+00:00,186.91000366210938,187.0,186.06500244140625,186.25999450683594,14808808
2025-10-27 13:30:00+00:00,189.97999572753906,191.27000427246094,188.43179321289062,189.8800048828125,47161860
2025-10-27 14:30:00+00:00,189.8800048828125,191.47000122070312,189.6999969482422,190.92449951171875,20726049
2025-10-27 15:30:00+00:00,190.92410278320312,191.25,190.72149658203125,190.9250030517578,12818888
2025-10-27 16:30:00+00:00,190.92999267578125,191.77499389648438,190.77999877929688,191.3341064453125,12280428
2025-10-27 17:30:00+00:00,191.3350067138672,191.4499969482422,190.5399932861328,190.55999755859375,11050962
2025-10-27 18:30:00+00:00,190.55499267578125,190.9250030517578,190.27000427246094,190.7252960205078,13555691
2025-10-27 19:30:00+00:00,190.72999572753906,191.75,190.7100067138672,191.42999267578125,15074766
2025-10-28 13:30:00+00:00,193.0500030517578,195.468994140625,192.5601043701172,192.8249969482422,45569836
2025-10-28 14:30:00+00:00,192.8249969482422,193.34500122070312,192.1999969482422,192.80499267578125,15309085
2025-10-28 15:30:00+00:00,192.8000030517578,194.2100067138672,191.91000366210938,193.70010375976562,21440152
2025-10-28 16:30:00+00:00,193.7050018310547,196.57000732421875,193.26820373535156,194.58929443359375,44808829
2025-10-28 17:30:00+00:00,194.58999633789062,199.5399932861328,194.5,199.31199645996094,51096684
2025-10-28 18:30:00+00:00,199.31500244140625,202.20590209960938,199.05999755859375,202.01499938964844,58853278
2025-10-28 19:30:00+00:00,202.01499938964844,203.14999389648438,200.64999389648438,201.02999877929688,35924486
2025-10-29 13:30:00+00:00,207.97999572753906,212.1898956298828,207.08999633789062,210.61000061035156,113829055
2025-10-29 14:30:00+00:00,210.6199951171875,211.60000610351562,207.86500549316406,208.7949981689453,39423803
2025-10-29 15:30:00+00:00,208.7899932861328,209.07000732421875,205.02999877929688,206.58999633789062,34968460
2025-10-29 16:30:00+00:00,206.57899475097656,207.7899932861328,205.4499969482422,206.78900146484375,22268708
2025-10-29 17:30:00+00:00,206.77999877929688,208.02499389648438,206.22999572753906,206.94000244140625,20595473
2025-10-29 18:30:00+00:00,206.94000244140625,207.39999389648438,204.77999877929688,207.0399932861328,34988953
2025-10-29 19:30:00+00:00,207.02499389648438,208.0500030517578,206.52000427246094,207.0500030517578,19062261
2025-10-30 13:30:00+00:00,205.2050018310547,206.14999389648438,201.41000366210938,202.20590209960938,40981766
2025-10-30 14:30:00+00:00,202.1999969482422,203.85000610351562,202.0500030517578,203.0749969482422,16584564
2025-10-30 15:30:00+00:00,203.0800018310547,203.83999633789062,202.05999755859375,203.42990112304688,12480897
2025-10-30 16:30:00+00:00,203.42999267578125,203.82989501953125,202.44070434570312,203.05499267578125,9224051
2025-10-30 17:30:00+00:00,203.05999755859375,204.4799041748047,202.77999877929688,203.5904998779297,10066606
2025-10-30 18:30:00+00:00,203.5850067138672,204.27000427246094,201.8800048828125,202.54989624023438,11030647
2025-10-30 19:30:00+00:00,202.55999755859375,203.13999938964844,201.97999572753906,202.8000030517578,9738038
2025-10-31 13:30:00+00:00,206.4499969482422,207.97000122070312,204.6199951171875,205.47999572753906,26815362
2025-10-31 14:30:00+00:00,205.49000549316406,206.6199951171875,204.9600067138672,205.2801055908203,12951916
2025-10-31 15:30:00+00:00,205.2899932861328,205.6699981689453,203.22999572753906,203.98500061035156,14396998
2025-10-31 16:30:00+00:00,203.97999572753906,204.3800048828125,202.07000732421875,202.8365020751953,12054501
2025-10-31 17:30:00+00:00,202.80999755859375,204.36990356445312,202.42999267578125,204.27000427246094,9275762
2025-10-31 18:30:00+00:00,204.27999877929688,204.77000427246094,203.33999633789062,204.41000366210938,9598288
2025-10-31 19:30:00+00:00,204.41000366210938,204.6699981689453,202.38999938964844,202.39999389648438,12011826
2025-11-03 14:30:00+00:00,208.05499267578125,209.4499969482422,206.8000030517578,207.7949981689453,31975951
2025-11-03 15:30:00+00:00,207.7949981689453,208.5399932861328,207.02999877929688,207.9149932861328,13106502
2025-11-03 16:30:00+00:00,207.91000366210938,209.88999938964844,207.6999969482422,209.4199981689453,13815297
2025-11-03 17:30:00+00:00,209.4199981689453,211.3350067138672,209.38999938964844,210.95989990234375,17314585
2025-11-03 18:30:00+00:00,210.9550018310547,211.0500030517578,207.5,207.7050018310547,17239185
2025-11-03 19:30:00+00:00,207.69000244140625,208.42999267578125,206.8300018310547,207.0749969482422,15544676
2025-11-03 20:30:00+00:00,207.0800018310547,207.38999938964844,206.3300018310547,207.02000427246094,10320475
2025-11-04 14:30:00+00:00,202.94500732421875,203.9698944091797,200.89999389648438,201.6595001220703,31537039
2025-11-04 15:30:00+00:00,201.64500427246094,202.39999389648438,200.92410278320312,201.85000610351562,17357235
2025-11-04 16:30:00+00:00,201.85000610351562,202.3000030517578,199.8000030517578,200.97500610351562,15379806
2025-11-04 17:30:00+00:00,200.97760009765625,201.24000549316406,199.8000030517578,199.82510375976562,10260122
2025-11-04 18:30:00+00:00,199.82000732421875,200.85000610351562,199.20010375976562,200.19000244140625,12554670
2025-11-04 19:30:00+00:00,200.17999267578125,200.22999572753906,198.5800018310547,199.88499450683594,13670302
2025-11-04 20:30:00+00:00,199.88999938964844,200.25999450683594,197.92999267578125,198.5399932861328,13531541
2025-11-05 14:30:00+00:00,198.72000122070312,201.02000427246094,196.97999572753906,200.6300048828125,29256410
2025-11-05 15:30:00+00:00,200.63009643554688,202.9199981689453,200.33999633789062,202.33999633789062,15957621
2025-11-05 16:30:00+00:00,202.34010314941406,202.39999389648438,201.13999938964844,201.27000427246094,9158713
2025-11-05 17:30:00+00:00,201.27499389648438,201.8000030517578,200.67999267578125,200.9499969482422,7174505
2025-11-05 18:30:00+00:00,200.9499969482422,202.27499389648438,200.82000732421875,201.03500366210938,8374576
2025-11-05 19:30:00+00:00,201.0399932861328,201.52999877929688,199.14999389648438,199.5301055908203,9942383
2025-11-05 20:30:00+00:00,199.52999877929688,199.53500366210938,194.97000122070312,195.14999389648438,20756871
2025-11-06 14:30:00+00:00,196.35499572753906,197.6199951171875,192.00999450683594,193.06500244140625,34294010
2025-11-06 15:30:00+00:00,193.0782012939453,193.30999755859375,189.4499969482422,190.6999969482422,25489219
2025-11-06 16:30:00+00:00,190.68499755859375,190.75,186.3800048828125,186.82000732421875,23698146
2025-11-06 17:30:00+00:00,186.80999755859375,189.68499755859375,186.57000732421875,189.20640563964844,17626398
2025-11-06 18:30:00+00:00,189.19000244140625,190.58999633789062,188.335205078125,190.5,14197269
2025-11-06 19:30:00+00:00,190.49000549316406,190.69000244140625,189.28500366210938,189.82000732421875,12207324
2025-11-06 20:30:00+00:00,189.81500244140625,189.97999572753906,187.10000610351562,188.1699981689453,15254119
2025-11-07 14:30:00+00:00,184.86000061035156,185.6999969482422,181.75999450683594,182.42799377441406,43489348
2025-11-07 15:30:00+00:00,182.4346923828125,182.82000732421875,178.9199981689453,180.11219787597656,31031004
2025-11-07 16:30:00+00:00,180.10000610351562,182.61500549316406,179.6999969482422,182.05999755859375,18278444
2025-11-07 17:30:00+00:00,182.0399932861328,184.5,181.52999877929688,184.44000244140625,16835961
2025-11-07 18:30:00+00:00,184.44000244140625,185.47999572753906,183.67019653320312,184.98500061035156,18717862
2025-11-07 19:30:00+00:00,184.99000549316406,187.47000122070312,184.9499969482422,186.13499450683594,21454529
2025-11-07 20:30:00+00:00,186.13499450683594,188.30999755859375,186.13499450683594,188.2449951171875,13946409
2025-11-10 14:30:00+00:00,195.11000061035156,197.0500030517578,193.9199981689453,196.6199951171875,38233320
2025-11-10 15:30:00+00:00,196.6199951171875,197.6699981689453,194.02999877929688,194.12179565429688,23017353
2025-11-10 16:30:00+00:00,194.1199951171875,196.1199951171875,193.7899932861328,195.8656005859375,13943848
2025-11-10 17:30:00+00:00,195.88499450683594,197.2689971923828,195.860107421875,196.71180725097656,10659812
2025-11-10 18:30:00+00:00,196.72500610351562,198.0800018310547,196.5850067138672,197.9199981689453,13268511
2025-11-10 19:30:00+00:00,197.9138946533203,198.9199981689453,197.68499755859375,198.74000549316406,14263479
2025-11-10 20:30:00+00:00,198.73500061035156,199.94000244140625,198.6300048828125,199.0399932861328,16182022
2025-11-11 14:30:00+00:00,195.15499877929688,195.4199981689453,192.08999633789062,192.52999877929688,37526712
2025-11-11 15:30:00+00:00,192.5399932861328,193.28990173339844,191.55999755859375,192.375,18843337
2025-11-11 16:30:00+00:00,192.3800048828125,193.22000122070312,191.3000030517578,192.4199981689453,15368429
2025-11-11 17:30:00+00:00,192.4149932861328,193.97000122070312,192.27499389648438,193.64999389648438,12973699
2025-11-11 18:30:00+00:00,193.66000366210938,194.6300048828125,193.13499450683594,193.97509765625,12912352
2025-11-11 19:30:00+00:00,193.97979736328125,194.33990478515625,193.55999755859375,194.10499572753906,9579599
2025-11-11 20:30:00+00:00,194.10499572753906,194.3000030517578,192.8300018310547,193.22999572753906,10666270
2025-11-12 14:30:00+00:00,195.69500732421875,195.88999938964844,191.59010314941406,192.69000244140625,32595058
2025-11-12 15:30:00+00:00,192.69000244140625,193.1470947265625,191.4600067138672,193.10000610351562,16898205
2025-11-12 16:30:00+00:00,193.0850067138672,193.55999755859375,191.6699981689453,192.0500030517578,13500602
2025-11-12 17:30:00+00:00,192.0399932861328,193.11500549316406,191.75999450683594,192.6300048828125,10499784
2025-11-12 18:30:00+00:00,192.6082000732422,193.26589965820312,192.02000427246094,192.12989807128906,9617343
2025-11-12 19:30:00+00:00,192.1300048828125,192.47999572753906,191.1300048828125,192.41000366210938,10740232
2025-11-12 20:30:00+00:00,192.39999389648438,193.8800048828125,192.32069396972656,193.85000610351562,10004331
2025-11-13 14:30:00+00:00,191.0399932861328,191.44000244140625,186.9499969482422,188.09609985351562,34364805
2025-11-13 15:30:00+00:00,188.10000610351562,188.13999938964844,185.3800048828125,186.2899932861328,23729370
2025-11-13 16:30:00+00:00,186.2949981689453,187.1699981689453,185.35000610351562,186.92990112304688,15881795
2025-11-13 17:30:00+00:00,186.9199981689453,187.22999572753906,184.56500244140625,184.86500549316406,14047159
2025-11-13 18:30:00+00:00,184.86000061035156,186.0449981689453,183.85000610351562,186.00999450683594,57161519
2025-11-13 19:30:00+00:00,186.0,186.4866943359375,185.02000427246094,185.9499969482422,0
2025-11-13 20:30:00+00:00,185.9600067138672,187.1999969482422,185.72000122070312,186.9499969482422,13785838
2025-11-14 14:30:00+00:00,182.86000061035156,187.82000732421875,180.5800018310547,186.9644012451172,45071493
2025-11-14 15:30:00+00:00,186.95509338378906,190.57000732421875,186.85000610351562,189.97979736328125,20026763
2025-11-14 16:30:00+00:00,189.97999572753906,190.68179321289062,189.33999633789062,190.03500366210938,12795289
2025-11-14 17:30:00+00:00,190.0399932861328,190.27999877929688,188.6300048828125,189.1999969482422,11150771
2025-11-14 18:30:00+00:00,189.19000244140625,190.02000427246094,188.39999389648438,189.9600067138672,10931312
2025-11-14 19:30:00+00:00,189.97999572753906,191.00999450683594,189.75,190.10000610351562,11899532
2025-11-14 20:30:00+00:00,190.10000610351562,190.4600067138672,189.36000061035156,190.22999572753906,10109310
2025-11-17 14:30:00+00:00,185.89999389648438,189.0,184.92999267578125,187.5500030517578,32446940
2025-11-17 15:30:00+00:00,187.5500030517578,187.88999938964844,185.74000549316406,187.1999969482422,15318699
2025-11-17 16:30:00+00:00,187.20010375976562,188.3000030517578,186.5,187.5800018310547,13228969
2025-11-17 17:30:00+00:00,187.58999633789062,187.9199981689453,186.27000427246094,186.72999572753906,10873398
2025-11-17 18:30:00+00:00,186.72000122070312,187.5500030517578,184.8800048828125,185.3300018310547,12268419
2025-11-17 19:30:00+00:00,185.3300018310547,185.60000610351562,184.32000732421875,184.93499755859375,14051559
2025-11-17 20:30:00+00:00,184.94000244140625,186.7899932861328,184.66000366210938,186.58999633789062,11922157
2025-11-18 14:30:00+00:00,183.3300018310547,184.27000427246094,179.64999389648438,181.85000610351562,48839802
2025-11-18 15:30:00+00:00,181.86000061035156,183.0800018310547,180.17010498046875,182.88999938964844,23708753
2025-11-18 16:30:00+00:00,182.89999389648438,183.7100067138672,181.4344940185547,181.5800018310547,17762717
2025-11-18 17:30:00+00:00,181.57000732421875,184.61000061035156,181.39999389648438,183.6199951171875,14657409
2025-11-18 18:30:00+00:00,183.63999938964844,184.5,183.1300048828125,183.4499969482422,12177112
2025-11-18 19:30:00+00:00,183.4698944091797,184.64999389648438,182.39999389648438,182.91000366210938,13305432
2025-11-18 20:30:00+00:00,182.88999938964844,183.10000610351562,181.19000244140625,181.3699951171875,60434304
2025-11-19 14:30:00+00:00,184.8000030517578,187.80999755859375,183.27999877929688,187.6300048828125,38469108
2025-11-19 15:30:00+00:00,187.63589477539062,187.85409545898438,184.8699951171875,185.38999938964844,21336004
2025-11-19 16:30:00+00:00,185.3800048828125,185.49000549316406,183.89039611816406,184.38999938964844,15792899
2025-11-19 17:30:00+00:00,184.38490295410156,185.60000610351562,182.83009338378906,184.25999450683594,16969053
2025-11-19 18:30:00+00:00,184.25,185.8800048828125,184.1199951171875,184.6300048828125,13831848
2025-11-19 19:30:00+00:00,184.6300048828125,187.05999755859375,184.36000061035156,186.7050018310547,17271695
2025-11-19 20:30:00+00:00,186.71499633789062,187.3459014892578,185.75,186.77999877929688,16646317
2025-11-20 14:30:00+00:00,195.9499969482422,196.0,192.2899932861328,193.9199981689453,62106291
2025-11-20 15:30:00+00:00,193.91000366210938,194.64999389648438,188.49000549316406,189.75999450683594,34578314
2025-11-20 16:30:00+00:00,189.7301025390625,189.9499053955078,182.35000610351562,183.68519592285156,45694421
2025-11-20 17:30:00+00:00,183.685302734375,185.8800048828125,181.77999877929688,184.50999450683594,28824890
2025-11-20 18:30:00+00:00,184.5,184.8699951171875,180.9499969482422,182.72000122070312,22398571
2025-11-20 19:30:00+00:00,182.7100067138672,183.75,181.3699951171875,182.3800048828125,19768242
2025-11-20 20:30:00+00:00,182.38499450683594,182.99000549316406,179.85000610351562,180.94000244140625,18988723
2025-11-21 14:30:00+00:00,181.23500061035156,182.3000030517578,175.47999572753906,175.7899932861328,67502729
2025-11-21 15:30:00+00:00,175.80999755859375,178.94000244140625,172.94000244140625,178.86000061035156,46262440
2025-11-21 16:30:00+00:00,178.85470581054688,181.41000366210938,178.8000030517578,181.07000732421875,29829294
2025-11-21 17:30:00+00:00,181.0800018310547,181.9550018310547,178.61000061035156,179.33470153808594,19462417
2025-11-21 18:30:00+00:00,179.32000732421875,184.55999755859375,179.1300048828125,184.19000244140625,30711523
2025-11-21 19:30:00+00:00,184.19349670410156,184.4550018310547,180.35000610351562,180.38999938964844,22276052
2025-11-21 20:30:00+00:00,180.3699951171875,180.91000366210938,178.1999969482422,178.94000244140625,17142253
2025-11-24 14:30:00+00:00,179.5,180.8699951171875,176.47999572753906,178.0,43370401
2025-11-24 15:30:00+00:00,178.00860595703125,182.32000732421875,177.67999267578125,182.08999633789062,24840299
2025-11-24 16:30:00+00:00,182.05999755859375,183.1300048828125,181.61000061035156,182.47000122070312,17332798
2025-11-24 17:30:00+00:00,182.46499633789062,183.3699951171875,181.8350067138672,182.10000610351562,12407053
2025-11-24 18:30:00+00:00,182.09500122070312,182.55999755859375,181.27999877929688,181.8699951171875,12475956
2025-11-24 19:30:00+00:00,181.87620544433594,182.47999572753906,181.08399963378906,181.6699981689453,13511330
2025-11-24 20:30:00+00:00,181.6699981689453,183.47999572753906,181.2100067138672,182.5500030517578,65119838
2025-11-25 14:30:00+00:00,174.91000366210938,175.0,169.5500030517578,171.0749969482422,79887076
2025-11-25 15:30:00+00:00,171.07000732421875,174.8800048828125,171.0281982421875,174.7238006591797,33770896
2025-11-25 16:30:00+00:00,174.72000122070312,175.99000549316406,174.13009643554688,175.53500366210938,22733351
2025-11-25 17:30:00+00:00,175.52999877929688,176.47999572753906,175.07020568847656,176.2050018310547,16279741
2025-11-25 18:30:00+00:00,176.2050018310547,176.83999633789062,174.33999633789062,174.77499389648438,17449279
2025-11-25 19:30:00+00:00,174.77999877929688,176.97000122070312,173.6199951171875,176.84170532226562,23100143
2025-11-25 20:30:00+00:00,176.84500122070312,178.16000366210938,176.7100067138672,177.8000030517578,15031963
2025-11-26 14:30:00+00:00,181.6300048828125,182.91000366210938,178.24000549316406,179.5850067138672,45946959
2025-11-26 15:30:00+00:00,179.5850067138672,181.11000061035156,179.5850067138672,180.91000366210938,16924615
2025-11-26 16:30:00+00:00,180.9199981689453,181.72999572753906,180.125,180.77999877929688,14050216
2025-11-26 17:30:00+00:00,180.78030395507812,181.5,180.38999938964844,180.80999755859375,11563205
2025-11-26 18:30:00+00:00,180.80999755859375,180.84500122070312,179.793701171875,180.5500030517578,10619635
2025-11-26 19:30:00+00:00,180.5500030517578,180.75999450683594,179.92999267578125,180.50999450683594,10611517
2025-11-26 20:30:00+00:00,180.5050048828125,180.75,179.875,180.19000244140625,9278599
2025-11-28 14:30:00+00:00,178.99000549316406,179.2899932861328,176.97000122070312,177.2899932861328,30011592
2025-11-28 15:30:00+00:00,177.24000549316406,178.0800018310547,176.75,177.08140563964844,17490994
2025-11-28 16:30:00+00:00,177.0850067138672,177.33999633789062,176.53140258789062,177.1342010498047,14456367
2025-12-01 14:30:00+00:00,174.6999969482422,179.13999938964844,173.67999267578125,178.86000061035156,41192309
2025-12-01 15:30:00+00:00,178.85000610351562,180.00999450683594,178.22000122070312,178.9600067138672,19055485
2025-12-01 16:30:00+00:00,178.94000244140625,180.0800018310547,178.8300018310547,179.8350067138672,13512472
2025-12-01 17:30:00+00:00,179.8350067138672,180.3000030517578,179.1699981689453,179.40499877929688,11026020
2025-12-01 18:30:00+00:00,179.41000366210938,179.9853973388672,178.86000061035156,179.08999633789062,9463328
2025-12-01 19:30:00+00:00,179.08999633789062,179.47999572753906,178.62489318847656,179.37989807128906,10803646
2025-12-01 20:30:00+00:00,179.3800048828125,180.0,179.22000122070312,179.99000549316406,9755933
2025-12-02 14:30:00+00:00,181.72000122070312,185.66000366210938,181.58999633789062,183.2550048828125,40993279
2025-12-02 15:30:00+00:00,183.22500610351562,184.63999938964844,180.1699981689453,180.55999755859375,26987007
2025-12-02 16:30:00+00:00,180.52999877929688,182.25999450683594,180.0,182.16000366210938,16599118
2025-12-02 17:30:00+00:00,182.16000366210938,182.3800048828125,181.08009338378906,181.71499633789062,11681277
2025-12-02 18:30:00+00:00,181.7100067138672,181.84500122070312,180.75,181.0,8886433
2025-12-02 19:30:00+00:00,180.97999572753906,181.77999877929688,180.93499755859375,181.42999267578125,8959159
2025-12-02 20:30:00+00:00,181.41749572753906,181.6999969482422,181.0,181.36000061035156,7888265
2025-12-03 14:30:00+00:00,181.06500244140625,181.2191925048828,179.110107421875,180.3300018310547,31808430
2025-12-03 15:30:00+00:00,180.32000732421875,182.4199981689453,179.9300994873047,180.5500030517578,18136013
2025-12-03 16:30:00+00:00,180.5449981689453,181.22000122070312,179.82000732421875,180.375,10736030
2025-12-03 17:30:00+00:00,180.3699951171875,180.97999572753906,180.0644989013672,180.64999389648438,7611606
2025-12-03 18:30:00+00:00,180.66000366210938,181.27999877929688,180.4420928955078,180.7449951171875,9127929
2025-12-03 19:30:00+00:00,180.7440948486328,180.9600067138672,179.91000366210938,180.02000427246094,10015000
2025-12-03 20:30:00+00:00,180.02000427246094,180.02999877929688,179.27999877929688,179.63999938964844,49322097
2025-12-04 14:30:00+00:00,181.5500030517578,183.11000061035156,179.97000122070312,181.08009338378906,32979831
2025-12-04 15:30:00+00:00,181.0850067138672,183.02000427246094,181.00999450683594,182.63510131835938,18829532
2025-12-04 16:30:00+00:00,182.63259887695312,184.51499938964844,182.4949951171875,183.5449981689453,17920525
2025-12-04 17:30:00+00:00,183.5399932861328,184.11000061035156,183.05999755859375,183.61500549316406,9241513
2025-12-04 18:30:00+00:00,183.60000610351562,183.7899932861328,182.0,182.31500244140625,9737123
2025-12-04 19:30:00+00:00,182.3101043701172,183.23590087890625,182.25,182.32350158691406,9446805
2025-12-04 20:30:00+00:00,182.3249969482422,183.47999572753906,182.27999877929688,183.39999389648438,7290764
2025-12-05 14:30:00+00:00,183.86000061035156,184.66000366210938,180.91000366210938,182.7698974609375,31800007
2025-12-05 15:30:00+00:00,182.75,183.34500122070312,181.50999450683594,182.05999755859375,15107397
2025-12-05 16:30:00+00:00,182.07000732421875,182.50999450683594,181.4949951171875,181.77980041503906,9661576
2025-12-05 17:30:00+00:00,181.77999877929688,182.3699951171875,181.50999450683594,182.24000549316406,7846279
2025-12-05 18:30:00+00:00,182.22999572753906,182.49000549316406,181.14999389648438,181.45509338378906,9682336
2025-12-05 19:30:00+00:00,181.47000122070312,182.0800018310547,181.32000732421875,181.8574981689453,7419949
2025-12-05 20:30:00+00:00,181.83999633789062,182.63999938964844,181.3000030517578,182.35000610351562,9289965
2025-12-08 14:30:00+00:00,182.6300048828125,185.6999969482422,182.39999389648438,183.05059814453125,31629584
2025-12-08 15:30:00+00:00,183.0500030517578,184.53990173339844,182.86000061035156,183.48500061035156,15218096
2025-12-08 16:30:00+00:00,183.47000122070312,183.6898956298828,182.91000366210938,183.40499877929688,8622856
2025-12-08 17:30:00+00:00,183.40390014648438,187.99000549316406,182.89999389648438,185.89410400390625,28598668
2025-12-08 18:30:00+00:00,185.8800048828125,186.0800018310547,183.72999572753906,184.7064971923828,16919547
2025-12-08 19:30:00+00:00,184.70010375976562,185.0800018310547,184.31019592285156,184.88499450683594,11168209
2025-12-08 20:30:00+00:00,184.89999389648438,185.60000610351562,184.22999572753906,185.5800018310547,10293098
2025-12-09 14:30:00+00:00,185.5500030517578,185.59249877929688,183.32000732421875,184.6300048828125,34498889
2025-12-09 15:30:00+00:00,184.6300048828125,185.71670532226562,184.14999389648438,185.07000732421875,16816492
2025-12-09 16:30:00+00:00,185.07000732421875,185.14999389648438,184.27999877929688,184.88800048828125,9798280
2025-12-09 17:30:00+00:00,184.88999938964844,185.17999267578125,184.75,184.8582000732422,6431260
2025-12-09 18:30:00+00:00,184.85000610351562,184.97999572753906,184.47999572753906,184.5449981689453,6781968
2025-12-09 19:30:00+00:00,184.5449981689453,184.75,184.02000427246094,184.3300018310547,7998590
2025-12-09 20:30:00+00:00,184.3300018310547,185.5500030517578,184.19479370117188,184.97000122070312,42282644
2025-12-10 14:30:00+00:00,184.99000549316406,185.47999572753906,183.66000366210938,183.85960388183594,23220830
2025-12-10 15:30:00+00:00,183.85000610351562,184.02000427246094,182.03500366210938,182.8455047607422,16910743
2025-12-10 16:30:00+00:00,182.83999633789062,182.94000244140625,182.14010620117188,182.57000732421875,9730722
2025-12-10 17:30:00+00:00,182.56500244140625,183.42999267578125,182.36000061035156,182.61000061035156,8737291
2025-12-10 18:30:00+00:00,182.61000061035156,183.86000061035156,182.4499969482422,183.09579467773438,12230964
2025-12-10 19:30:00+00:00,183.1300048828125,184.6999969482422,182.4949951171875,183.7899932861328,17627934
2025-12-10 20:30:00+00:00,183.7899932861328,184.0500030517578,183.46499633789062,183.77999877929688,9467558
2025-12-11 14:30:00+00:00,180.27499389648438,180.4199981689453,176.6199951171875,178.0850067138672,37363624
2025-12-11 15:30:00+00:00,178.10000610351562,178.27000427246094,176.83200073242188,177.05990600585938,17316464
2025-12-11 16:30:00+00:00,177.0500030517578,178.77000427246094,176.9250030517578,178.4862060546875,12621994
2025-12-11 17:30:00+00:00,178.49000549316406,179.77099609375,178.49000549316406,179.30499267578125,10408848
2025-12-11 18:30:00+00:00,179.3000030517578,180.99000549316406,179.02000427246094,180.906494140625,12558029
2025-12-11 19:30:00+00:00,180.91000366210938,181.32000732421875,179.97000122070312,180.36990356445312,12050067
2025-12-11 20:30:00+00:00,180.36000061035156,181.08999633789062,180.1342010498047,180.9355010986328,7710478
2025-12-12 14:30:00+00:00,181.5,182.82000732421875,179.32000732421875,179.5399932861328,29530704
2025-12-12 15:30:00+00:00,179.52999877929688,180.14999389648438,175.83999633789062,176.63499450683594,26510600
2025-12-12 16:30:00+00:00,176.60000610351562,177.38999938964844,175.2100067138672,176.52000427246094,17972854
2025-12-12 17:30:00+00:00,176.52999877929688,178.17999267578125,176.2100067138672,177.4499969482422,17539226
2025-12-12 18:30:00+00:00,177.45150756835938,177.78579711914062,176.03500366210938,176.2136993408203,9884365
2025-12-12 19:30:00+00:00,176.2100067138672,176.6750030517578,175.67999267578125,175.90499877929688,10780310
2025-12-12 20:30:00+00:00,175.89999389648438,176.01499938964844,174.6199951171875,174.99000549316406,13955635
2025-12-15 14:30:00+00:00,177.08999633789062,178.33990478515625,175.031005859375,175.45159912109375,33169711
2025-12-15 15:30:00+00:00,175.44000244140625,178.4149932861328,175.33999633789062,178.2519989013672,15840736
2025-12-15 16:30:00+00:00,178.25999450683594,178.32000732421875,177.17999267578125,177.59500122070312,10379090
2025-12-15 17:30:00+00:00,177.5998992919922,177.97000122070312,176.80999755859375,177.125,9608800
2025-12-15 18:30:00+00:00,177.11000061035156,177.66000366210938,176.67999267578125,177.13999938964844,8950468
2025-12-15 19:30:00+00:00,177.14999389648438,177.2449951171875,176.1199951171875,176.3300018310547,11198952
2025-12-15 20:30:00+00:00,176.3300018310547,176.8300018310547,175.91000366210938,176.22999572753906,11393170
2025-12-16 14:30:00+00:00,176.25999450683594,177.49000549316406,174.89999389648438,176.1501007080078,26259399
2025-12-16 15:30:00+00:00,176.14999389648438,177.30499267578125,175.57000732421875,176.02000427246094,14639694
2025-12-16 16:30:00+00:00,176.02000427246094,177.0915985107422,175.69009399414062,176.48500061035156,11094691
2025-12-16 17:30:00+00:00,176.47999572753906,176.97500610351562,176.10000610351562,176.22000122070312,8514374
2025-12-16 18:30:00+00:00,176.22000122070312,177.67999267578125,176.02000427246094,176.74000549316406,11202122
2025-12-16 19:30:00+00:00,176.7449951171875,177.19000244140625,176.5050048828125,177.17880249023438,8161125
2025-12-16 20:30:00+00:00,177.1750030517578,178.19500732421875,177.1699981689453,177.50999450683594,9954348
2025-12-17 14:30:00+00:00,176.10000610351562,176.1300048828125,173.38499450683594,174.3800048828125,35267097
2025-12-17 15:30:00+00:00,174.3699951171875,174.4499969482422,170.6300048828125,171.13499450683594,28410068
2025-12-17 16:30:00+00:00,171.1300048828125,171.72999572753906,170.30999755859375,171.4499053955078,18913757
2025-12-17 17:30:00+00:00,171.4499969482422,172.82000732421875,171.30999755859375,172.25,15329123
2025-12-17 18:30:00+00:00,172.24000549316406,172.3300018310547,170.85009765625,170.9499053955078,12530990
2025-12-17 19:30:00+00:00,170.92999267578125,171.69000244140625,170.66009521484375,171.19000244140625,13027015
2025-12-17 20:30:00+00:00,171.19000244140625,171.82000732421875,170.75,170.9199981689453,13015782
2025-12-18 14:30:00+00:00,174.52999877929688,175.25,171.82000732421875,175.0399932861328,34559711
2025-12-18 15:30:00+00:00,175.0399932861328,176.14999389648438,174.75999450683594,174.88009643554688,18553063
2025-12-18 16:30:00+00:00,174.8699951171875,176.0399932861328,173.72999572753906,174.0399932861328,14253404
2025-12-18 17:30:00+00:00,174.02999877929688,175.3800048828125,173.91000366210938,174.91439819335938,9934049
2025-12-18 18:30:00+00:00,174.91000366210938,175.22999572753906,174.24000549316406,174.5500030517578,8742821
2025-12-18 19:30:00+00:00,174.55999755859375,174.89999389648438,173.66000366210938,174.6750030517578,9852863
2025-12-18 20:30:00+00:00,174.67250061035156,174.9600067138672,173.92999267578125,174.00999450683594,9023413
2025-12-19 14:30:00+00:00,176.6649932861328,180.6999969482422,176.35000610351562,178.66000366210938,59589348
2025-12-19 15:30:00+00:00,178.63999938964844,179.57000732421875,178.35000610351562,179.3000030517578,18218903
2025-12-19 16:30:00+00:00,179.32000732421875,180.99000549316406,179.27000427246094,180.5200958251953,17015994
2025-12-19 17:30:00+00:00,180.5200958251953,181.07000732421875,179.76499938964844,179.96499633789062,12073476
2025-12-19 18:30:00+00:00,179.96400451660156,180.8000030517578,179.42999267578125,180.57420349121094,10984702
2025-12-19 19:30:00+00:00,180.57000732421875,180.97999572753906,180.22999572753906,180.44850158691406,11564864
2025-12-19 20:30:00+00:00,180.44000244140625,181.4499969482422,179.94009399414062,180.99000549316406,15328254
2025-12-22 14:30:00+00:00,183.3800048828125,183.94000244140625,182.35000610351562,183.39999389648438,27990203
2025-12-22 15:30:00+00:00,183.41000366210938,184.16000366210938,182.6699981689453,183.6300048828125,13547290
2025-12-22 16:30:00+00:00,183.6199951171875,183.6649932861328,183.00999450683594,183.10000610351562,8157060
2025-12-22 17:30:00+00:00,183.10499572753906,183.3000030517578,182.7899932861328,183.22560119628906,6320882
2025-12-22 18:30:00+00:00,183.22999572753906,183.48500061035156,182.99000549316406,183.3800048828125,6294933
2025-12-22 19:30:00+00:00,183.38999938964844,183.57679748535156,183.1999969482422,183.28500366210938,6554015
2025-12-22 20:30:00+00:00,183.28500366210938,183.8000030517578,183.23500061035156,183.61000061035156,6999578
2025-12-23 14:30:00+00:00,184.39480590820312,185.47999572753906,183.5,185.27499389648438,26864696
2025-12-23 15:30:00+00:00,185.27999877929688,188.0500030517578,185.10000610351562,187.91009521484375,22108447
2025-12-23 16:30:00+00:00,187.9149932861328,188.6300048828125,187.1199951171875,188.2144012451172,16947493
2025-12-23 17:30:00+00:00,188.22000122070312,188.47999572753906,187.77999877929688,187.9949951171875,10350335
2025-12-23 18:30:00+00:00,187.9949951171875,188.8000030517578,187.89999389648438,188.61810302734375,9891144
2025-12-23 19:30:00+00:00,188.61000061035156,188.86000061035156,188.3800048828125,188.78640747070312,9766022
2025-12-23 20:30:00+00:00,188.77999877929688,189.3300018310547,188.7100067138672,189.2100067138672,11919210
2025-12-24 14:30:00+00:00,188.00010681152344,188.72000122070312,186.58999633789062,187.22999572753906,21232093
2025-12-24 15:30:00+00:00,187.22650146484375,188.02999877929688,186.95089721679688,187.94500732421875,10515515
2025-12-24 16:30:00+00:00,187.94500732421875,188.47999572753906,187.9199981689453,188.22500610351562,9095497
2025-12-26 14:30:00+00:00,190.0,192.2899932861328,189.61000061035156,191.5800018310547,32978539
2025-12-26 15:30:00+00:00,191.57000732421875,192.19000244140625,190.8300018310547,191.02499389648438,13650116
2025-12-26 16:30:00+00:00,191.03700256347656,191.35000610351562,190.4600067138672,190.77969360351562,8711783
2025-12-26 17:30:00+00:00,190.77000427246094,191.55999755859375,190.6300048828125,191.53289794921875,10091526
2025-12-26 18:30:00+00:00,191.53500366210938,192.69000244140625,191.49000549316406,192.24000549316406,12249349
2025-12-26 19:30:00+00:00,192.24440002441406,192.30999755859375,191.38380432128906,191.42999267578125,8713789
2025-12-26 20:30:00+00:00,191.4199981689453,191.67300415039062,190.4199981689453,190.5399932861328,41818252
2025-12-29 14:30:00+00:00,187.6999969482422,188.7550048828125,185.91000366210938,187.2550048828125,29356608
2025-12-29 15:30:00+00:00,187.25999450683594,187.73500061035156,186.47999572753906,187.24459838867188,13079563
2025-12-29 16:30:00+00:00,187.24000549316406,187.5800018310547,186.7899932861328,186.8800048828125,7754465
2025-12-29 17:30:00+00:00,186.87989807128906,187.639892578125,186.80999755859375,187.45989990234375,6845200
2025-12-29 18:30:00+00:00,187.4550018310547,187.83999633789062,187.0500030517578,187.375,6599620
2025-12-29 19:30:00+00:00,187.3800048828125,188.10499572753906,187.3699951171875,187.96449279785156,7541351
2025-12-29 20:30:00+00:00,187.97000122070312,188.39999389648438,187.74009704589844,188.22999572753906,36852071
2025-12-30 14:30:00+00:00,188.45770263671875,188.92999267578125,186.92999267578125,187.17030334472656,19456481
2025-12-30 15:30:00+00:00,187.1699981689453,188.50999450683594,187.10499572753906,188.25999450683594,11898733
2025-12-30 16:30:00+00:00,188.25,188.41000366210938,187.72999572753906,187.90989685058594,7392734
2025-12-30 17:30:00+00:00,187.90499877929688,188.25,187.6999969482422,188.21600341796875,6543003
2025-12-30 18:30:00+00:00,188.2100067138672,188.35499572753906,187.9001007080078,188.15420532226562,5905084
2025-12-30 19:30:00+00:00,188.14999389648438,188.1999969482422,187.41000366210938,187.5800018310547,7428329
2025-12-30 20:30:00+00:00,187.5800018310547,187.9250030517578,187.5,187.5500030517578,5948220
2025-12-31 14:30:00+00:00,189.47000122070312,190.55999755859375,188.08999633789062,189.01499938964844,24722821
2025-12-31 15:30:00+00:00,189.00999450683594,189.13999938964844,188.158203125,188.8459930419922,10366144
2025-12-31 16:30:00+00:00,188.84500122070312,189.27999877929688,188.67999267578125,188.91990661621094,8109664
2025-12-31 17:30:00+00:00,188.91600036621094,189.02000427246094,188.5,188.97000122070312,6642986
2025-12-31 18:30:00+00:00,188.96499633789062,189.05499267578125,188.00999450683594,188.0449981689453,7697467
2025-12-31 19:30:00+00:00,188.0500030517578,188.0998992919922,187.08999633789062,187.13499450683594,8876958
2025-12-31 20:30:00+00:00,187.13999938964844,187.47000122070312,186.49000549316406,186.49000549316406,8547159
2026-01-02 14:30:00+00:00,190.17999267578125,192.92990112304688,189.7301025390625,190.58900451660156,32940503
2026-01-02 15:30:00+00:00,190.57000732421875,191.73500061035156,188.2899932861328,189.59939575195312,18539784
2026-01-02 16:30:00+00:00,189.60000610351562,190.06500244140625,189.0800018310547,189.47999572753906,9782720
2026-01-02 17:30:00+00:00,189.5,189.94000244140625,189.16000366210938,189.3616943359375,8182942
2026-01-02 18:30:00+00:00,189.3699951171875,189.6999969482422,188.25999450683594,189.20570373535156,10067165
2026-01-02 19:30:00+00:00,189.2050018310547,189.6199951171875,188.5500030517578,188.9550018310547,9185520
2026-01-02 20:30:00+00:00,188.9499969482422,189.0399932861328,188.47999572753906,188.80990600585938,7525907
2026-01-05 14:30:00+00:00,192.75,193.6300048828125,189.38999938964844,190.0749969482422,32125631
2026-01-05 15:30:00+00:00,190.07000732421875,190.88999938964844,189.25999450683594,190.19000244140625,16588778
2026-01-05 16:30:00+00:00,190.18499755859375,190.49000549316406,187.07000732421875,187.6199951171875,18571029
2026-01-05 17:30:00+00:00,187.61000061035156,188.10000610351562,186.9949951171875,187.78500366210938,13995168
2026-01-05 18:30:00+00:00,187.77999877929688,188.24000549316406,186.3800048828125,186.64320373535156,13535787
2026-01-05 19:30:00+00:00,186.64999389648438,187.57000732421875,186.14999389648438,187.47000122070312,14354077
2026-01-05 20:30:00+00:00,187.47000122070312,188.16000366210938,187.27999877929688,188.11000061035156,11088428
2026-01-06 14:30:00+00:00,190.5,192.1739959716797,188.97999572753906,191.39999389648438,34692681
2026-01-06 15:30:00+00:00,191.3896026611328,191.52499389648438,187.8699951171875,188.58999633789062,21434069
2026-01-06 16:30:00+00:00,188.58999633789062,190.02999877929688,188.39500427246094,189.03990173339844,16404130
2026-01-06 17:30:00+00:00,189.0399932861328,189.6999969482422,188.27000427246094,188.2899932861328,10313216
2026-01-06 18:30:00+00:00,188.17999267578125,188.3000030517578,187.52000427246094,187.9600067138672,11187185
2026-01-06 19:30:00+00:00,188.0500030517578,188.27999877929688,186.87010192871094,186.94000244140625,11264316
2026-01-06 20:30:00+00:00,186.94000244140625,187.64999389648438,186.82000732421875,187.25,6829507
2026-01-07 14:30:00+00:00,188.57000732421875,191.36000061035156,186.55999755859375,191.01499938964844,32512869
2026-01-07 15:30:00+00:00,191.02000427246094,191.0709991455078,188.47000122070312,189.5800018310547,20307873
2026-01-07 16:30:00+00:00,189.57000732421875,190.60000610351562,189.46499633789062,190.0030059814453,10444458
2026-01-07 17:30:00+00:00,190.0050048828125,190.2100067138672,189.5800018310547,189.625,6648717
2026-01-07 18:30:00+00:00,189.625,190.0,189.1999969482422,189.2801055908203,8125097
2026-01-07 19:30:00+00:00,189.28500366210938,189.77999877929688,188.75,188.99000549316406,8539006
2026-01-07 20:30:00+00:00,188.97999572753906,189.25999450683594,188.77499389648438,189.24000549316406,6965360
2026-01-08 14:30:00+00:00,189.0,189.3800048828125,184.66009521484375,186.10000610351562,31476671
2026-01-08 15:30:00+00:00,186.0800018310547,186.9499969482422,184.6199951171875,184.8800048828125,20521041
2026-01-08 16:30:00+00:00,184.8699951171875,185.44500732421875,184.05999755859375,184.25579833984375,12549620
2026-01-08 17:30:00+00:00,184.2550048828125,184.8800048828125,183.8300018310547,184.75,11927382
2026-01-08 18:30:00+00:00,184.74000549316406,184.88999938964844,183.7100067138672,184.14999389648438,10808506
2026-01-08 19:30:00+00:00,184.15499877929688,185.27000427246094,184.13999938964844,185.18649291992188,11122410
2026-01-08 20:30:00+00:00,185.2100067138672,185.33999633789062,184.64999389648438,185.1300048828125,51790464
2026-01-09 14:30:00+00:00,185.0,185.82000732421875,183.67010498046875,184.96200561523438,24696951
2026-01-09 15:30:00+00:00,184.99000549316406,185.61000061035156,184.30999755859375,185.30999755859375,13379947
2026-01-09 16:30:00+00:00,185.30499267578125,185.6999969482422,184.69000244140625,184.9541015625,9302538
2026-01-09 17:30:00+00:00,184.9499969482422,185.22999572753906,184.63999938964844,185.18499755859375,8385501
2026-01-09 18:30:00+00:00,185.18499755859375,186.33999633789062,185.0800018310547,185.88009643554688,10340638
2026-01-09 19:30:00+00:00,185.88499450683594,186.0800018310547,185.50999450683594,185.55499267578125,8241985
2026-01-09 20:30:00+00:00,185.5500030517578,185.63999938964844,184.80999755859375,184.85000610351562,7572604
2026-01-12 14:30:00+00:00,183.19000244140625,186.1999969482422,183.0200958251953,184.6199951171875,22194605
2026-01-12 15:30:00+00:00,184.61549377441406,185.28500366210938,183.72999572753906,185.23989868164062,13447414
2026-01-12 16:30:00+00:00,185.23500061035156,186.89500427246094,184.63999938964844,186.28500366210938,12658198
2026-01-12 17:30:00+00:00,186.27999877929688,186.8800048828125,185.8000030517578,186.7801055908203,9970852
2026-01-12 18:30:00+00:00,186.77999877929688,187.1199951171875,186.51499938964844,186.99000549316406,9084157
2026-01-12 19:30:00+00:00,186.99240112304688,187.0,185.92010498046875,186.00999450683594,8960960
2026-01-12 20:30:00+00:00,186.0050048828125,186.03750610351562,184.5500030517578,184.89999389648438,7250258
2026-01-13 14:30:00+00:00,184.9600067138672,185.13999938964844,183.6313018798828,183.91749572753906,23396967
2026-01-13 15:30:00+00:00,183.91000366210938,185.8000030517578,183.41000366210938,185.22999572753906,17247104
2026-01-13 16:30:00+00:00,185.24000549316406,188.10989379882812,185.08999633789062,186.39999389648438,18595078
2026-01-13 17:30:00+00:00,186.39999389648438,186.5865020751953,184.58999633789062,185.0699005126953,12037560
2026-01-13 18:30:00+00:00,185.07000732421875,185.1699981689453,184.42999267578125,184.78990173339844,9161964
2026-01-13 19:30:00+00:00,184.77999877929688,184.8800048828125,184.21499633789062,184.72000122070312,10894475
2026-01-13 20:30:00+00:00,184.7227020263672,185.85000610351562,184.50010681152344,185.82000732421875,9301670
2026-01-14 14:30:00+00:00,183.78500366210938,184.0,180.91000366210938,181.6750030517578,31179261
2026-01-14 15:30:00+00:00,181.65460205078125,182.6300048828125,181.23500061035156,181.98500061035156,13745617
2026-01-14 16:30:00+00:00,181.99169921875,182.1300048828125,181.3625030517578,182.10000610351562,10577549
2026-01-14 17:30:00+00:00,182.08999633789062,182.32000732421875,181.5449981689453,182.22000122070312,9658660
2026-01-14 18:30:00+00:00,182.22000122070312,182.25,181.5500946044922,181.82000732421875,8195076
2026-01-14 19:30:00+00:00,181.83999633789062,182.61000061035156,180.8300018310547,182.14999389648438,12799407
2026-01-14 20:30:00+00:00,182.14999389648438,183.3300018310547,182.07000732421875,183.1699981689453,10193733
2026-01-15 14:30:00+00:00,186.86000061035156,189.17999267578125,186.38499450683594,187.60000610351562,41062050
2026-01-15 15:30:00+00:00,187.60000610351562,188.5500030517578,186.83009338378906,187.5200958251953,15913647
2026-01-15 16:30:00+00:00,187.50999450683594,189.2899932861328,187.3300018310547,188.61349487304688,17182601
2026-01-15 17:30:00+00:00,188.6199951171875,189.24000549316406,188.14999389648438,189.2301025390625,11251165
2026-01-15 18:30:00+00:00,189.22999572753906,189.6999969482422,188.23500061035156,188.39500427246094,13200932
2026-01-15 19:30:00+00:00,188.38999938964844,189.38499450683594,187.17999267578125,187.4250030517578,16006085
2026-01-15 20:30:00+00:00,187.4199981689453,187.52999877929688,186.3300018310547,187.13999938964844,11812011
2026-01-16 14:30:00+00:00,188.83999633789062,190.44000244140625,187.62010192871094,187.63839721679688,38626121
2026-01-16 15:30:00+00:00,187.63009643554688,188.1696014404297,187.08999633789062,187.99000549316406,14426542
2026-01-16 16:30:00+00:00,187.98500061035156,188.375,187.6300048828125,188.02999877929688,10840609
2026-01-16 17:30:00+00:00,188.02000427246094,188.25,187.42999267578125,187.93499755859375,10212531
2026-01-16 18:30:00+00:00,187.94000244140625,188.4136962890625,187.64500427246094,187.69000244140625,8760813
2026-01-16 19:30:00+00:00,187.6800994873047,188.02499389648438,187.61500549316406,187.74000549316406,9080726
2026-01-16 20:30:00+00:00,187.74000549316406,187.86000061035156,186.0800018310547,186.22999572753906,11380197
2026-01-20 14:30:00+00:00,181.89999389648438,182.375,179.58999633789062,180.8000030517578,43771661
2026-01-20 15:30:00+00:00,180.77000427246094,181.62269592285156,179.81500244140625,180.3199005126953,22206399
2026-01-20 16:30:00+00:00,180.31500244140625,180.47999572753906,179.55999755859375,180.0198974609375,17266194
2026-01-20 17:30:00+00:00,180.00999450683594,180.08999633789062,179.27000427246094,179.52000427246094,11847931
2026-01-20 18:30:00+00:00,179.5,179.97999572753906,178.89999389648438,179.43499755859375,12605910
2026-01-20 19:30:00+00:00,179.41000366210938,179.63999938964844,178.35499572753906,178.4949951171875,12805916
2026-01-20 20:30:00+00:00,178.4949951171875,178.92999267578125,177.6199951171875,178.2100067138672,15204088
2026-01-21 14:30:00+00:00,179.0500030517578,180.96009826660156,178.39999389648438,180.80999755859375,29335836
2026-01-21 15:30:00+00:00,180.80999755859375,183.74000549316406,180.6999969482422,182.73550415039062,20623670
2026-01-21 16:30:00+00:00,182.72000122070312,182.75,179.35000610351562,179.43499755859375,17371067
2026-01-21 17:30:00+00:00,179.43499755859375,180.50999450683594,179.19500732421875,180.2449951171875,11214251
2026-01-21 18:30:00+00:00,180.26010131835938,183.08999633789062,180.14010620117188,182.97999572753906,11543309
2026-01-21 19:30:00+00:00,182.97999572753906,185.37899780273438,182.86000061035156,183.7899932861328,23163020
2026-01-21 20:30:00+00:00,183.77999877929688,184.72000122070312,183.18499755859375,183.32000732421875,12393974
2026-01-22 14:30:00+00:00,184.7449951171875,186.16000366210938,183.92999267578125,184.8699951171875,28406345
2026-01-22 15:30:00+00:00,184.8699951171875,185.8350067138672,184.47999572753906,185.73550415039062,12426040
2026-01-22 16:30:00+00:00,185.73399353027344,186.1699981689453,184.66000366210938,184.97500610351562,12791084
2026-01-22 17:30:00+00:00,184.97999572753906,185.23500061035156,184.4149932861328,184.72549438476562,10627960
2026-01-22 18:30:00+00:00,184.7100067138672,184.8800048828125,184.2805938720703,184.65499877929688,7722254
2026-01-22 19:30:00+00:00,184.64999389648438,184.86000061035156,184.08999633789062,184.11000061035156,9579552
2026-01-22 20:30:00+00:00,184.10000610351562,184.8699951171875,183.92999267578125,184.8300018310547,7630030
2026-01-23 14:30:00+00:00,187.48500061035156,189.60000610351562,186.82330322265625,187.65499877929688,31955472
2026-01-23 15:30:00+00:00,187.64500427246094,188.08999633789062,187.1300048828125,187.75999450683594,11124846
2026-01-23 16:30:00+00:00,187.75,188.23609924316406,187.19500732421875,187.74009704589844,10929600
2026-01-23 17:30:00+00:00,187.75,188.09500122070312,187.14500427246094,187.89500427246094,9086987
2026-01-23 18:30:00+00:00,187.89999389648438,188.41000366210938,187.51499938964844,187.8300018310547,8542009
2026-01-23 19:30:00+00:00,187.80999755859375,188.02999877929688,187.11000061035156,187.22999572753906,9352649
2026-01-23 20:30:00+00:00,187.22000122070312,187.9149932861328,187.13999938964844,187.6699981689453,7833862
2026-01-26 14:30:00+00:00,187.07000732421875,189.1199951171875,186.85000610351562,187.3459930419922,26709879
2026-01-26 15:30:00+00:00,187.33450317382812,187.61000061035156,186.00999450683594,186.80499267578125,14032874
2026-01-26 16:30:00+00:00,186.7899932861328,187.24000549316406,186.44000244140625,186.66000366210938,8942861
2026-01-26 17:30:00+00:00,186.63999938964844,186.7100067138672,185.99000549316406,186.42999267578125,8131157
2026-01-26 18:30:00+00:00,186.41000366210938,187.0800018310547,186.41000366210938,186.5749969482422,7632265
2026-01-26 19:30:00+00:00,186.56869506835938,186.67999267578125,186.0,186.44500732421875,7964393
2026-01-26 20:30:00+00:00,186.4499969482422,186.8000030517578,186.24000549316406,186.38999938964844,6378125
2026-01-27 14:30:00+00:00,187.24000549316406,189.5050048828125,185.6999969482422,188.91510009765625,26462339
2026-01-27 15:30:00+00:00,188.9199981689453,190.0,188.88999938964844,189.70579528808594,15491427
2026-01-27 16:30:00+00:00,189.7100067138672,190.0,189.41000366210938,189.68499755859375,9426192
2026-01-27 17:30:00+00:00,189.69000244140625,190.0,188.89999389648438,189.48500061035156,11268576
2026-01-27 18:30:00+00:00,189.49000549316406,189.77999877929688,189.0449981689453,189.125,9872166
2026-01-27 19:30:00+00:00,189.1300048828125,189.72000122070312,188.9499969482422,189.4250030517578,10276591
2026-01-27 20:30:00+00:00,189.4199981689453,189.42999267578125,188.47279357910156,188.5399932861328,7688049
2026-01-28 14:30:00+00:00,191.2899932861328,192.35000610351562,190.1300048828125,191.40499877929688,29505783
2026-01-28 15:30:00+00:00,191.40499877929688,192.03990173339844,190.72300720214844,191.77999877929688,14818854
2026-01-28 16:30:00+00:00,191.77000427246094,191.77000427246094,189.83999633789062,191.09579467773438,14169875
2026-01-28 17:30:00+00:00,191.0850067138672,191.78799438476562,190.8249969482422,191.72000122070312,9289559
2026-01-28 18:30:00+00:00,191.73500061035156,192.2100067138672,191.3800048828125,191.52000427246094,10051502
2026-01-28 19:30:00+00:00,191.50999450683594,192.32000732421875,190.90370178222656,191.6230010986328,12697817
2026-01-28 20:30:00+00:00,191.6199951171875,191.7899932861328,190.8699951171875,191.5399932861328,8804660
2026-01-29 14:30:00+00:00,191.33999633789062,193.47999572753906,188.35000610351562,188.92999267578125,31030481
2026-01-29 15:30:00+00:00,188.92999267578125,189.0,186.05999755859375,187.8350067138672,21813216
2026-01-29 16:30:00+00:00,187.8300018310547,189.83999633789062,187.69000244140625,189.5449981689453,13577127
2026-01-29 17:30:00+00:00,189.5399932861328,190.69000244140625,189.1699981689453,190.05499267578125,12734523
2026-01-29 18:30:00+00:00,190.05999755859375,190.77999877929688,189.7050018310547,190.36000061035156,9429560
2026-01-29 19:30:00+00:00,190.36000061035156,191.4499969482422,190.02000427246094,190.94500732421875,10769502
2026-01-29 20:30:00+00:00,190.93499755859375,192.75,190.86000061035156,192.42999267578125,12608559
2026-01-30 14:30:00+00:00,191.21499633789062,193.42999267578125,190.90960693359375,191.65499877929688,26075854
2026-01-30 15:30:00+00:00,191.64500427246094,192.17999267578125,191.22500610351562,192.01939392089844,1626247
2026-02-02 18:30:00+00:00,189.86000061035156,190.10000610351562,189.5800018310547,189.9199981689453,41108232
2026-02-02 19:30:00+00:00,189.9149932861328,189.9600067138672,186.08009338378906,186.1750030517578,16398097
2026-02-02 20:30:00+00:00,186.18499755859375,186.30999755859375,184.8800048828125,185.69000244140625,14576292
2026-02-03 14:30:00+00:00,186.23500061035156,186.24000549316406,179.55999755859375,180.29989624023438,36764666
2026-02-03 15:30:00+00:00,180.27999877929688,180.9600067138672,179.0800018310547,179.10000610351562,18459623
2026-02-03 16:30:00+00:00,179.09010314941406,180.49000549316406,179.09010314941406,180.00010681152344,13626585
2026-02-03 17:30:00+00:00,180.0,180.0749969482422,178.64999389648438,179.1584930419922,50779155
2026-02-03 18:30:00+00:00,179.14500427246094,179.52000427246094,178.0500030517578,178.69500732421875,0
2026-02-03 19:30:00+00:00,178.6750030517578,179.02000427246094,176.22999572753906,178.69700622558594,19572051
2026-02-03 20:30:00+00:00,178.69509887695312,180.48500061035156,178.67999267578125,180.3300018310547,12029640
2026-02-04 14:30:00+00:00,179.44000244140625,179.57000732421875,176.6199951171875,177.19520568847656,26799337
2026-02-04 15:30:00+00:00,177.1999969482422,177.55999755859375,174.4842071533203,175.25,20952975
2026-02-04 16:30:00+00:00,175.24000549316406,175.3000030517578,173.27000427246094,173.35000610351562,16589189
2026-02-04 17:30:00+00:00,173.33999633789062,174.32000732421875,171.91000366210938,174.12660217285156,18911010
2026-02-04 18:30:00+00:00,174.13999938964844,175.00999450683594,172.89999389648438,174.94009399414062,13287616
2026-02-04 19:30:00+00:00,174.92999267578125,176.13999938964844,174.25,175.27099609375,15314438
2026-02-04 20:30:00+00:00,175.27110290527344,175.88999938964844,174.19500732421875,174.1999969482422,11531460
2026-02-05 14:30:00+00:00,174.9250030517578,176.80999755859375,171.30999755859375,171.5850067138672,35556583
2026-02-05 15:30:00+00:00,171.5800018310547,174.25999450683594,171.44000244140625,174.2550048828125,18782253
2026-02-05 16:30:00+00:00,174.27000427246094,175.77479553222656,174.17999267578125,175.28500366210938,14405499
2026-02-05 17:30:00+00:00,175.29989624023438,175.6999969482422,174.02000427246094,174.3300018310547,9909346
2026-02-05 18:30:00+00:00,174.30999755859375,174.74000549316406,172.89999389648438,173.6699981689453,11166823
2026-02-05 19:30:00+00:00,173.65499877929688,174.22000122070312,172.1699981689453,172.26010131835938,11241371
2026-02-05 20:30:00+00:00,172.25,172.5,171.02999877929688,171.82000732421875,11583645
2026-02-06 14:30:00+00:00,176.69000244140625,182.88499450683594,174.60000610351562,182.64999389648438,43992598
2026-02-06 15:30:00+00:00,182.6425018310547,184.25,181.9250030517578,183.97999572753906,23254485
2026-02-06 16:30:00+00:00,183.97999572753906,184.64500427246094,182.91000366210938,184.5312042236328,16217369
2026-02-06 17:30:00+00:00,184.52000427246094,185.1699981689453,184.2100067138672,184.5102996826172,13680434
2026-02-06 18:30:00+00:00,184.5135040283203,185.02000427246094,184.13499450683594,184.44500732421875,9404085
2026-02-06 19:30:00+00:00,184.4499969482422,185.58999633789062,184.3000030517578,185.3350067138672,14219330
2026-02-06 20:30:00+00:00,185.3300018310547,187.0,185.1999969482422,185.41000366210938,15861985
2026-02-09 14:30:00+00:00,184.10000610351562,193.66000366210938,184.0,190.66000366210938,52895611
2026-02-09 15:30:00+00:00,190.6999969482422,192.14999389648438,190.6999969482422,191.8249969482422,16568890
2026-02-09 16:30:00+00:00,191.80999755859375,192.52000427246094,191.30499267578125,191.58999633789062,13787785
2026-02-09 17:30:00+00:00,191.58999633789062,192.05990600585938,190.77999877929688,190.9929962158203,9397729
2026-02-09 18:30:00+00:00,190.985107421875,191.5,190.63999938964844,191.00999450683594,9257464
2026-02-09 19:30:00+00:00,191.0050048828125,198.72500610351562,189.6300048828125,189.89999389648438,12988392
2026-02-09 20:30:00+00:00,189.88999938964844,190.5,189.53500366210938,189.7899932861328,10705934
2026-02-10 14:30:00+00:00,191.40499877929688,192.47999572753906,188.1199951171875,189.17320251464844,29239093
2026-02-10 15:30:00+00:00,189.16000366210938,190.3300018310547,188.84500122070312,189.12010192871094,13633209
2026-02-10 16:30:00+00:00,189.1199951171875,190.16000366210938,188.91000366210938,189.69000244140625,8843117
2026-02-10 17:30:00+00:00,189.67999267578125,190.44000244140625,189.19000244140625,189.2449951171875,8346711
2026-02-10 18:30:00+00:00,189.24000549316406,189.60000610351562,189.07000732421875,189.21499633789062,6039719
2026-02-10 19:30:00+00:00,189.22000122070312,189.55499267578125,188.4199981689453,189.10000610351562,9308355
2026-02-10 20:30:00+00:00,189.10000610351562,189.42999267578125,188.3800048828125,188.61000061035156,6982075
2026-02-11 14:30:00+00:00,192.4199981689453,193.25999450683594,188.77000427246094,188.9199981689453,32129202
2026-02-11 15:30:00+00:00,188.9250030517578,192.18499755859375,188.8699951171875,191.289794921875,18144329
2026-02-11 16:30:00+00:00,191.27999877929688,192.10499572753906,190.3699951171875,191.98500061035156,11344285
2026-02-11 17:30:00+00:00,191.97999572753906,192.27999877929688,191.10000610351562,191.43099975585938,8748863
2026-02-11 18:30:00+00:00,191.44000244140625,192.2100067138672,190.97000122070312,192.0449981689453,7656291
2026-02-11 19:30:00+00:00,192.0399932861328,192.15499877929688,190.9550018310547,191.05999755859375,7857075
2026-02-11 20:30:00+00:00,191.0500030517578,191.36000061035156,189.9600067138672,190.02999877929688,7713715
2026-02-12 14:30:00+00:00,193.02999877929688,193.60000610351562,190.52000427246094,191.69000244140625,27666471
2026-02-12 15:30:00+00:00,191.70069885253906,191.8199005126953,187.24000549316406,187.30499267578125,20283149
2026-02-12 16:30:00+00:00,187.32000732421875,189.97999572753906,187.22999572753906,189.5749969482422,14914347
2026-02-12 17:30:00+00:00,189.55999755859375,190.52999877929688,188.5399932861328,189.25,12965171
2026-02-12 18:30:00+00:00,189.25,190.0,188.9199981689453,189.0500030517578,9508266
2026-02-12 19:30:00+00:00,189.07000732421875,189.47999572753906,187.50999450683594,187.60000610351562,10523188
2026-02-12 20:30:00+00:00,187.58999633789062,187.97999572753906,186.50999450683594,186.91000366210938,11600879
2026-02-13 14:30:00+00:00,187.46499633789062,187.47000122070312,182.17999267578125,184.0800018310547,36099600
2026-02-13 15:30:00+00:00,184.05999755859375,185.17999267578125,182.30130004882812,183.59500122070312,16832869
2026-02-13 16:30:00+00:00,183.58999633789062,184.7100067138672,183.0850067138672,184.5500030517578,9913912
2026-02-13 17:30:00+00:00,184.55999755859375,184.97999572753906,183.4600067138672,184.22000122070312,8906348
2026-02-13 18:30:00+00:00,184.24000549316406,184.86000061035156,183.55999755859375,183.69000244140625,6974694
2026-02-13 19:30:00+00:00,183.72000122070312,184.27999877929688,182.0500030517578,182.30589294433594,11523863
2026-02-13 20:30:00+00:00,182.2949981689453,183.1199951171875,181.58999633789062,182.78500366210938,11695004
2026-02-17 14:30:00+00:00,181.72000122070312,183.4199981689453,179.17999267578125,180.41000366210938,27099755
2026-02-17 15:30:00+00:00,180.39999389648438,184.3699951171875,179.27000427246094,183.5800018310547,18859264
2026-02-17 16:30:00+00:00,183.57000732421875,184.75,183.19000244140625,184.7050018310547,12755043
2026-02-17 17:30:00+00:00,184.7449951171875,185.5,183.6199951171875,185.35000610351562,12008333
2026-02-17 18:30:00+00:00,185.36000061035156,186.4499053955078,185.0,186.41700744628906,10075969
2026-02-17 19:30:00+00:00,186.42999267578125,187.14999389648438,185.3300018310547,185.4250030517578,11583987
2026-02-17 20:30:00+00:00,185.3800048828125,185.5,184.36000061035156,184.97999572753906,9243775
2026-02-18 14:30:00+00:00,188.75,190.2299041748047,187.35000610351562,189.77569580078125,45553682
2026-02-18 15:30:00+00:00,189.77000427246094,190.3699951171875,189.25,189.77499389648438,0
2026-02-18 16:30:00+00:00,189.77000427246094,189.9550018310547,188.66000366210938,189.139892578125,11122908
2026-02-18 17:30:00+00:00,189.139892578125,189.69500732421875,188.89500427246094,188.94000244140625,6705103
2026-02-18 18:30:00+00:00,188.94000244140625,189.12989807128906,188.1999969482422,188.56419372558594,9756650
2026-02-18 19:30:00+00:00,188.55499267578125,188.6699981689453,186.75999450683594,186.97000122070312,13920476
2026-02-18 20:30:00+00:00,186.9600067138672,188.5,186.91000366210938,187.88999938964844,55898935
2026-02-19 14:30:00+00:00,187.02999877929688,188.2899932861328,185.66000366210938,187.6190948486328,20569888
2026-02-19 15:30:00+00:00,187.61000061035156,188.42999267578125,186.9199981689453,187.30999755859375,12628047
2026-02-19 16:30:00+00:00,187.3300018310547,187.7899932861328,186.39999389648438,186.6300048828125,9760430
2026-02-19 17:30:00+00:00,186.6199951171875,186.6750030517578,185.7899932861328,186.19940185546875,8553635
2026-02-19 18:30:00+00:00,186.17999267578125,187.05999755859375,186.15939331054688,186.52999877929688,7010595
2026-02-19 19:30:00+00:00,186.52149963378906,187.06500244140625,186.3625946044922,186.79510498046875,7527474
2026-02-19 20:30:00+00:00,186.7899932861328,187.93899536132812,186.72000122070312,187.88999938964844,6612222
2026-02-20 14:30:00+00:00,186.52000427246094,189.33999633789062,185.93780517578125,187.81500244140625,27799788
2026-02-20 15:30:00+00:00,187.83999633789062,190.3300018310547,187.51499938964844,188.7949981689453,19072274
2026-02-20 16:30:00+00:00,188.7949981689453,190.1999969482422,187.6300048828125,187.94000244140625,14472955
2026-02-20 17:30:00+00:00,187.93499755859375,188.97999572753906,187.86000061035156,188.67999267578125,11926040
2026-02-20 18:30:00+00:00,188.6999969482422,190.08999633789062,188.3300018310547,189.36500549316406,11532581
2026-02-20 19:30:00+00:00,189.36000061035156,189.88999938964844,188.94000244140625,189.4199981689453,8798931
2026-02-20 20:30:00+00:00,189.42999267578125,190.0,189.3699951171875,189.8300018310547,7619446
2026-02-23 14:30:00+00:00,191.44500732421875,193.9499969482422,190.9199981689453,191.32000732421875,34473317
2026-02-23 15:30:00+00:00,191.3300018310547,191.6696014404297,189.5749969482422,190.49659729003906,17744253
2026-02-23 16:30:00+00:00,190.49000549316406,191.32000732421875,190.42230224609375,190.9499969482422,11613687
2026-02-23 17:30:00+00:00,190.94000244140625,191.74000549316406,189.72500610351562,191.4600067138672,12495769
2026-02-23 18:30:00+00:00,191.45590209960938,191.75,190.57000732421875,190.5800018310547,9658558
2026-02-23 19:30:00+00:00,190.57000732421875,190.9499969482422,190.19000244140625,190.88999938964844,10203395
2026-02-23 20:30:00+00:00,190.88999938964844,191.64999389648438,190.64999389648438,191.61000061035156,10753581
2026-02-24 14:30:00+00:00,191.48500061035156,192.07000732421875,187.39999389648438,192.00999450683594,31917690
2026-02-24 15:30:00+00:00,192.0,193.25,191.71499633789062,192.14999389648438,16931266
2026-02-24 16:30:00+00:00,192.1501007080078,193.75,191.8800048828125,193.23500061035156,13263753
2026-02-24 17:30:00+00:00,193.23989868164062,193.60000610351562,192.8800048828125,192.94009399414062,8116758
2026-02-24 18:30:00+00:00,192.94500732421875,193.08999633789062,192.16000366210938,192.42999267578125,8644384
2026-02-24 19:30:00+00:00,192.43499755859375,193.0500030517578,192.4001007080078,192.78500366210938,9349318
2026-02-24 20:30:00+00:00,192.7899932861328,193.77000427246094,192.66000366210938,192.8699951171875,10170522
2026-02-25 14:30:00+00:00,194.47000122070312,196.55999755859375,193.8000030517578,196.04510498046875,55504706
2026-02-25 15:30:00+00:00,196.04010009765625,196.6199951171875,195.5,196.33999633789062,0
2026-02-25 16:30:00+00:00,196.3300018310547,197.62989807128906,196.3300018310547,197.36000061035156,17167407
2026-02-25 17:30:00+00:00,197.35009765625,197.52999877929688,196.60499572753906,196.7299041748047,48572207
2026-02-25 18:30:00+00:00,196.72500610351562,197.4499969482422,196.4810028076172,197.0998992919922,0
2026-02-25 19:30:00+00:00,197.08900451660156,197.3699951171875,196.67999267578125,196.89500427246094,13553001
2026-02-25 20:30:00+00:00,196.88999938964844,197.2100067138672,195.52000427246094,195.8800048828125,16776117
2026-02-26 14:30:00+00:00,194.2100067138672,194.2100067138672,185.5800018310547,186.09500122070312,79010681
2026-02-26 15:30:00+00:00,186.10000610351562,187.93980407714844,184.5800018310547,187.8249969482422,37958256
2026-02-26 16:30:00+00:00,187.77999877929688,187.97000122070312,185.85000610351562,187.5749969482422,21772751
2026-02-26 17:30:00+00:00,187.57000732421875,188.1199951171875,184.86000061035156,185.35499572753906,20471972
2026-02-26 18:30:00+00:00,185.34500122070312,186.6999969482422,184.822998046875,185.29989624023438,20354965
2026-02-26 19:30:00+00:00,185.2949981689453,185.82000732421875,184.31500244140625,184.6898956298828,20238432
2026-02-26 20:30:00+00:00,184.67999267578125,185.5500030517578,184.33999633789062,184.89999389648438,17624324
2026-02-27 14:30:00+00:00,181.22000122070312,182.5800018310547,179.57000732421875,181.8350067138672,51155508
2026-02-27 15:30:00+00:00,181.83999633789062,182.25,181.0,181.02000427246094,17238608
2026-02-27 16:30:00+00:00,181.02999877929688,181.4600067138672,179.0500030517578,179.9149932861328,17647740
2026-02-27 17:30:00+00:00,179.9250030517578,180.2899932861328,178.64999389648438,178.97000122070312,14614608
2026-02-27 18:30:00+00:00,178.97889709472656,179.30999755859375,178.10000610351562,178.6649932861328,16081199
2026-02-27 19:30:00+00:00,178.6699981689453,179.6999969482422,178.4199981689453,178.89999389648438,16816888
2026-02-27 20:30:00+00:00,178.88999938964844,178.98500061035156,176.3800048828125,177.16000366210938,26068673
2026-03-02 14:30:00+00:00,174.8000030517578,181.3800048828125,174.63999938964844,180.5,45254437
2026-03-02 15:30:00+00:00,180.49000549316406,181.80999755859375,180.00999450683594,180.9199981689453,49699069
2026-03-02 16:30:00+00:00,180.93499755859375,183.4600067138672,180.83999633789062,183.05999755859375,0
2026-03-02 17:30:00+00:00,183.05499267578125,183.05599975585938,182.2100067138672,182.44509887695312,10237938
2026-03-02 18:30:00+00:00,182.4499969482422,182.91000366210938,181.9499969482422,182.64500427246094,55594090
2026-03-02 19:30:00+00:00,182.64500427246094,183.0500030517578,181.64500427246094,182.14999389648438,16411672
2026-03-02 20:30:00+00:00,182.1699981689453,182.8300018310547,181.99000549316406,182.35000610351562,15836427
2026-03-03 14:30:00+00:00,178.4774932861328,180.52999877929688,177.72000122070312,177.77000427246094,50710924
2026-03-03 15:30:00+00:00,177.75999450683594,180.0050048828125,176.9199981689453,179.31500244140625,31236634
2026-03-03 16:30:00+00:00,179.31500244140625,180.64999389648438,178.94000244140625,180.10499572753906,19302177
2026-03-03 17:30:00+00:00,180.10000610351562,180.39999389648438,178.97999572753906,180.14999389648438,14349165
2026-03-03 18:30:00+00:00,180.1699981689453,180.89999389648438,179.44000244140625,179.5500030517578,13694732
2026-03-03 19:30:00+00:00,179.55999755859375,180.8699951171875,179.14999389648438,180.2050018310547,17047547
2026-03-03 20:30:00+00:00,180.1999969482422,180.56500244140625,179.89999389648438,180.0800018310547,12169048
2026-03-04 14:30:00+00:00,180.3699951171875,183.5500030517578,180.05999755859375,183.47000122070312,49537596
2026-03-04 15:30:00+00:00,183.47999572753906,183.63999938964844,181.8000030517578,182.39999389648438,22335669
2026-03-04 16:30:00+00:00,182.39999389648438,183.14500427246094,182.32080078125,182.48500061035156,14459566
2026-03-04 17:30:00+00:00,182.49000549316406,183.36000061035156,182.19000244140625,183.04989624023438,13044050
2026-03-04 18:30:00+00:00,183.0399932861328,184.6999969482422,182.97999572753906,184.30499267578125,21891737
2026-03-04 19:30:00+00:00,184.30499267578125,184.33999633789062,182.60000610351562,183.07000732421875,17483899
2026-03-04 20:30:00+00:00,183.0749969482422,183.33999633789062,182.60000610351562,182.91000366210938,17451882
2026-03-05 14:30:00+00:00,181.1699981689453,182.7899932861328,180.80999755859375,181.69500732421875,39187846
2026-03-05 15:30:00+00:00,181.6999969482422,184.05999755859375,180.85499572753906,182.77999877929688,26866863
2026-03-05 16:30:00+00:00,182.8000030517578,183.8300018310547,181.07000732421875,181.07000732421875,17633964
2026-03-05 17:30:00+00:00,181.07000732421875,181.22000122070312,177.88999938964844,178.87989807128906,36802356
2026-03-05 18:30:00+00:00,178.8699951171875,181.02000427246094,178.8000030517578,180.72999572753906,17972462
2026-03-05 19:30:00+00:00,180.72999572753906,182.38999938964844,179.88999938964844,181.875,20068545
2026-03-05 20:30:00+00:00,181.8800048828125,183.4199981689453,181.70010375976562,183.3300018310547,20535969
2026-03-06 14:30:00+00:00,179.83999633789062,182.756103515625,179.63999938964844,181.82009887695312,42314271
2026-03-06 15:30:00+00:00,181.82000732421875,182.40499877929688,180.89999389648438,181.7100067138672,20012304
2026-03-06 16:30:00+00:00,181.718505859375,182.49000549316406,181.02999877929688,181.13999938964844,17253066
2026-03-06 17:30:00+00:00,181.13999938964844,181.8249969482422,180.52000427246094,181.46009826660156,14392829
2026-03-06 18:30:00+00:00,181.4499969482422,181.7698974609375,180.19000244140625,180.52999877929688,15056438
2026-03-06 19:30:00+00:00,180.52000427246094,180.77000427246094,176.9499969482422,177.1300048828125,25886766
2026-03-06 20:30:00+00:00,177.13999938964844,178.37989807128906,176.82009887695312,177.69000244140625,26255790
2026-03-09 13:30:00+00:00,176.8300018310547,178.50999450683594,175.55999755859375,178.11000061035156,43221028
2026-03-09 14:30:00+00:00,178.08999633789062,179.47999572753906,177.99000549316406,179.18499755859375,19919743
2026-03-09 15:30:00+00:00,179.16000366210938,180.62730407714844,178.8000030517578,180.49000549316406,16780073
2026-03-09 16:30:00+00:00,180.49000549316406,180.91000366210938,179.17999267578125,179.38999938964844,15945158
2026-03-09 17:30:00+00:00,179.39999389648438,180.22000122070312,179.02000427246094,179.91000366210938,12583605
2026-03-09 18:30:00+00:00,179.89999389648438,182.07000732421875,179.2899932861328,182.02609252929688,21985315
2026-03-09 19:30:00+00:00,182.02999877929688,182.91000366210938,181.4499969482422,182.63999938964844,22182613
2026-03-10 13:30:00+00:00,182.39999389648438,184.22500610351562,182.01010131835938,184.0449981689453,36549411
2026-03-10 14:30:00+00:00,184.0399932861328,186.44000244140625,184.00999450683594,185.9499969482422,31283932
2026-03-10 15:30:00+00:00,185.97000122070312,186.1199951171875,185.04969787597656,185.3076934814453,19945381
2026-03-10 16:30:00+00:00,185.32000732421875,186.22500610351562,185.22999572753906,186.13499450683594,13122732
2026-03-10 17:30:00+00:00,186.1300048828125,186.1300048828125,184.10000610351562,184.889892578125,17940859
2026-03-10 18:30:00+00:00,184.88999938964844,185.27000427246094,184.02000427246094,184.39999389648438,17479430
2026-03-10 19:30:00+00:00,184.39999389648438,184.83999633789062,183.25,184.75999450683594,20492139
2026-03-11 13:30:00+00:00,185.9199981689453,187.6199951171875,184.94000244140625,186.91000366210938,39795140
2026-03-11 14:30:00+00:00,186.89010620117188,186.94000244140625,185.06080627441406,185.0749969482422,20362143
2026-03-11 15:30:00+00:00,185.0760955810547,185.80650329589844,184.83999633789062,185.55499267578125,14151413
2026-03-11 16:30:00+00:00,185.5500030517578,186.0699005126953,185.25,185.61000061035156,10355965
2026-03-11 17:30:00+00:00,185.6199951171875,185.6999969482422,184.45010375976562,185.1540069580078,12728588
2026-03-11 18:30:00+00:00,185.16000366210938,185.74000549316406,185.02000427246094,185.36000061035156,10974433
2026-03-11 19:30:00+00:00,185.36990356445312,186.0399932861328,185.22999572753906,186.00999450683594,10325194
2026-03-12 13:30:00+00:00,184.0500030517578,184.86000061035156,182.0500030517578,182.0850067138672,36646581
2026-03-12 14:30:00+00:00,182.0850067138672,182.9600067138672,181.75,182.8800048828125,21123869
2026-03-12 15:30:00+00:00,182.8699951171875,184.94000244140625,182.7700958251953,184.25999450683594,21620770
2026-03-12 16:30:00+00:00,184.25999450683594,184.72000122070312,183.53500366210938,183.75999450683594,13929708
2026-03-12 17:30:00+00:00,183.77000427246094,184.19000244140625,183.1699981689453,183.55499267578125,12712518
2026-03-12 18:30:00+00:00,183.5399932861328,183.6199951171875,182.77999877929688,183.44000244140625,14025360
2026-03-12 19:30:00+00:00,183.43499755859375,183.6699981689453,182.7200927734375,183.00999450683594,12544443
2026-03-13 13:30:00+00:00,184.91000366210938,186.08999633789062,183.61000061035156,183.92210388183594,38715340
2026-03-13 14:30:00+00:00,183.9250030517578,184.25,181.66000366210938,181.88340759277344,27389127
2026-03-13 15:30:00+00:00,181.88999938964844,182.25,180.72000122070312,181.13999938964844,21151599
2026-03-13 16:30:00+00:00,181.13499450683594,181.75999450683594,180.92999267578125,181.5399932861328,14321948
2026-03-13 17:30:00+00:00,181.5399932861328,181.58920288085938,180.00999450683594,180.5449981689453,14153135
2026-03-13 18:30:00+00:00,180.5399932861328,181.13999938964844,180.27999877929688,180.6999969482422,14593908
2026-03-13 19:30:00+00:00,180.7100067138672,180.8249969482422,179.94000244140625,180.26499938964844,16337302
2026-03-16 13:30:00+00:00,182.97000122070312,185.0500030517578,182.87440490722656,184.07000732421875,25160321
2026-03-16 14:30:00+00:00,184.07000732421875,184.9199981689453,183.30499267578125,184.72779846191406,13947723
2026-03-16 15:30:00+00:00,184.72000122070312,184.94000244140625,183.6300048828125,183.89500427246094,10572265
2026-03-16 16:30:00+00:00,183.90499877929688,185.05999755859375,183.78500366210938,184.76010131835938,9780571
2026-03-16 17:30:00+00:00,184.77000427246094,185.52999877929688,184.27000427246094,184.93499755859375,12380863
2026-03-16 18:30:00+00:00,184.9398956298828,188.8699951171875,181.67999267578125,181.83380126953125,41293367
2026-03-16 19:30:00+00:00,181.85000610351562,183.65499877929688,181.41000366210938,183.1300048828125,18558112
2026-03-17 13:30:00+00:00,185.0500030517578,185.39999389648438,181.89999389648438,183.08999633789062,35838393
2026-03-17 14:30:00+00:00,183.0800018310547,183.41000366210938,182.24029541015625,182.43499755859375,36924089
2026-03-17 15:30:00+00:00,182.43499755859375,183.10000610351562,181.68040466308594,182.69830322265625,0
2026-03-17 16:30:00+00:00,182.6999969482422,182.9499969482422,181.8699951171875,182.41000366210938,43422500
2026-03-17 17:30:00+00:00,182.41000366210938,183.47000122070312,182.39999389648438,183.0399932861328,0
2026-03-17 18:30:00+00:00,183.02999877929688,183.15989685058594,182.05999755859375,182.64010620117188,10839212
2026-03-17 19:30:00+00:00,182.63009643554688,182.92999267578125,181.80999755859375,181.9600067138672,10549153
2026-03-18 13:30:00+00:00,182.49000549316406,183.3800048828125,180.72999572753906,182.2794952392578,27757729
2026-03-18 14:30:00+00:00,182.2805938720703,183.23500061035156,181.83999633789062,182.5399932861328,15580633
2026-03-18 15:30:00+00:00,182.5399932861328,182.85000610351562,182.32000732421875,182.74000549316406,9596417
2026-03-18 16:30:00+00:00,182.74000549316406,182.7550048828125,181.8300018310547,182.07000732421875,8508642
2026-03-18 17:30:00+00:00,182.07000732421875,183.14999389648438,181.82000732421875,182.31500244140625,10044595
2026-03-18 18:30:00+00:00,182.30999755859375,182.39500427246094,180.8800048828125,181.2449951171875,14439661
2026-03-18 19:30:00+00:00,181.22999572753906,181.38499450683594,180.3300018310547,180.35000610351562,9305558
2026-03-19 13:30:00+00:00,178.00999450683594,178.39930725097656,175.78500366210938,177.58999633789062,33648796
2026-03-19 14:30:00+00:00,177.58999633789062,179.0500030517578,177.55499267578125,178.23219299316406,15448637
2026-03-19 15:30:00+00:00,178.24000549316406,178.94000244140625,177.6649932861328,178.78500366210938,11424087
2026-03-19 16:30:00+00:00,178.7899932861328,178.89999389648438,177.55999755859375,178.5449981689453,41821467
2026-03-19 17:30:00+00:00,178.5399932861328,179.24000549316406,177.97000122070312,178.9698944091797,0
2026-03-19 18:30:00+00:00,178.97999572753906,179.97999572753906,178.08999633789062,179.13499450683594,13879376
2026-03-19 19:30:00+00:00,179.1300048828125,179.14990234375,177.91000366210938,178.5,10911447
2026-03-20 13:30:00+00:00,178.0,178.25999450683594,175.42999267578125,175.73500061035156,54718351
2026-03-20 14:30:00+00:00,175.75,176.25,175.0,175.69500732421875,27274362
2026-03-20 15:30:00+00:00,175.6999969482422,176.4499969482422,175.55999755859375,175.98849487304688,14754297
2026-03-20 16:30:00+00:00,175.98500061035156,175.98500061035156,175.02999877929688,175.07000732421875,12073349
2026-03-20 17:30:00+00:00,175.06500244140625,175.08999633789062,173.9600067138672,174.26010131835938,20076641
2026-03-20 18:30:00+00:00,174.26499938964844,174.33999633789062,172.37010192871094,172.42999267578125,23159557
2026-03-20 19:30:00+00:00,172.4250030517578,173.0399932861328,171.72500610351562,173.0,24605650
2026-03-23 13:30:00+00:00,177.25,178.2279052734375,175.87010192871094,177.875,55566937
2026-03-23 14:30:00+00:00,177.86500549316406,178.3699951171875,177.22999572753906,177.5800018310547,23567711
2026-03-23 15:30:00+00:00,177.58999633789062,177.77000427246094,174.75999450683594,174.80999755859375,26157500
2026-03-23 16:30:00+00:00,174.81500244140625,175.88999938964844,174.80349731445312,175.2949981689453,14902798
2026-03-23 17:30:00+00:00,175.27999877929688,176.41000366210938,175.27999877929688,176.10499572753906,13473293
2026-03-23 18:30:00+00:00,176.10000610351562,176.9600067138672,176.08999633789062,176.22999572753906,15340354
2026-03-23 19:30:00+00:00,176.22500610351562,176.6999969482422,175.5,175.50999450683594,14875311
2026-03-24 13:30:00+00:00,174.76199340820312,175.89990234375,173.97999572753906,174.25,31849095
2026-03-24 14:30:00+00:00,174.2550048828125,176.16000366210938,174.13499450683594,175.61500549316406,25114276
2026-03-24 15:30:00+00:00,175.61000061035156,175.89939880371094,174.9199981689453,175.3249969482422,14868329
2026-03-24 16:30:00+00:00,175.3300018310547,175.47999572753906,174.38499450683594,174.70730590820312,12064410
2026-03-24 17:30:00+00:00,174.6999969482422,175.60000610351562,174.41990661621094,175.4250030517578,11873453
2026-03-24 18:30:00+00:00,175.42999267578125,176.22000122070312,175.3000030517578,175.51499938964844,13983547
2026-03-24 19:30:00+00:00,175.51780700683594,175.6199951171875,174.86000061035156,175.30999755859375,13261358
2026-03-25 13:30:00+00:00,177.10000610351562,180.30999755859375,176.86000061035156,180.05999755859375,47087931
2026-03-25 14:30:00+00:00,180.0500030517578,181.21499633789062,179.1999969482422,180.0,31111269
2026-03-25 15:30:00+00:00,179.9949951171875,180.05589294433594,178.73500061035156,179.1199951171875,18161118
2026-03-25 16:30:00+00:00,179.11000061035156,179.33970642089844,178.50999450683594,178.92999267578125,12018365
2026-03-25 17:30:00+00:00,178.94000244140625,179.57000732421875,178.66000366210938,179.02000427246094,12686862
2026-03-25 18:30:00+00:00,179.02000427246094,179.1999969482422,177.8300018310547,178.60000610351562,15914397
2026-03-25 19:30:00+00:00,178.59500122070312,179.1199951171875,178.25,178.6699981689453,10187015
2026-03-26 13:30:00+00:00,176.1699981689453,176.5,174.80990600585938,174.82000732421875,36029353
2026-03-26 14:30:00+00:00,174.81500244140625,175.15989685058594,173.0399932861328,174.07009887695312,29537109
2026-03-26 15:30:00+00:00,174.06500244140625,174.8300018310547,173.7050018310547,173.77499389648438,18378166
2026-03-26 16:30:00+00:00,173.77499389648438,174.0,173.33999633789062,173.54010009765625,13236281
2026-03-26 17:30:00+00:00,173.5399932861328,173.7100067138672,171.83999633789062,172.09500122070312,22153880
2026-03-26 18:30:00+00:00,172.09500122070312,172.5,171.5500030517578,172.125,18593403
2026-03-26 19:30:00+00:00,172.12319946289062,172.14999389648438,171.13999938964844,171.22999572753906,17202750
2026-03-27 13:30:00+00:00,169.99000549316406,170.97000122070312,167.8000030517578,167.85000610351562,56166225
2026-03-27 14:30:00+00:00,167.8300018310547,169.5699005126953,167.5500030517578,169.5699005126953,27603646
2026-03-27 15:30:00+00:00,169.55999755859375,169.94000244140625,168.7100067138672,168.82000732421875,17521361
2026-03-27 16:30:00+00:00,168.80999755859375,169.27000427246094,167.8300018310547,167.83999633789062,16758151
2026-03-27 17:30:00+00:00,167.83999633789062,168.24000549316406,167.61000061035156,168.0,15062395
2026-03-27 18:30:00+00:00,168.0050048828125,168.27000427246094,167.22000122070312,167.42999267578125,17650366
2026-03-27 19:30:00+00:00,167.44000244140625,167.92999267578125,167.00999450683594,167.4600067138672,18119318
2026-03-30 13:30:00+00:00,168.73500061035156,169.4499969482422,166.2100067138672,166.91000366210938,44328928
2026-03-30 14:30:00+00:00,166.90499877929688,168.25,166.27000427246094,167.0050048828125,25106249
2026-03-30 15:30:00+00:00,167.0,168.02000427246094,166.35000610351562,166.47500610351562,19964516
2026-03-30 16:30:00+00:00,166.47999572753906,166.9199981689453,165.80999755859375,165.875,16368311
2026-03-30 17:30:00+00:00,165.8699951171875,166.4499969482422,165.58999633789062,165.69500732421875,14207997
2026-03-30 18:30:00+00:00,165.6999969482422,166.07000732421875,164.2949981689453,164.46310424804688,19702372
2026-03-30 19:30:00+00:00,164.46499633789062,165.5399932861328,164.27000427246094,165.05999755859375,18227730
2026-03-31 13:30:00+00:00,166.97000122070312,171.0749969482422,166.9600067138672,170.97999572753906,44954815
2026-03-31 14:30:00+00:00,170.97999572753906,171.3800048828125,169.55999755859375,170.30499267578125,25991642
2026-03-31 15:30:00+00:00,170.3000030517578,171.27999877929688,169.7550048828125,171.0500030517578,18531113
2026-03-31 16:30:00+00:00,171.0500030517578,173.8800048828125,170.7550048828125,173.27499389648438,33199113
2026-03-31 17:30:00+00:00,173.27999877929688,173.72999572753906,172.27999877929688,173.26499938964844,19348274
2026-03-31 18:30:00+00:00,173.25999450683594,174.27499389648438,173.02000427246094,173.93499755859375,21682792
2026-03-31 19:30:00+00:00,173.92999267578125,174.6199951171875,173.85499572753906,174.3800048828125,20307842
2026-04-01 13:30:00+00:00,176.0,176.60000610351562,174.75999450683594,176.1999969482422,46071243
2026-04-01 14:30:00+00:00,176.19000244140625,177.11500549316406,175.5050048828125,176.48500061035156,22675088
2026-04-01 15:30:00+00:00,176.47999572753906,177.3699951171875,176.39999389648438,177.10000610351562,15319849
2026-04-01 16:30:00+00:00,177.10000610351562,177.1649932861328,176.61000061035156,176.6649932861328,11191707
2026-04-01 17:30:00+00:00,176.6649932861328,176.72000122070312,174.8699951171875,175.0800018310547,16219900
2026-04-01 18:30:00+00:00,175.0800018310547,176.32000732421875,174.80499267578125,176.00999450683594,16485638
2026-04-01 19:30:00+00:00,176.0050048828125,176.25999450683594,175.50010681152344,175.8000030517578,11838090
2026-04-02 13:30:00+00:00,172.17999267578125,175.10000610351562,171.3699951171875,174.0449981689453,45441550
2026-04-02 14:30:00+00:00,174.02999877929688,177.14999389648438,173.9199981689453,176.67999267578125,24382227
2026-04-02 15:30:00+00:00,176.6999969482422,177.02000427246094,175.72000122070312,176.125,14120301
2026-04-02 16:30:00+00:00,176.1199951171875,176.9199981689453,175.77000427246094,176.77499389648438,9243660
2026-04-02 17:30:00+00:00,176.7899932861328,177.0500030517578,176.110107421875,176.5399932861328,9736315
2026-04-02 18:30:00+00:00,176.5500030517578,177.47000122070312,176.52000427246094,176.90499877929688,12773281
2026-04-02 19:30:00+00:00,176.89999389648438,177.47999572753906,176.86000061035156,177.39999389648438,10781288
2026-04-06 13:30:00+00:00,177.0800018310547,177.4600067138672,175.75999450683594,176.77999877929688,31902106
2026-04-06 14:30:00+00:00,176.77999877929688,176.9550018310547,176.18350219726562,176.48609924316406,14423208
2026-04-06 15:30:00+00:00,176.49000549316406,177.61000061035156,176.4499969482422,177.15499877929688,10776969
2026-04-06 16:30:00+00:00,177.1501007080078,177.44000244140625,176.10000610351562,176.93499755859375,10043504
2026-04-06 17:30:00+00:00,176.9320068359375,177.3000030517578,176.44500732421875,176.98500061035156,10372408
2026-04-06 18:30:00+00:00,176.97500610351562,177.4199981689453,176.75,177.2200927734375,8384391
2026-04-06 19:30:00+00:00,177.22000122070312,177.67999267578125,177.0749969482422,177.63999938964844,8330957
2026-04-07 13:30:00+00:00,175.75,176.99000549316406,174.44000244140625,175.0800018310547,31133504
2026-04-07 14:30:00+00:00,175.08999633789062,175.1699981689453,173.66000366210938,175.01010131835938,18582815
2026-04-07 15:30:00+00:00,175.02000427246094,175.9499053955078,174.69000244140625,175.41000366210938,13773231
2026-04-07 16:30:00+00:00,175.39999389648438,175.9470977783203,175.27999877929688,175.38999938964844,9482355
2026-04-07 17:30:00+00:00,175.38999938964844,176.17999267578125,175.34500122070312,175.69960021972656,10391810
2026-04-07 18:30:00+00:00,175.69500732421875,176.8699951171875,174.9801025390625,176.2899932861328,13809826
2026-04-07 19:30:00+00:00,176.27499389648438,178.2050018310547,176.0800018310547,178.09500122070312,15240344
2026-04-08 13:30:00+00:00,184.4499969482422,185.25,181.2550048828125,181.8000030517578,51602936
2026-04-08 14:30:00+00:00,181.79510498046875,181.92970275878906,180.30999755859375,181.3000030517578,20915113
2026-04-08 15:30:00+00:00,181.3000030517578,182.02999877929688,181.1300048828125,181.4499969482422,11893338
2026-04-08 16:30:00+00:00,181.4499969482422,181.80999755859375,181.375,181.44500732421875,9159925
2026-04-08 17:30:00+00:00,181.44500732421875,182.17999267578125,181.2949981689453,181.70030212402344,10518995
2026-04-08 18:30:00+00:00,181.7075958251953,182.0500030517578,181.10000610351562,181.7050018310547,11151138
2026-04-08 19:30:00+00:00,181.6999969482422,182.3000030517578,181.64999389648438,182.10000610351562,11293205
2026-04-09 13:30:00+00:00,181.83999633789062,182.25999450683594,180.62010192871094,181.625,26761935
2026-04-09 14:30:00+00:00,181.61000061035156,183.52999877929688,181.38999938964844,182.8350067138672,18257065
2026-04-09 15:30:00+00:00,182.8300018310547,183.9600067138672,182.72000122070312,183.53500366210938,13985168
2026-04-09 16:30:00+00:00,183.52999877929688,183.88999938964844,183.10000610351562,183.4600067138672,9528547
2026-04-09 17:30:00+00:00,183.4550018310547,183.73959350585938,183.0,183.10000610351562,9518565
2026-04-09 18:30:00+00:00,183.0800018310547,183.8300018310547,182.9199981689453,183.64500427246094,9176370
2026-04-09 19:30:00+00:00,183.64999389648438,184.0800018310547,183.60000610351562,183.85000610351562,10974717
2026-04-10 13:30:00+00:00,184.4199981689453,187.9199981689453,184.3000030517578,187.8249969482422,41841686
2026-04-10 14:30:00+00:00,187.8350067138672,190.0,187.72999572753906,189.47999572753906,32319743
2026-04-10 15:30:00+00:00,189.48500061035156,189.5800018310547,188.09500122070312,188.45469665527344,17852756
2026-04-10 16:30:00+00:00,188.4499969482422,188.6199951171875,187.92999267578125,188.1470947265625,12587920
2026-04-10 17:30:00+00:00,188.13999938964844,189.0,187.9600067138672,188.5850067138672,10697184
2026-04-10 18:30:00+00:00,188.5800018310547,189.69000244140625,188.38009643554688,189.38999938964844,13701728
2026-04-10 19:30:00+00:00,189.38499450683594,189.38499450683594,188.11000061035156,188.63999938964844,14162426
2026-04-13 13:30:00+00:00,186.02000427246094,188.47999572753906,185.74000549316406,188.41990661621094,35943745
2026-04-13 14:30:00+00:00,188.41000366210938,189.64999389648438,188.13499450683594,188.6107940673828,18922601
2026-04-13 15:30:00+00:00,188.6199951171875,188.89990234375,187.9199981689453,188.44509887695312,13963685
2026-04-13 16:30:00+00:00,188.44000244140625,188.64990234375,187.85000610351562,188.2050018310547,11181831
2026-04-13 17:30:00+00:00,188.2100067138672,188.4199981689453,187.97000122070312,188.0198974609375,9120812
2026-04-13 18:30:00+00:00,188.00999450683594,188.88999938964844,187.99000549316406,188.7050018310547,10976974
2026-04-13 19:30:00+00:00,188.6999969482422,189.4550018310547,188.38999938964844,189.2100067138672,12534805
2026-04-14 13:30:00+00:00,190.8300018310547,193.30999755859375,190.8000030517578,192.86000061035156,43520464
2026-04-14 14:30:00+00:00,192.8699951171875,193.72999572753906,192.66000366210938,193.44500732421875,19306493
2026-04-14 15:30:00+00:00,193.44500732421875,194.94000244140625,193.3300018310547,194.79989624023438,18612294
2026-04-14 16:30:00+00:00,194.80589294433594,194.99000549316406,194.33999633789062,194.72500610351562,13990697
2026-04-14 17:30:00+00:00,194.72999572753906,194.89999389648438,194.38999938964844,194.5800018310547,8811868
2026-04-14 18:30:00+00:00,194.5749969482422,196.33999633789062,194.56500244140625,196.20989990234375,19309999
2026-04-14 19:30:00+00:00,196.1999969482422,196.5,195.57000732421875,196.49000549316406,16494329
2026-04-15 13:30:00+00:00,196.5500030517578,199.5800018310547,196.25999450683594,199.24000549316406,47272775
2026-04-15 14:30:00+00:00,199.25990295410156,199.94000244140625,199.02000427246094,199.80999755859375,23088432
2026-04-15 15:30:00+00:00,199.7949981689453,200.39999389648438,199.08999633789062,199.125,23311405
2026-04-15 16:30:00+00:00,199.1201934814453,199.13999938964844,196.13999938964844,196.97000122070312,22601798
2026-04-15 17:30:00+00:00,196.9550018310547,197.7100067138672,195.74000549316406,196.9698944091797,16412953
2026-04-15 18:30:00+00:00,196.9600067138672,198.27000427246094,196.95249938964844,198.23989868164062,14111714
2026-04-15 19:30:00+00:00,198.24000549316406,199.1699981689453,198.02000427246094,198.8677978515625,16516099
2026-04-16 13:30:00+00:00,197.42999267578125,197.75999450683594,195.80999755859375,197.3699951171875,34867030
2026-04-16 14:30:00+00:00,197.3699951171875,199.85000610351562,197.30999755859375,199.00999450683594,19694478
2026-04-16 15:30:00+00:00,199.02000427246094,199.6300048828125,198.40029907226562,198.6199951171875,14184255
2026-04-16 16:30:00+00:00,198.61500549316406,198.85000610351562,197.75,198.4149932861328,12103065
2026-04-16 17:30:00+00:00,198.4174041748047,198.7299041748047,197.3000030517578,197.4949951171875,11223279
2026-04-16 18:30:00+00:00,197.49000549316406,198.38999938964844,197.48500061035156,198.1199951171875,13497268
2026-04-16 19:30:00+00:00,198.1199951171875,198.77000427246094,198.09500122070312,198.24000549316406,11174544
2026-04-17 13:30:00+00:00,199.8800048828125,201.67999267578125,199.27000427246094,200.375,55123160
2026-04-17 14:30:00+00:00,200.375,200.99000549316406,200.02000427246094,200.63999938964844,17346281
2026-04-17 15:30:00+00:00,200.63499450683594,201.39999389648438,200.22999572753906,200.69000244140625,18546450
2026-04-17 16:30:00+00:00,200.6999969482422,200.8699951171875,199.47000122070312,199.8800048828125,13021821
2026-04-17 17:30:00+00:00,199.8699951171875,200.88510131835938,199.84010314941406,200.64999389648438,10962127
2026-04-17 18:30:00+00:00,200.66000366210938,201.47999572753906,200.5500030517578,201.25999450683594,11941766
2026-04-17 19:30:00+00:00,201.27999877929688,201.6999969482422,201.1199951171875,201.64999389648438,11970481
2026-04-20 13:30:00+00:00,199.97999572753906,200.52000427246094,198.4199981689453,199.1300048828125,31888414
2026-04-20 14:30:00+00:00,199.11500549316406,199.41929626464844,197.83970642089844,199.27000427246094,18660733
2026-04-20 15:30:00+00:00,199.25999450683594,199.45989990234375,198.4199981689453,199.18499755859375,12893600
2026-04-20 16:30:00+00:00,199.1999969482422,199.8000030517578,199.13999938964844,199.5299072265625,6997175
2026-04-20 17:30:00+00:00,199.52999877929688,200.72999572753906,199.4499969482422,200.58999633789062,13358656
2026-04-20 18:30:00+00:00,200.60000610351562,201.24000549316406,200.3800048828125,201.1300048828125,10484052
2026-04-20 19:30:00+00:00,201.1300048828125,202.16000366210938,201.08999633789062,202.11000061035156,12574882
2026-04-21 13:30:00+00:00,202.1300048828125,202.75,200.83999633789062,201.88999938964844,26931641
2026-04-21 14:30:00+00:00,201.88999938964844,202.0500030517578,200.57090759277344,201.0500030517578,13287102
2026-04-21 15:30:00+00:00,201.05999755859375,201.3800048828125,199.8699951171875,199.89500427246094,11146811
2026-04-21 16:30:00+00:00,199.88999938964844,200.31910705566406,199.0,199.32000732421875,10479999
2026-04-21 17:30:00+00:00,199.34010314941406,200.3800048828125,199.25999450683594,199.93099975585938,10018449
2026-04-21 18:30:00+00:00,199.9499969482422,200.97000122070312,199.9499969482422,200.95700073242188,9959608
2026-04-21 19:30:00+00:00,200.9600067138672,201.16000366210938,199.17999267578125,199.91000366210938,11675449
2026-04-22 13:30:00+00:00,201.0,201.10000610351562,199.32000732421875,200.36000061035156,25702217
2026-04-22 14:30:00+00:00,200.35009765625,201.8699951171875,200.2899932861328,201.6009063720703,16102669
2026-04-22 15:30:00+00:00,201.60000610351562,201.6999969482422,200.92999267578125,201.09500122070312,8980435
2026-04-22 16:30:00+00:00,201.08999633789062,201.97999572753906,200.9499969482422,201.7449951171875,8787583
2026-04-22 17:30:00+00:00,201.75999450683594,202.4875030517578,201.6199951171875,201.6649932861328,11135412
2026-04-22 18:30:00+00:00,201.6649932861328,202.02000427246094,201.22999572753906,201.6750030517578,9664746
2026-04-22 19:30:00+00:00,201.66990661621094,202.5,201.59500122070312,202.4199981689453,11389298
2026-04-23 13:30:00+00:00,202.39999389648438,203.82899475097656,201.10499572753906,201.76010131835938,27402057
2026-04-23 14:30:00+00:00,201.78880310058594,203.11000061035156,201.76010131835938,202.5084991455078,12933498
2026-04-23 15:30:00+00:00,202.5050048828125,202.72000122070312,200.9600067138672,201.10629272460938,12307243
2026-04-23 16:30:00+00:00,201.10499572753906,201.91000366210938,199.2100067138672,199.43499755859375,11762619
2026-04-23 17:30:00+00:00,199.4499969482422,200.13999938964844,197.22059631347656,199.13999938964844,16660403
2026-04-23 18:30:00+00:00,199.13999938964844,199.64999389648438,198.185302734375,199.11000061035156,8347959
2026-04-23 19:30:00+00:00,199.1199951171875,199.7100067138672,198.6999969482422,199.7100067138672,8139245
2026-04-24 13:30:00+00:00,199.9600067138672,203.22000122070312,199.80999755859375,202.60499572753906,36820806
2026-04-24 14:30:00+00:00,202.60499572753906,209.74000549316406,202.47999572753906,208.9158935546875,53306667
2026-04-24 15:30:00+00:00,208.91969299316406,210.0,208.3300018310547,209.5749969482422,31167268
2026-04-24 16:30:00+00:00,209.5749969482422,210.9499969482422,209.02999877929688,209.3300018310547,23047260
2026-04-24 17:30:00+00:00,209.30999755859375,209.72000122070312,208.14999389648438,208.1927032470703,14007833
2026-04-24 18:30:00+00:00,208.18499755859375,209.2790069580078,207.68499755859375,208.51800537109375,18107042
2026-04-24 19:30:00+00:00,208.50999450683594,208.61000061035156,207.5500030517578,208.19000244140625,16073082
2026-04-27 13:30:00+00:00,209.64500427246094,211.9499969482422,208.39999389648438,208.69500732421875,46698474
2026-04-27 14:30:00+00:00,208.6999969482422,209.92999267578125,207.3800048828125,209.8800048828125,18121354
2026-04-27 15:30:00+00:00,209.88999938964844,211.63999938964844,209.77000427246094,211.4550018310547,16541416
2026-04-27 16:30:00+00:00,211.4600067138672,214.25999450683594,211.40499877929688,213.61000061035156,25911233
2026-04-27 17:30:00+00:00,213.6199951171875,216.25999450683594,213.5800018310547,215.6999969482422,24409920
2026-04-27 18:30:00+00:00,215.6649932861328,216.3800048828125,214.82000732421875,215.49000549316406,20512380
2026-04-27 19:30:00+00:00,215.48500061035156,216.82000732421875,215.3000030517578,216.6300048828125,15881349
2026-04-28 13:30:00+00:00,209.5050048828125,213.6699981689453,208.1999969482422,212.375,57845453
2026-04-28 14:30:00+00:00,212.3699951171875,212.74000549316406,208.35000610351562,209.10000610351562,28861244
2026-04-28 15:30:00+00:00,209.10989379882812,210.65499877929688,208.58999633789062,210.11000061035156,15869340
2026-04-28 16:30:00+00:00,210.10000610351562,210.9550018310547,209.30999755859375,210.7899932861328,12687956
2026-04-28 17:30:00+00:00,210.7899932861328,213.0,210.78500366210938,212.84500122070312,13579691
2026-04-28 18:30:00+00:00,212.8498992919922,214.72999572753906,212.47000122070312,214.06500244140625,20176181
2026-04-28 19:30:00+00:00,214.05999755859375,214.42999267578125,213.0,213.14999389648438,12274582
2026-04-29 13:30:00+00:00,212.71499633789062,212.71499633789062,209.75,211.11000061035156,29242173
2026-04-29 14:30:00+00:00,211.11000061035156,211.9499969482422,210.375,210.8000030517578,14808343
2026-04-29 15:30:00+00:00,210.80999755859375,211.39999389648438,209.66000366210938,209.6699981689453,12425477
2026-04-29 16:30:00+00:00,209.66000366210938,209.86000061035156,208.55999755859375,209.43699645996094,12347642
2026-04-29 17:30:00+00:00,209.4499969482422,209.69000244140625,207.5941925048828,208.0449981689453,11516524
2026-04-29 18:30:00+00:00,208.0500030517578,209.5,207.5758056640625,209.3249969482422,12533817
2026-04-29 19:30:00+00:00,209.30999755859375,209.44000244140625,208.67999267578125,209.3000030517578,10885625
2026-04-30 13:30:00+00:00,209.93899536132812,210.3000030517578,199.77999877929688,200.61500549316406,0
2026-04-30 14:30:00+00:00,200.61000061035156,202.4600067138672,198.6999969482422,201.3209991455078,95178344
2026-04-30 15:30:00+00:00,201.3000030517578,201.82000732421875,199.4199981689453,200.13999938964844,20337941
2026-04-30 16:30:00+00:00,200.14500427246094,201.0500030517578,199.32000732421875,200.47999572753906,16011537
2026-04-30 17:30:00+00:00,200.47999572753906,201.72999572753906,200.25999450683594,200.77499389648438,15835799
2026-04-30 18:30:00+00:00,200.77000427246094,202.0,200.74000549316406,200.82000732421875,17412627
2026-04-30 19:30:00+00:00,200.58999633789062,201.0084991455078,199.5,199.52999877929688,19896461
2026-05-01 13:30:00+00:00,201.27999877929688,203.0,199.13999938964844,199.3000030517578,34778609
2026-05-01 14:30:00+00:00,199.30499267578125,200.0500030517578,197.1199951171875,198.92999267578125,23090131
2026-05-01 15:30:00+00:00,198.92999267578125,199.85000610351562,198.47999572753906,198.65499877929688,12209876
2026-05-01 16:30:00+00:00,198.64239501953125,200.1999969482422,198.55999755859375,199.85000610351562,9257551
2026-05-01 17:30:00+00:00,199.85000610351562,200.2899932861328,198.92999267578125,199.13009643554688,8524694
2026-05-01 18:30:00+00:00,199.1300048828125,199.8300018310547,198.17999267578125,199.71499633789062,12173166
2026-05-01 19:30:00+00:00,199.72000122070312,199.9199981689453,198.22000122070312,198.4199981689453,11233757
