Date,Close,High,Low,Open,Volume
2025-02-24 14:30:00+00:00,47.84000015258789,52.29999923706055,47.095001220703125,52.0,1341426
2025-02-24 15:30:00+00:00,48.470001220703125,48.617801666259766,46.21229934692383,47.84000015258789,979227
2025-02-24 16:30:00+00:00,50.31999969482422,50.439998626708984,48.470001220703125,48.529998779296875,1195244
2025-02-24 17:30:00+00:00,49.48500061035156,50.70000076293945,49.439998626708984,50.189998626708984,535112
2025-02-24 18:30:00+00:00,50.70000076293945,51.436798095703125,48.790000915527344,49.33000183105469,846889
2025-02-24 19:30:00+00:00,50.380001068115234,50.9900016784668,50.27000045776367,50.72999954223633,1078812
2025-02-24 20:30:00+00:00,48.470001220703125,50.5,48.349998474121094,50.400001525878906,2863856
2025-02-25 14:30:00+00:00,50.130001068115234,50.97999954223633,48.220001220703125,48.29999923706055,2173117
2025-02-25 15:30:00+00:00,51.560001373291016,52.0,49.63999938964844,50.13999938964844,944572
2025-02-25 16:30:00+00:00,51.915000915527344,55.0099983215332,50.70000076293945,51.45000076293945,898815
2025-02-25 17:30:00+00:00,49.279998779296875,52.13990020751953,49.03010177612305,51.939998626708984,587281
2025-02-25 18:30:00+00:00,50.119998931884766,50.45000076293945,49.000099182128906,49.21009826660156,515953
2025-02-25 19:30:00+00:00,49.18000030517578,50.869998931884766,49.154998779296875,50.159000396728516,873172
2025-02-25 20:30:00+00:00,48.060001373291016,49.880001068115234,47.810001373291016,49.18000030517578,1164741
2025-02-26 14:30:00+00:00,48.236698150634766,49.90999984741211,45.29999923706055,46.150001525878906,1743358
2025-02-26 15:30:00+00:00,47.27000045776367,48.650001525878906,46.599998474121094,47.959999084472656,1249005
2025-02-26 16:30:00+00:00,47.53499984741211,47.630001068115234,47.01499938964844,47.27000045776367,678080
2025-02-26 17:30:00+00:00,47.91999816894531,48.040000915527344,47.349998474121094,47.53499984741211,785204
2025-02-26 18:30:00+00:00,48.09000015258789,48.09000015258789,47.470001220703125,47.810001373291016,815599
2025-02-26 19:30:00+00:00,47.650001525878906,48.18000030517578,47.099998474121094,48.084999084472656,876356
2025-02-26 20:30:00+00:00,46.58000183105469,48.14680099487305,46.119998931884766,47.654998779296875,1335906
2025-02-27 14:30:00+00:00,45.99599838256836,46.70000076293945,45.0,46.040000915527344,2372899
2025-02-27 15:30:00+00:00,47.340599060058594,47.869998931884766,45.279998779296875,45.650001525878906,763514
2025-02-27 16:30:00+00:00,45.71500015258789,47.5,45.119998931884766,47.29499816894531,1019885
2025-02-27 17:30:00+00:00,45.185001373291016,45.880001068115234,44.95000076293945,45.70000076293945,753181
2025-02-27 18:30:00+00:00,44.209999084472656,45.32830047607422,44.0099983215332,45.130001068115234,709685
2025-02-27 19:30:00+00:00,44.28499984741211,44.43000030517578,41.60499954223633,44.209999084472656,2018048
2025-02-27 20:30:00+00:00,45.06999969482422,46.150001525878906,44.32500076293945,44.33829879760742,1474224
2025-02-28 14:30:00+00:00,46.220001220703125,46.4900016784668,43.75,45.220001220703125,1372054
2025-02-28 15:30:00+00:00,45.91999816894531,46.869998931884766,45.35499954223633,46.02199935913086,656804
2025-02-28 16:30:00+00:00,46.88999938964844,46.88999938964844,45.724998474121094,45.869998931884766,332386
2025-02-28 17:30:00+00:00,46.76499938964844,47.0099983215332,45.84000015258789,46.8849983215332,548446
2025-02-28 18:30:00+00:00,47.59000015258789,47.86000061035156,46.68000030517578,46.83000183105469,656313
2025-02-28 19:30:00+00:00,47.83000183105469,48.70000076293945,47.40999984741211,47.529998779296875,976890
2025-02-28 20:30:00+00:00,47.005001068115234,47.869998931884766,46.869998931884766,47.869998931884766,1467210
2025-03-03 14:30:00+00:00,49.7400016784668,49.75,47.60499954223633,48.4900016784668,503257
2025-03-03 15:30:00+00:00,48.220001220703125,49.880001068115234,48.060001373291016,49.56999969482422,354060
2025-03-03 16:30:00+00:00,48.66999816894531,48.9900016784668,48.0099983215332,48.25,330123
2025-03-03 17:30:00+00:00,48.41999816894531,48.9385986328125,48.0,48.650001525878906,432505
2025-03-03 18:30:00+00:00,49.244998931884766,49.77000045776367,48.41999816894531,48.41999816894531,427039
2025-03-03 19:30:00+00:00,49.01499938964844,49.66999816894531,48.4900016784668,49.25,528897
2025-03-03 20:30:00+00:00,50.290000915527344,50.72999954223633,48.810001373291016,49.099998474121094,1164868
2025-03-04 14:30:00+00:00,46.73500061035156,47.95000076293945,45.096500396728516,46.689998626708984,1858796
2025-03-04 15:30:00+00:00,49.1349983215332,49.59000015258789,46.35060119628906,46.73500061035156,899674
2025-03-04 16:30:00+00:00,48.88999938964844,49.380001068115234,48.15999984741211,49.1349983215332,423289
2025-03-04 17:30:00+00:00,48.86000061035156,50.099998474121094,48.119998931884766,48.88999938964844,395578
2025-03-04 18:30:00+00:00,48.36000061035156,49.08000183105469,48.36000061035156,48.904998779296875,293434
2025-03-04 19:30:00+00:00,48.54499816894531,48.779998779296875,47.91999816894531,48.34000015258789,605283
2025-03-04 20:30:00+00:00,48.689998626708984,48.84000015258789,47.850101470947266,48.515098571777344,1062657
2025-03-05 14:30:00+00:00,47.404998779296875,48.314998626708984,46.52000045776367,47.599998474121094,672850
2025-03-05 15:30:00+00:00,47.54010009765625,48.2599983215332,46.90999984741211,47.45500183105469,310700
2025-03-05 16:30:00+00:00,48.470001220703125,48.5,47.349998474121094,47.599998474121094,302595
2025-03-05 17:30:00+00:00,48.27000045776367,48.53499984741211,48.029998779296875,48.45000076293945,353744
2025-03-05 18:30:00+00:00,48.404998779296875,49.397499084472656,48.08039855957031,48.25,462306
2025-03-05 19:30:00+00:00,48.5,49.040000915527344,48.33000183105469,48.404998779296875,963539
2025-03-05 20:30:00+00:00,48.42499923706055,48.880001068115234,48.230098724365234,48.47999954223633,1337042
2025-03-06 14:30:00+00:00,48.25,49.060001373291016,46.31999969482422,47.40999984741211,671403
2025-03-06 15:30:00+00:00,46.77000045776367,48.29499816894531,46.58000183105469,48.25,491769
2025-03-06 16:30:00+00:00,45.869998931884766,46.775001525878906,45.5,46.775001525878906,565271
2025-03-06 17:30:00+00:00,46.26499938964844,46.314998626708984,45.2400016784668,45.849998474121094,242237
2025-03-06 18:30:00+00:00,46.28499984741211,46.7400016784668,46.17580032348633,46.26499938964844,275452
2025-03-06 19:30:00+00:00,46.5,47.099998474121094,45.91999816894531,46.279998779296875,506751
2025-03-06 20:30:00+00:00,46.5,46.91999816894531,46.119998931884766,46.525001525878906,700291
2025-03-07 14:30:00+00:00,50.244998931884766,50.76499938964844,47.15999984741211,49.20000076293945,2441490
2025-03-07 15:30:00+00:00,49.34519958496094,50.2599983215332,48.52000045776367,50.244998931884766,1006281
2025-03-07 16:30:00+00:00,48.974998474121094,49.404998779296875,48.22999954223633,49.404998779296875,894897
2025-03-07 17:30:00+00:00,49.6349983215332,49.7599983215332,48.4900016784668,48.939998626708984,482402
2025-03-07 18:30:00+00:00,49.40999984741211,50.029998779296875,49.15999984741211,49.6349983215332,638409
2025-03-07 19:30:00+00:00,49.46500015258789,49.599998474121094,49.025001525878906,49.439998626708984,355606
2025-03-07 20:30:00+00:00,51.029998779296875,51.08000183105469,49.375,49.439998626708984,1264082
2025-03-10 13:30:00+00:00,52.162498474121094,53.66999816894531,49.54999923706055,50.4900016784668,758385
2025-03-10 14:30:00+00:00,52.36000061035156,53.25,52.150001525878906,52.150001525878906,683685
2025-03-10 15:30:00+00:00,52.9900016784668,52.9900016784668,52.060001373291016,52.36000061035156,547946
2025-03-10 16:30:00+00:00,52.5099983215332,53.209999084472656,52.349998474121094,52.90999984741211,319100
2025-03-10 17:30:00+00:00,52.244998931884766,52.54999923706055,51.91999816894531,52.5099983215332,410203
2025-03-10 18:30:00+00:00,52.255001068115234,52.38999938964844,51.83000183105469,52.244998931884766,535347
2025-03-10 19:30:00+00:00,53.0,53.400001525878906,52.060001373291016,52.255001068115234,1166663
2025-03-11 13:30:00+00:00,51.935001373291016,53.04999923706055,49.81999969482422,51.84000015258789,576040
2025-03-11 14:30:00+00:00,51.810001373291016,52.59000015258789,50.95000076293945,51.935001373291016,431832
2025-03-11 15:30:00+00:00,51.86000061035156,52.375,51.52000045776367,51.869998931884766,305247
2025-03-11 16:30:00+00:00,51.25,52.119998931884766,51.11000061035156,51.915000915527344,283660
2025-03-11 17:30:00+00:00,51.93000030517578,52.26499938964844,51.06999969482422,51.255001068115234,247953
2025-03-11 18:30:00+00:00,51.869998931884766,52.630001068115234,51.2599983215332,51.90999984741211,430496
2025-03-11 19:30:00+00:00,52.04999923706055,52.21500015258789,51.334999084472656,51.77000045776367,478333
2025-03-12 13:30:00+00:00,52.525001525878906,53.099998474121094,51.2599983215332,53.0,276506
2025-03-12 14:30:00+00:00,51.869998931884766,52.505001068115234,50.95000076293945,52.505001068115234,179101
2025-03-12 15:30:00+00:00,51.724998474121094,51.93000030517578,51.525001525878906,51.869998931884766,178938
2025-03-12 16:30:00+00:00,51.880001068115234,51.880001068115234,51.43000030517578,51.810001373291016,130751
2025-03-12 17:30:00+00:00,51.63999938964844,52.07500076293945,51.459999084472656,51.88999938964844,220396
2025-03-12 18:30:00+00:00,51.5,51.790000915527344,51.349998474121094,51.63999938964844,260533
2025-03-12 19:30:00+00:00,50.45000076293945,51.560001373291016,50.380001068115234,51.54999923706055,400034
2025-03-13 13:30:00+00:00,50.540000915527344,50.869998931884766,49.279998779296875,50.0,336931
2025-03-13 14:30:00+00:00,50.224998474121094,50.61000061035156,49.56999969482422,50.41999816894531,247120
2025-03-13 15:30:00+00:00,49.18000030517578,50.22999954223633,49.18000030517578,50.224998474121094,166641
2025-03-13 16:30:00+00:00,49.494998931884766,49.84000015258789,48.689998626708984,49.15999984741211,211166
2025-03-13 17:30:00+00:00,48.81999969482422,49.46500015258789,48.560001373291016,49.46500015258789,243184
2025-03-13 18:30:00+00:00,47.974998474121094,49.0,47.869998931884766,48.81999969482422,261553
2025-03-13 19:30:00+00:00,48.41999816894531,48.837799072265625,47.939998626708984,47.974998474121094,439428
2025-03-14 13:30:00+00:00,52.650001525878906,53.919898986816406,49.43000030517578,49.599998474121094,1086956
2025-03-14 14:30:00+00:00,53.79999923706055,54.650001525878906,52.310001373291016,52.709999084472656,746237
2025-03-14 15:30:00+00:00,52.775001525878906,53.93000030517578,52.290000915527344,53.79999923706055,357581
2025-03-14 16:30:00+00:00,52.849998474121094,53.060001373291016,52.61000061035156,52.775001525878906,362745
2025-03-14 17:30:00+00:00,53.747798919677734,53.86000061035156,52.849998474121094,52.88999938964844,294506
2025-03-14 18:30:00+00:00,53.45000076293945,54.07500076293945,53.45000076293945,53.79999923706055,379450
2025-03-14 19:30:00+00:00,54.77000045776367,54.939998626708984,53.349998474121094,53.47999954223633,869171
2025-03-17 13:30:00+00:00,57.560001373291016,58.36000061035156,54.744998931884766,54.81999969482422,730842
2025-03-17 14:30:00+00:00,56.130001068115234,57.82500076293945,55.823299407958984,57.63999938964844,316648
2025-03-17 15:30:00+00:00,56.59000015258789,56.90999984741211,55.760799407958984,56.130001068115234,233688
2025-03-17 16:30:00+00:00,56.65999984741211,57.0,56.46500015258789,56.59000015258789,154941
2025-03-17 17:30:00+00:00,56.474998474121094,57.13999938964844,55.90999984741211,56.78499984741211,172506
2025-03-17 18:30:00+00:00,55.154998779296875,56.79499816894531,55.08000183105469,56.474998474121094,279538
2025-03-17 19:30:00+00:00,55.61000061035156,55.790000915527344,55.09579849243164,55.2400016784668,535315
2025-03-18 13:30:00+00:00,56.064998626708984,57.88999938964844,54.56999969482422,55.13999938964844,403926
2025-03-18 14:30:00+00:00,56.369998931884766,56.65999984741211,55.66999816894531,56.0099983215332,242679
2025-03-18 15:30:00+00:00,56.154998779296875,56.380001068115234,55.45000076293945,56.369998931884766,288018
2025-03-18 16:30:00+00:00,56.6349983215332,56.68000030517578,55.98500061035156,56.154998779296875,200960
2025-03-18 17:30:00+00:00,56.61000061035156,56.869998931884766,56.279998779296875,56.630001068115234,162025
2025-03-18 18:30:00+00:00,56.2599983215332,56.92499923706055,56.16999816894531,56.685001373291016,228624
2025-03-18 19:30:00+00:00,56.380001068115234,56.4900016784668,56.04999923706055,56.310001373291016,602745
2025-03-19 13:30:00+00:00,56.91999816894531,57.60499954223633,56.29999923706055,56.29999923706055,389434
2025-03-19 14:30:00+00:00,56.685001373291016,56.90999984741211,56.18000030517578,56.90999984741211,282249
2025-03-19 15:30:00+00:00,56.54999923706055,56.685001373291016,56.39820098876953,56.685001373291016,241236
2025-03-19 16:30:00+00:00,56.18000030517578,56.7599983215332,55.83000183105469,56.61000061035156,53190
2025-03-19 17:30:00+00:00,55.70000076293945,56.41999816894531,55.70000076293945,56.15999984741211,95513
2025-03-19 18:30:00+00:00,55.77000045776367,56.59000015258789,55.70000076293945,55.70000076293945,222357
2025-03-19 19:30:00+00:00,56.29999923706055,56.61000061035156,55.66999816894531,55.7400016784668,325569
2025-03-20 13:30:00+00:00,56.86000061035156,57.15999984741211,55.880001068115234,56.5099983215332,242704
2025-03-20 14:30:00+00:00,56.88999938964844,57.0,56.68000030517578,56.82500076293945,111575
2025-03-20 15:30:00+00:00,55.65999984741211,56.84000015258789,55.65999984741211,56.84000015258789,169194
2025-03-20 16:30:00+00:00,55.2400016784668,55.709999084472656,54.91999816894531,55.65999984741211,187664
2025-03-20 17:30:00+00:00,55.76499938964844,56.11000061035156,55.2400016784668,55.2400016784668,208205
2025-03-20 18:30:00+00:00,55.810001373291016,56.06999969482422,55.54999923706055,55.709999084472656,423805
2025-03-20 19:30:00+00:00,56.150001525878906,56.41999816894531,55.81999969482422,55.81999969482422,397796
2025-03-21 13:30:00+00:00,54.1150016784668,55.45000076293945,54.0099983215332,55.040000915527344,942141
2025-03-21 14:30:00+00:00,53.50080108642578,54.439998626708984,53.189998626708984,54.10499954223633,425671
2025-03-21 15:30:00+00:00,52.64500045776367,53.84000015258789,51.915000915527344,53.560001373291016,428791
2025-03-21 16:30:00+00:00,53.619998931884766,53.98500061035156,52.4900016784668,52.540000915527344,566192
2025-03-21 17:30:00+00:00,53.98500061035156,54.1150016784668,53.314998626708984,53.5099983215332,307308
2025-03-21 18:30:00+00:00,54.44499969482422,54.5,53.994998931884766,53.994998931884766,324492
2025-03-21 19:30:00+00:00,53.9900016784668,54.790000915527344,53.68000030517578,54.44499969482422,761266
2025-03-24 13:30:00+00:00,55.02000045776367,55.685001373291016,54.0099983215332,54.94200134277344,277393
2025-03-24 14:30:00+00:00,53.0,55.14500045776367,52.439998626708984,54.94889831542969,277163
2025-03-24 15:30:00+00:00,52.435001373291016,52.959999084472656,51.84000015258789,52.904998779296875,300030
2025-03-24 16:30:00+00:00,52.83000183105469,52.939998626708984,52.165000915527344,52.435001373291016,268266
2025-03-24 17:30:00+00:00,52.369998931884766,53.15999984741211,52.31999969482422,52.849998474121094,198860
2025-03-24 18:30:00+00:00,52.209999084472656,53.099998474121094,52.13999938964844,52.31999969482422,339160
2025-03-24 19:30:00+00:00,52.9900016784668,53.209999084472656,52.08000183105469,52.20000076293945,597140
2025-03-25 13:30:00+00:00,52.02410125732422,53.18000030517578,51.869998931884766,52.130001068115234,467157
2025-03-25 14:30:00+00:00,52.60499954223633,52.93000030517578,51.939998626708984,52.064998626708984,349912
2025-03-25 15:30:00+00:00,52.709999084472656,52.929901123046875,52.04999923706055,52.560001373291016,99426
2025-03-25 16:30:00+00:00,52.18000030517578,52.9900016784668,52.11000061035156,52.709999084472656,161258
2025-03-25 17:30:00+00:00,52.1150016784668,52.4900016784668,52.08000183105469,52.18000030517578,135678
2025-03-25 18:30:00+00:00,52.279998779296875,52.560001373291016,51.95000076293945,52.1150016784668,219943
2025-03-25 19:30:00+00:00,52.25,52.709999084472656,51.790000915527344,52.279998779296875,605228
2025-03-26 13:30:00+00:00,52.744998931884766,53.70000076293945,52.20000076293945,53.2400016784668,137485
2025-03-26 14:30:00+00:00,52.3650016784668,53.689998626708984,52.3650016784668,52.744998931884766,175353
2025-03-26 15:30:00+00:00,52.27000045776367,52.494998931884766,51.97999954223633,52.279998779296875,119768
2025-03-26 16:30:00+00:00,52.255001068115234,52.654998779296875,52.11000061035156,52.279998779296875,134102
2025-03-26 17:30:00+00:00,52.665000915527344,52.779998779296875,52.060001373291016,52.34000015258789,185090
2025-03-26 18:30:00+00:00,52.665000915527344,52.79999923706055,52.43000030517578,52.665000915527344,140824
2025-03-26 19:30:00+00:00,52.650001525878906,52.790000915527344,52.0,52.654998779296875,208842
2025-03-27 13:30:00+00:00,52.75,52.89500045776367,51.71500015258789,51.95000076293945,144970
2025-03-27 14:30:00+00:00,53.75,54.220001220703125,52.72999954223633,52.72999954223633,227808
2025-03-27 15:30:00+00:00,53.61000061035156,53.981998443603516,53.43000030517578,53.685001373291016,157933
2025-03-27 16:30:00+00:00,52.33000183105469,53.86000061035156,52.33000183105469,53.595001220703125,280647
2025-03-27 17:30:00+00:00,52.560001373291016,52.560001373291016,52.06999969482422,52.45000076293945,116202
2025-03-27 18:30:00+00:00,52.71500015258789,52.91999816894531,52.400001525878906,52.560001373291016,104913
2025-03-27 19:30:00+00:00,52.93000030517578,53.040000915527344,52.61000061035156,52.720001220703125,232571
2025-03-28 13:30:00+00:00,49.900001525878906,52.88999938964844,49.900001525878906,52.209999084472656,390675
2025-03-28 14:30:00+00:00,50.062801361083984,50.529998779296875,49.650001525878906,49.939998626708984,460740
2025-03-28 15:30:00+00:00,50.15999984741211,50.41999816894531,49.779998779296875,50.029998779296875,427557
2025-03-28 16:30:00+00:00,50.060001373291016,50.52000045776367,49.92499923706055,50.220001220703125,266124
2025-03-28 17:30:00+00:00,49.959999084472656,50.79999923706055,49.915000915527344,50.13999938964844,337654
2025-03-28 18:30:00+00:00,49.900001525878906,50.130001068115234,49.689998626708984,50.04999923706055,294138
2025-03-28 19:30:00+00:00,48.97999954223633,49.95000076293945,48.45500183105469,49.939998626708984,1400522
2025-03-31 13:30:00+00:00,47.150001525878906,48.39500045776367,47.04999923706055,47.40999984741211,270382
2025-03-31 14:30:00+00:00,47.25,47.744998931884766,47.02000045776367,47.150001525878906,135833
2025-03-31 15:30:00+00:00,47.665000915527344,47.720001220703125,47.04999923706055,47.220001220703125,224399
2025-03-31 16:30:00+00:00,47.54999923706055,47.970001220703125,47.36000061035156,47.665000915527344,150100
2025-03-31 17:30:00+00:00,47.845001220703125,47.86000061035156,47.41999816894531,47.494998931884766,180141
2025-03-31 18:30:00+00:00,47.849998474121094,48.2400016784668,47.720001220703125,47.849998474121094,201024
2025-03-31 19:30:00+00:00,47.59000015258789,48.29999923706055,47.59000015258789,47.79999923706055,473293
2025-04-01 13:30:00+00:00,46.72999954223633,47.91999816894531,46.58000183105469,47.54999923706055,98168
2025-04-01 14:30:00+00:00,47.720001220703125,47.869998931884766,46.665000915527344,46.665000915527344,244366
2025-04-01 15:30:00+00:00,47.68000030517578,47.79999923706055,47.2400016784668,47.720001220703125,194539
2025-04-01 16:30:00+00:00,49.040000915527344,49.33000183105469,47.619998931884766,47.68000030517578,364037
2025-04-01 17:30:00+00:00,48.30500030517578,49.220001220703125,48.25,49.099998474121094,106960
2025-04-01 18:30:00+00:00,47.72999954223633,48.5099983215332,47.685001373291016,48.3849983215332,248758
2025-04-01 19:30:00+00:00,48.05500030517578,48.2599983215332,47.45000076293945,47.71500015258789,493872
2025-04-02 13:30:00+00:00,47.21500015258789,48.584999084472656,46.5099983215332,46.91999816894531,219291
2025-04-02 14:30:00+00:00,47.7400016784668,47.7400016784668,46.91999816894531,47.220001220703125,243759
2025-04-02 15:30:00+00:00,47.935001373291016,47.970001220703125,47.584999084472656,47.630001068115234,151145
2025-04-02 16:30:00+00:00,48.189998626708984,48.709999084472656,47.935001373291016,47.935001373291016,164184
2025-04-02 17:30:00+00:00,47.5,48.189998626708984,47.470001220703125,48.189998626708984,216981
2025-04-02 18:30:00+00:00,47.68000030517578,47.81999969482422,47.22999954223633,47.48500061035156,190078
2025-04-02 19:30:00+00:00,47.72999954223633,48.11000061035156,47.619998931884766,47.72999954223633,304309
2025-04-03 13:30:00+00:00,42.7599983215332,44.79999923706055,41.400001525878906,44.79999923706055,1153152
2025-04-03 14:30:00+00:00,40.849998474121094,42.76499938964844,40.252498626708984,42.72999954223633,1031602
2025-04-03 15:30:00+00:00,40.86000061035156,41.209999084472656,40.56999969482422,40.82500076293945,699660
2025-04-03 16:30:00+00:00,38.880001068115234,40.880001068115234,38.7869987487793,40.849998474121094,766089
2025-04-03 17:30:00+00:00,38.06999969482422,39.279998779296875,37.54999923706055,38.869998931884766,997277
2025-04-03 18:30:00+00:00,38.290000915527344,38.96500015258789,37.96500015258789,38.04999923706055,1140308
2025-04-03 19:30:00+00:00,38.2599983215332,38.63999938964844,37.900001525878906,38.290000915527344,1260458
2025-04-04 13:30:00+00:00,32.47999954223633,35.869998931884766,32.34000015258789,35.720001220703125,1386144
2025-04-04 14:30:00+00:00,30.239999771118164,32.58000183105469,30.030000686645508,32.51499938964844,2186042
2025-04-04 15:30:00+00:00,29.325000762939453,31.350000381469727,29.31999969482422,30.200000762939453,1282881
2025-04-04 16:30:00+00:00,28.645000457763672,29.649900436401367,28.360000610351562,29.325000762939453,1171151
2025-04-04 17:30:00+00:00,29.040000915527344,30.479999542236328,28.440000534057617,28.645000457763672,1129544
2025-04-04 18:30:00+00:00,29.885000228881836,30.059999465942383,28.854999542236328,29.03499984741211,1575646
2025-04-04 19:30:00+00:00,29.979999542236328,30.790000915527344,29.520000457763672,29.885000228881836,2181299
2025-04-07 13:30:00+00:00,30.200000762939453,32.97999954223633,27.899999618530273,29.184999465942383,1294272
2025-04-07 14:30:00+00:00,29.69499969482422,31.59000015258789,29.650100708007812,30.264999389648438,936324
2025-04-07 15:30:00+00:00,30.2450008392334,30.444599151611328,29.549999237060547,29.69499969482422,949451
2025-04-07 16:30:00+00:00,30.540000915527344,30.559999465942383,29.790000915527344,30.2450008392334,495220
2025-04-07 17:30:00+00:00,31.18630027770996,32.099998474121094,30.420000076293945,30.540000915527344,602164
2025-04-07 18:30:00+00:00,30.8799991607666,31.639999389648438,30.8799991607666,31.239999771118164,397945
2025-04-07 19:30:00+00:00,31.440000534057617,31.71500015258789,30.899999618530273,30.899999618530273,953494
2025-04-08 13:30:00+00:00,34.93000030517578,35.84000015258789,32.54999923706055,33.0,1385195
2025-04-08 14:30:00+00:00,33.64500045776367,35.060001373291016,33.540000915527344,34.810001373291016,549605
2025-04-08 15:30:00+00:00,34.400001525878906,34.584999084472656,33.599998474121094,33.599998474121094,319479
2025-04-08 16:30:00+00:00,32.59000015258789,34.46500015258789,32.369998931884766,34.38999938964844,479529
2025-04-08 17:30:00+00:00,33.23500061035156,34.029998779296875,32.557498931884766,32.60559844970703,446598
2025-04-08 18:30:00+00:00,32.48500061035156,33.7400016784668,32.40999984741211,33.209999084472656,610826
2025-04-08 19:30:00+00:00,32.36000061035156,32.47999954223633,31.655000686645508,32.474998474121094,995448
2025-04-09 13:30:00+00:00,32.22999954223633,32.75,31.260000228881836,31.920000076293945,524010
2025-04-09 14:30:00+00:00,32.4900016784668,32.779998779296875,31.770000457763672,32.2400016784668,532403
2025-04-09 15:30:00+00:00,32.68000030517578,32.970001220703125,31.760000228881836,32.4900016784668,363917
2025-04-09 16:30:00+00:00,35.869998931884766,36.9900016784668,32.525001525878906,32.63999938964844,489860
2025-04-09 17:30:00+00:00,38.689998626708984,39.650001525878906,35.65700149536133,36.060001373291016,1391402
2025-04-09 18:30:00+00:00,38.959999084472656,39.40999984741211,38.0,38.92649841308594,627796
2025-04-09 19:30:00+00:00,36.560001373291016,39.029998779296875,36.400001525878906,38.95500183105469,1196045
2025-04-10 13:30:00+00:00,34.20000076293945,35.0,33.56999969482422,34.599998474121094,616481
2025-04-10 14:30:00+00:00,32.73500061035156,34.290000915527344,32.65140151977539,34.224998474121094,606551
2025-04-10 15:30:00+00:00,32.03499984741211,32.9900016784668,31.579700469970703,32.689998626708984,484015
2025-04-10 16:30:00+00:00,31.635000228881836,32.7599983215332,31.440399169921875,32.11000061035156,303530
2025-04-10 17:30:00+00:00,32.060001373291016,32.279998779296875,31.299999237060547,31.559999465942383,447617
2025-04-10 18:30:00+00:00,30.895000457763672,32.22999954223633,30.895000457763672,32.060001373291016,506049
2025-04-10 19:30:00+00:00,31.06999969482422,31.34000015258789,30.510000228881836,30.895000457763672,874653
2025-04-11 13:30:00+00:00,29.90999984741211,31.09000015258789,29.540000915527344,30.559999465942383,582572
2025-04-11 14:30:00+00:00,28.489999771118164,29.940000534057617,28.389999389648438,29.889999389648438,655934
2025-04-11 15:30:00+00:00,29.110000610351562,29.479999542236328,28.270000457763672,28.5,855393
2025-04-11 16:30:00+00:00,29.829999923706055,30.389999389648438,29.104999542236328,29.110000610351562,607885
2025-04-11 17:30:00+00:00,30.084999084472656,30.469999313354492,29.709999084472656,29.850000381469727,498437
2025-04-11 18:30:00+00:00,30.860000610351562,30.899999618530273,29.860000610351562,30.049999237060547,448674
2025-04-11 19:30:00+00:00,31.989999771118164,32.04999923706055,30.645000457763672,30.899999618530273,965683
2025-04-14 13:30:00+00:00,34.7599983215332,36.16999816894531,33.75,33.75,735205
2025-04-14 14:30:00+00:00,33.43000030517578,34.84000015258789,33.369998931884766,34.81999969482422,491564
2025-04-14 15:30:00+00:00,33.599998474121094,33.63999938964844,32.47999954223633,33.38999938964844,587747
2025-04-14 16:30:00+00:00,34.07500076293945,34.400001525878906,33.59000015258789,33.59000015258789,364526
2025-04-14 17:30:00+00:00,34.20000076293945,34.27000045776367,33.63999938964844,34.060001373291016,332358
2025-04-14 18:30:00+00:00,34.650001525878906,34.72999954223633,34.04999923706055,34.130001068115234,340063
2025-04-14 19:30:00+00:00,33.54999923706055,34.68000030517578,33.540000915527344,34.650001525878906,704968
2025-04-15 13:30:00+00:00,33.36690139770508,34.560001373291016,32.959999084472656,33.29999923706055,163356
2025-04-15 14:30:00+00:00,33.560001373291016,33.79990005493164,33.080101013183594,33.11000061035156,138953
2025-04-15 15:30:00+00:00,33.5099983215332,33.790000915527344,33.38999938964844,33.630001068115234,168982
2025-04-15 16:30:00+00:00,32.939998626708984,33.630001068115234,32.88999938964844,33.58000183105469,255566
2025-04-15 17:30:00+00:00,33.165000915527344,33.5,32.95000076293945,32.95000076293945,187901
2025-04-15 18:30:00+00:00,33.150001525878906,33.459999084472656,33.064998626708984,33.119998931884766,168834
2025-04-15 19:30:00+00:00,33.22999954223633,33.33000183105469,33.0,33.14500045776367,482093
2025-04-16 13:30:00+00:00,32.5,32.970001220703125,32.0,32.29999923706055,179192
2025-04-16 14:30:00+00:00,32.959999084472656,33.11000061035156,32.459999084472656,32.459999084472656,141150
2025-04-16 15:30:00+00:00,32.90999984741211,33.099998474121094,32.79999923706055,32.95000076293945,150969
2025-04-16 16:30:00+00:00,32.880001068115234,32.9900016784668,32.71009826660156,32.90999984741211,108133
2025-04-16 17:30:00+00:00,31.915000915527344,32.86000061035156,31.729999542236328,32.79999923706055,134251
2025-04-16 18:30:00+00:00,31.200000762939453,31.93000030517578,30.75,31.93000030517578,450040
2025-04-16 19:30:00+00:00,32.09000015258789,32.154998779296875,31.239999771118164,31.239999771118164,772431
2025-04-17 13:30:00+00:00,31.100000381469727,32.65999984741211,31.010000228881836,31.75,115714
2025-04-17 14:30:00+00:00,30.93000030517578,31.309999465942383,30.760000228881836,31.094999313354492,185572
2025-04-17 15:30:00+00:00,30.655000686645508,31.209999084472656,30.43000030517578,31.0,299039
2025-04-17 16:30:00+00:00,30.6200008392334,30.899999618530273,30.399999618530273,30.6200008392334,198447
2025-04-17 17:30:00+00:00,31.229999542236328,31.440000534057617,30.670000076293945,30.670000076293945,235124
2025-04-17 18:30:00+00:00,31.479999542236328,31.59000015258789,31.170000076293945,31.260000228881836,271845
2025-04-17 19:30:00+00:00,31.309999465942383,31.649999618530273,31.25,31.5049991607666,411921
2025-04-21 13:30:00+00:00,29.579999923706055,31.06999969482422,29.0,31.06999969482422,551699
2025-04-21 14:30:00+00:00,29.200000762939453,29.790000915527344,29.139999389648438,29.579999923706055,374254
2025-04-21 15:30:00+00:00,29.110000610351562,29.260000228881836,28.944000244140625,29.170000076293945,242808
2025-04-21 16:30:00+00:00,29.260000228881836,29.454999923706055,29.148500442504883,29.149999618530273,167917
2025-04-21 17:30:00+00:00,29.34000015258789,29.43000030517578,29.020000457763672,29.260000228881836,254739
2025-04-21 18:30:00+00:00,29.59000015258789,29.6200008392334,29.229999542236328,29.350000381469727,212210
2025-04-21 19:30:00+00:00,29.829999923706055,29.860000610351562,29.610000610351562,29.610000610351562,454104
2025-04-22 13:30:00+00:00,30.864999771118164,31.1200008392334,29.690000534057617,30.260000228881836,209219
2025-04-22 14:30:00+00:00,30.704999923706055,30.920000076293945,30.600000381469727,30.864999771118164,222608
2025-04-22 15:30:00+00:00,30.8700008392334,31.020000457763672,30.469999313354492,30.704999923706055,369579
2025-04-22 16:30:00+00:00,30.100000381469727,30.8799991607666,29.941200256347656,30.850000381469727,295301
2025-04-22 17:30:00+00:00,29.8700008392334,30.280000686645508,29.8700008392334,30.079999923706055,278119
2025-04-22 18:30:00+00:00,29.645000457763672,30.059999465942383,29.610000610351562,29.924999237060547,346348
2025-04-22 19:30:00+00:00,29.65999984741211,29.71500015258789,29.315000534057617,29.610000610351562,719408
2025-04-23 13:30:00+00:00,31.924999237060547,32.7776985168457,31.34000015258789,32.03499984741211,570450
2025-04-23 14:30:00+00:00,31.299999237060547,32.10499954223633,31.139999389648438,31.90920066833496,420951
2025-04-23 15:30:00+00:00,31.290000915527344,31.350000381469727,30.790000915527344,31.299999237060547,228329
2025-04-23 16:30:00+00:00,31.34000015258789,31.510000228881836,31.239999771118164,31.270000457763672,154747
2025-04-23 17:30:00+00:00,31.3700008392334,31.3700008392334,31.030000686645508,31.334999084472656,168873
2025-04-23 18:30:00+00:00,30.790000915527344,31.454999923706055,30.75,31.325000762939453,336979
2025-04-23 19:30:00+00:00,30.329999923706055,30.860000610351562,30.239999771118164,30.75,467740
2025-04-24 13:30:00+00:00,32.119998931884766,32.119998931884766,30.309999465942383,30.829999923706055,366453
2025-04-24 14:30:00+00:00,32.06999969482422,32.85499954223633,31.920000076293945,32.119998931884766,296883
2025-04-24 15:30:00+00:00,32.26499938964844,32.630001068115234,31.959999084472656,32.02000045776367,259321
2025-04-24 16:30:00+00:00,32.45000076293945,32.56999969482422,32.22999954223633,32.22999954223633,188783
2025-04-24 17:30:00+00:00,32.83000183105469,32.91999816894531,32.16999816894531,32.47999954223633,295679
2025-04-24 18:30:00+00:00,32.54499816894531,32.97999954223633,32.45009994506836,32.81999969482422,305761
2025-04-24 19:30:00+00:00,32.290000915527344,32.630001068115234,32.13999938964844,32.54499816894531,533738
2025-04-25 13:30:00+00:00,31.739999771118164,32.2599983215332,31.684999465942383,32.2599983215332,151093
2025-04-25 14:30:00+00:00,31.8700008392334,32.08000183105469,31.709999084472656,31.7450008392334,67330
2025-04-25 15:30:00+00:00,31.950000762939453,31.954999923706055,31.709999084472656,31.81999969482422,56531
2025-04-25 16:30:00+00:00,32.6349983215332,32.70000076293945,31.84000015258789,31.8799991607666,105025
2025-04-25 17:30:00+00:00,32.88999938964844,32.900001525878906,32.2599983215332,32.70000076293945,125191
2025-04-25 18:30:00+00:00,33.0625,33.35499954223633,32.88999938964844,32.90999984741211,245578
2025-04-25 19:30:00+00:00,32.869998931884766,33.099998474121094,32.79999923706055,33.029998779296875,314102
2025-04-28 13:30:00+00:00,32.7599983215332,32.999900817871094,32.21500015258789,32.40999984741211,139995
2025-04-28 14:30:00+00:00,31.809999465942383,32.93000030517578,31.7549991607666,32.72999954223633,140514
2025-04-28 15:30:00+00:00,31.690000534057617,31.975000381469727,31.65999984741211,31.90999984741211,76001
2025-04-28 16:30:00+00:00,31.739999771118164,31.975000381469727,31.690000534057617,31.71500015258789,103800
2025-04-28 17:30:00+00:00,32.060001373291016,32.15999984741211,31.690000534057617,31.7549991607666,126400
2025-04-28 18:30:00+00:00,32.189998626708984,32.27000045776367,32.06999969482422,32.1150016784668,159803
2025-04-28 19:30:00+00:00,32.27000045776367,32.540000915527344,32.099998474121094,32.18000030517578,335477
2025-04-29 13:30:00+00:00,32.1150016784668,32.52000045776367,31.389999389648438,31.600000381469727,111226
2025-04-29 14:30:00+00:00,32.369998931884766,32.38629913330078,32.0099983215332,32.1150016784668,111313
2025-04-29 15:30:00+00:00,32.404998779296875,32.470001220703125,32.209999084472656,32.369998931884766,63374
2025-04-29 16:30:00+00:00,32.65999984741211,32.65999984741211,32.404998779296875,32.404998779296875,131765
2025-04-29 17:30:00+00:00,32.84000015258789,33.0,32.630001068115234,32.65999984741211,132697
2025-04-29 18:30:00+00:00,32.8849983215332,32.939998626708984,32.70000076293945,32.84000015258789,172242
2025-04-29 19:30:00+00:00,32.95000076293945,33.040000915527344,32.779998779296875,32.900001525878906,284532
2025-04-30 13:30:00+00:00,32.1150016784668,32.220001220703125,31.010000228881836,31.84000015258789,400099
2025-04-30 14:30:00+00:00,31.959999084472656,32.2400016784668,31.735000610351562,32.1150016784668,91435
2025-04-30 15:30:00+00:00,31.96500015258789,32.19499969482422,31.950000762939453,31.959999084472656,93505
2025-04-30 16:30:00+00:00,32.07619857788086,32.119998931884766,31.889999389648438,31.940000534057617,76258
2025-04-30 17:30:00+00:00,32.15999984741211,32.470001220703125,32.06999969482422,32.119998931884766,151224
2025-04-30 18:30:00+00:00,31.899999618530273,32.40999984741211,31.899999618530273,32.13999938964844,442994
2025-04-30 19:30:00+00:00,32.15999984741211,32.27000045776367,31.889999389648438,31.90999984741211,435259
2025-05-01 13:30:00+00:00,33.18000030517578,34.189998626708984,32.47999954223633,32.47999954223633,354629
2025-05-01 14:30:00+00:00,33.33000183105469,33.70500183105469,32.869998931884766,33.154998779296875,487090
2025-05-01 15:30:00+00:00,32.849998474121094,33.314998626708984,32.56999969482422,33.314998626708984,200916
2025-05-01 16:30:00+00:00,32.93000030517578,33.13999938964844,32.80500030517578,32.810001373291016,152488
2025-05-01 17:30:00+00:00,32.95750045776367,33.16999816894531,32.869998931884766,32.93000030517578,96592
2025-05-01 18:30:00+00:00,32.880001068115234,33.01499938964844,32.880001068115234,32.959999084472656,103098
2025-05-01 19:30:00+00:00,32.560001373291016,32.970001220703125,32.529998779296875,32.880001068115234,241298
2025-05-02 13:30:00+00:00,34.720001220703125,35.40999984741211,33.04999923706055,33.11000061035156,644717
2025-05-02 14:30:00+00:00,34.08000183105469,34.7598991394043,34.0,34.724998474121094,294566
2025-05-02 15:30:00+00:00,34.224998474121094,34.29999923706055,33.689998626708984,34.0,173550
2025-05-02 16:30:00+00:00,34.619998931884766,34.619998931884766,34.150001525878906,34.27000045776367,151710
2025-05-02 17:30:00+00:00,34.4900016784668,34.81999969482422,34.34000015258789,34.56999969482422,168129
2025-05-02 18:30:00+00:00,34.470001220703125,34.650001525878906,34.290000915527344,34.459999084472656,116852
2025-05-02 19:30:00+00:00,34.400001525878906,34.79999923706055,34.400001525878906,34.43000030517578,428963
2025-05-05 13:30:00+00:00,34.68000030517578,34.94499969482422,33.525001525878906,33.83000183105469,219426
2025-05-05 14:30:00+00:00,34.810001373291016,35.09000015258789,34.45000076293945,34.63999938964844,217840
2025-05-05 15:30:00+00:00,34.72999954223633,34.900001525878906,34.5099983215332,34.84000015258789,270583
2025-05-05 16:30:00+00:00,34.850399017333984,34.955299377441406,34.689998626708984,34.70000076293945,109773
2025-05-05 17:30:00+00:00,34.86000061035156,35.22999954223633,34.79999923706055,34.834999084472656,267710
2025-05-05 18:30:00+00:00,34.904998779296875,35.09000015258789,34.790000915527344,34.834999084472656,184294
2025-05-05 19:30:00+00:00,34.630001068115234,34.95000076293945,34.400001525878906,34.88999938964844,457244
2025-05-06 13:30:00+00:00,34.10380172729492,34.29999923706055,33.5,34.02000045776367,107776
2025-05-06 14:30:00+00:00,34.02000045776367,34.119998931884766,33.81999969482422,34.023101806640625,194715
2025-05-06 15:30:00+00:00,34.084999084472656,34.31999969482422,33.97999954223633,34.02000045776367,73125
2025-05-06 16:30:00+00:00,33.630001068115234,34.095001220703125,33.5,34.084999084472656,84597
2025-05-06 17:30:00+00:00,33.880001068115234,33.8849983215332,33.459999084472656,33.63999938964844,61222
2025-05-06 18:30:00+00:00,34.09000015258789,34.154998779296875,33.869998931884766,33.88999938964844,103412
2025-05-06 19:30:00+00:00,33.79999923706055,34.43000030517578,33.790000915527344,34.099998474121094,271967
2025-05-07 13:30:00+00:00,33.627498626708984,34.470001220703125,33.377498626708984,33.86000061035156,337291
2025-05-07 14:30:00+00:00,33.904998779296875,34.040000915527344,33.5099983215332,33.66999816894531,242394
2025-05-07 15:30:00+00:00,34.404998779296875,34.540000915527344,33.709999084472656,33.95000076293945,245361
2025-05-07 16:30:00+00:00,34.7400016784668,35.099998474121094,34.34000015258789,34.36000061035156,275997
2025-05-07 17:30:00+00:00,34.59000015258789,35.029998779296875,34.33000183105469,34.7400016784668,426328
2025-05-07 18:30:00+00:00,34.80500030517578,35.060001373291016,34.529998779296875,34.56999969482422,550570
2025-05-07 19:30:00+00:00,35.0099983215332,35.560001373291016,34.625,34.84000015258789,945042
2025-05-08 13:30:00+00:00,35.54999923706055,35.900001525878906,33.130001068115234,34.970001220703125,1067596
2025-05-08 14:30:00+00:00,37.01499938964844,37.16999816894531,35.43000030517578,35.4900016784668,727509
2025-05-08 15:30:00+00:00,37.189998626708984,37.400001525878906,36.8650016784668,37.0099983215332,454205
2025-05-08 16:30:00+00:00,36.915000915527344,37.689998626708984,36.83000183105469,37.25,308353
2025-05-08 17:30:00+00:00,37.150001525878906,37.31999969482422,36.70000076293945,36.880001068115234,218308
2025-05-08 18:30:00+00:00,37.529998779296875,37.64500045776367,37.0,37.150001525878906,368759
2025-05-08 19:30:00+00:00,36.66999816894531,37.7599983215332,36.58000183105469,37.5099983215332,660865
2025-05-09 13:30:00+00:00,37.88999938964844,38.790000915527344,37.35499954223633,37.959999084472656,373785
2025-05-09 14:30:00+00:00,37.47999954223633,38.14500045776367,37.41999816894531,37.97999954223633,216136
2025-05-09 15:30:00+00:00,37.599998474121094,37.709999084472656,37.279998779296875,37.45000076293945,167024
2025-05-09 16:30:00+00:00,37.7599983215332,37.790000915527344,37.31999969482422,37.59000015258789,117780
2025-05-09 17:30:00+00:00,38.040000915527344,38.36000061035156,37.633201599121094,37.67250061035156,234375
2025-05-09 18:30:00+00:00,38.15999984741211,38.19499969482422,37.720001220703125,38.040000915527344,375989
2025-05-09 19:30:00+00:00,37.72999954223633,38.21500015258789,37.71500015258789,38.189998626708984,371083
2025-05-12 13:30:00+00:00,40.652000427246094,42.18000030517578,40.0,41.13999938964844,1233586
2025-05-12 14:30:00+00:00,41.150001525878906,41.29999923706055,40.525001525878906,40.6349983215332,1440713
2025-05-12 15:30:00+00:00,41.43000030517578,41.630001068115234,41.0890998840332,41.130001068115234,472656
2025-05-12 16:30:00+00:00,41.91999816894531,42.2400016784668,41.45000076293945,41.45000076293945,468621
2025-05-12 17:30:00+00:00,41.52000045776367,42.06999969482422,41.369998931884766,41.95000076293945,309705
2025-05-12 18:30:00+00:00,41.35499954223633,41.4900016784668,41.119998931884766,41.4900016784668,386246
2025-05-12 19:30:00+00:00,41.189998626708984,41.4900016784668,41.0,41.35499954223633,785120
2025-05-13 13:30:00+00:00,42.939998626708984,43.40999984741211,41.29999923706055,41.849998474121094,361102
2025-05-13 14:30:00+00:00,43.14500045776367,43.18000030517578,42.29999923706055,43.02000045776367,274561
2025-05-13 15:30:00+00:00,43.53730010986328,43.779998779296875,42.849998474121094,43.14500045776367,234159
2025-05-13 16:30:00+00:00,43.334999084472656,43.63999938964844,43.20000076293945,43.560001373291016,130417
2025-05-13 17:30:00+00:00,42.95000076293945,43.349998474121094,42.84000015258789,43.34000015258789,111583
2025-05-13 18:30:00+00:00,42.790000915527344,43.02000045776367,42.43000030517578,42.91999816894531,193311
2025-05-13 19:30:00+00:00,41.97999954223633,42.91999816894531,41.939998626708984,42.73500061035156,575551
2025-05-14 13:30:00+00:00,41.849998474121094,43.43000030517578,41.0099983215332,42.0,386122
2025-05-14 14:30:00+00:00,41.939998626708984,42.0,41.56999969482422,41.8650016784668,156918
2025-05-14 15:30:00+00:00,41.630001068115234,41.93000030517578,41.50749969482422,41.81999969482422,140557
2025-05-14 16:30:00+00:00,41.54999923706055,41.790000915527344,41.400001525878906,41.63999938964844,159583
2025-05-14 17:30:00+00:00,41.5900993347168,41.95000076293945,41.36000061035156,41.56999969482422,296472
2025-05-14 18:30:00+00:00,41.63850021362305,41.79499816894531,41.584999084472656,41.6349983215332,152110
2025-05-14 19:30:00+00:00,41.88999938964844,42.099998474121094,41.630001068115234,41.70000076293945,355403
2025-05-15 13:30:00+00:00,40.70000076293945,41.86330032348633,40.529998779296875,41.16999816894531,206126
2025-05-15 14:30:00+00:00,40.39500045776367,40.689998626708984,40.20500183105469,40.689998626708984,165830
2025-05-15 15:30:00+00:00,40.1150016784668,40.435001373291016,39.900001525878906,40.349998474121094,303674
2025-05-15 16:30:00+00:00,40.540000915527344,40.630001068115234,39.75,40.1150016784668,268022
2025-05-15 17:30:00+00:00,40.435001373291016,40.54999923706055,40.27000045776367,40.54999923706055,133805
2025-05-15 18:30:00+00:00,40.27000045776367,40.584999084472656,40.23500061035156,40.40999984741211,175187
2025-05-15 19:30:00+00:00,40.61000061035156,40.679901123046875,40.310001373291016,40.34000015258789,462774
2025-05-16 13:30:00+00:00,40.474998474121094,40.79999923706055,40.2599983215332,40.52000045776367,149641
2025-05-16 14:30:00+00:00,40.13999938964844,40.52000045776367,40.029998779296875,40.459999084472656,114065
2025-05-16 15:30:00+00:00,40.15999984741211,40.20000076293945,39.92499923706055,40.125,150589
2025-05-16 16:30:00+00:00,40.65999984741211,40.68000030517578,40.095001220703125,40.15999984741211,227933
2025-05-16 17:30:00+00:00,40.79999923706055,40.84000015258789,40.57500076293945,40.630001068115234,157749
2025-05-16 18:30:00+00:00,40.650001525878906,40.9900016784668,40.650001525878906,40.790000915527344,304132
2025-05-16 19:30:00+00:00,40.439998626708984,40.68000030517578,40.439998626708984,40.650001525878906,523004
2025-05-19 13:30:00+00:00,38.95000076293945,39.5,38.88999938964844,39.33000183105469,273243
2025-05-19 14:30:00+00:00,38.97999954223633,39.34000015258789,38.88999938964844,38.9900016784668,163744
2025-05-19 15:30:00+00:00,38.79499816894531,39.029998779296875,38.71500015258789,38.97999954223633,154080
2025-05-19 16:30:00+00:00,39.0,39.05500030517578,38.529998779296875,38.7599983215332,178060
2025-05-19 17:30:00+00:00,38.810001373291016,39.16999816894531,38.79999923706055,38.98500061035156,113870
2025-05-19 18:30:00+00:00,38.935001373291016,39.16999816894531,38.790000915527344,38.810001373291016,159345
2025-05-19 19:30:00+00:00,38.779998779296875,38.95500183105469,38.630001068115234,38.935001373291016,476987
2025-05-20 13:30:00+00:00,40.584999084472656,40.70000076293945,38.45000076293945,38.779998779296875,263099
2025-05-20 14:30:00+00:00,40.13999938964844,41.110801696777344,39.970001220703125,40.584999084472656,293646
2025-05-20 15:30:00+00:00,40.220001220703125,40.470001220703125,40.040000915527344,40.13999938964844,161814
2025-05-20 16:30:00+00:00,40.369998931884766,40.469200134277344,40.20000076293945,40.220001220703125,112871
2025-05-20 17:30:00+00:00,40.18000030517578,40.33000183105469,39.970001220703125,40.33000183105469,142940
2025-05-20 18:30:00+00:00,39.96500015258789,40.189998626708984,39.689998626708984,40.18000030517578,206401
2025-05-20 19:30:00+00:00,40.209999084472656,40.25,39.94499969482422,39.9900016784668,381517
2025-05-21 13:30:00+00:00,39.779998779296875,40.275001525878906,39.150001525878906,40.040000915527344,143883
2025-05-21 14:30:00+00:00,40.1349983215332,40.150001525878906,39.630001068115234,39.779998779296875,199641
2025-05-21 15:30:00+00:00,40.29999923706055,40.47999954223633,40.099998474121094,40.1349983215332,119932
2025-05-21 16:30:00+00:00,39.150001525878906,40.40999984741211,39.14500045776367,40.31999969482422,190590
2025-05-21 17:30:00+00:00,39.10499954223633,39.400001525878906,39.0,39.18000030517578,329045
2025-05-21 18:30:00+00:00,38.470001220703125,39.209999084472656,38.4197998046875,39.10499954223633,208321
2025-05-21 19:30:00+00:00,38.599998474121094,38.939998626708984,38.349998474121094,38.4900016784668,406526
2025-05-22 13:30:00+00:00,38.85499954223633,39.284000396728516,38.209999084472656,38.400001525878906,215835
2025-05-22 14:30:00+00:00,38.744998931884766,39.0,38.61000061035156,38.900001525878906,90906
2025-05-22 15:30:00+00:00,38.77000045776367,38.93000030517578,38.66999816894531,38.7400016784668,70684
2025-05-22 16:30:00+00:00,38.560001373291016,38.7599983215332,38.47999954223633,38.72999954223633,89011
2025-05-22 17:30:00+00:00,38.459999084472656,38.560001373291016,38.345001220703125,38.560001373291016,119043
2025-05-22 18:30:00+00:00,38.36000061035156,38.654998779296875,38.33000183105469,38.470001220703125,214418
2025-05-22 19:30:00+00:00,37.849998474121094,38.41999816894531,37.77000045776367,38.380001068115234,379609
2025-05-23 13:30:00+00:00,36.709999084472656,37.50210189819336,35.790000915527344,36.25,172462
2025-05-23 14:30:00+00:00,36.88999938964844,37.56669998168945,36.67499923706055,36.67499923706055,158323
2025-05-23 15:30:00+00:00,36.810001373291016,37.16999816894531,36.790000915527344,36.970001220703125,116938
2025-05-23 16:30:00+00:00,37.310001373291016,37.310001373291016,36.73500061035156,36.779998779296875,111558
2025-05-23 17:30:00+00:00,37.209999084472656,37.43000030517578,37.11000061035156,37.29999923706055,108402
2025-05-23 18:30:00+00:00,37.290000915527344,37.40999984741211,37.15999984741211,37.22999954223633,124531
2025-05-23 19:30:00+00:00,37.279998779296875,37.38999938964844,37.11000061035156,37.28499984741211,267396
2025-05-27 13:30:00+00:00,37.94499969482422,38.619998931884766,37.5,37.86000061035156,224421
2025-05-27 14:30:00+00:00,38.189998626708984,38.2400016784668,37.81999969482422,37.90999984741211,122037
2025-05-27 15:30:00+00:00,38.11000061035156,38.290000915527344,37.970001220703125,38.150001525878906,131415
2025-05-27 16:30:00+00:00,38.0,38.15999984741211,38.0,38.095001220703125,122576
2025-05-27 17:30:00+00:00,38.244998931884766,38.38999938964844,37.970001220703125,38.005001068115234,91470
2025-05-27 18:30:00+00:00,38.189998626708984,38.34000015258789,38.0,38.27000045776367,116637
2025-05-27 19:30:00+00:00,38.18000030517578,38.290000915527344,38.04499816894531,38.189998626708984,232977
2025-05-28 13:30:00+00:00,38.060001373291016,38.488800048828125,37.79999923706055,38.400001525878906,118328
2025-05-28 14:30:00+00:00,38.209999084472656,38.3650016784668,38.0099983215332,38.09000015258789,63460
2025-05-28 15:30:00+00:00,38.2400016784668,38.349998474121094,38.137001037597656,38.22999954223633,61440
2025-05-28 16:30:00+00:00,38.619998931884766,38.90999984741211,38.220001220703125,38.25,170160
2025-05-28 17:30:00+00:00,38.73500061035156,38.790000915527344,38.470001220703125,38.625,78587
2025-05-28 18:30:00+00:00,38.540000915527344,38.7599983215332,38.4900016784668,38.73500061035156,116638
2025-05-28 19:30:00+00:00,38.58000183105469,38.630001068115234,38.43000030517578,38.54999923706055,241913
2025-05-29 13:30:00+00:00,38.06999969482422,39.224998474121094,37.81850051879883,39.040000915527344,211349
2025-05-29 14:30:00+00:00,38.0,38.290000915527344,37.77000045776367,38.09000015258789,147070
2025-05-29 15:30:00+00:00,38.11000061035156,38.150001525878906,37.685001373291016,37.9900016784668,199965
2025-05-29 16:30:00+00:00,38.31999969482422,38.47999954223633,38.0,38.11000061035156,123907
2025-05-29 17:30:00+00:00,38.20000076293945,38.47999954223633,38.13999938964844,38.33000183105469,119747
2025-05-29 18:30:00+00:00,38.45000076293945,38.53499984741211,38.220001220703125,38.220001220703125,154065
2025-05-29 19:30:00+00:00,38.61000061035156,38.61000061035156,38.220001220703125,38.43000030517578,350943
2025-05-30 13:30:00+00:00,37.519901275634766,38.34320068359375,37.11000061035156,38.189998626708984,200201
2025-05-30 14:30:00+00:00,37.599998474121094,37.720001220703125,37.35499954223633,37.45000076293945,99549
2025-05-30 15:30:00+00:00,36.86000061035156,37.630001068115234,36.755001068115234,37.599998474121094,296180
2025-05-30 16:30:00+00:00,37.23249816894531,37.279998779296875,36.68000030517578,36.8650016784668,171376
2025-05-30 17:30:00+00:00,37.404998779296875,37.404998779296875,37.130001068115234,37.214900970458984,139459
2025-05-30 18:30:00+00:00,37.5,37.630001068115234,37.380001068115234,37.40999984741211,178706
2025-05-30 19:30:00+00:00,37.75,37.810001373291016,37.290000915527344,37.505001068115234,1331173
2025-06-02 13:30:00+00:00,37.05500030517578,37.57500076293945,36.207000732421875,37.540000915527344,400970
2025-06-02 14:30:00+00:00,37.27000045776367,37.439998626708984,36.97999954223633,37.0,148235
2025-06-02 15:30:00+00:00,37.470001220703125,37.70000076293945,37.2400016784668,37.255001068115234,118217
2025-06-02 16:30:00+00:00,37.5,37.689998626708984,37.439998626708984,37.47999954223633,75118
2025-06-02 17:30:00+00:00,37.60499954223633,37.61199951171875,37.345001220703125,37.470001220703125,61536
2025-06-02 18:30:00+00:00,37.47999954223633,37.849998474121094,37.45500183105469,37.630001068115234,154663
2025-06-02 19:30:00+00:00,37.34000015258789,37.529998779296875,37.189998626708984,37.470001220703125,375789
2025-06-03 13:30:00+00:00,38.2400016784668,38.252601623535156,36.869998931884766,37.45000076293945,141137
2025-06-03 14:30:00+00:00,38.68000030517578,38.79999923706055,38.06999969482422,38.209999084472656,110312
2025-06-03 15:30:00+00:00,38.665000915527344,38.72999954223633,38.439998626708984,38.650001525878906,84597
2025-06-03 16:30:00+00:00,38.7599983215332,39.2400016784668,38.67499923706055,38.689998626708984,157333
2025-06-03 17:30:00+00:00,38.70000076293945,38.959999084472656,38.59000015258789,38.79999923706055,133236
2025-06-03 18:30:00+00:00,38.630001068115234,38.81999969482422,38.529998779296875,38.67499923706055,154056
2025-06-03 19:30:00+00:00,38.619998931884766,38.70000076293945,38.525001525878906,38.6349983215332,361826
2025-06-04 13:30:00+00:00,39.27000045776367,39.849998474121094,38.349998474121094,38.63999938964844,190819
2025-06-04 14:30:00+00:00,39.38999938964844,39.5099983215332,39.154998779296875,39.2599983215332,223778
2025-06-04 15:30:00+00:00,39.3849983215332,39.939998626708984,39.20000076293945,39.369998931884766,481668
2025-06-04 16:30:00+00:00,39.47999954223633,39.58000183105469,39.369998931884766,39.3849983215332,213935
2025-06-04 17:30:00+00:00,39.65999984741211,39.689998626708984,39.380001068115234,39.470001220703125,77278
2025-06-04 18:30:00+00:00,40.0,40.060001373291016,39.617000579833984,39.65999984741211,140049
2025-06-04 19:30:00+00:00,39.790000915527344,40.2599983215332,39.650001525878906,39.994998931884766,389125
2025-06-05 13:30:00+00:00,38.26499938964844,39.0,37.35150146484375,38.959999084472656,1242067
2025-06-05 14:30:00+00:00,39.005001068115234,39.22999954223633,38.09000015258789,38.2599983215332,613251
2025-06-05 15:30:00+00:00,39.505001068115234,39.88999938964844,38.880001068115234,38.97999954223633,546402
2025-06-05 16:30:00+00:00,40.13999938964844,40.45000076293945,39.505001068115234,39.53499984741211,572210
2025-06-05 17:30:00+00:00,39.900001525878906,40.16999816894531,39.599998474121094,40.119998931884766,421293
2025-06-05 18:30:00+00:00,39.29999923706055,40.0,39.15999984741211,39.869998931884766,539870
2025-06-05 19:30:00+00:00,39.099998474121094,39.63999938964844,39.0099983215332,39.2599983215332,946377
2025-06-06 13:30:00+00:00,39.404998779296875,40.154998779296875,39.12990188598633,39.72999954223633,5093083
2025-06-06 14:30:00+00:00,39.290000915527344,39.439998626708984,38.90999984741211,39.34000015258789,1062912
2025-06-06 15:30:00+00:00,39.119998931884766,39.65999984741211,39.11000061035156,39.290000915527344,654797
2025-06-06 16:30:00+00:00,38.93000030517578,39.38999938964844,38.75120162963867,39.16999816894531,573514
2025-06-06 17:30:00+00:00,38.834999084472656,39.0,38.529998779296875,38.93000030517578,645321
2025-06-06 18:30:00+00:00,38.95500183105469,39.13999938964844,38.619998931884766,38.84000015258789,740804
2025-06-06 19:30:00+00:00,39.150001525878906,39.44499969482422,38.939998626708984,38.95500183105469,1122517
2025-06-09 13:30:00+00:00,40.81999969482422,41.0099983215332,39.54999923706055,39.970001220703125,1689232
2025-06-09 14:30:00+00:00,40.93000030517578,41.38999938964844,40.63999938964844,40.817501068115234,866904
2025-06-09 15:30:00+00:00,40.81999969482422,41.06999969482422,40.66999816894531,40.93000030517578,555595
2025-06-09 16:30:00+00:00,42.04999923706055,42.16999816894531,40.810001373291016,40.810001373291016,944311
2025-06-09 17:30:00+00:00,41.82500076293945,42.23500061035156,41.619998931884766,42.04999923706055,847652
2025-06-09 18:30:00+00:00,41.689998626708984,41.959999084472656,41.560001373291016,41.79999923706055,629832
2025-06-09 19:30:00+00:00,41.810001373291016,41.97999954223633,41.61000061035156,41.689998626708984,1124609
2025-06-10 13:30:00+00:00,41.84000015258789,42.65999984741211,41.459999084472656,41.630001068115234,417146
2025-06-10 14:30:00+00:00,41.0099983215332,42.005001068115234,40.93000030517578,41.82500076293945,446738
2025-06-10 15:30:00+00:00,41.38999938964844,41.459999084472656,40.75,40.970001220703125,373096
2025-06-10 16:30:00+00:00,41.380001068115234,41.59000015258789,41.36000061035156,41.380001068115234,288732
2025-06-10 17:30:00+00:00,41.369998931884766,41.494998931884766,41.119998931884766,41.36000061035156,266711
2025-06-10 18:30:00+00:00,41.349998474121094,41.56999969482422,41.31999969482422,41.36000061035156,373358
2025-06-10 19:30:00+00:00,41.630001068115234,41.77000045776367,41.220001220703125,41.349998474121094,606718
2025-06-11 13:30:00+00:00,42.51499938964844,43.224998474121094,42.0,42.380001068115234,628956
2025-06-11 14:30:00+00:00,42.10499954223633,42.880001068115234,42.040000915527344,42.51499938964844,608443
2025-06-11 15:30:00+00:00,41.279998779296875,41.97999954223633,40.630001068115234,41.95500183105469,586315
2025-06-11 16:30:00+00:00,41.1349983215332,41.38999938964844,41.060001373291016,41.279998779296875,269453
2025-06-11 17:30:00+00:00,40.290000915527344,41.209999084472656,40.150001525878906,41.11000061035156,273305
2025-06-11 18:30:00+00:00,40.15999984741211,40.34000015258789,39.88999938964844,40.2599983215332,396338
2025-06-11 19:30:00+00:00,40.22999954223633,40.380001068115234,39.97999954223633,40.15999984741211,643115
2025-06-12 13:30:00+00:00,41.025001525878906,41.16999816894531,39.439998626708984,39.66999816894531,359598
2025-06-12 14:30:00+00:00,41.5,41.83000183105469,40.959999084472656,41.0099983215332,346900
2025-06-12 15:30:00+00:00,41.56999969482422,41.66999816894531,41.26499938964844,41.5,256548
2025-06-12 16:30:00+00:00,41.18000030517578,41.65999984741211,41.119998931884766,41.560001373291016,153595
2025-06-12 17:30:00+00:00,41.099998474121094,41.290000915527344,41.0,41.15010070800781,134059
2025-06-12 18:30:00+00:00,41.08000183105469,41.290000915527344,40.959999084472656,41.054500579833984,161213
2025-06-12 19:30:00+00:00,41.33000183105469,41.33000183105469,40.959999084472656,41.099998474121094,316468
2025-06-13 13:30:00+00:00,40.970001220703125,41.79999923706055,40.779998779296875,41.130001068115234,287398
2025-06-13 14:30:00+00:00,42.119998931884766,42.18000030517578,40.96500015258789,40.96500015258789,273637
2025-06-13 15:30:00+00:00,42.349998474121094,42.79999923706055,42.06999969482422,42.06999969482422,422141
2025-06-13 16:30:00+00:00,42.540000915527344,42.81999969482422,42.20500183105469,42.33000183105469,269143
2025-06-13 17:30:00+00:00,42.34000015258789,42.7400016784668,42.279998779296875,42.54999923706055,214789
2025-06-13 18:30:00+00:00,42.310001373291016,42.56999969482422,42.16379928588867,42.314998626708984,357300
2025-06-13 19:30:00+00:00,42.5099983215332,42.54999923706055,42.11000061035156,42.310001373291016,569362
2025-06-16 13:30:00+00:00,43.119998931884766,43.68000030517578,42.584999084472656,43.21500015258789,353417
2025-06-16 14:30:00+00:00,43.9900016784668,44.380001068115234,43.099998474121094,43.099998474121094,596756
2025-06-16 15:30:00+00:00,44.70500183105469,44.779998779296875,43.95000076293945,43.98500061035156,241183
2025-06-16 16:30:00+00:00,44.539798736572266,44.849998474121094,44.470001220703125,44.7599983215332,200889
2025-06-16 17:30:00+00:00,44.46500015258789,44.709999084472656,44.380001068115234,44.58000183105469,185808
2025-06-16 18:30:00+00:00,44.16999816894531,44.470001220703125,44.0,44.439998626708984,383350
2025-06-16 19:30:00+00:00,44.189998626708984,44.439998626708984,44.11000061035156,44.18000030517578,689209
2025-06-17 13:30:00+00:00,44.375,44.55910110473633,43.88999938964844,44.22999954223633,295129
2025-06-17 14:30:00+00:00,43.584999084472656,44.55500030517578,43.584999084472656,44.375,182449
2025-06-17 15:30:00+00:00,44.029998779296875,44.13999938964844,43.53499984741211,43.540000915527344,152512
2025-06-17 16:30:00+00:00,44.084999084472656,44.209999084472656,43.84000015258789,44.029998779296875,175974
2025-06-17 17:30:00+00:00,43.79999923706055,44.29999923706055,43.7599983215332,44.07500076293945,165192
2025-06-17 18:30:00+00:00,43.90999984741211,43.970001220703125,43.56999969482422,43.810001373291016,304437
2025-06-17 19:30:00+00:00,44.11000061035156,44.15999984741211,43.65999984741211,43.91999816894531,588099
2025-06-18 13:30:00+00:00,46.13119888305664,46.32500076293945,44.86000061035156,45.13890075683594,544952
2025-06-18 14:30:00+00:00,45.94599914550781,46.33000183105469,45.689998626708984,46.189998626708984,562867
2025-06-18 15:30:00+00:00,45.9375,46.119998931884766,45.630001068115234,46.0,210526
2025-06-18 16:30:00+00:00,46.415000915527344,46.599998474121094,45.810001373291016,45.935001373291016,190339
2025-06-18 17:30:00+00:00,46.720001220703125,46.79999923706055,46.31999969482422,46.41999816894531,209801
2025-06-18 18:30:00+00:00,46.95000076293945,47.43000030517578,46.720001220703125,46.7599983215332,508868
2025-06-18 19:30:00+00:00,46.619998931884766,47.18000030517578,46.470001220703125,46.95500183105469,671520
2025-06-20 13:30:00+00:00,45.77000045776367,46.97999954223633,45.38999938964844,46.97999954223633,411465
2025-06-20 14:30:00+00:00,47.630001068115234,47.79999923706055,44.7599983215332,45.77000045776367,929872
2025-06-20 15:30:00+00:00,47.150001525878906,48.130001068115234,47.0625,47.779998779296875,600108
2025-06-20 16:30:00+00:00,46.595001220703125,47.34000015258789,46.540000915527344,47.189998626708984,189754
2025-06-20 17:30:00+00:00,46.61000061035156,46.7599983215332,46.38249969482422,46.59000015258789,194529
2025-06-20 18:30:00+00:00,46.3849983215332,46.75,46.3400993347168,46.60499954223633,314376
2025-06-20 19:30:00+00:00,46.58000183105469,46.875,46.21009826660156,46.3849983215332,670727
2025-06-23 13:30:00+00:00,47.56999969482422,48.25,46.36000061035156,46.36000061035156,346710
2025-06-23 14:30:00+00:00,46.709999084472656,47.63999938964844,46.56999969482422,47.63999938964844,269377
2025-06-23 15:30:00+00:00,45.93000030517578,46.779998779296875,45.880001068115234,46.70500183105469,128130
2025-06-23 16:30:00+00:00,46.61000061035156,46.65999984741211,45.8036003112793,45.91999816894531,163387
2025-06-23 17:30:00+00:00,46.595001220703125,46.93000030517578,46.43000030517578,46.637001037597656,153374
2025-06-23 18:30:00+00:00,46.83000183105469,46.90999984741211,46.529998779296875,46.59000015258789,145248
2025-06-23 19:30:00+00:00,46.95000076293945,47.095001220703125,46.63999938964844,46.79499816894531,288781
2025-06-24 13:30:00+00:00,48.17499923706055,48.40999984741211,46.709999084472656,47.36000061035156,313389
2025-06-24 14:30:00+00:00,48.665000915527344,48.71500015258789,48.099998474121094,48.16999816894531,171149
2025-06-24 15:30:00+00:00,48.47249984741211,48.68000030517578,48.189998626708984,48.65999984741211,131318
2025-06-24 16:30:00+00:00,48.209999084472656,48.529998779296875,48.16999816894531,48.470001220703125,129552
2025-06-24 17:30:00+00:00,48.025001525878906,48.290000915527344,47.93000030517578,48.21039962768555,115199
2025-06-24 18:30:00+00:00,47.790000915527344,48.130001068115234,47.676700592041016,48.029998779296875,201118
2025-06-24 19:30:00+00:00,47.345001220703125,47.779998779296875,47.279998779296875,47.779998779296875,431267
2025-06-25 13:30:00+00:00,47.61000061035156,47.869998931884766,47.189998626708984,47.45000076293945,228172
2025-06-25 14:30:00+00:00,47.41999816894531,47.65999984741211,47.04999923706055,47.61000061035156,175923
2025-06-25 15:30:00+00:00,47.45000076293945,47.5,47.2400016784668,47.41999816894531,182327
2025-06-25 16:30:00+00:00,47.9900016784668,48.029998779296875,47.46500015258789,47.46500015258789,202540
2025-06-25 17:30:00+00:00,48.15999984741211,48.15999984741211,47.7400016784668,47.98500061035156,341824
2025-06-25 18:30:00+00:00,47.65999984741211,48.110801696777344,47.65999984741211,48.11000061035156,277511
2025-06-25 19:30:00+00:00,47.209999084472656,47.720001220703125,47.150001525878906,47.689998626708984,659977
2025-06-26 13:30:00+00:00,48.19499969482422,49.7400016784668,47.130001068115234,49.504798889160156,598110
2025-06-26 14:30:00+00:00,48.005001068115234,48.45000076293945,48.005001068115234,48.19499969482422,284563
2025-06-26 15:30:00+00:00,48.47999954223633,48.59000015258789,47.93000030517578,47.974998474121094,250554
2025-06-26 16:30:00+00:00,48.25,48.52000045776367,48.18000030517578,48.47999954223633,326966
2025-06-26 17:30:00+00:00,47.81999969482422,48.279998779296875,47.65999984741211,48.279998779296875,322075
2025-06-26 18:30:00+00:00,47.709999084472656,47.869998931884766,47.5,47.82500076293945,326928
2025-06-26 19:30:00+00:00,47.43000030517578,47.720001220703125,47.06999969482422,47.689998626708984,635157
2025-06-27 13:30:00+00:00,47.18000030517578,47.59000015258789,46.77000045776367,47.21500015258789,199949
2025-06-27 14:30:00+00:00,46.869998931884766,47.7400016784668,46.75,47.244998931884766,218881
2025-06-27 15:30:00+00:00,46.959999084472656,47.06999969482422,46.650001525878906,46.86000061035156,235252
2025-06-27 16:30:00+00:00,46.970001220703125,47.0099983215332,46.709999084472656,46.98500061035156,137973
2025-06-27 17:30:00+00:00,46.220001220703125,47.040000915527344,46.209999084472656,47.0099983215332,162312
2025-06-27 18:30:00+00:00,46.56999969482422,46.68199920654297,46.189998626708984,46.22999954223633,381015
2025-06-27 19:30:00+00:00,47.18000030517578,47.189998626708984,46.560001373291016,46.56999969482422,548415
2025-06-30 13:30:00+00:00,46.665000915527344,47.34000015258789,46.27000045776367,47.22999954223633,344944
2025-06-30 14:30:00+00:00,46.08000183105469,46.724998474121094,46.0,46.68000030517578,193474
2025-06-30 15:30:00+00:00,46.09000015258789,46.29999923706055,45.90999984741211,46.04999923706055,202138
2025-06-30 16:30:00+00:00,45.959999084472656,46.244998931884766,45.900001525878906,46.08000183105469,184134
2025-06-30 17:30:00+00:00,45.75,46.08000183105469,45.75,45.94499969482422,223892
2025-06-30 18:30:00+00:00,45.720001220703125,45.904998779296875,45.529998779296875,45.77000045776367,280891
2025-06-30 19:30:00+00:00,45.33000183105469,45.84000015258789,45.33000183105469,45.70000076293945,575093
2025-07-01 13:30:00+00:00,45.0,45.915000915527344,44.560001373291016,45.70000076293945,441567
2025-07-01 14:30:00+00:00,44.442501068115234,45.130001068115234,44.29999923706055,45.099998474121094,211365
2025-07-01 15:30:00+00:00,45.122501373291016,45.185001373291016,44.29999923706055,44.46500015258789,222898
2025-07-01 16:30:00+00:00,45.2599983215332,45.380001068115234,44.529998779296875,45.1349983215332,197035
2025-07-01 17:30:00+00:00,45.45500183105469,45.47999954223633,45.099998474121094,45.279998779296875,185963
2025-07-01 18:30:00+00:00,45.65999984741211,45.66999816894531,45.189998626708984,45.47999954223633,318151
2025-07-01 19:30:00+00:00,44.959999084472656,45.66999816894531,44.90999984741211,45.66999816894531,482205
2025-07-02 13:30:00+00:00,44.845001220703125,45.0,44.22999954223633,44.52000045776367,623773
2025-07-02 14:30:00+00:00,45.630001068115234,45.79999923706055,44.689998626708984,44.845001220703125,284963
2025-07-02 15:30:00+00:00,45.685001373291016,46.0099983215332,45.52000045776367,45.630001068115234,215725
2025-07-02 16:30:00+00:00,45.84000015258789,46.06999969482422,45.66999816894531,45.69499969482422,183713
2025-07-02 17:30:00+00:00,45.540000915527344,45.900001525878906,45.540000915527344,45.84000015258789,241684
2025-07-02 18:30:00+00:00,45.56999969482422,45.720001220703125,45.15999984741211,45.529998779296875,440081
2025-07-02 19:30:00+00:00,46.220001220703125,46.2400016784668,45.34000015258789,45.564998626708984,568997
2025-07-03 13:30:00+00:00,46.630001068115234,47.31999969482422,45.88999938964844,46.150001525878906,350873
2025-07-03 14:30:00+00:00,46.14500045776367,46.59000015258789,46.029998779296875,46.540000915527344,204210
2025-07-03 15:30:00+00:00,46.310001373291016,46.400001525878906,46.14500045776367,46.14500045776367,184597
2025-07-07 13:30:00+00:00,46.86000061035156,47.23500061035156,46.119998931884766,46.95000076293945,227452
2025-07-07 14:30:00+00:00,46.39500045776367,47.06999969482422,46.14550018310547,46.86000061035156,194368
2025-07-07 15:30:00+00:00,46.435001373291016,46.8849983215332,46.2400016784668,46.42150115966797,219636
2025-07-07 16:30:00+00:00,45.92499923706055,46.44499969482422,45.810001373291016,46.439998626708984,275692
2025-07-07 17:30:00+00:00,46.0099983215332,46.209999084472656,45.900001525878906,45.95000076293945,175496
2025-07-07 18:30:00+00:00,45.31999969482422,46.15999984741211,45.09000015258789,46.0099983215332,421796
2025-07-07 19:30:00+00:00,45.2599983215332,45.599998474121094,45.16999816894531,45.33000183105469,452304
2025-07-08 13:30:00+00:00,46.36000061035156,47.060001373291016,45.61000061035156,45.7599983215332,286510
2025-07-08 14:30:00+00:00,46.439998626708984,47.249900817871094,46.349998474121094,46.36000061035156,262187
2025-07-08 15:30:00+00:00,46.619998931884766,46.82500076293945,46.130001068115234,46.439998626708984,243831
2025-07-08 16:30:00+00:00,46.244998931884766,46.689998626708984,46.1713981628418,46.59000015258789,96822
2025-07-08 17:30:00+00:00,46.150001525878906,46.5,46.125,46.2599983215332,165967
2025-07-08 18:30:00+00:00,46.119998931884766,46.27000045776367,45.959999084472656,46.150001525878906,143429
2025-07-08 19:30:00+00:00,46.20000076293945,46.275001525878906,45.91999816894531,46.16999816894531,323700
2025-07-09 13:30:00+00:00,46.595001220703125,46.85850143432617,45.984500885009766,46.119998931884766,121934
2025-07-09 14:30:00+00:00,46.52000045776367,47.06999969482422,46.11000061035156,46.59000015258789,244616
2025-07-09 15:30:00+00:00,46.69499969482422,46.75749969482422,46.459999084472656,46.529998779296875,63166
2025-07-09 16:30:00+00:00,46.72999954223633,47.09000015258789,46.470001220703125,46.64910125732422,185091
2025-07-09 17:30:00+00:00,46.7599983215332,46.959999084472656,46.560001373291016,46.78499984741211,125399
2025-07-09 18:30:00+00:00,46.43000030517578,46.919498443603516,46.369998931884766,46.7400016784668,131273
2025-07-09 19:30:00+00:00,46.20000076293945,46.47999954223633,46.09000015258789,46.380001068115234,443446
2025-07-10 13:30:00+00:00,46.720001220703125,47.66999816894531,46.619998931884766,47.369998931884766,280857
2025-07-10 14:30:00+00:00,47.02000045776367,47.2400016784668,46.70000076293945,46.81999969482422,131672
2025-07-10 15:30:00+00:00,47.18000030517578,47.369998931884766,46.939998626708984,47.0099983215332,136259
2025-07-10 16:30:00+00:00,47.380001068115234,47.45249938964844,47.0,47.220001220703125,94102
2025-07-10 17:30:00+00:00,46.8849983215332,47.380001068115234,46.83000183105469,47.380001068115234,91163
2025-07-10 18:30:00+00:00,46.89500045776367,47.07929992675781,46.79999923706055,46.87200164794922,128810
2025-07-10 19:30:00+00:00,46.93000030517578,46.97999954223633,46.77000045776367,46.88999938964844,333914
2025-07-11 13:30:00+00:00,46.64500045776367,46.709999084472656,45.849998474121094,46.29999923706055,109072
2025-07-11 14:30:00+00:00,47.22999954223633,47.415000915527344,46.65999984741211,46.65999984741211,209873
2025-07-11 15:30:00+00:00,46.80500030517578,47.2599983215332,46.70000076293945,47.22999954223633,52068
2025-07-11 16:30:00+00:00,46.7400016784668,46.90999984741211,46.69499969482422,46.86000061035156,39189
2025-07-11 17:30:00+00:00,46.959999084472656,46.96500015258789,46.63999938964844,46.720001220703125,99450
2025-07-11 18:30:00+00:00,46.91999816894531,47.06999969482422,46.77000045776367,46.94499969482422,72856
2025-07-11 19:30:00+00:00,46.04999923706055,46.900001525878906,45.93000030517578,46.900001525878906,379342
2025-07-14 13:30:00+00:00,43.03499984741211,44.849998474121094,41.52000045776367,44.630001068115234,1535260
2025-07-14 14:30:00+00:00,42.689998626708984,43.29999923706055,42.470001220703125,43.08000183105469,565910
2025-07-14 15:30:00+00:00,42.099998474121094,42.65999984741211,41.9900016784668,42.65999984741211,663412
2025-07-14 16:30:00+00:00,42.619998931884766,43.0,42.04999923706055,42.099998474121094,471718
2025-07-14 17:30:00+00:00,42.77000045776367,43.05500030517578,42.58000183105469,42.619998931884766,266864
2025-07-14 18:30:00+00:00,42.560001373291016,42.941200256347656,42.38999938964844,42.7599983215332,418548
2025-07-14 19:30:00+00:00,42.470001220703125,42.720001220703125,42.0,42.560001373291016,803571
2025-07-15 13:30:00+00:00,43.220001220703125,43.45000076293945,42.51499938964844,42.79999923706055,265900
2025-07-15 14:30:00+00:00,42.86000061035156,43.2400016784668,42.7400016784668,43.220001220703125,323699
2025-07-15 15:30:00+00:00,42.58000183105469,42.92499923706055,42.54499816894531,42.869998931884766,364303
2025-07-15 16:30:00+00:00,42.83000183105469,42.907501220703125,42.61000061035156,42.61000061035156,197182
2025-07-15 17:30:00+00:00,43.02000045776367,43.130001068115234,42.70000076293945,42.810001373291016,203543
2025-07-15 18:30:00+00:00,42.630001068115234,43.17499923706055,42.619998931884766,43.025001525878906,250055
2025-07-15 19:30:00+00:00,42.68000030517578,43.05500030517578,42.654998779296875,42.65999984741211,465836
2025-07-16 13:30:00+00:00,41.83000183105469,42.88999938964844,41.72999954223633,42.75,377780
2025-07-16 14:30:00+00:00,40.810001373291016,41.79999923706055,40.77000045776367,41.79999923706055,444694
2025-07-16 15:30:00+00:00,41.01750183105469,41.150001525878906,40.29999923706055,40.80500030517578,278209
2025-07-16 16:30:00+00:00,41.005001068115234,41.2400016784668,40.900001525878906,41.01499938964844,158647
2025-07-16 17:30:00+00:00,41.04499816894531,41.04499816894531,40.7599983215332,41.0,140998
2025-07-16 18:30:00+00:00,41.154998779296875,41.22999954223633,40.720001220703125,41.04499816894531,215212
2025-07-16 19:30:00+00:00,41.36000061035156,41.369998931884766,41.07500076293945,41.15250015258789,444179
2025-07-17 13:30:00+00:00,41.709999084472656,41.779998779296875,41.040000915527344,41.400001525878906,183481
2025-07-17 14:30:00+00:00,42.064998626708984,42.244998931884766,41.75,41.75,141164
2025-07-17 15:30:00+00:00,41.560001373291016,42.150001525878906,41.52000045776367,42.040000915527344,108396
2025-07-17 16:30:00+00:00,41.65999984741211,41.75,41.54999923706055,41.56999969482422,83005
2025-07-17 17:30:00+00:00,41.72999954223633,41.755001068115234,41.459999084472656,41.689998626708984,64065
2025-07-17 18:30:00+00:00,41.5,41.75749969482422,41.4900016784668,41.72999954223633,130701
2025-07-17 19:30:00+00:00,41.52000045776367,41.52000045776367,41.22999954223633,41.4900016784668,370367
2025-07-18 13:30:00+00:00,41.0,41.7400016784668,40.849998474121094,41.560001373291016,118952
2025-07-18 14:30:00+00:00,41.712501525878906,41.81999969482422,40.9900016784668,41.060001373291016,381059
2025-07-18 15:30:00+00:00,41.880001068115234,42.099998474121094,41.650001525878906,41.72999954223633,166825
2025-07-18 16:30:00+00:00,41.99020004272461,42.047698974609375,41.76499938964844,41.869998931884766,71411
2025-07-18 17:30:00+00:00,42.08000183105469,42.28499984741211,41.849998474121094,42.0,82127
2025-07-18 18:30:00+00:00,42.119998931884766,42.209999084472656,42.060001373291016,42.099998474121094,110230
2025-07-18 19:30:00+00:00,42.20000076293945,42.209999084472656,41.94499969482422,42.119998931884766,238019
2025-07-21 13:30:00+00:00,41.880001068115234,42.189998626708984,40.54999923706055,41.72800064086914,449801
2025-07-21 14:30:00+00:00,41.9900016784668,42.16999816894531,41.7400016784668,41.7400016784668,162596
2025-07-21 15:30:00+00:00,42.0,42.26850128173828,41.89500045776367,41.9900016784668,264729
2025-07-21 16:30:00+00:00,41.57500076293945,41.95500183105469,41.4900016784668,41.95500183105469,196631
2025-07-21 17:30:00+00:00,41.900001525878906,41.90999984741211,41.529998779296875,41.56999969482422,161659
2025-07-21 18:30:00+00:00,41.56999969482422,41.93000030517578,41.40999984741211,41.904998779296875,330667
2025-07-21 19:30:00+00:00,41.59000015258789,41.775001525878906,41.522499084472656,41.59000015258789,419611
2025-07-22 13:30:00+00:00,41.20500183105469,41.97999954223633,40.88999938964844,41.65999984741211,268193
2025-07-22 14:30:00+00:00,41.38999938964844,41.5,41.150001525878906,41.150001525878906,109920
2025-07-22 15:30:00+00:00,41.19499969482422,41.459999084472656,41.150001525878906,41.38999938964844,92381
2025-07-22 16:30:00+00:00,41.564998626708984,41.599998474121094,41.150001525878906,41.224998474121094,96251
2025-07-22 17:30:00+00:00,41.599998474121094,41.79999923706055,41.540000915527344,41.564998626708984,94657
2025-07-22 18:30:00+00:00,41.83000183105469,41.869998931884766,41.404998779296875,41.61000061035156,239782
2025-07-22 19:30:00+00:00,41.36000061035156,41.939998626708984,41.34000015258789,41.82500076293945,386108
2025-07-23 13:30:00+00:00,42.915000915527344,42.915000915527344,41.060001373291016,41.060001373291016,203853
2025-07-23 14:30:00+00:00,43.41999816894531,43.63999938964844,42.77000045776367,42.91999816894531,295176
2025-07-23 15:30:00+00:00,43.61000061035156,43.650001525878906,43.099998474121094,43.38999938964844,101133
2025-07-23 16:30:00+00:00,43.224998474121094,43.630001068115234,43.02000045776367,43.57500076293945,124428
2025-07-23 17:30:00+00:00,42.93000030517578,43.25,42.81999969482422,43.209999084472656,87309
2025-07-23 18:30:00+00:00,42.790000915527344,43.08000183105469,42.7599983215332,42.89500045776367,110534
2025-07-23 19:30:00+00:00,43.02000045776367,43.029998779296875,42.70000076293945,42.790000915527344,341034
2025-07-24 13:30:00+00:00,42.349998474121094,43.5,42.22999954223633,43.08000183105469,208268
2025-07-24 14:30:00+00:00,42.540000915527344,42.849998474121094,42.25,42.40999984741211,97809
2025-07-24 15:30:00+00:00,42.31999969482422,42.63999938964844,42.2599983215332,42.474998474121094,77705
2025-07-24 16:30:00+00:00,42.5099983215332,42.657501220703125,42.349998474121094,42.349998474121094,88571
2025-07-24 17:30:00+00:00,42.540000915527344,42.7599983215332,42.46500015258789,42.52000045776367,189687
2025-07-24 18:30:00+00:00,42.38999938964844,42.779998779296875,42.04999923706055,42.54499816894531,231040
2025-07-24 19:30:00+00:00,42.08000183105469,42.557498931884766,42.029998779296875,42.4900016784668,240056
2025-07-25 13:30:00+00:00,42.14500045776367,42.529998779296875,41.849998474121094,42.47999954223633,69752
2025-07-25 14:30:00+00:00,41.560001373291016,42.14500045776367,41.5099983215332,42.08000183105469,45429
2025-07-25 15:30:00+00:00,41.939998626708984,41.96500015258789,41.560001373291016,41.59000015258789,53316
2025-07-25 16:30:00+00:00,41.810001373291016,42.029998779296875,41.5,41.910301208496094,108969
2025-07-25 17:30:00+00:00,42.0099983215332,42.060001373291016,41.64500045776367,41.72999954223633,69402
2025-07-25 18:30:00+00:00,42.3849983215332,42.3849983215332,41.880001068115234,42.02899932861328,108921
2025-07-25 19:30:00+00:00,42.439998626708984,42.60499954223633,42.314998626708984,42.349998474121094,207672
2025-07-28 13:30:00+00:00,42.04999923706055,43.2400016784668,41.95000076293945,43.08000183105469,169116
2025-07-28 14:30:00+00:00,41.85499954223633,42.20000076293945,41.83000183105469,42.099998474121094,66619
2025-07-28 15:30:00+00:00,41.84000015258789,41.93000030517578,41.779998779296875,41.880001068115234,49287
2025-07-28 16:30:00+00:00,41.7599983215332,41.880001068115234,41.650001525878906,41.84000015258789,61833
2025-07-28 17:30:00+00:00,41.630001068115234,41.84000015258789,41.56999969482422,41.79499816894531,72083
2025-07-28 18:30:00+00:00,41.810001373291016,41.81999969482422,41.59000015258789,41.630001068115234,82560
2025-07-28 19:30:00+00:00,41.88999938964844,41.900001525878906,41.70000076293945,41.79999923706055,152332
2025-07-29 13:30:00+00:00,42.625,42.88999938964844,42.0,42.2599983215332,96050
2025-07-29 14:30:00+00:00,41.849998474121094,42.790000915527344,41.810001373291016,42.60499954223633,127625
2025-07-29 15:30:00+00:00,42.36000061035156,42.40999984741211,41.67660140991211,41.865501403808594,100413
2025-07-29 16:30:00+00:00,42.69499969482422,42.720001220703125,42.31999969482422,42.380001068115234,84526
2025-07-29 17:30:00+00:00,43.099998474121094,43.150001525878906,42.63999938964844,42.70000076293945,208879
2025-07-29 18:30:00+00:00,42.90999984741211,43.189998626708984,42.880001068115234,43.099998474121094,119344
2025-07-29 19:30:00+00:00,42.935001373291016,43.040000915527344,42.72999954223633,42.90999984741211,236122
2025-07-30 13:30:00+00:00,42.900001525878906,43.439998626708984,42.375,42.375,114650
2025-07-30 14:30:00+00:00,42.810001373291016,42.985198974609375,42.52909851074219,42.959999084472656,64197
2025-07-30 15:30:00+00:00,42.70000076293945,42.869998931884766,42.540000915527344,42.810001373291016,86252
2025-07-30 16:30:00+00:00,42.915000915527344,43.0,42.650001525878906,42.73500061035156,75152
2025-07-30 17:30:00+00:00,42.935001373291016,43.130001068115234,42.869998931884766,42.88999938964844,109010
2025-07-30 18:30:00+00:00,42.685001373291016,42.97999954223633,42.43000030517578,42.93000030517578,160282
2025-07-30 19:30:00+00:00,43.369998931884766,43.400001525878906,42.66999816894531,42.685001373291016,412048
2025-07-31 13:30:00+00:00,43.95000076293945,44.619998931884766,43.47999954223633,43.72999954223633,246220
2025-07-31 14:30:00+00:00,43.42499923706055,44.095001220703125,43.29999923706055,43.970001220703125,167270
2025-07-31 15:30:00+00:00,43.529998779296875,43.900001525878906,43.42499923706055,43.42499923706055,92288
2025-07-31 16:30:00+00:00,43.025001525878906,43.540000915527344,42.939998626708984,43.529998779296875,173680
2025-07-31 17:30:00+00:00,42.494998931884766,43.04999923706055,42.24250030517578,43.0099983215332,165153
2025-07-31 18:30:00+00:00,42.65999984741211,42.90999984741211,42.439998626708984,42.494998931884766,219164
2025-07-31 19:30:00+00:00,42.970001220703125,42.970001220703125,42.529998779296875,42.66999816894531,455591
2025-08-01 13:30:00+00:00,40.775001525878906,42.224998474121094,40.099998474121094,42.18000030517578,276648
2025-08-01 14:30:00+00:00,40.724998474121094,41.0099983215332,40.63010025024414,40.7400016784668,138190
2025-08-01 15:30:00+00:00,41.099998474121094,41.275001525878906,40.619998931884766,40.720001220703125,199929
2025-08-01 16:30:00+00:00,41.1349983215332,41.22999954223633,40.720001220703125,41.09000015258789,187777
2025-08-01 17:30:00+00:00,41.349998474121094,41.3849983215332,41.04999923706055,41.1349983215332,93752
2025-08-01 18:30:00+00:00,41.375,41.619998931884766,41.27000045776367,41.349998474121094,151282
2025-08-01 19:30:00+00:00,41.31999969482422,41.415000915527344,41.1150016784668,41.36000061035156,335187
2025-08-04 13:30:00+00:00,41.993900299072266,42.470001220703125,41.599998474121094,42.11000061035156,149522
2025-08-04 14:30:00+00:00,42.22999954223633,42.290000915527344,41.93000030517578,41.93000030517578,123063
2025-08-04 15:30:00+00:00,42.130001068115234,42.33000183105469,42.040000915527344,42.20000076293945,56004
2025-08-04 16:30:00+00:00,42.209999084472656,42.278099060058594,42.06999969482422,42.11000061035156,47772
2025-08-04 17:30:00+00:00,42.349998474121094,42.39780044555664,42.099998474121094,42.20500183105469,52902
2025-08-04 18:30:00+00:00,42.28499984741211,42.53049850463867,42.279998779296875,42.375,80802
2025-08-04 19:30:00+00:00,42.5099983215332,42.540000915527344,42.16999816894531,42.28499984741211,298048
2025-08-05 13:30:00+00:00,42.400001525878906,43.39500045776367,42.2599983215332,42.529998779296875,97342
2025-08-05 14:30:00+00:00,41.41999816894531,42.35499954223633,41.400001525878906,42.35499954223633,136141
2025-08-05 15:30:00+00:00,41.744998931884766,41.849998474121094,41.43000030517578,41.43000030517578,138858
2025-08-05 16:30:00+00:00,41.8650016784668,41.869998931884766,41.529998779296875,41.7400016784668,96667
2025-08-05 17:30:00+00:00,41.54499816894531,41.974998474121094,41.439998626708984,41.86000061035156,137528
2025-08-05 18:30:00+00:00,41.775001525878906,41.79999923706055,41.47999954223633,41.529998779296875,159622
2025-08-05 19:30:00+00:00,41.93000030517578,42.04999923706055,41.748600006103516,41.775001525878906,301380
2025-08-06 13:30:00+00:00,42.09000015258789,43.0,41.75,42.720001220703125,132316
2025-08-06 14:30:00+00:00,42.220001220703125,42.342498779296875,41.959999084472656,42.099998474121094,152719
2025-08-06 15:30:00+00:00,42.02000045776367,42.25,41.95000076293945,42.22999954223633,100422
2025-08-06 16:30:00+00:00,42.18000030517578,42.18000030517578,41.6150016784668,41.994998931884766,138928
2025-08-06 17:30:00+00:00,42.00749969482422,42.25,41.880001068115234,42.16999816894531,147573
2025-08-06 18:30:00+00:00,42.0,42.130001068115234,41.939998626708984,42.0,197712
2025-08-06 19:30:00+00:00,42.130001068115234,42.13999938964844,41.95000076293945,42.0099983215332,351590
2025-08-07 13:30:00+00:00,41.5099983215332,42.349998474121094,41.290000915527344,42.0,279785
2025-08-07 14:30:00+00:00,40.95000076293945,41.869998931884766,40.65999984741211,41.54999923706055,364119
2025-08-07 15:30:00+00:00,41.349998474121094,41.400001525878906,40.90999984741211,40.95000076293945,167155
2025-08-07 16:30:00+00:00,41.0625,42.099998474121094,41.040000915527344,41.35499954223633,141272
2025-08-07 17:30:00+00:00,41.0099983215332,41.20000076293945,40.880001068115234,41.060001373291016,140104
2025-08-07 18:30:00+00:00,40.65999984741211,41.0,40.61000061035156,40.9900016784668,175075
2025-08-07 19:30:00+00:00,40.65999984741211,40.720001220703125,40.529998779296875,40.654998779296875,401588
2025-08-08 13:30:00+00:00,43.46500015258789,43.57080078125,41.0,41.40999984741211,273906
2025-08-08 14:30:00+00:00,44.38999938964844,44.415000915527344,43.31999969482422,43.470001220703125,272927
2025-08-08 15:30:00+00:00,44.07709884643555,44.380001068115234,43.90999984741211,44.380001068115234,203288
2025-08-08 16:30:00+00:00,44.689998626708984,44.7599983215332,44.0099983215332,44.08000183105469,457577
2025-08-08 17:30:00+00:00,44.65999984741211,44.849998474121094,44.09000015258789,44.709999084472656,395398
2025-08-08 18:30:00+00:00,44.400001525878906,44.82500076293945,44.33000183105469,44.650001525878906,460704
2025-08-08 19:30:00+00:00,44.34000015258789,44.7599983215332,44.189998626708984,44.395599365234375,955587
2025-08-11 13:30:00+00:00,45.75,46.349998474121094,44.75,45.650001525878906,664507
2025-08-11 14:30:00+00:00,45.04999923706055,45.81990051269531,44.68000030517578,45.81990051269531,320862
2025-08-11 15:30:00+00:00,45.25,45.380001068115234,44.86000061035156,45.060001373291016,244636
2025-08-11 16:30:00+00:00,44.48500061035156,45.23500061035156,44.45000076293945,45.224998474121094,414836
2025-08-11 17:30:00+00:00,44.375,44.59000015258789,44.34000015258789,44.48500061035156,196419
2025-08-11 18:30:00+00:00,43.79999923706055,44.599998474121094,43.779998779296875,44.400001525878906,289826
2025-08-11 19:30:00+00:00,43.369998931884766,43.84000015258789,43.189998626708984,43.779998779296875,468852
2025-08-12 13:30:00+00:00,46.13999938964844,46.25,45.01250076293945,45.209999084472656,370630
2025-08-12 14:30:00+00:00,47.040000915527344,47.13999938964844,45.900001525878906,46.17499923706055,513031
2025-08-12 15:30:00+00:00,47.400001525878906,47.86000061035156,46.779998779296875,47.02360153198242,279476
2025-08-12 16:30:00+00:00,47.189998626708984,47.630001068115234,47.184898376464844,47.439998626708984,210507
2025-08-12 17:30:00+00:00,47.494998931884766,47.63999938964844,47.04999923706055,47.23500061035156,190062
2025-08-12 18:30:00+00:00,47.32500076293945,47.75,46.970001220703125,47.529998779296875,362782
2025-08-12 19:30:00+00:00,46.81999969482422,47.5,46.70000076293945,47.31999969482422,701789
2025-08-13 13:30:00+00:00,47.68000030517578,48.459999084472656,47.0,47.32500076293945,387060
2025-08-13 14:30:00+00:00,47.10499954223633,47.91999816894531,47.05500030517578,47.709999084472656,371429
2025-08-13 15:30:00+00:00,47.63999938964844,47.66999816894531,46.900001525878906,47.06999969482422,219023
2025-08-13 16:30:00+00:00,47.310001373291016,47.7400016784668,47.209999084472656,47.61000061035156,345380
2025-08-13 17:30:00+00:00,47.095001220703125,47.345001220703125,47.040000915527344,47.345001220703125,113177
2025-08-13 18:30:00+00:00,46.83399963378906,47.13999938964844,46.79999923706055,47.099998474121094,154833
2025-08-13 19:30:00+00:00,46.970001220703125,47.31999969482422,46.83000183105469,46.83000183105469,267510
2025-08-14 13:30:00+00:00,46.650001525878906,47.26369857788086,46.08000183105469,46.41999816894531,388638
2025-08-14 14:30:00+00:00,46.40999984741211,46.939998626708984,46.380001068115234,46.724998474121094,340059
2025-08-14 15:30:00+00:00,46.349998474121094,47.0,46.119998931884766,46.43000030517578,381890
2025-08-14 16:30:00+00:00,46.80500030517578,46.83000183105469,46.16999816894531,46.31999969482422,243722
2025-08-14 17:30:00+00:00,46.654998779296875,46.8849983215332,46.459999084472656,46.80500030517578,318568
2025-08-14 18:30:00+00:00,46.369998931884766,46.689998626708984,46.36000061035156,46.650001525878906,358595
2025-08-14 19:30:00+00:00,46.65999984741211,47.04999923706055,46.279998779296875,46.36470031738281,598340
2025-08-15 13:30:00+00:00,45.41999816894531,46.130001068115234,42.83000183105469,43.16999816894531,1699395
2025-08-15 14:30:00+00:00,44.025001525878906,45.5099983215332,43.91999816894531,45.369998931884766,1005295
2025-08-15 15:30:00+00:00,45.220001220703125,45.25,44.06999969482422,44.119998931884766,720603
2025-08-15 16:30:00+00:00,44.83000183105469,45.56999969482422,44.54999923706055,45.189998626708984,408322
2025-08-15 17:30:00+00:00,44.689998626708984,44.9900016784668,44.397499084472656,44.84000015258789,497419
2025-08-15 18:30:00+00:00,45.0099983215332,45.040000915527344,44.314998626708984,44.68000030517578,778129
2025-08-15 19:30:00+00:00,44.5099983215332,45.25,44.5099983215332,45.02000045776367,1258801
2025-08-18 13:30:00+00:00,45.5099983215332,45.84000015258789,44.25,44.25,377457
2025-08-18 14:30:00+00:00,45.310001373291016,45.4900016784668,44.650001525878906,45.38999938964844,204104
2025-08-18 15:30:00+00:00,45.40999984741211,45.470001220703125,45.150001525878906,45.290000915527344,243306
2025-08-18 16:30:00+00:00,45.22999954223633,45.470001220703125,44.540000915527344,45.380001068115234,166212
2025-08-18 17:30:00+00:00,45.25,45.36000061035156,44.844200134277344,45.185001373291016,140865
2025-08-18 18:30:00+00:00,45.63999938964844,45.75,45.029998779296875,45.279998779296875,399465
2025-08-18 19:30:00+00:00,45.48099899291992,45.83000183105469,45.34000015258789,45.654998779296875,520313
2025-08-19 13:30:00+00:00,46.040000915527344,46.5,45.540000915527344,46.22999954223633,194063
2025-08-19 14:30:00+00:00,45.40999984741211,46.09000015258789,45.08000183105469,46.040000915527344,160954
2025-08-19 15:30:00+00:00,45.040000915527344,45.5099983215332,44.91999816894531,45.31999969482422,152935
2025-08-19 16:30:00+00:00,44.599998474121094,45.11000061035156,44.470001220703125,45.01499938964844,201557
2025-08-19 17:30:00+00:00,44.71500015258789,44.88999938964844,44.435001373291016,44.606300354003906,201986
2025-08-19 18:30:00+00:00,44.560001373291016,44.849998474121094,44.27000045776367,44.709999084472656,312570
2025-08-19 19:30:00+00:00,44.720001220703125,44.939998626708984,44.2599983215332,44.5724983215332,581569
2025-08-20 13:30:00+00:00,43.64500045776367,45.0,43.20159912109375,44.86000061035156,273513
2025-08-20 14:30:00+00:00,43.939998626708984,44.0,43.209999084472656,43.6349983215332,190657
2025-08-20 15:30:00+00:00,44.10499954223633,44.189998626708984,43.66999816894531,43.939998626708984,157379
2025-08-20 16:30:00+00:00,44.10499954223633,44.130001068115234,43.81999969482422,44.06999969482422,117399
2025-08-20 17:30:00+00:00,43.83000183105469,44.400001525878906,43.720001220703125,44.150001525878906,97334
2025-08-20 18:30:00+00:00,44.0,44.060001373291016,43.720001220703125,43.849998474121094,137319
2025-08-20 19:30:00+00:00,44.400001525878906,44.41999816894531,43.849998474121094,43.970001220703125,327994
2025-08-21 13:30:00+00:00,44.810699462890625,44.880001068115234,43.560001373291016,43.869998931884766,125087
2025-08-21 14:30:00+00:00,45.130001068115234,45.220001220703125,44.529998779296875,44.88999938964844,147996
2025-08-21 15:30:00+00:00,44.47999954223633,45.25,44.47999954223633,45.13999938964844,168108
2025-08-21 16:30:00+00:00,44.68069839477539,44.790000915527344,44.41999816894531,44.5,151070
2025-08-21 17:30:00+00:00,44.81999969482422,44.9900016784668,44.705101013183594,44.705101013183594,106328
2025-08-21 18:30:00+00:00,44.91999816894531,45.04999923706055,44.7599983215332,44.79999923706055,168248
2025-08-21 19:30:00+00:00,45.505001068115234,45.599998474121094,44.79999923706055,44.93000030517578,484590
2025-08-22 13:30:00+00:00,46.55500030517578,47.189998626708984,45.6349983215332,46.11000061035156,399851
2025-08-22 14:30:00+00:00,46.72999954223633,47.040000915527344,46.40999984741211,46.5099983215332,352529
2025-08-22 15:30:00+00:00,46.15999984741211,46.7599983215332,46.14500045776367,46.75,160295
2025-08-22 16:30:00+00:00,46.310001373291016,46.36000061035156,46.03499984741211,46.15999984741211,188211
2025-08-22 17:30:00+00:00,46.11000061035156,46.34000015258789,45.939998626708984,46.33000183105469,118088
2025-08-22 18:30:00+00:00,46.334999084472656,46.38999938964844,46.04999923706055,46.095001220703125,161701
2025-08-22 19:30:00+00:00,46.34000015258789,46.47999954223633,46.25,46.33760070800781,394496
2025-08-25 13:30:00+00:00,46.43000030517578,46.72999954223633,46.0099983215332,46.5,122062
2025-08-25 14:30:00+00:00,46.7400016784668,46.81999969482422,46.43000030517578,46.43000030517578,86797
2025-08-25 15:30:00+00:00,46.54999923706055,46.790000915527344,46.459999084472656,46.7400016784668,83077
2025-08-25 16:30:00+00:00,46.65999984741211,46.83000183105469,46.45000076293945,46.560001373291016,144787
2025-08-25 17:30:00+00:00,46.65999984741211,46.779998779296875,46.59000015258789,46.650001525878906,88907
2025-08-25 18:30:00+00:00,46.599998474121094,46.880001068115234,46.599998474121094,46.66999816894531,126521
2025-08-25 19:30:00+00:00,46.810001373291016,46.810001373291016,46.599998474121094,46.60499954223633,343390
2025-08-26 13:30:00+00:00,47.849998474121094,48.040000915527344,46.75,46.75,187138
2025-08-26 14:30:00+00:00,47.61000061035156,48.209999084472656,47.61000061035156,47.869998931884766,134322
2025-08-26 15:30:00+00:00,47.744998931884766,47.81999969482422,47.32500076293945,47.54999923706055,111488
2025-08-26 16:30:00+00:00,47.86000061035156,47.86000061035156,47.625,47.790000915527344,89750
2025-08-26 17:30:00+00:00,47.439998626708984,47.9900016784668,47.380001068115234,47.79999923706055,139474
2025-08-26 18:30:00+00:00,47.4900016784668,47.58000183105469,47.310001373291016,47.45000076293945,140048
2025-08-26 19:30:00+00:00,47.34000015258789,47.63999938964844,47.290000915527344,47.470001220703125,340448
2025-08-27 13:30:00+00:00,48.29999923706055,48.46989822387695,47.400001525878906,47.400001525878906,195107
2025-08-27 14:30:00+00:00,48.810001373291016,48.83000183105469,48.290000915527344,48.290000915527344,170089
2025-08-27 15:30:00+00:00,48.439998626708984,49.08000183105469,48.369998931884766,48.810001373291016,196158
2025-08-27 16:30:00+00:00,48.310001373291016,48.59000015258789,48.310001373291016,48.45000076293945,173307
2025-08-27 17:30:00+00:00,48.33000183105469,48.5,48.209999084472656,48.349998474121094,145099
2025-08-27 18:30:00+00:00,48.33000183105469,48.41999816894531,48.15999984741211,48.34000015258789,194677
2025-08-27 19:30:00+00:00,48.38999938964844,48.66999816894531,48.31999969482422,48.31999969482422,595070
2025-08-28 13:30:00+00:00,49.80500030517578,50.2599983215332,48.560001373291016,48.560001373291016,474628
2025-08-28 14:30:00+00:00,49.45500183105469,50.099998474121094,49.426998138427734,49.79999923706055,201650
2025-08-28 15:30:00+00:00,49.93000030517578,50.02000045776367,49.400001525878906,49.4900016784668,196137
2025-08-28 16:30:00+00:00,50.150001525878906,50.220001220703125,49.689998626708984,49.8849983215332,173204
2025-08-28 17:30:00+00:00,50.400001525878906,50.459999084472656,50.08000183105469,50.13999938964844,240848
2025-08-28 18:30:00+00:00,50.685001373291016,50.83000183105469,50.31999969482422,50.41999816894531,317860
2025-08-28 19:30:00+00:00,50.86000061035156,51.22999954223633,50.61000061035156,50.685001373291016,626258
2025-08-29 13:30:00+00:00,51.709999084472656,52.939998626708984,50.83000183105469,51.150001525878906,1279926
2025-08-29 14:30:00+00:00,51.2400016784668,51.959999084472656,50.81999969482422,51.57899856567383,643315
2025-08-29 15:30:00+00:00,51.255001068115234,51.619998931884766,50.91999816894531,51.27000045776367,219656
2025-08-29 16:30:00+00:00,51.45000076293945,51.47999954223633,51.099998474121094,51.22999954223633,136198
2025-08-29 17:30:00+00:00,51.79999923706055,51.97999954223633,51.290000915527344,51.45000076293945,307633
2025-08-29 18:30:00+00:00,51.9900016784668,52.06999969482422,51.5,51.79999923706055,298246
2025-08-29 19:30:00+00:00,52.540000915527344,52.70000076293945,51.900001525878906,51.9900016784668,802154
2025-09-02 13:30:00+00:00,51.415000915527344,51.70000076293945,50.06999969482422,51.0099983215332,289554
2025-09-02 14:30:00+00:00,50.939998626708984,51.44499969482422,50.73500061035156,51.400001525878906,134442
2025-09-02 15:30:00+00:00,50.939998626708984,51.279998779296875,50.79999923706055,50.915000915527344,119925
2025-09-02 16:30:00+00:00,51.345001220703125,51.345001220703125,50.79999923706055,50.9900016784668,134766
2025-09-02 17:30:00+00:00,51.150001525878906,51.369998931884766,51.029998779296875,51.349998474121094,142068
2025-09-02 18:30:00+00:00,51.27000045776367,51.349998474121094,50.90999984741211,51.13999938964844,240658
2025-09-02 19:30:00+00:00,51.040000915527344,51.29999923706055,50.84000015258789,51.279998779296875,501522
2025-09-03 13:30:00+00:00,52.0724983215332,52.372398376464844,50.650001525878906,51.76499938964844,189014
2025-09-03 14:30:00+00:00,51.849998474121094,52.32500076293945,51.5989990234375,51.9900016784668,158414
2025-09-03 15:30:00+00:00,52.1349983215332,52.17499923706055,51.70500183105469,51.845001220703125,95196
2025-09-03 16:30:00+00:00,52.209999084472656,52.310001373291016,51.97999954223633,52.099998474121094,88354
2025-09-03 17:30:00+00:00,52.349998474121094,52.439998626708984,52.02000045776367,52.209999084472656,127844
2025-09-03 18:30:00+00:00,52.54499816894531,52.77000045776367,52.185001373291016,52.34000015258789,321051
2025-09-03 19:30:00+00:00,53.0099983215332,53.224998474121094,52.54999923706055,52.54999923706055,459240
2025-09-04 13:30:00+00:00,57.59000015258789,59.400001525878906,55.54999923706055,55.66999816894531,2099582
2025-09-04 14:30:00+00:00,60.31999969482422,60.93000030517578,57.400001525878906,57.595001220703125,1558484
2025-09-04 15:30:00+00:00,59.56999969482422,60.75,59.36000061035156,60.37990188598633,1097329
2025-09-04 16:30:00+00:00,59.54999923706055,59.70000076293945,59.43000030517578,59.58000183105469,892751
2025-09-04 17:30:00+00:00,59.72999954223633,59.93000030517578,59.279998779296875,59.54999923706055,1022584
2025-09-04 18:30:00+00:00,61.334999084472656,61.83000183105469,59.470001220703125,59.72999954223633,1251667
2025-09-04 19:30:00+00:00,62.5099983215332,62.650001525878906,61.310001373291016,61.345001220703125,1766945
2025-09-05 13:30:00+00:00,66.0199966430664,67.77559661865234,65.20010375976562,65.58999633789062,3407704
2025-09-05 14:30:00+00:00,64.72000122070312,66.04000091552734,63.7400016784668,65.97000122070312,925105
2025-09-05 15:30:00+00:00,65.20999908447266,65.66000366210938,64.57599639892578,64.75,579468
2025-09-05 16:30:00+00:00,66.48999786376953,66.48999786376953,65.12999725341797,65.19999694824219,633047
2025-09-05 17:30:00+00:00,66.93000030517578,67.00250244140625,66.03500366210938,66.48999786376953,493219
2025-09-05 18:30:00+00:00,67.70999908447266,67.875,66.91999816894531,66.91999816894531,938919
2025-09-05 19:30:00+00:00,68.58999633789062,68.66999816894531,67.58000183105469,67.70500183105469,1495622
2025-09-08 13:30:00+00:00,69.01000213623047,70.5,68.00199890136719,68.6500015258789,1333517
2025-09-08 14:30:00+00:00,69.62999725341797,69.94999694824219,68.18000030517578,69.04499816894531,590526
2025-09-08 15:30:00+00:00,69.30000305175781,69.70999908447266,68.86000061035156,69.62999725341797,408937
2025-09-08 16:30:00+00:00,69.44499969482422,69.95999908447266,69.03500366210938,69.2699966430664,500881
2025-09-08 17:30:00+00:00,69.51000213623047,69.69999694824219,69.18000030517578,69.4749984741211,463623
2025-09-08 18:30:00+00:00,70.322998046875,71.0,69.50499725341797,69.52999877929688,1165003
2025-09-08 19:30:00+00:00,70.4800033569336,70.98999786376953,70.26499938964844,70.32499694824219,980240
2025-09-09 13:30:00+00:00,70.4000015258789,71.4000015258789,69.62999725341797,70.26000213623047,723751
2025-09-09 14:30:00+00:00,70.5999984741211,70.69629669189453,69.5999984741211,70.38999938964844,472307
2025-09-09 15:30:00+00:00,70.80999755859375,70.9800033569336,70.37000274658203,70.56500244140625,209276
2025-09-09 16:30:00+00:00,70.45999908447266,70.81500244140625,70.30999755859375,70.80999755859375,189747
2025-09-09 17:30:00+00:00,70.55999755859375,70.71499633789062,69.56999969482422,70.44000244140625,380024
2025-09-09 18:30:00+00:00,70.41500091552734,70.65499877929688,69.9800033569336,70.54000091552734,446835
2025-09-09 19:30:00+00:00,70.5,70.75,70.33499908447266,70.41999816894531,618945
2025-09-10 13:30:00+00:00,73.08000183105469,74.0,72.03450012207031,72.45999908447266,905436
2025-09-10 14:30:00+00:00,73.29000091552734,73.56999969482422,72.79000091552734,73.05000305175781,343905
2025-09-10 15:30:00+00:00,73.30500030517578,73.69000244140625,72.9749984741211,73.25499725341797,337628
2025-09-10 16:30:00+00:00,73.31500244140625,73.61000061035156,73.18499755859375,73.27999877929688,303186
2025-09-10 17:30:00+00:00,72.70500183105469,73.55000305175781,72.63999938964844,73.30000305175781,543382
2025-09-10 18:30:00+00:00,72.69999694824219,73.16000366210938,72.48999786376953,72.66000366210938,483986
2025-09-10 19:30:00+00:00,73.86000061035156,74.48999786376953,72.68000030517578,72.69499969482422,889785
2025-09-11 13:30:00+00:00,84.30999755859375,85.88999938964844,81.37999725341797,81.83000183105469,4186925
2025-09-11 14:30:00+00:00,84.08999633789062,84.82969665527344,83.51000213623047,84.26000213623047,139247
2025-09-11 15:30:00+00:00,83.36250305175781,84.40460205078125,83.08000183105469,84.0999984741211,2015504
2025-09-11 16:30:00+00:00,83.51000213623047,84.02999877929688,83.31999969482422,83.36499786376953,482305
2025-09-11 17:30:00+00:00,82.66999816894531,83.95999908447266,82.4800033569336,83.55500030517578,590028
2025-09-11 18:30:00+00:00,83.02999877929688,83.2699966430664,82.22000122070312,82.70999908447266,904308
2025-09-11 19:30:00+00:00,84.30999755859375,84.47000122070312,82.99500274658203,83.02999877929688,1255831
2025-09-12 13:30:00+00:00,84.19000244140625,85.63999938964844,83.9000015258789,85.30999755859375,1457289
2025-09-12 14:30:00+00:00,82.81749725341797,84.44000244140625,82.27999877929688,84.16000366210938,729840
2025-09-12 15:30:00+00:00,83.75,83.90499877929688,82.47000122070312,82.90499877929688,559346
2025-09-12 16:30:00+00:00,84.30999755859375,84.69999694824219,83.71499633789062,83.71499633789062,359631
2025-09-12 17:30:00+00:00,85.87999725341797,86.62000274658203,84.2177963256836,84.31500244140625,559409
2025-09-12 18:30:00+00:00,86.29280090332031,86.58999633789062,85.6500015258789,85.91500091552734,738701
2025-09-12 19:30:00+00:00,86.12000274658203,86.95999908447266,85.87999725341797,86.28500366210938,873553
2025-09-15 13:30:00+00:00,89.66000366210938,90.23989868164062,85.12000274658203,85.20999908447266,1918198
2025-09-15 14:30:00+00:00,90.08999633789062,91.25,88.70999908447266,89.7699966430664,1796672
2025-09-15 15:30:00+00:00,90.75,91.08000183105469,89.93499755859375,90.13999938964844,550310
2025-09-15 16:30:00+00:00,91.23999786376953,91.23999786376953,90.20999908447266,90.69999694824219,671504
2025-09-15 17:30:00+00:00,91.69999694824219,91.8949966430664,90.81999969482422,91.17949676513672,634542
2025-09-15 18:30:00+00:00,91.16500091552734,92.05500030517578,90.66999816894531,91.69999694824219,764247
2025-09-15 19:30:00+00:00,90.08000183105469,91.30999755859375,89.97000122070312,91.20999908447266,1226097
2025-09-16 13:30:00+00:00,90.37000274658203,93.12999725341797,90.01000213623047,90.1405029296875,2043807
2025-09-16 14:30:00+00:00,90.83999633789062,90.88379669189453,89.55999755859375,90.33000183105469,744730
2025-09-16 15:30:00+00:00,90.79000091552734,90.88999938964844,90.08000183105469,90.83999633789062,640797
2025-09-16 16:30:00+00:00,91.61000061035156,92.5,90.55000305175781,90.78500366210938,618099
2025-09-16 17:30:00+00:00,91.62000274658203,92.24510192871094,91.52999877929688,91.58000183105469,390494
2025-09-16 18:30:00+00:00,91.6500015258789,92.21499633789062,91.42009735107422,91.65499877929688,463564
2025-09-16 19:30:00+00:00,91.52999877929688,92.05000305175781,91.2699966430664,91.6500015258789,784730
2025-09-17 13:30:00+00:00,91.40550231933594,92.20999908447266,90.4000015258789,90.7750015258789,951331
2025-09-17 14:30:00+00:00,90.8499984741211,91.66000366210938,90.80999755859375,91.48999786376953,579472
2025-09-17 15:30:00+00:00,91.66000366210938,91.94000244140625,90.8499984741211,90.86499786376953,368061
2025-09-17 16:30:00+00:00,91.87000274658203,91.94000244140625,91.26499938964844,91.72000122070312,313587
2025-09-17 17:30:00+00:00,92.25,93.43840026855469,90.97000122070312,91.88999938964844,1179610
2025-09-17 18:30:00+00:00,94.19000244140625,94.72000122070312,90.22000122070312,92.25,1382429
2025-09-17 19:30:00+00:00,93.9800033569336,94.80999755859375,93.77999877929688,94.23500061035156,796045
2025-09-18 13:30:00+00:00,100.55999755859375,100.87999725341797,96.85810089111328,97.30000305175781,2957431
2025-09-18 14:30:00+00:00,101.08999633789062,101.42990112304688,99.81999969482422,100.5199966430664,1194340
2025-09-18 15:30:00+00:00,100.69000244140625,102.93000030517578,100.38500213623047,101.16000366210938,1234165
2025-09-18 16:30:00+00:00,101.4000015258789,102.08000183105469,100.36000061035156,100.75,691614
2025-09-18 17:30:00+00:00,100.71499633789062,101.41000366210938,99.66000366210938,101.4000015258789,653780
2025-09-18 18:30:00+00:00,99.69000244140625,100.93000030517578,99.68000030517578,100.69000244140625,621583
2025-09-18 19:30:00+00:00,98.88999938964844,100.19999694824219,98.5,99.71499633789062,1124000
2025-09-19 13:30:00+00:00,98.0,99.37000274658203,96.72000122070312,97.58000183105469,1361590
2025-09-19 14:30:00+00:00,98.94999694824219,98.94999694824219,97.72000122070312,98.06999969482422,523907
2025-09-19 15:30:00+00:00,100.11499786376953,100.28019714355469,98.8499984741211,98.8949966430664,548654
2025-09-19 16:30:00+00:00,101.27999877929688,101.44999694824219,100.1050033569336,100.1050033569336,358265
2025-09-19 17:30:00+00:00,102.30999755859375,102.70999908447266,101.25,101.27999877929688,367127
2025-09-19 18:30:00+00:00,102.82499694824219,102.97000122070312,102.02999877929688,102.30000305175781,539279
2025-09-19 19:30:00+00:00,102.25,102.96499633789062,102.08999633789062,102.83000183105469,605307
2025-09-22 13:30:00+00:00,104.2300033569336,108.80000305175781,102.01000213623047,105.62000274658203,2593761
2025-09-22 14:30:00+00:00,102.73999786376953,104.5199966430664,101.58999633789062,104.23999786376953,827528
2025-09-22 15:30:00+00:00,104.3949966430664,104.86990356445312,102.61000061035156,102.77999877929688,626082
2025-09-22 16:30:00+00:00,103.31999969482422,104.88999938964844,103.28500366210938,104.46499633789062,565205
2025-09-22 17:30:00+00:00,101.77999877929688,103.94000244140625,101.5999984741211,103.36000061035156,414469
2025-09-22 18:30:00+00:00,104.12999725341797,104.77999877929688,101.62000274658203,101.75,1137172
2025-09-22 19:30:00+00:00,102.94000244140625,104.1500015258789,102.66000366210938,104.1500015258789,980710
2025-09-23 13:30:00+00:00,105.69999694824219,109.55000305175781,104.69999694824219,105.0,1755032
2025-09-23 14:30:00+00:00,107.23500061035156,107.37000274658203,105.4000015258789,105.80599975585938,774904
2025-09-23 15:30:00+00:00,109.27999877929688,109.43000030517578,107.0999984741211,107.19000244140625,480850
2025-09-23 16:30:00+00:00,109.12999725341797,110.20999908447266,108.91500091552734,109.24500274658203,395973
2025-09-23 17:30:00+00:00,106.8499984741211,109.22000122070312,105.9000015258789,109.11499786376953,670069
2025-09-23 18:30:00+00:00,106.38999938964844,107.66999816894531,106.37000274658203,106.86000061035156,2107511
2025-09-23 19:30:00+00:00,106.41999816894531,106.73999786376953,105.87999725341797,106.44000244140625,974971
2025-09-24 13:30:00+00:00,105.2300033569336,107.72000122070312,101.69999694824219,103.55500030517578,1854217
2025-09-24 14:30:00+00:00,103.9800033569336,106.47989654541016,103.55000305175781,105.23999786376953,524766
2025-09-24 15:30:00+00:00,98.63999938964844,104.08999633789062,98.12000274658203,104.04499816894531,2217510
2025-09-24 16:30:00+00:00,100.16000366210938,100.79000091552734,98.37999725341797,98.63999938964844,710146
2025-09-24 17:30:00+00:00,99.23999786376953,100.8594970703125,96.63130187988281,100.19499969482422,949844
2025-09-24 18:30:00+00:00,98.83999633789062,99.88990020751953,98.66000366210938,99.36000061035156,555458
2025-09-24 19:30:00+00:00,99.87999725341797,99.95999908447266,97.88999938964844,98.79499816894531,1171594
2025-09-25 13:30:00+00:00,97.79000091552734,100.44999694824219,94.62999725341797,95.91000366210938,2582632
2025-09-25 14:30:00+00:00,97.02999877929688,99.3499984741211,96.88999938964844,97.69249725341797,659570
2025-09-25 15:30:00+00:00,96.81999969482422,98.48999786376953,96.44000244140625,97.03500366210938,508549
2025-09-25 16:30:00+00:00,96.06999969482422,97.2925033569336,95.51000213623047,96.69999694824219,553009
2025-09-25 17:30:00+00:00,95.27999877929688,96.04000091552734,94.779296875,96.04000091552734,635994
2025-09-25 18:30:00+00:00,95.60710144042969,96.98999786376953,95.06999969482422,95.27999877929688,613678
2025-09-25 19:30:00+00:00,94.26000213623047,95.62999725341797,93.53500366210938,95.6050033569336,1544459
2025-09-26 13:30:00+00:00,94.66999816894531,99.64620208740234,94.55999755859375,96.0,1594602
2025-09-26 14:30:00+00:00,95.63999938964844,96.29000091552734,94.38999938964844,94.66000366210938,776436
2025-09-26 15:30:00+00:00,96.0250015258789,96.6500015258789,95.41000366210938,95.63999938964844,365613
2025-09-26 16:30:00+00:00,96.875,97.09989929199219,95.88099670410156,96.05000305175781,194379
2025-09-26 17:30:00+00:00,96.7249984741211,97.13999938964844,96.42500305175781,96.91999816894531,191009
2025-09-26 18:30:00+00:00,96.27999877929688,96.7249984741211,95.81999969482422,96.7249984741211,252207
2025-09-26 19:30:00+00:00,97.19000244140625,97.5,96.22000122070312,96.27999877929688,602304
2025-09-29 13:30:00+00:00,110.76000213623047,111.9800033569336,103.3479995727539,104.25,3011654
2025-09-29 14:30:00+00:00,110.69000244140625,112.36000061035156,109.5,110.69000244140625,1524176
2025-09-29 15:30:00+00:00,112.41999816894531,112.71019744873047,110.22000122070312,110.73999786376953,777782
2025-09-29 16:30:00+00:00,112.1978988647461,113.4000015258789,111.09120178222656,112.3949966430664,693625
2025-09-29 17:30:00+00:00,113.33000183105469,113.58999633789062,111.44499969482422,112.17500305175781,608525
2025-09-29 18:30:00+00:00,111.94999694824219,113.8499984741211,111.69000244140625,113.40989685058594,1036785
2025-09-29 19:30:00+00:00,113.50630187988281,114.0,111.83499908447266,111.9749984741211,929862
2025-09-30 13:30:00+00:00,117.75,120.73999786376953,113.51000213623047,114.0,3023961
2025-09-30 14:30:00+00:00,114.69000244140625,119.02999877929688,114.43000030517578,117.80999755859375,1194147
2025-09-30 15:30:00+00:00,112.95010375976562,114.80999755859375,112.36000061035156,114.77999877929688,673049
2025-09-30 16:30:00+00:00,113.23999786376953,114.0,112.80999755859375,112.98500061035156,322554
2025-09-30 17:30:00+00:00,114.08000183105469,114.99800109863281,112.63739776611328,113.19999694824219,497844
2025-09-30 18:30:00+00:00,113.0999984741211,114.08499908447266,112.20999908447266,114.06999969482422,875873
2025-09-30 19:30:00+00:00,112.12999725341797,113.39990234375,112.11399841308594,113.0999984741211,653657
2025-10-01 13:30:00+00:00,120.88999938964844,120.98999786376953,112.0000991821289,113.05999755859375,2100719
2025-10-01 14:30:00+00:00,120.5,122.18000030517578,119.0999984741211,120.88500213623047,1453593
2025-10-01 15:30:00+00:00,123.21990203857422,123.2300033569336,120.2300033569336,120.57499694824219,789236
2025-10-01 16:30:00+00:00,123.4800033569336,123.8499984741211,122.61000061035156,123.1500015258789,566237
2025-10-01 17:30:00+00:00,122.2300033569336,123.44999694824219,121.74500274658203,123.41999816894531,2850728
2025-10-01 18:30:00+00:00,121.37999725341797,122.5250015258789,121.05000305175781,122.33499908447266,792925
2025-10-01 19:30:00+00:00,121.19999694824219,121.73999786376953,120.30999755859375,121.37999725341797,988491
2025-10-02 13:30:00+00:00,127.67500305175781,132.2899932861328,125.0,128.69000244140625,4753415
2025-10-02 14:30:00+00:00,124.70999908447266,127.81999969482422,124.1500015258789,127.67500305175781,1313314
2025-10-02 15:30:00+00:00,126.2300033569336,126.2300033569336,123.26000213623047,124.79000091552734,765620
2025-10-02 16:30:00+00:00,126.0199966430664,126.58000183105469,125.5,126.16000366210938,401520
2025-10-02 17:30:00+00:00,124.9800033569336,126.33000183105469,124.65010070800781,125.98999786376953,442421
2025-10-02 18:30:00+00:00,124.41999816894531,125.0999984741211,124.06999969482422,124.95999908447266,457605
2025-10-02 19:30:00+00:00,124.1498031616211,124.61000061035156,123.87999725341797,124.44000244140625,636532
2025-10-03 13:30:00+00:00,134.58999633789062,136.6699981689453,126.96009826660156,128.49940490722656,3702085
2025-10-03 14:30:00+00:00,136.34500122070312,136.77999877929688,134.0,134.35000610351562,1377529
2025-10-03 15:30:00+00:00,134.5050048828125,136.66000366210938,133.19749450683594,136.48789978027344,970489
2025-10-03 16:30:00+00:00,130.3350067138672,134.81590270996094,130.21009826660156,134.49000549316406,631133
2025-10-03 17:30:00+00:00,130.07000732421875,130.5,126.70999908447266,130.2436981201172,1293095
2025-10-03 18:30:00+00:00,128.0500030517578,130.10000610351562,127.81999969482422,130.07000732421875,634222
2025-10-03 19:30:00+00:00,128.4600067138672,128.6699981689453,127.22000122070312,128.0500030517578,1027442
2025-10-06 13:30:00+00:00,120.6780014038086,134.7899932861328,120.33000183105469,132.0500030517578,3466642
2025-10-06 14:30:00+00:00,122.5999984741211,124.9800033569336,119.29000091552734,120.6500015258789,2041317
2025-10-06 15:30:00+00:00,123.94499969482422,124.40499877929688,122.5199966430664,122.58999633789062,912791
2025-10-06 16:30:00+00:00,124.65499877929688,125.44000244140625,123.7300033569336,123.94000244140625,496462
2025-10-06 17:30:00+00:00,124.20999908447266,125.66000366210938,123.66000366210938,124.69999694824219,670136
2025-10-06 18:30:00+00:00,123.05999755859375,124.58999633789062,122.5,124.20999908447266,645842
2025-10-06 19:30:00+00:00,121.0999984741211,124.0,121.0,123.05999755859375,896695
2025-10-07 13:30:00+00:00,119.68000030517578,125.19999694824219,119.0999984741211,125.04100036621094,1709101
2025-10-07 14:30:00+00:00,118.18499755859375,120.30000305175781,117.91500091552734,119.7300033569336,1300659
2025-10-07 15:30:00+00:00,116.81500244140625,118.36000061035156,115.69999694824219,118.13999938964844,1198562
2025-10-07 16:30:00+00:00,119.29759979248047,119.5999984741211,116.83999633789062,116.87999725341797,646221
2025-10-07 17:30:00+00:00,119.76000213623047,120.45999908447266,118.88999938964844,119.375,332047
2025-10-07 18:30:00+00:00,121.91000366210938,122.66500091552734,119.5999984741211,119.79000091552734,556488
2025-10-07 19:30:00+00:00,120.87000274658203,121.98999786376953,120.78500366210938,121.87000274658203,619156
2025-10-08 13:30:00+00:00,124.18499755859375,128.97999572753906,120.19999694824219,121.5,2157186
2025-10-08 14:30:00+00:00,127.11000061035156,127.4000015258789,124.08999633789062,124.37560272216797,668397
2025-10-08 15:30:00+00:00,127.41999816894531,128.7657928466797,126.5999984741211,127.12000274658203,553116
2025-10-08 16:30:00+00:00,127.93000030517578,128.0,127.04550170898438,127.42500305175781,362918
2025-10-08 17:30:00+00:00,130.52999877929688,131.0,127.79000091552734,127.83000183105469,830166
2025-10-08 18:30:00+00:00,130.8350067138672,131.7799072265625,129.3699951171875,130.52999877929688,794299
2025-10-08 19:30:00+00:00,131.8800048828125,132.27999877929688,130.75,130.8350067138672,964125
2025-10-09 13:30:00+00:00,127.77010345458984,131.60499572753906,126.12629699707031,127.0,1272076
2025-10-09 14:30:00+00:00,127.54000091552734,130.97999572753906,127.27999877929688,127.78099822998047,549514
2025-10-09 15:30:00+00:00,129.9199981689453,130.0800018310547,127.57369995117188,127.75499725341797,252738
2025-10-09 16:30:00+00:00,127.8499984741211,130.0399932861328,127.23999786376953,129.9499969482422,418597
2025-10-09 17:30:00+00:00,128.41000366210938,128.9499969482422,127.73999786376953,127.87169647216797,199381
2025-10-09 18:30:00+00:00,128.77499389648438,129.11500549316406,128.11000061035156,128.25,283896
2025-10-09 19:30:00+00:00,129.77000427246094,130.08999633789062,128.6999969482422,128.82000732421875,367075
2025-10-10 13:30:00+00:00,126.44999694824219,132.0,125.63999938964844,131.5749969482422,1117051
2025-10-10 14:30:00+00:00,121.06999969482422,128.2949981689453,120.16000366210938,126.56500244140625,1324285
2025-10-10 15:30:00+00:00,119.69000244140625,122.62000274658203,118.01000213623047,121.06999969482422,1698681
2025-10-10 16:30:00+00:00,120.12000274658203,120.5199966430664,117.50309753417969,119.77999877929688,1151033
2025-10-10 17:30:00+00:00,119.30999755859375,120.69999694824219,118.52010345458984,120.16999816894531,543667
2025-10-10 18:30:00+00:00,117.51499938964844,119.53500366210938,117.32099914550781,119.51499938964844,537549
2025-10-10 19:30:00+00:00,116.91500091552734,119.58999633789062,116.16999816894531,117.52999877929688,1153850
2025-10-13 13:30:00+00:00,130.22340393066406,131.2449951171875,124.04750061035156,129.5,3127839
2025-10-13 14:30:00+00:00,131.0500030517578,132.10000610351562,129.42999267578125,130.1199951171875,1337750
2025-10-13 15:30:00+00:00,133.84500122070312,133.97999572753906,129.67999267578125,130.97000122070312,764001
2025-10-13 16:30:00+00:00,134.77499389648438,135.91000366210938,133.30999755859375,133.79849243164062,821532
2025-10-13 17:30:00+00:00,135.75999450683594,135.8699951171875,134.28500366210938,134.8538055419922,339467
2025-10-13 18:30:00+00:00,132.61500549316406,135.8800048828125,132.57000732421875,135.75999450683594,724992
2025-10-13 19:30:00+00:00,134.42999267578125,135.0,131.02000427246094,132.5778045654297,905878
2025-10-14 13:30:00+00:00,125.96499633789062,126.80000305175781,120.95999908447266,123.33999633789062,3001015
2025-10-14 14:30:00+00:00,125.83000183105469,127.26000213623047,123.5199966430664,125.96499633789062,1186896
2025-10-14 15:30:00+00:00,128.78500366210938,128.89999389648438,125.51000213623047,125.77999877929688,630895
2025-10-14 16:30:00+00:00,130.07000732421875,130.47999572753906,128.0,128.78500366210938,728183
2025-10-14 17:30:00+00:00,129.2449951171875,130.1999969482422,128.6199951171875,130.14430236816406,363772
2025-10-14 18:30:00+00:00,129.86279296875,130.27000427246094,128.7100067138672,129.32000732421875,461179
2025-10-14 19:30:00+00:00,127.27999877929688,129.83999633789062,126.625,129.83999633789062,532695
2025-10-15 13:30:00+00:00,138.8699951171875,138.8800048828125,130.50010681152344,134.75,2075942
2025-10-15 14:30:00+00:00,141.46499633789062,142.49000549316406,136.4600067138672,138.60009765625,2055453
2025-10-15 15:30:00+00:00,144.14999389648438,144.5500030517578,138.08999633789062,141.46499633789062,1483618
2025-10-15 16:30:00+00:00,138.72999572753906,144.07000732421875,135.30999755859375,144.07000732421875,1137316
2025-10-15 17:30:00+00:00,140.92999267578125,141.9897003173828,138.52999877929688,138.92999267578125,439844
2025-10-15 18:30:00+00:00,142.5,142.9698944091797,140.72999572753906,140.92999267578125,412930
2025-10-15 19:30:00+00:00,144.35000610351562,144.36000061035156,142.10000610351562,142.51499938964844,672898
2025-10-16 13:30:00+00:00,147.1300048828125,148.85000610351562,141.6999969482422,146.0,1945380
2025-10-16 14:30:00+00:00,145.33999633789062,148.44000244140625,144.89999389648438,146.8699951171875,871559
2025-10-16 15:30:00+00:00,142.75,147.49000549316406,142.39999389648438,145.2899932861328,920537
2025-10-16 16:30:00+00:00,148.27999877929688,148.34530639648438,141.74000549316406,142.75,831416
2025-10-16 17:30:00+00:00,144.11099243164062,149.08999633789062,143.7949981689453,148.27999877929688,584402
2025-10-16 18:30:00+00:00,145.39259338378906,147.07000732421875,143.61000061035156,144.24000549316406,449170
2025-10-16 19:30:00+00:00,144.27000427246094,146.1300048828125,144.07870483398438,145.63999938964844,493594
2025-10-17 13:30:00+00:00,146.21499633789062,150.82000732421875,139.1699981689453,139.17010498046875,2840947
2025-10-17 14:30:00+00:00,136.7100067138672,147.0800018310547,136.2899932861328,146.27999877929688,2139032
2025-10-17 15:30:00+00:00,139.75,140.49000549316406,136.69000244140625,136.6999969482422,1142339
2025-10-17 16:30:00+00:00,139.02000427246094,140.45989990234375,137.97000122070312,139.69000244140625,507709
2025-10-17 17:30:00+00:00,141.38999938964844,141.85000610351562,138.7899932861328,138.91000366210938,354669
2025-10-17 18:30:00+00:00,142.21499633789062,142.8699951171875,141.1199951171875,141.47000122070312,359998
2025-10-17 19:30:00+00:00,140.24000549316406,142.69749450683594,139.8000030517578,142.21499633789062,670348
2025-10-20 13:30:00+00:00,149.08999633789062,152.6199951171875,145.5,145.97999572753906,2194247
2025-10-20 14:30:00+00:00,152.44000244140625,152.6300048828125,148.1020050048828,149.1300048828125,1045957
2025-10-20 15:30:00+00:00,148.24000549316406,152.61000061035156,148.10000610351562,152.61000061035156,1364656
2025-10-20 16:30:00+00:00,149.97000122070312,150.3699951171875,146.25,148.24000549316406,635494
2025-10-20 17:30:00+00:00,150.25250244140625,151.24000549316406,149.6999969482422,149.83999633789062,325769
2025-10-20 18:30:00+00:00,149.64999389648438,150.7899932861328,149.19000244140625,150.18499755859375,476346
2025-10-20 19:30:00+00:00,148.10000610351562,149.90499877929688,147.91000366210938,149.67999267578125,453242
2025-10-21 13:30:00+00:00,145.13999938964844,148.8000030517578,143.01010131835938,145.83999633789062,1349736
2025-10-21 14:30:00+00:00,145.9600067138672,146.3300018310547,142.75999450683594,145.1300048828125,677454
2025-10-21 15:30:00+00:00,148.4739990234375,148.47999572753906,144.5500030517578,145.9199981689453,375877
2025-10-21 16:30:00+00:00,146.13499450683594,148.75,145.8000030517578,148.4499969482422,283117
2025-10-21 17:30:00+00:00,148.1699981689453,148.3000030517578,146.30999755859375,146.30999755859375,190710
2025-10-21 18:30:00+00:00,148.3300018310547,149.63909912109375,148.0800018310547,148.2028045654297,367413
2025-10-21 19:30:00+00:00,149.3300018310547,150.16000366210938,148.14999389648438,148.28500366210938,443201
2025-10-22 13:30:00+00:00,149.63999938964844,157.3800048828125,145.3699951171875,149.10000610351562,2563027
2025-10-22 14:30:00+00:00,146.22000122070312,149.97000122070312,144.82000732421875,149.32000732421875,1541965
2025-10-22 15:30:00+00:00,147.81500244140625,150.47030639648438,145.02999877929688,146.16000366210938,728745
2025-10-22 16:30:00+00:00,147.36000061035156,149.64999389648438,145.65089416503906,147.81500244140625,556306
2025-10-22 17:30:00+00:00,146.50999450683594,147.56500244140625,145.0,146.97999572753906,497225
2025-10-22 18:30:00+00:00,147.26499938964844,148.4080047607422,145.5,146.4600067138672,739950
2025-10-22 19:30:00+00:00,146.85000610351562,148.25999450683594,146.6199951171875,147.38499450683594,600626
2025-10-23 13:30:00+00:00,160.9499969482422,163.0399932861328,146.0,146.3300018310547,3428858
2025-10-23 14:30:00+00:00,163.19000244140625,166.5,160.89999389648438,160.89999389648438,1835257
2025-10-23 15:30:00+00:00,166.73500061035156,166.8800048828125,163.1750030517578,163.33999633789062,889857
2025-10-23 16:30:00+00:00,165.610107421875,167.2248992919922,164.63999938964844,166.8800048828125,590717
2025-10-23 17:30:00+00:00,165.38999938964844,166.6300048828125,164.80999755859375,165.74000549316406,414775
2025-10-23 18:30:00+00:00,167.25,167.4250030517578,165.0050048828125,165.38999938964844,522104
2025-10-23 19:30:00+00:00,167.16000366210938,167.9499969482422,166.60000610351562,167.30999755859375,888534
2025-10-24 13:30:00+00:00,181.5,183.5988006591797,173.5,174.1999969482422,4545852
2025-10-24 14:30:00+00:00,182.66810607910156,185.44000244140625,181.1999969482422,181.47999572753906,1668537
2025-10-24 15:30:00+00:00,183.77000427246094,184.44000244140625,182.11000061035156,182.6699981689453,631414
2025-10-24 16:30:00+00:00,184.3800048828125,184.92999267578125,182.3300018310547,183.75,625055
2025-10-24 17:30:00+00:00,184.7957000732422,185.11000061035156,182.80999755859375,184.3188934326172,625372
2025-10-24 18:30:00+00:00,185.8300018310547,186.27000427246094,184.360107421875,184.83990478515625,695453
2025-10-24 19:30:00+00:00,186.07000732421875,187.36000061035156,185.25999450683594,185.82000732421875,1037974
2025-10-27 13:30:00+00:00,179.80999755859375,191.80999755859375,176.10000610351562,191.79449462890625,4413721
2025-10-27 14:30:00+00:00,181.639892578125,182.8800048828125,178.0970001220703,179.7949981689453,1398536
2025-10-27 15:30:00+00:00,177.3800048828125,182.92300415039062,176.88600158691406,181.74000549316406,772500
2025-10-27 16:30:00+00:00,177.7899932861328,178.77000427246094,176.75,177.27999877929688,590034
2025-10-27 17:30:00+00:00,175.63999938964844,179.47999572753906,175.4259033203125,177.64999389648438,725697
2025-10-27 18:30:00+00:00,174.74000549316406,175.76499938964844,173.72000122070312,175.6999969482422,966726
2025-10-27 19:30:00+00:00,176.4636993408203,177.19000244140625,174.38999938964844,174.8000030517578,846766
2025-10-28 13:30:00+00:00,171.88999938964844,178.82000732421875,170.52999877929688,175.44000244140625,2334228
2025-10-28 14:30:00+00:00,166.61000061035156,172.47900390625,165.8000030517578,171.74000549316406,2095038
2025-10-28 15:30:00+00:00,172.0,172.39950561523438,164.55999755859375,166.61000061035156,1605402
2025-10-28 16:30:00+00:00,173.77999877929688,174.94000244140625,171.72000122070312,171.9490966796875,878683
2025-10-28 17:30:00+00:00,174.02999877929688,174.7899932861328,173.1750030517578,173.82000732421875,458563
2025-10-28 18:30:00+00:00,174.03500366210938,174.92999267578125,171.86000061035156,174.0,618895
2025-10-28 19:30:00+00:00,175.49000549316406,175.89999389648438,172.63999938964844,173.97000122070312,758615
2025-10-29 13:30:00+00:00,194.14500427246094,195.16000366210938,181.50999450683594,186.6199951171875,3060459
2025-10-29 14:30:00+00:00,194.71499633789062,196.0500030517578,192.32000732421875,194.0800018310547,1122317
2025-10-29 15:30:00+00:00,193.72999572753906,195.39999389648438,192.5540008544922,194.74000549316406,525488
2025-10-29 16:30:00+00:00,195.76010131835938,197.6063995361328,193.55999755859375,193.77000427246094,628075
2025-10-29 17:30:00+00:00,198.0500030517578,198.58999633789062,195.32000732421875,195.69000244140625,550176
2025-10-29 18:30:00+00:00,202.10000610351562,204.6999053955078,194.5449981689453,198.14999389648438,1528894
2025-10-29 19:30:00+00:00,204.22500610351562,205.63999938964844,200.66000366210938,202.13999938964844,1056757
2025-10-30 13:30:00+00:00,200.6322021484375,202.49000549316406,191.10000610351562,192.07000732421875,2278721
2025-10-30 14:30:00+00:00,201.3699951171875,204.91990661621094,198.7700958251953,200.27000427246094,663568
2025-10-30 15:30:00+00:00,197.0399932861328,201.8300018310547,197.02999877929688,201.36000061035156,448159
2025-10-30 16:30:00+00:00,197.81500244140625,201.8000030517578,195.8800048828125,197.14999389648438,380187
2025-10-30 17:30:00+00:00,199.16000366210938,199.7899932861328,196.8000030517578,197.63999938964844,290251
2025-10-30 18:30:00+00:00,199.82400512695312,200.8800048828125,198.67999267578125,199.1999969482422,270117
2025-10-30 19:30:00+00:00,195.80999755859375,200.23500061035156,195.5399932861328,199.7899932861328,2645492
2025-10-31 13:30:00+00:00,199.02499389648438,209.77000427246094,195.99000549316406,202.61000061035156,1740614
2025-10-31 14:30:00+00:00,196.41099548339844,201.8896942138672,196.1199951171875,198.99000549316406,567435
2025-10-31 15:30:00+00:00,191.2100067138672,198.22000122070312,190.3927001953125,196.4499969482422,852952
2025-10-31 16:30:00+00:00,194.97999572753906,195.4810028076172,189.58999633789062,191.9727020263672,369357
2025-10-31 17:30:00+00:00,194.49000549316406,195.6374969482422,193.28750610351562,194.60000610351562,197855
2025-10-31 18:30:00+00:00,199.72000122070312,199.77699279785156,193.82000732421875,194.46499633789062,461224
2025-10-31 19:30:00+00:00,199.49000549316406,201.6826934814453,199.16000366210938,199.80999755859375,2379708
2025-11-03 14:30:00+00:00,191.8249969482422,213.39990234375,189.10000610351562,210.85000610351562,3124192
2025-11-03 15:30:00+00:00,195.5749969482422,196.85000610351562,190.0601043701172,191.74000549316406,865945
2025-11-03 16:30:00+00:00,202.69000244140625,204.5,194.89999389648438,195.44000244140625,955709
2025-11-03 17:30:00+00:00,205.02000427246094,205.80349731445312,202.11000061035156,202.24000549316406,486882
2025-11-03 18:30:00+00:00,207.47000122070312,207.8800048828125,204.42379760742188,205.1999969482422,410342
2025-11-03 19:30:00+00:00,207.5500030517578,208.22999572753906,206.19189453125,207.51499938964844,377350
2025-11-03 20:30:00+00:00,207.02000427246094,209.98989868164062,206.85000610351562,207.46499633789062,586215
2025-11-04 14:30:00+00:00,201.98069763183594,202.97999572753906,185.35000610351562,188.13499450683594,3132978
2025-11-04 15:30:00+00:00,197.80999755859375,201.89999389648438,195.44009399414062,201.8000030517578,961684
2025-11-04 16:30:00+00:00,198.2449951171875,199.5,196.30499267578125,197.78399658203125,415431
2025-11-04 17:30:00+00:00,196.82000732421875,199.8217010498047,196.27999877929688,198.2449951171875,311846
2025-11-04 18:30:00+00:00,197.75999450683594,200.67999267578125,195.9875030517578,196.82000732421875,476760
2025-11-04 19:30:00+00:00,195.57249450683594,198.0,193.5800018310547,197.8300018310547,577833
2025-11-04 20:30:00+00:00,194.61000061035156,196.5850067138672,194.13999938964844,195.4600067138672,472914
2025-11-05 14:30:00+00:00,208.3000030517578,214.61000061035156,201.8699951171875,201.99000549316406,3058103
2025-11-05 15:30:00+00:00,209.24000549316406,212.3927001953125,206.66000366210938,208.22999572753906,899522
2025-11-05 16:30:00+00:00,212.57000732421875,212.63999938964844,208.1999969482422,209.42999267578125,460601
2025-11-05 17:30:00+00:00,216.82000732421875,217.77000427246094,211.99000549316406,212.52999877929688,699287
2025-11-05 18:30:00+00:00,215.38999938964844,218.94000244140625,215.25999450683594,216.8300018310547,576730
2025-11-05 19:30:00+00:00,217.14999389648438,218.0,214.22000122070312,215.3300018310547,470446
2025-11-05 20:30:00+00:00,216.4199981689453,217.4499969482422,215.37010192871094,217.09500122070312,631810
2025-11-06 14:30:00+00:00,211.22000122070312,226.5,209.50999450683594,212.0,2554137
2025-11-06 15:30:00+00:00,211.0800018310547,212.79989624023438,206.10000610351562,211.43499755859375,1107867
2025-11-06 16:30:00+00:00,206.85499572753906,211.5,205.1800994873047,211.07000732421875,503369
2025-11-06 17:30:00+00:00,212.1416015625,212.97999572753906,206.0301055908203,206.75,476551
2025-11-06 18:30:00+00:00,213.2100067138672,213.49989318847656,210.6999969482422,212.3800048828125,302581
2025-11-06 19:30:00+00:00,210.55999755859375,213.9799041748047,210.0800018310547,213.1999969482422,431367
2025-11-06 20:30:00+00:00,207.27999877929688,212.75,207.10000610351562,210.5800018310547,564458
2025-11-07 14:30:00+00:00,214.50999450683594,228.8800048828125,203.41200256347656,208.0,5463671
2025-11-07 15:30:00+00:00,209.24000549316406,215.52999877929688,205.22999572753906,214.6300048828125,2319244
2025-11-07 16:30:00+00:00,213.6999969482422,215.16000366210938,205.0,209.38999938964844,1368397
2025-11-07 17:30:00+00:00,219.30999755859375,219.9600067138672,212.25,213.95480346679688,865174
2025-11-07 18:30:00+00:00,225.0677032470703,225.4739990234375,219.1199951171875,219.46499633789062,984441
2025-11-07 19:30:00+00:00,234.80999755859375,236.493896484375,224.0,225.05599975585938,1740033
2025-11-07 20:30:00+00:00,239.50999450683594,240.0,234.6688995361328,234.82000732421875,1480417
2025-11-10 14:30:00+00:00,264.25250244140625,265.04998779296875,247.0,247.5,4246772
2025-11-10 15:30:00+00:00,260.4200134277344,267.0,257.04998779296875,264.3999938964844,1794534
2025-11-10 16:30:00+00:00,263.29998779296875,264.9700012207031,257.6470947265625,260.4200134277344,772471
2025-11-10 17:30:00+00:00,264.760009765625,267.0799865722656,262.5013122558594,263.5299987792969,550874
2025-11-10 18:30:00+00:00,267.32501220703125,267.7900085449219,264.0400085449219,265.1000061035156,577018
2025-11-10 19:30:00+00:00,268.781005859375,269.8799133300781,267.0899963378906,267.17999267578125,727260
2025-11-10 20:30:00+00:00,268.0199890136719,270.9100036621094,267.29998779296875,268.7650146484375,972006
2025-11-11 14:30:00+00:00,260.1300048828125,269.1400146484375,256.30999755859375,262.2900085449219,3351221
2025-11-11 15:30:00+00:00,268.67498779296875,272.7900085449219,257.70001220703125,260.1300048828125,1868400
2025-11-11 16:30:00+00:00,270.79998779296875,274.6199035644531,265.17010498046875,268.6636047363281,892152
2025-11-11 17:30:00+00:00,270.3299865722656,275.8699035644531,269.5,271.0450134277344,488539
2025-11-11 18:30:00+00:00,271.0,273.0,266.0799865722656,270.25,546966
2025-11-11 19:30:00+00:00,266.70001220703125,272.2099914550781,266.125,271.0,560123
2025-11-11 20:30:00+00:00,271.3800048828125,272.5299987792969,265.114990234375,266.3219909667969,788368
2025-11-12 14:30:00+00:00,278.05999755859375,284.5899963378906,267.04998779296875,271.010009765625,3760907
2025-11-12 15:30:00+00:00,277.0899963378906,278.9800109863281,268.0,278.3500061035156,1351237
2025-11-12 16:30:00+00:00,277.9100036621094,283.0299072265625,275.7200012207031,277.29998779296875,949371
2025-11-12 17:30:00+00:00,282.6199951171875,283.5799865722656,275.8900146484375,278.0249938964844,823633
2025-11-12 18:30:00+00:00,278.70001220703125,284.5,274.04998779296875,282.635009765625,912324
2025-11-12 19:30:00+00:00,282.5,284.7598876953125,277.1099853515625,278.7200012207031,739733
2025-11-12 20:30:00+00:00,283.1300048828125,284.4100036621094,279.0600891113281,282.5,777050
2025-11-13 14:30:00+00:00,263.2200012207031,271.8399963378906,257.0299987792969,267.1199951171875,4998035
2025-11-13 15:30:00+00:00,252.5800018310547,263.3999938964844,250.89999389648438,263.2200012207031,2693133
2025-11-13 16:30:00+00:00,247.90829467773438,253.63999938964844,244.52000427246094,252.75,2101816
2025-11-13 17:30:00+00:00,238.2501983642578,250.4600067138672,237.80999755859375,247.58999633789062,1787488
2025-11-13 18:30:00+00:00,241.83999633789062,242.39999389648438,234.67999267578125,237.9199981689453,2089801
2025-11-13 19:30:00+00:00,239.43499755859375,241.91000366210938,236.5,241.82000732421875,1231430
2025-11-13 20:30:00+00:00,243.5,245.35879516601562,239.11000061035156,239.4375,1136782
2025-11-14 14:30:00+00:00,257.0450134277344,263.989990234375,235.0500030517578,236.0,6303771
2025-11-14 15:30:00+00:00,268.4049987792969,269.9800109863281,253.25999450683594,256.8900146484375,2467929
2025-11-14 16:30:00+00:00,266.9700012207031,270.4892883300781,265.3999938964844,268.0600891113281,1111816
2025-11-14 17:30:00+00:00,262.0,267.409912109375,260.29010009765625,266.9700012207031,1031388
2025-11-14 18:30:00+00:00,264.94500732421875,265.739990234375,258.7720031738281,261.8999938964844,695673
2025-11-14 19:30:00+00:00,260.74969482421875,265.8699951171875,259.1600036621094,265.07830810546875,598249
2025-11-14 20:30:00+00:00,254.16009521484375,261.0299987792969,252.6999969482422,261.0299987792969,917696
2025-11-17 14:30:00+00:00,277.2200012207031,282.7998962402344,253.0,253.58999633789062,4226256
2025-11-17 15:30:00+00:00,272.55999755859375,277.79998779296875,267.0000915527344,277.2850036621094,1486934
2025-11-17 16:30:00+00:00,272.2900085449219,276.2799987792969,269.79010009765625,272.54998779296875,814594
2025-11-17 17:30:00+00:00,270.1600036621094,274.44000244140625,267.260009765625,272.4549865722656,974411
2025-11-17 18:30:00+00:00,264.4200134277344,272.2900085449219,262.5286865234375,270.0199890136719,974621
2025-11-17 19:30:00+00:00,262.0,265.17999267578125,259.0,264.4200134277344,918472
2025-11-17 20:30:00+00:00,265.8399963378906,267.6299133300781,259.6000061035156,262.1549987792969,725706
2025-11-18 14:30:00+00:00,238.07000732421875,260.6315002441406,229.11000061035156,257.0299987792969,4881946
2025-11-18 15:30:00+00:00,243.19000244140625,244.1199951171875,230.6501007080078,238.0,1932184
2025-11-18 16:30:00+00:00,240.77450561523438,246.39540100097656,240.59010314941406,243.1999969482422,1123315
2025-11-18 17:30:00+00:00,249.14990234375,251.65049743652344,240.0301055908203,240.8699951171875,1192196
2025-11-18 18:30:00+00:00,248.627197265625,252.6999969482422,248.3000030517578,248.3000030517578,858048
2025-11-18 19:30:00+00:00,248.73500061035156,252.2899932861328,246.8000030517578,248.4300994873047,791103
2025-11-18 20:30:00+00:00,244.72000122070312,249.22000122070312,244.27000427246094,248.97999572753906,831032
2025-11-19 14:30:00+00:00,254.53500366210938,256.9800109863281,242.02999877929688,251.11000061035156,2850576
2025-11-19 15:30:00+00:00,239.90499877929688,255.92999267578125,239.1999969482422,254.53500366210938,1554855
2025-11-19 16:30:00+00:00,238.5500030517578,243.3300018310547,233.78500366210938,239.9600067138672,1353381
2025-11-19 17:30:00+00:00,242.51499938964844,244.86309814453125,235.6699981689453,238.5449981689453,733393
2025-11-19 18:30:00+00:00,245.1199951171875,247.4799041748047,242.01010131835938,242.3300018310547,531663
2025-11-19 19:30:00+00:00,248.8000030517578,251.0,245.0500030517578,245.11000061035156,618106
2025-11-19 20:30:00+00:00,245.85000610351562,249.67999267578125,245.47000122070312,249.08999633789062,3781288
2025-11-20 14:30:00+00:00,229.27000427246094,254.60000610351562,224.57000732421875,252.13999938964844,5580659
2025-11-20 15:30:00+00:00,216.39999389648438,230.0,215.17999267578125,229.42999267578125,2754008
2025-11-20 16:30:00+00:00,208.10000610351562,216.7899932861328,206.11000061035156,216.1300048828125,2638919
2025-11-20 17:30:00+00:00,205.42019653320312,211.49000549316406,203.41000366210938,207.88070678710938,1826111
2025-11-20 18:30:00+00:00,203.2100067138672,206.67999267578125,199.52999877929688,205.22000122070312,1792652
2025-11-20 19:30:00+00:00,198.60000610351562,204.0,197.5,202.8699951171875,1599914
2025-11-20 20:30:00+00:00,195.9600067138672,198.6999969482422,192.6199951171875,198.64999389648438,1863001
2025-11-21 14:30:00+00:00,185.8300018310547,205.5,185.05999755859375,205.3699951171875,5581396
2025-11-21 15:30:00+00:00,196.10000610351562,197.60000610351562,183.0,185.8419952392578,2750307
2025-11-21 16:30:00+00:00,197.6699981689453,199.60000610351562,194.42999267578125,196.47999572753906,1340565
2025-11-21 17:30:00+00:00,195.38999938964844,199.72000122070312,193.5,197.67999267578125,980979
2025-11-21 18:30:00+00:00,203.79510498046875,204.97000122070312,194.94000244140625,195.2100067138672,1241605
2025-11-21 19:30:00+00:00,202.14500427246094,204.85000610351562,200.61000061035156,203.7899932861328,751648
2025-11-21 20:30:00+00:00,200.32000732421875,205.0,199.99000549316406,201.94000244140625,765786
2025-11-24 14:30:00+00:00,224.14999389648438,226.25,205.50999450683594,206.1999969482422,3998372
2025-11-24 15:30:00+00:00,225.49000549316406,228.17999267578125,222.0,224.0,1246086
2025-11-24 16:30:00+00:00,226.38999938964844,228.0,224.8000030517578,225.13999938964844,770202
2025-11-24 17:30:00+00:00,226.25,228.05270385742188,225.5200958251953,226.67999267578125,430989
2025-11-24 18:30:00+00:00,225.82000732421875,226.7299041748047,224.10899353027344,226.1875,398851
2025-11-24 19:30:00+00:00,225.3699951171875,226.3800048828125,223.52000427246094,225.72000122070312,535421
2025-11-24 20:30:00+00:00,226.97000122070312,228.08999633789062,224.6300048828125,225.24000549316406,605052
2025-11-25 14:30:00+00:00,214.906494140625,229.0688018798828,209.00010681152344,228.36000061035156,4918558
2025-11-25 15:30:00+00:00,216.7100067138672,218.52999877929688,210.9499969482422,215.19500732421875,1392126
2025-11-25 16:30:00+00:00,221.4149932861328,222.6300048828125,215.7100067138672,216.6999969482422,793579
2025-11-25 17:30:00+00:00,224.33859252929688,224.69000244140625,221.1300048828125,221.4149932861328,615252
2025-11-25 18:30:00+00:00,223.98500061035156,226.5,223.32000732421875,224.45089721679688,584817
2025-11-25 19:30:00+00:00,221.0399932861328,224.1999969482422,220.13999938964844,223.98500061035156,777990
2025-11-25 20:30:00+00:00,220.50999450683594,221.2209014892578,219.41009521484375,220.74000549316406,5179301
2025-11-26 14:30:00+00:00,214.5,227.99989318847656,205.39999389648438,226.0,3455530
2025-11-26 15:30:00+00:00,219.6699981689453,220.27349853515625,213.32000732421875,214.66990661621094,1269552
2025-11-26 16:30:00+00:00,217.42999267578125,221.7799072265625,216.0,219.75999450683594,863912
2025-11-26 17:30:00+00:00,218.1699981689453,220.7899932861328,216.50010681152344,216.8800048828125,588169
2025-11-26 18:30:00+00:00,216.7449951171875,218.27999877929688,215.3800048828125,217.7899932861328,561306
2025-11-26 19:30:00+00:00,216.2100067138672,220.8800048828125,214.8800048828125,216.7449951171875,863474
2025-11-26 20:30:00+00:00,215.02999877929688,221.92999267578125,214.5500030517578,216.30499267578125,1914582
2025-11-28 14:30:00+00:00,215.8300018310547,237.7698974609375,211.72999572753906,225.39999389648438,5407850
2025-11-28 15:30:00+00:00,223.9149932861328,224.49989318847656,214.11000061035156,215.91400146484375,1881410
2025-11-28 16:30:00+00:00,224.5301055908203,226.99000549316406,223.14999389648438,223.9499969482422,1109408
2025-12-01 14:30:00+00:00,212.08999633789062,215.27999877929688,207.00999450683594,212.2100067138672,2257134
2025-12-01 15:30:00+00:00,207.5,212.99989318847656,206.5175018310547,212.01499938964844,850405
2025-12-01 16:30:00+00:00,207.7050018310547,209.17999267578125,205.24000549316406,207.6699981689453,994531
2025-12-01 17:30:00+00:00,209.4875030517578,210.77000427246094,206.41000366210938,207.7050018310547,645709
2025-12-01 18:30:00+00:00,208.0850067138672,211.49989318847656,208.0749969482422,209.5800018310547,545916
2025-12-01 19:30:00+00:00,208.46499633789062,210.4199981689453,206.80999755859375,208.0850067138672,613044
2025-12-01 20:30:00+00:00,210.1999969482422,210.40989685058594,207.58999633789062,208.42999267578125,584972
2025-12-02 14:30:00+00:00,201.5,217.0,201.4600067138672,211.11000061035156,2389038
2025-12-02 15:30:00+00:00,197.3699951171875,201.9282989501953,192.80999755859375,201.5,2493212
2025-12-02 16:30:00+00:00,202.70269775390625,203.3800048828125,196.6999969482422,197.3800048828125,806719
2025-12-02 17:30:00+00:00,206.6699981689453,206.87989807128906,202.8000030517578,202.8000030517578,568500
2025-12-02 18:30:00+00:00,206.4499969482422,207.47999572753906,204.0,206.58999633789062,398664
2025-12-02 19:30:00+00:00,206.1999969482422,207.58999633789062,204.52999877929688,206.49000549316406,409448
2025-12-02 20:30:00+00:00,205.2899932861328,206.24000549316406,204.3336944580078,206.0,482748
2025-12-03 14:30:00+00:00,192.69729614257812,199.1300048828125,189.8000030517578,196.69500732421875,2528140
2025-12-03 15:30:00+00:00,192.1699981689453,195.72000122070312,191.50999450683594,192.27999877929688,877316
2025-12-03 16:30:00+00:00,192.10000610351562,193.6999969482422,188.3000030517578,192.0,812411
2025-12-03 17:30:00+00:00,190.7449951171875,192.49000549316406,190.22000122070312,191.9949951171875,382474
2025-12-03 18:30:00+00:00,188.42999267578125,191.24000549316406,188.0,190.8800048828125,529298
2025-12-03 19:30:00+00:00,194.34500122070312,194.89999389648438,187.6999969482422,188.3800048828125,871025
2025-12-03 20:30:00+00:00,194.30999755859375,194.91000366210938,192.6999969482422,194.32000732421875,635271
2025-12-04 14:30:00+00:00,205.60000610351562,205.60000610351562,189.67999267578125,192.3300018310547,2603893
2025-12-04 15:30:00+00:00,211.95799255371094,214.99000549316406,204.3800048828125,205.3000030517578,2495025
2025-12-04 16:30:00+00:00,213.0,214.39990234375,208.11000061035156,211.8800048828125,1249435
2025-12-04 17:30:00+00:00,211.70010375976562,214.94369506835938,211.70010375976562,213.14999389648438,638426
2025-12-04 18:30:00+00:00,211.77000427246094,214.39999389648438,210.360107421875,211.6999969482422,464275
2025-12-04 19:30:00+00:00,213.5,214.99000549316406,211.44000244140625,211.63999938964844,495803
2025-12-04 20:30:00+00:00,213.41000366210938,214.0850067138672,212.0,213.59500122070312,541138
2025-12-05 14:30:00+00:00,216.72000122070312,220.1999969482422,211.25,212.11000061035156,1870797
2025-12-05 15:30:00+00:00,218.02000427246094,219.7899932861328,214.83999633789062,216.40809631347656,770381
2025-12-05 16:30:00+00:00,223.27999877929688,225.97999572753906,216.16000366210938,218.02000427246094,920791
2025-12-05 17:30:00+00:00,225.85000610351562,227.16000366210938,223.22650146484375,223.4499053955078,522480
2025-12-05 18:30:00+00:00,226.96499633789062,227.8699951171875,225.08999633789062,225.72500610351562,436753
2025-12-05 19:30:00+00:00,228.4600067138672,229.4499969482422,226.5,227.05999755859375,741664
2025-12-05 20:30:00+00:00,228.5,228.97500610351562,226.8000030517578,228.49000549316406,670482
2025-12-08 14:30:00+00:00,220.47000122070312,238.86000061035156,218.5,235.5,2346003
2025-12-08 15:30:00+00:00,221.24000549316406,223.5,215.60000610351562,220.27999877929688,1111937
2025-12-08 16:30:00+00:00,223.6999969482422,223.6999969482422,220.0,221.2899932861328,379930
2025-12-08 17:30:00+00:00,223.89999389648438,226.66990661621094,223.22000122070312,223.625,417375
2025-12-08 18:30:00+00:00,224.14999389648438,224.8699951171875,223.11000061035156,223.64999389648438,198913
2025-12-08 19:30:00+00:00,223.86000061035156,224.47000122070312,222.8800048828125,224.14999389648438,189904
2025-12-08 20:30:00+00:00,225.4499969482422,225.5399932861328,222.38999938964844,223.75,334617
2025-12-09 14:30:00+00:00,219.63999938964844,225.47000122070312,213.5,225.47000122070312,2272320
2025-12-09 15:30:00+00:00,221.51499938964844,224.3302001953125,218.80999755859375,219.63999938964844,666598
2025-12-09 16:30:00+00:00,219.74000549316406,221.64199829101562,217.6999969482422,221.51499938964844,492072
2025-12-09 17:30:00+00:00,220.07000732421875,221.0,219.50999450683594,219.74000549316406,130936
2025-12-09 18:30:00+00:00,219.52999877929688,220.89480590820312,218.0,220.07000732421875,215103
2025-12-09 19:30:00+00:00,218.6300048828125,220.29989624023438,218.2100067138672,219.52999877929688,179378
2025-12-09 20:30:00+00:00,219.40499877929688,225.47000122070312,218.0,218.6300048828125,331925
2025-12-10 14:30:00+00:00,220.47000122070312,222.74000549316406,215.1999969482422,218.0,772315
2025-12-10 15:30:00+00:00,224.8800048828125,225.35079956054688,218.1800994873047,220.47999572753906,376854
2025-12-10 16:30:00+00:00,222.86500549316406,227.3699951171875,222.6300048828125,224.98500061035156,688380
2025-12-10 17:30:00+00:00,224.8144073486328,225.69000244140625,222.22000122070312,222.95249938964844,208148
2025-12-10 18:30:00+00:00,225.39999389648438,228.22000122070312,222.8300018310547,224.7550048828125,475857
2025-12-10 19:30:00+00:00,228.57000732421875,230.5751953125,224.1501007080078,225.3415069580078,729441
2025-12-10 20:30:00+00:00,232.72000122070312,234.1699981689453,228.0,228.5,2360403
2025-12-11 14:30:00+00:00,228.7100067138672,232.5605926513672,217.6699981689453,230.0,1585088
2025-12-11 15:30:00+00:00,229.80499267578125,233.5,225.00999450683594,228.4600067138672,785128
2025-12-11 16:30:00+00:00,235.76260375976562,237.25,229.75999450683594,229.75999450683594,759866
2025-12-11 17:30:00+00:00,239.96499633789062,243.63999938964844,235.67320251464844,235.67320251464844,916614
2025-12-11 18:30:00+00:00,241.47999572753906,242.3000030517578,239.22000122070312,239.9499969482422,324707
2025-12-11 19:30:00+00:00,242.67999267578125,243.5,241.03179931640625,241.4550018310547,425396
2025-12-11 20:30:00+00:00,241.61000061035156,244.19000244140625,240.74000549316406,242.72999572753906,2400907
2025-12-12 14:30:00+00:00,212.52499389648438,236.0,210.60009765625,231.14999389648438,3121197
2025-12-12 15:30:00+00:00,211.0,214.90989685058594,205.19000244140625,212.69000244140625,1809169
2025-12-12 16:30:00+00:00,211.5500030517578,214.3175048828125,207.1300048828125,210.85000610351562,796820
2025-12-12 17:30:00+00:00,213.1999969482422,214.9499969482422,210.3000946044922,211.6298065185547,533023
2025-12-12 18:30:00+00:00,207.98919677734375,213.54989624023438,207.33009338378906,213.22999572753906,556849
2025-12-12 19:30:00+00:00,206.5500030517578,209.5800018310547,206.11000061035156,208.0500030517578,533495
2025-12-12 20:30:00+00:00,206.10000610351562,207.3699951171875,204.8000030517578,206.50999450683594,815177
2025-12-15 14:30:00+00:00,206.05499267578125,217.0,205.07000732421875,213.92999267578125,1698818
2025-12-15 15:30:00+00:00,207.00999450683594,207.8800048828125,202.04859924316406,205.86000061035156,846481
2025-12-15 16:30:00+00:00,205.60650634765625,208.87989807128906,203.89010620117188,207.17999267578125,479692
2025-12-15 17:30:00+00:00,204.5399932861328,206.72000122070312,204.0399932861328,205.6999969482422,208028
2025-12-15 18:30:00+00:00,204.09500122070312,205.3699951171875,203.22000122070312,204.47000122070312,204014
2025-12-15 19:30:00+00:00,202.96499633789062,204.85000610351562,202.10000610351562,204.0850067138672,260356
2025-12-15 20:30:00+00:00,201.88999938964844,202.97999572753906,200.341796875,202.96499633789062,388302
2025-12-16 14:30:00+00:00,205.78489685058594,208.8000030517578,200.1199951171875,201.0,1425497
2025-12-16 15:30:00+00:00,200.3625946044922,207.39999389648438,200.0500030517578,205.5,527967
2025-12-16 16:30:00+00:00,203.29400634765625,205.56500244140625,199.5,200.1699981689453,585330
2025-12-16 17:30:00+00:00,206.4600067138672,207.24000549316406,202.97000122070312,202.99000549316406,438482
2025-12-16 18:30:00+00:00,208.23910522460938,210.17999267578125,206.63499450683594,206.69000244140625,493761
2025-12-16 19:30:00+00:00,207.8677978515625,209.63999938964844,207.20010375976562,208.0850067138672,234364
2025-12-16 20:30:00+00:00,209.3000030517578,210.5,207.50999450683594,207.75999450683594,428412
2025-12-17 14:30:00+00:00,217.7899932861328,221.99000549316406,212.30999755859375,215.99000549316406,1825932
2025-12-17 15:30:00+00:00,211.47149658203125,218.2899932861328,208.5,218.0449981689453,1083500
2025-12-17 16:30:00+00:00,210.41000366210938,212.7406005859375,209.17999267578125,211.3300018310547,446732
2025-12-17 17:30:00+00:00,210.63999938964844,213.98989868164062,209.0800018310547,210.41000366210938,437189
2025-12-17 18:30:00+00:00,207.58999633789062,211.3341064453125,206.8000030517578,210.35000610351562,432528
2025-12-17 19:30:00+00:00,206.47000122070312,208.86000061035156,205.52000427246094,207.56500244140625,355229
2025-12-17 20:30:00+00:00,206.86000061035156,207.32000732421875,205.63999938964844,206.4199981689453,441783
2025-12-18 14:30:00+00:00,227.97999572753906,231.0,219.5023956298828,222.73500061035156,2776986
2025-12-18 15:30:00+00:00,221.3800048828125,229.15769958496094,220.7899932861328,227.69000244140625,1003985
2025-12-18 16:30:00+00:00,216.0,223.86000061035156,214.0,221.52259826660156,800366
2025-12-18 17:30:00+00:00,222.4499969482422,223.93800354003906,215.77999877929688,216.11000061035156,516061
2025-12-18 18:30:00+00:00,221.31500244140625,226.4600067138672,221.0050048828125,222.52999877929688,539270
2025-12-18 19:30:00+00:00,222.82530212402344,223.1999969482422,217.70509338378906,221.22000122070312,447502
2025-12-18 20:30:00+00:00,219.48019409179688,222.7552947998047,218.7100067138672,222.7552947998047,444272
2025-12-19 14:30:00+00:00,234.2100067138672,242.6300048828125,221.00999450683594,222.2899932861328,2392615
2025-12-19 15:30:00+00:00,237.59500122070312,238.63499450683594,232.0,233.8800048828125,690609
2025-12-19 16:30:00+00:00,241.55999755859375,243.7100067138672,236.52999877929688,237.8000030517578,735553
2025-12-19 17:30:00+00:00,238.50999450683594,241.6999969482422,237.48500061035156,241.6999969482422,362608
2025-12-19 18:30:00+00:00,236.80499267578125,238.75999450683594,235.97000122070312,238.50999450683594,288657
2025-12-19 19:30:00+00:00,237.36000061035156,238.2899932861328,235.2899932861328,236.8000030517578,325368
2025-12-19 20:30:00+00:00,237.60000610351562,239.1999969482422,235.8000030517578,237.44000244140625,727820
2025-12-22 14:30:00+00:00,233.02000427246094,252.0,232.47500610351562,249.64500427246094,2643223
2025-12-22 15:30:00+00:00,227.84500122070312,233.5800018310547,226.60000610351562,233.0,1110000
2025-12-22 16:30:00+00:00,235.0,235.1999969482422,227.55999755859375,227.66810607910156,592166
2025-12-22 17:30:00+00:00,233.6999969482422,235.10000610351562,230.5399932861328,234.8032989501953,376188
2025-12-22 18:30:00+00:00,239.8350067138672,239.889892578125,233.6999969482422,233.72999572753906,499364
2025-12-22 19:30:00+00:00,241.33999633789062,242.85989379882812,239.6750030517578,239.6750030517578,430106
2025-12-22 20:30:00+00:00,241.0500030517578,242.72000122070312,240.35000610351562,241.31500244140625,406970
2025-12-23 14:30:00+00:00,238.24000549316406,243.8300018310547,234.00010681152344,238.10000610351562,1274691
2025-12-23 15:30:00+00:00,240.6300048828125,245.4949951171875,237.5,237.5,599408
2025-12-23 16:30:00+00:00,241.80999755859375,242.47000122070312,239.0500030517578,240.57009887695312,290426
2025-12-23 17:30:00+00:00,238.4499969482422,244.20460510253906,238.08999633789062,241.78500366210938,326252
2025-12-23 18:30:00+00:00,241.41600036621094,241.63999938964844,236.52000427246094,238.4499969482422,283308
2025-12-23 19:30:00+00:00,243.22999572753906,244.12989807128906,241.5,241.5,328857
2025-12-23 20:30:00+00:00,245.00999450683594,245.1199951171875,241.47000122070312,243.17999267578125,326430
2025-12-24 14:30:00+00:00,255.9499969482422,261.3699951171875,244.5,244.89999389648438,2187318
2025-12-24 15:30:00+00:00,252.47000122070312,257.79998779296875,251.1199951171875,255.98500061035156,808977
2025-12-24 16:30:00+00:00,250.04010009765625,254.3300018310547,248.3000030517578,252.81500244140625,518193
2025-12-26 14:30:00+00:00,249.59500122070312,261.489990234375,245.10000610351562,260.25,1831307
2025-12-26 15:30:00+00:00,249.63499450683594,250.85000610351562,247.3300018310547,249.27999877929688,401316
2025-12-26 16:30:00+00:00,249.8800048828125,251.39999389648438,248.8800048828125,249.77999877929688,322105
2025-12-26 17:30:00+00:00,251.6300048828125,252.97999572753906,249.72500610351562,250.05499267578125,339516
2025-12-26 18:30:00+00:00,251.2050018310547,252.77000427246094,250.7593994140625,251.44439697265625,189264
2025-12-26 19:30:00+00:00,250.66119384765625,251.1999969482422,249.5,251.16000366210938,201649
2025-12-26 20:30:00+00:00,250.0500030517578,251.36000061035156,249.58999633789062,250.42999267578125,319946
2025-12-29 14:30:00+00:00,239.49000549316406,250.0,236.00999450683594,241.55499267578125,1902806
2025-12-29 15:30:00+00:00,242.27000427246094,244.0,238.22000122070312,239.3300018310547,398615
2025-12-29 16:30:00+00:00,241.75999450683594,243.60000610351562,241.42999267578125,242.35000610351562,258668
2025-12-29 17:30:00+00:00,243.11500549316406,243.4398956298828,241.64999389648438,241.7895050048828,188988
2025-12-29 18:30:00+00:00,244.1999969482422,245.8800048828125,242.89999389648438,243.0500030517578,292422
2025-12-29 19:30:00+00:00,246.6199951171875,247.72000122070312,244.0,244.1999969482422,347218
2025-12-29 20:30:00+00:00,244.1699981689453,246.97999572753906,243.9499969482422,246.58999633789062,294113
2025-12-30 14:30:00+00:00,241.3800048828125,246.11000061035156,236.52000427246094,242.02000427246094,1195563
2025-12-30 15:30:00+00:00,246.24000549316406,247.47999572753906,239.7050018310547,241.3000030517578,624920
2025-12-30 16:30:00+00:00,243.4199981689453,246.67999267578125,242.16000366210938,246.08059692382812,327923
2025-12-30 17:30:00+00:00,242.99000549316406,245.4510040283203,242.43190002441406,243.6750030517578,243665
2025-12-30 18:30:00+00:00,242.0399932861328,243.1699981689453,240.24000549316406,243.16000366210938,238727
2025-12-30 19:30:00+00:00,240.85000610351562,242.47000122070312,240.3300018310547,242.19000244140625,207682
2025-12-30 20:30:00+00:00,240.2100067138672,241.4499969482422,239.8000946044922,240.76499938964844,255110
2025-12-31 14:30:00+00:00,238.72999572753906,241.2218017578125,235.24000549316406,238.0,772798
2025-12-31 15:30:00+00:00,237.52000427246094,241.89990234375,237.5,238.52999877929688,428818
2025-12-31 16:30:00+00:00,239.6999053955078,239.6999053955078,237.3000030517578,237.5,246319
2025-12-31 17:30:00+00:00,237.5050048828125,239.74000549316406,237.0399932861328,239.51100158691406,228697
2025-12-31 18:30:00+00:00,237.9199981689453,239.8699951171875,237.1800994873047,237.5500030517578,180465
2025-12-31 19:30:00+00:00,237.13999938964844,238.49000549316406,236.1999969482422,237.93499755859375,201859
2025-12-31 20:30:00+00:00,237.3249969482422,238.97000122070312,237.0500030517578,237.18499755859375,320204
2026-01-02 14:30:00+00:00,264.6549987792969,267.6700134277344,244.0,244.30999755859375,2733221
2026-01-02 15:30:00+00:00,265.45001220703125,267.75,262.5516052246094,264.3699951171875,1095463
2026-01-02 16:30:00+00:00,265.46600341796875,268.20001220703125,263.07000732421875,265.260009765625,637929
2026-01-02 17:30:00+00:00,268.30999755859375,268.7200012207031,265.3110046386719,265.5799865722656,531884
2026-01-02 18:30:00+00:00,269.8775939941406,271.6899108886719,268.010009765625,268.3210144042969,710609
2026-01-02 19:30:00+00:00,273.4601135253906,274.8599853515625,269.8800048828125,269.8800048828125,675064
2026-01-02 20:30:00+00:00,275.29998779296875,275.7799072265625,273.1499938964844,273.5899963378906,3860928
2026-01-05 14:30:00+00:00,278.7799987792969,285.0,266.3299865722656,283.3999938964844,3132390
2026-01-05 15:30:00+00:00,275.8399963378906,280.20001220703125,273.42999267578125,278.9700012207031,2847559
2026-01-05 16:30:00+00:00,273.2550048828125,275.760009765625,267.87298583984375,275.25,0
2026-01-05 17:30:00+00:00,271.2850036621094,273.29998779296875,268.5299987792969,273.05999755859375,382304
2026-01-05 18:30:00+00:00,267.8399963378906,272.3999938964844,267.5,271.3500061035156,328294
2026-01-05 19:30:00+00:00,270.5799865722656,271.0400085449219,266.5000915527344,267.864990234375,408068
2026-01-05 20:30:00+00:00,274.1099853515625,274.5400085449219,269.79998779296875,270.5049133300781,436879
2026-01-06 14:30:00+00:00,340.0,343.0,299.0899963378906,302.0,7181859
2026-01-06 15:30:00+00:00,339.7716064453125,341.6000061035156,330.0299987792969,339.6099853515625,2641071
2026-01-06 16:30:00+00:00,338.45001220703125,341.3999938964844,335.69000244140625,339.3900146484375,1307780
2026-01-06 17:30:00+00:00,336.2601013183594,342.4443054199219,335.30999755859375,338.5400085449219,1037755
2026-01-06 18:30:00+00:00,338.7799987792969,339.92999267578125,335.79998779296875,337.2900085449219,715930
2026-01-06 19:30:00+00:00,347.0740051269531,348.4299011230469,338.2699890136719,338.6700134277344,1704108
2026-01-06 20:30:00+00:00,347.9100036621094,350.3999938964844,346.80999755859375,347.20001220703125,1210347
2026-01-07 14:30:00+00:00,346.5849914550781,351.4999084472656,331.2300109863281,341.1000061035156,4792751
2026-01-07 15:30:00+00:00,347.14691162109375,351.9999084472656,343.2001037597656,346.5849914550781,1450987
2026-01-07 16:30:00+00:00,349.1400146484375,349.5,343.1700134277344,346.9800109863281,682002
2026-01-07 17:30:00+00:00,347.8900146484375,351.75,344.05999755859375,349.20001220703125,708325
2026-01-07 18:30:00+00:00,354.4200134277344,354.5400085449219,346.0,348.010009765625,972411
2026-01-07 19:30:00+00:00,347.5600891113281,354.5899963378906,345.794189453125,354.3677062988281,1026857
2026-01-07 20:30:00+00:00,353.7699890136719,354.0,347.3599853515625,347.8699951171875,765439
2026-01-08 14:30:00+00:00,319.6000061035156,354.989990234375,316.2099914550781,354.0,5304035
2026-01-08 15:30:00+00:00,318.6700134277344,320.1400146484375,310.7799987792969,319.43499755859375,3604513
2026-01-08 16:30:00+00:00,320.5,322.79998779296875,313.989990234375,318.3736877441406,1659544
2026-01-08 17:30:00+00:00,328.8699951171875,329.0,319.1166076660156,320.3840026855469,1499915
2026-01-08 18:30:00+00:00,330.7200012207031,331.0,327.17999267578125,328.9761047363281,995586
2026-01-08 19:30:00+00:00,333.5849914550781,333.8999938964844,328.25,330.7749938964844,1041608
2026-01-08 20:30:00+00:00,334.6400146484375,335.3280029296875,331.65008544921875,333.5849914550781,949704
2026-01-09 14:30:00+00:00,358.989990234375,365.79998779296875,334.54010009765625,336.0,4375406
2026-01-09 15:30:00+00:00,366.2099914550781,370.760009765625,358.130615234375,359.2300109863281,1854532
2026-01-09 16:30:00+00:00,365.0249938964844,368.29998779296875,362.80010986328125,366.4999084472656,969323
2026-01-09 17:30:00+00:00,375.2799987792969,377.42999267578125,364.4549865722656,364.71929931640625,1629525
2026-01-09 18:30:00+00:00,378.8153991699219,380.67999267578125,375.1300048828125,375.30499267578125,1307762
2026-01-09 19:30:00+00:00,382.0450134277344,383.010009765625,377.8599853515625,378.7576904296875,1127350
2026-01-09 20:30:00+00:00,377.3699951171875,384.0,376.1300048828125,382.19000244140625,1520331
2026-01-12 14:30:00+00:00,382.0,395.1600036621094,373.9700012207031,374.7950134277344,4959104
2026-01-12 15:30:00+00:00,380.3999938964844,382.8005065917969,376.5201110839844,381.8599853515625,1264813
2026-01-12 16:30:00+00:00,381.6099853515625,383.57989501953125,378.010986328125,380.2349853515625,633585
2026-01-12 17:30:00+00:00,388.29998779296875,388.3399963378906,381.5,381.7149963378906,697872
2026-01-12 18:30:00+00:00,387.5199890136719,388.8299865722656,386.5,388.2900085449219,573219
2026-01-12 19:30:00+00:00,389.0400085449219,390.0,385.3900146484375,387.6099853515625,538587
2026-01-12 20:30:00+00:00,389.0799865722656,390.7629089355469,387.29998779296875,388.8999938964844,711558
2026-01-13 14:30:00+00:00,384.4100036621094,398.0,379.4100036621094,393.30999755859375,3084483
2026-01-13 15:30:00+00:00,390.8699951171875,396.239990234375,383.25,384.32000732421875,1510357
2026-01-13 16:30:00+00:00,385.8699951171875,393.56988525390625,382.7900085449219,390.8699951171875,894005
2026-01-13 17:30:00+00:00,388.260009765625,389.9700012207031,383.98809814453125,385.997314453125,581661
2026-01-13 18:30:00+00:00,390.32501220703125,390.8699951171875,387.0000915527344,388.4831848144531,405005
2026-01-13 19:30:00+00:00,383.6400146484375,390.4999084472656,383.4801025390625,390.1499938964844,445681
2026-01-13 20:30:00+00:00,390.0,390.4700012207031,382.8500061035156,383.4700012207031,624283
2026-01-14 14:30:00+00:00,392.25,401.20001220703125,380.0,386.2900085449219,2838772
2026-01-14 15:30:00+00:00,388.7799987792969,393.8299865722656,383.3599853515625,392.70001220703125,1093469
2026-01-14 16:30:00+00:00,392.6300048828125,392.6300048828125,386.29998779296875,389.4800109863281,525145
2026-01-14 17:30:00+00:00,395.6199951171875,397.260009765625,389.5,392.3900146484375,704322
2026-01-14 18:30:00+00:00,392.2099914550781,396.20001220703125,388.0,395.3599853515625,452187
2026-01-14 19:30:00+00:00,386.4200134277344,392.75,377.0,392.1499938964844,882263
2026-01-14 20:30:00+00:00,388.0,389.1700134277344,385.75,386.1000061035156,3721970
2026-01-15 14:30:00+00:00,410.94000244140625,423.0,401.80999755859375,406.7962951660156,4178829
2026-01-15 15:30:00+00:00,421.6300048828125,422.0,410.239990234375,411.44500732421875,1335230
2026-01-15 16:30:00+00:00,418.739990234375,423.3500061035156,415.79998779296875,421.5,1090724
2026-01-15 17:30:00+00:00,420.3800048828125,420.8699951171875,415.82000732421875,418.739990234375,627676
2026-01-15 18:30:00+00:00,417.2900085449219,422.2099914550781,415.0,420.239990234375,932061
2026-01-15 19:30:00+00:00,414.8996887207031,417.1400146484375,410.82000732421875,417.0199890136719,809338
2026-01-15 20:30:00+00:00,409.2300109863281,417.2998962402344,408.1300048828125,414.45001220703125,686554
2026-01-16 14:30:00+00:00,410.1300048828125,432.0199890136719,404.19000244140625,425.0,4268382
2026-01-16 15:30:00+00:00,408.05999755859375,415.3599853515625,401.0199890136719,410.260009765625,1808115
2026-01-16 16:30:00+00:00,409.1700134277344,409.79998779296875,399.70001220703125,408.4849853515625,1162105
2026-01-16 17:30:00+00:00,406.1449890136719,409.8500061035156,401.19000244140625,408.80810546875,674507
2026-01-16 18:30:00+00:00,408.81500244140625,409.1799011230469,404.6400146484375,406.45001220703125,580369
2026-01-16 19:30:00+00:00,411.989990234375,414.42999267578125,407.6000061035156,408.989990234375,1025488
2026-01-16 20:30:00+00:00,413.6199951171875,413.80999755859375,409.4549865722656,411.6300048828125,772266
2026-01-20 14:30:00+00:00,441.8999938964844,452.139892578125,412.7724914550781,413.5,4867770
2026-01-20 15:30:00+00:00,451.70001220703125,454.33990478515625,436.2099914550781,441.6099853515625,1664144
2026-01-20 16:30:00+00:00,445.9162902832031,452.20001220703125,442.10101318359375,451.6199951171875,982708
2026-01-20 17:30:00+00:00,445.5150146484375,448.0,443.0,446.2099914550781,745303
2026-01-20 18:30:00+00:00,449.9179992675781,452.32000732421875,442.79998779296875,445.5150146484375,1035576
2026-01-20 19:30:00+00:00,452.2200012207031,455.0,446.0,449.68499755859375,1327774
2026-01-20 20:30:00+00:00,453.3399963378906,457.3699951171875,449.625,452.9100036621094,1194908
2026-01-21 14:30:00+00:00,470.9849853515625,474.1199035644531,448.5299987792969,462.79998779296875,4244993
2026-01-21 15:30:00+00:00,481.8935852050781,482.5,470.6199951171875,470.9461975097656,1917273
2026-01-21 16:30:00+00:00,473.9215087890625,482.5,471.55999755859375,481.67999267578125,1450991
2026-01-21 17:30:00+00:00,487.06500244140625,487.44000244140625,471.29998779296875,473.92999267578125,1594125
2026-01-21 18:30:00+00:00,492.010009765625,494.0,485.94000244140625,486.9949951171875,1661765
2026-01-21 19:30:00+00:00,499.6300048828125,501.95001220703125,488.67999267578125,492.0299987792969,1986115
2026-01-21 20:30:00+00:00,501.57501220703125,501.94000244140625,497.010009765625,499.54998779296875,1270201
2026-01-22 14:30:00+00:00,487.5799865722656,495.1300048828125,467.55999755859375,490.79998779296875,6149979
2026-01-22 15:30:00+00:00,496.5398864746094,498.5199890136719,486.05999755859375,487.5127868652344,1814321
2026-01-22 16:30:00+00:00,492.32159423828125,497.8800048828125,491.5799865722656,496.1000061035156,814586
2026-01-22 17:30:00+00:00,493.30999755859375,502.4800109863281,491.70001220703125,492.4800109863281,1136267
2026-01-22 18:30:00+00:00,495.5,496.0,487.04010009765625,493.260009765625,1021538
2026-01-22 19:30:00+00:00,502.3699951171875,503.9999084472656,495.2699890136719,495.4599914550781,1091621
2026-01-22 20:30:00+00:00,503.489990234375,509.4992980957031,501.70001220703125,502.6300048828125,1184983
2026-01-23 14:30:00+00:00,501.69000244140625,506.29998779296875,475.1499938964844,503.44000244140625,4321545
2026-01-23 15:30:00+00:00,481.7184143066406,505.5,479.2200012207031,501.44000244140625,1901073
2026-01-23 16:30:00+00:00,472.6099853515625,482.2699890136719,470.0,482.0198974609375,2665228
2026-01-23 17:30:00+00:00,475.5299987792969,477.7698974609375,463.010009765625,472.8299865722656,2375575
2026-01-23 18:30:00+00:00,480.05999755859375,481.95001220703125,472.7101135253906,475.4100036621094,1361283
2026-01-23 19:30:00+00:00,477.25,482.3900146484375,474.510009765625,480.7900085449219,1160504
2026-01-23 20:30:00+00:00,473.7699890136719,477.25,471.0,477.0,825283
2026-01-26 14:30:00+00:00,479.45001220703125,494.70001220703125,454.3299865722656,476.4849853515625,4530648
2026-01-26 15:30:00+00:00,475.875,484.21990966796875,473.2300109863281,479.1499938964844,1316749
2026-01-26 16:30:00+00:00,480.0,486.0,475.3200988769531,475.79998779296875,847125
2026-01-26 17:30:00+00:00,476.30999755859375,483.34991455078125,475.70001220703125,479.8599853515625,595010
2026-01-26 18:30:00+00:00,475.3599853515625,476.5,472.0899963378906,476.30999755859375,624399
2026-01-26 19:30:00+00:00,474.1400146484375,475.5,470.54998779296875,475.0,598026
2026-01-26 20:30:00+00:00,470.57000732421875,474.0150146484375,468.5,474.0,579110
2026-01-27 14:30:00+00:00,485.4574890136719,502.5899963378906,479.9800109863281,481.7900085449219,3841706
2026-01-27 15:30:00+00:00,475.0486145019531,489.489990234375,471.29998779296875,485.8900146484375,1767994
2026-01-27 16:30:00+00:00,479.5,482.3299865722656,473.3399963378906,475.5000915527344,911142
2026-01-27 17:30:00+00:00,486.1400146484375,488.69000244140625,477.91009521484375,479.4649963378906,737046
2026-01-27 18:30:00+00:00,485.1499938964844,488.8900146484375,481.1200866699219,486.1400146484375,730114
2026-01-27 19:30:00+00:00,486.07000732421875,488.57989501953125,482.0299987792969,484.8299865722656,617347
2026-01-27 20:30:00+00:00,481.04998779296875,486.04998779296875,476.17999267578125,486.0299987792969,826064
2026-01-28 14:30:00+00:00,506.3500061035156,529.97998046875,499.1499938964844,500.0,4429725
2026-01-28 15:30:00+00:00,518.114990234375,522.1799926757812,505.60009765625,506.010009765625,1648181
2026-01-28 16:30:00+00:00,522.9199829101562,523.4998779296875,514.4000854492188,518.2000122070312,1042497
2026-01-28 17:30:00+00:00,523.4500122070312,525.2471923828125,521.1199951171875,522.844970703125,666529
2026-01-28 18:30:00+00:00,521.5,523.72998046875,517.0,523.5,746543
2026-01-28 19:30:00+00:00,528.1300048828125,529.1950073242188,512.0,521.1099853515625,1172124
2026-01-28 20:30:00+00:00,527.969970703125,531.4625244140625,525.1400146484375,528.0499877929688,5614753
2026-01-29 14:30:00+00:00,528.8400268554688,544.0,522.0,535.8499755859375,3500525
2026-01-29 15:30:00+00:00,530.1300048828125,539.4500122070312,507.239990234375,528.969970703125,2595129
2026-01-29 16:30:00+00:00,540.780029296875,546.3599853515625,529.8099975585938,530.219970703125,1542737
2026-01-29 17:30:00+00:00,543.2650146484375,545.9899291992188,538.080078125,540.5499877929688,919444
2026-01-29 18:30:00+00:00,544.1400756835938,546.75,541.5,543.0,795374
2026-01-29 19:30:00+00:00,543.2000122070312,546.3900146484375,540.030029296875,544.4249877929688,990324
2026-01-29 20:30:00+00:00,542.0700073242188,545.1599731445312,530.1900024414062,543.469970703125,1112295
2026-01-30 14:30:00+00:00,609.219970703125,676.6900024414062,602.5001220703125,651.22998046875,10580219
2026-01-30 15:30:00+00:00,601.010009765625,609.9500122070312,599.0,608.9849853515625,444458
2026-02-02 18:30:00+00:00,669.7999877929688,672.4907836914062,666.0900268554688,667.2169799804688,5530915
2026-02-02 19:30:00+00:00,656.5900268554688,669.97998046875,649.5,669.6099853515625,2031345
2026-02-02 20:30:00+00:00,665.739990234375,666.6300048828125,654.0,656.5999755859375,1305547
2026-02-03 14:30:00+00:00,652.7901000976562,725.0,646.2000122070312,694.9249877929688,8290208
2026-02-03 15:30:00+00:00,661.9149780273438,684.969970703125,651.5,652.4500122070312,3636095
2026-02-03 16:30:00+00:00,670.9097900390625,675.469970703125,661.3300170898438,661.3300170898438,1607230
2026-02-03 17:30:00+00:00,663.010009765625,671.760009765625,657.02001953125,671.760009765625,1925468
2026-02-03 18:30:00+00:00,676.094970703125,679.5,655.2100219726562,663.135009765625,2008212
2026-02-03 19:30:00+00:00,683.4099731445312,684.47998046875,670.5650024414062,676.6500244140625,1636589
2026-02-03 20:30:00+00:00,694.6199951171875,696.3699951171875,680.8300170898438,683.4099731445312,2103209
2026-02-04 14:30:00+00:00,622.4650268554688,662.7899169921875,617.0208740234375,654.0,6292721
2026-02-04 15:30:00+00:00,627.4155883789062,639.3300170898438,611.3400268554688,622.5499877929688,3111006
2026-02-04 16:30:00+00:00,609.760009765625,628.510009765625,606.0599975585938,627.676025390625,1908844
2026-02-04 17:30:00+00:00,604.7498779296875,613.659912109375,594.0,609.510009765625,2683253
2026-02-04 18:30:00+00:00,597.0700073242188,604.469970703125,582.5001220703125,604.469970703125,2173569
2026-02-04 19:30:00+00:00,594.3300170898438,613.2100219726562,591.219970703125,597.5299072265625,2479388
2026-02-04 20:30:00+00:00,584.9299926757812,598.6900024414062,582.0,594.3400268554688,1492406
2026-02-05 14:30:00+00:00,572.0150146484375,619.4099731445312,562.0999755859375,563.75,7606261
2026-02-05 15:30:00+00:00,610.0599975585938,611.6400146484375,565.510009765625,572.5700073242188,2996826
2026-02-05 16:30:00+00:00,600.510009765625,614.75,598.3099975585938,610.7449951171875,2149724
2026-02-05 17:30:00+00:00,595.3300170898438,605.0,588.2501220703125,600.5001220703125,1268873
2026-02-05 18:30:00+00:00,588.7150268554688,598.8649291992188,580.7401123046875,595.4199829101562,1347466
2026-02-05 19:30:00+00:00,577.0,595.7899780273438,577.0,588.5,1350176
2026-02-05 20:30:00+00:00,576.1500244140625,582.5399169921875,570.1300048828125,577.0,1474714
2026-02-06 14:30:00+00:00,588.8099975585938,615.3599853515625,575.5,614.75,5934457
2026-02-06 15:30:00+00:00,599.0850219726562,601.0,576.7600708007812,588.8099975585938,2107193
2026-02-06 16:30:00+00:00,593.5499877929688,607.0,588.239990234375,599.0800170898438,1441417
2026-02-06 17:30:00+00:00,602.4299926757812,604.9000244140625,591.5650024414062,593.6911010742188,1091002
2026-02-06 18:30:00+00:00,603.0501098632812,605.669921875,597.0,602.8900146484375,926150
2026-02-06 19:30:00+00:00,610.7750244140625,615.3499755859375,602.2401123046875,603.27001953125,1409925
2026-02-06 20:30:00+00:00,597.8499755859375,611.219970703125,596.75,610.1135864257812,1216101
2026-02-09 14:30:00+00:00,586.510009765625,601.8400268554688,551.510009765625,591.6400146484375,5023197
2026-02-09 15:30:00+00:00,590.5,596.9998779296875,585.7999877929688,586.5,1163075
2026-02-09 16:30:00+00:00,585.7999877929688,596.3099975585938,581.4000244140625,590.5,1293218
2026-02-09 17:30:00+00:00,585.9199829101562,590.4899291992188,582.0700073242188,586.0,636923
2026-02-09 18:30:00+00:00,601.0435180664062,602.6900024414062,585.39501953125,585.5,1051135
2026-02-09 19:30:00+00:00,586.6950073242188,603.9799194335938,586.2802734375,600.7550048828125,936726
2026-02-09 20:30:00+00:00,583.3400268554688,588.5399780273438,580.6500244140625,586.75,1083745
2026-02-10 14:30:00+00:00,567.3599853515625,582.280029296875,546.1801147460938,574.030029296875,4215680
2026-02-10 15:30:00+00:00,558.010009765625,569.5900268554688,549.030029296875,567.02001953125,1645340
2026-02-10 16:30:00+00:00,555.7301025390625,562.1900024414062,551.0399780273438,558.0,1101396
2026-02-10 17:30:00+00:00,548.6420288085938,562.1799926757812,548.6420288085938,556.0599975585938,944669
2026-02-10 18:30:00+00:00,551.0999755859375,556.0,547.0900268554688,548.9935913085938,1139340
2026-02-10 19:30:00+00:00,544.239990234375,554.75,542.5,551.2550048828125,1267737
2026-02-10 20:30:00+00:00,541.8599853515625,550.7498779296875,540.1400756835938,544.4600219726562,1267059
2026-02-11 14:30:00+00:00,578.4199829101562,608.169921875,575.0,578.25,5864057
2026-02-11 15:30:00+00:00,594.969970703125,605.0,576.5,578.0,2276070
2026-02-11 16:30:00+00:00,601.8499755859375,602.5499877929688,591.0100708007812,594.3200073242188,1194701
2026-02-11 17:30:00+00:00,599.3049926757812,604.489990234375,593.219970703125,601.75,1119266
2026-02-11 18:30:00+00:00,604.4650268554688,605.3800048828125,595.0,599.0999755859375,1032398
2026-02-11 19:30:00+00:00,606.27001953125,612.7000122070312,603.0001220703125,604.3300170898438,1647054
2026-02-11 20:30:00+00:00,598.7899780273438,606.6799926757812,595.0601196289062,606.0499877929688,1157421
2026-02-12 14:30:00+00:00,649.25,668.0,635.7000122070312,640.0,6213646
2026-02-12 15:30:00+00:00,620.1799926757812,649.6199951171875,619.4600219726562,648.5347290039062,3132675
2026-02-12 16:30:00+00:00,629.2200927734375,636.2999877929688,615.6699829101562,620.2050170898438,2180635
2026-02-12 17:30:00+00:00,627.8499145507812,635.8699951171875,623.1489868164062,629.6080932617188,1369540
2026-02-12 18:30:00+00:00,633.1950073242188,643.0,626.0,626.7999877929688,1517290
2026-02-12 19:30:00+00:00,626.6699829101562,641.0,626.5247192382812,633.2999877929688,1255545
2026-02-12 20:30:00+00:00,630.4299926757812,631.9799194335938,621.330078125,627.22998046875,1202302
2026-02-13 14:30:00+00:00,603.6900024414062,614.0,586.3699951171875,610.5250244140625,5101666
2026-02-13 15:30:00+00:00,616.8200073242188,620.0,601.0,603.4802856445312,2097974
2026-02-13 16:30:00+00:00,634.8900146484375,636.9799194335938,613.7000732421875,616.8499755859375,1709609
2026-02-13 17:30:00+00:00,652.3699951171875,659.7999267578125,634.10009765625,634.1900024414062,2588294
2026-02-13 18:30:00+00:00,641.0250244140625,661.5,640.719970703125,651.8983764648438,1784901
2026-02-13 19:30:00+00:00,630.4998779296875,644.7799072265625,629.0200805664062,641.760009765625,1456856
2026-02-13 20:30:00+00:00,626.7999877929688,630.52001953125,622.7899780273438,629.8699951171875,1259884
2026-02-17 14:30:00+00:00,609.8800048828125,623.7999267578125,591.0,612.0,3904063
2026-02-17 15:30:00+00:00,609.9000244140625,628.6500244140625,604.25,610.125,2534279
2026-02-17 16:30:00+00:00,606.4498901367188,615.5299072265625,602.8900146484375,609.89892578125,1541294
2026-02-17 17:30:00+00:00,607.0,607.989990234375,599.4301147460938,606.0399780273438,1373425
2026-02-17 18:30:00+00:00,603.1900024414062,610.0750122070312,601.110107421875,607.0,1187730
2026-02-17 19:30:00+00:00,596.239990234375,607.5,595.8701171875,603.4199829101562,1199134
2026-02-17 20:30:00+00:00,590.3699951171875,601.9998779296875,588.9450073242188,596.0,5503698
2026-02-18 14:30:00+00:00,599.5700073242188,602.9500122070312,574.5,582.489990234375,6556929
2026-02-18 15:30:00+00:00,608.114990234375,614.4299926757812,592.60009765625,599.7874755859375,2695495
2026-02-18 16:30:00+00:00,611.1898803710938,616.97998046875,607.219970703125,608.1199951171875,1655365
2026-02-18 17:30:00+00:00,612.0,615.756591796875,608.4000854492188,610.719970703125,1385114
2026-02-18 18:30:00+00:00,602.7349853515625,612.1199951171875,600.510009765625,611.510009765625,1783343
2026-02-18 19:30:00+00:00,592.4650268554688,603.9899291992188,591.02001953125,602.760009765625,1768041
2026-02-18 20:30:00+00:00,600.510009765625,603.5,591.5001220703125,592.4650268554688,8331542
2026-02-19 14:30:00+00:00,623.5,634.47998046875,590.219970703125,597.0,4697723
2026-02-19 15:30:00+00:00,622.8599853515625,628.0,618.5401000976562,623.4849853515625,1872946
2026-02-19 16:30:00+00:00,611.2999877929688,624.7899780273438,607.2000122070312,622.6799926757812,1771579
2026-02-19 17:30:00+00:00,616.9451293945312,620.5800170898438,608.0,611.4000244140625,1312317
2026-02-19 18:30:00+00:00,619.9249877929688,625.7899780273438,616.5999755859375,616.9450073242188,1338292
2026-02-19 19:30:00+00:00,618.0599975585938,621.5999145507812,614.1599731445312,619.5050048828125,1252116
2026-02-19 20:30:00+00:00,620.489990234375,623.9000244140625,614.0,618.1649780273438,1191378
2026-02-20 14:30:00+00:00,633.27001953125,647.0,616.010009765625,616.2899780273438,3964654
2026-02-20 15:30:00+00:00,635.6900024414062,640.7698974609375,628.0001220703125,633.6300048828125,1747744
2026-02-20 16:30:00+00:00,636.1649780273438,643.6799926757812,635.0200805664062,635.9066772460938,1528947
2026-02-20 17:30:00+00:00,641.1998901367188,644.8308715820312,631.5399780273438,636.1649780273438,1560363
2026-02-20 18:30:00+00:00,642.7999877929688,644.1699829101562,638.5,640.9000244140625,982531
2026-02-20 19:30:00+00:00,643.2999877929688,645.5,637.77001953125,643.1199951171875,1019853
2026-02-20 20:30:00+00:00,650.2249755859375,650.22998046875,643.114990234375,643.2999877929688,1349866
2026-02-23 14:30:00+00:00,679.5750122070312,691.5399780273438,644.8800048828125,659.5050048828125,4638670
2026-02-23 15:30:00+00:00,684.1599731445312,686.9500122070312,675.219970703125,679.5750122070312,4609165
2026-02-23 16:30:00+00:00,689.0797729492188,691.2000122070312,682.9500122070312,684.0321044921875,0
2026-02-23 17:30:00+00:00,684.52001953125,689.669921875,680.0599975585938,689.389892578125,5009868
2026-02-23 18:30:00+00:00,674.3800048828125,685.2899780273438,673.1500244140625,684.52001953125,0
2026-02-23 19:30:00+00:00,663.5499877929688,675.0,656.0,674.3800048828125,1822939
2026-02-23 20:30:00+00:00,666.5599975585938,669.9699096679688,662.0100708007812,664.239990234375,1012374
2026-02-24 14:30:00+00:00,642.989990234375,684.0899047851562,628.5,681.2999877929688,7052582
2026-02-24 15:30:00+00:00,651.510009765625,654.75,641.1400146484375,642.7449951171875,2709894
2026-02-24 16:30:00+00:00,666.75,667.889892578125,646.4400024414062,651.5,2185118
2026-02-24 17:30:00+00:00,653.64501953125,668.5,653.0200805664062,666.8416137695312,1577616
2026-02-24 18:30:00+00:00,627.8599853515625,654.9500122070312,612.9199829101562,653.64501953125,4486766
2026-02-24 19:30:00+00:00,625.47998046875,635.8499755859375,621.5447998046875,627.8739013671875,2665590
2026-02-24 20:30:00+00:00,638.60009765625,641.9998779296875,625.47998046875,625.7249755859375,1798744
2026-02-25 14:30:00+00:00,643.7550048828125,661.2000122070312,629.0,644.2899780273438,4622404
2026-02-25 15:30:00+00:00,631.7000122070312,645.5,628.0700073242188,643.6300048828125,2258899
2026-02-25 16:30:00+00:00,630.2949829101562,635.0,625.8200073242188,631.8250122070312,1519069
2026-02-25 17:30:00+00:00,626.7550048828125,631.9990234375,624.4299926757812,630.2949829101562,1210737
2026-02-25 18:30:00+00:00,631.5,632.7999877929688,626.1400146484375,626.7999877929688,1130051
2026-02-25 19:30:00+00:00,637.6849975585938,641.6298828125,630.6500244140625,631.6199951171875,1375105
2026-02-25 20:30:00+00:00,632.4400024414062,643.27001953125,630.5700073242188,637.9298706054688,1151803
2026-02-26 14:30:00+00:00,608.4451293945312,658.6900024414062,607.0,646.0,8416151
2026-02-26 15:30:00+00:00,628.760009765625,629.659912109375,607.3342895507812,607.8900146484375,0
2026-02-26 16:30:00+00:00,621.2772216796875,631.469970703125,619.489990234375,628.9500122070312,1548337
2026-02-26 17:30:00+00:00,620.2901000976562,629.0,616.1900024414062,620.7999877929688,1058770
2026-02-26 18:30:00+00:00,643.3400268554688,648.4400024414062,620.0001220703125,620.27001953125,2038121
2026-02-26 19:30:00+00:00,645.5999755859375,659.8599853515625,642.8599853515625,643.0599975585938,2333000
2026-02-26 20:30:00+00:00,651.9099731445312,655.0,644.9099731445312,645.8699951171875,1600464
2026-02-27 14:30:00+00:00,651.9000244140625,661.2000122070312,625.3800048828125,627.0800170898438,4862350
2026-02-27 15:30:00+00:00,649.4998779296875,655.5,644.5,651.4500122070312,1496953
2026-02-27 16:30:00+00:00,642.760009765625,655.2000122070312,641.7000122070312,648.5,1222142
2026-02-27 17:30:00+00:00,634.989990234375,645.3298950195312,632.0,642.2000122070312,1340696
2026-02-27 18:30:00+00:00,634.0,636.260009765625,627.260009765625,634.6099853515625,1315733
2026-02-27 19:30:00+00:00,626.6649780273438,634.5,621.27001953125,633.9000244140625,1616015
2026-02-27 20:30:00+00:00,635.3099975585938,641.4998779296875,626.6500244140625,626.6500244140625,1252759
2026-03-02 14:30:00+00:00,604.010009765625,648.7999877929688,599.0,618.64501953125,4800332
2026-03-02 15:30:00+00:00,611.875,621.389892578125,597.60009765625,604.97998046875,5212742
2026-03-02 16:30:00+00:00,626.8599853515625,628.530029296875,611.2999877929688,612.280029296875,0
2026-03-02 17:30:00+00:00,621.7474975585938,629.3499755859375,619.2200927734375,627.1599731445312,968961
2026-03-02 18:30:00+00:00,619.989990234375,623.1599731445312,616.5501098632812,621.405029296875,857979
2026-03-02 19:30:00+00:00,611.4500122070312,623.5399780273438,609.3200073242188,619.5700073242188,5671914
2026-03-02 20:30:00+00:00,619.0,624.389892578125,610.30029296875,610.969970703125,1232677
2026-03-03 14:30:00+00:00,558.1489868164062,589.39990234375,557.0999755859375,581.6400146484375,7618722
2026-03-03 15:30:00+00:00,583.0001220703125,586.0,558.22998046875,558.22998046875,3608180
2026-03-03 16:30:00+00:00,587.1300048828125,593.1599731445312,581.2000732421875,583.75,2187024
2026-03-03 17:30:00+00:00,588.9299926757812,592.9000244140625,581.60009765625,587.1300048828125,1372100
2026-03-03 18:30:00+00:00,573.97998046875,592.4500122070312,573.3049926757812,588.9099731445312,1712777
2026-03-03 19:30:00+00:00,564.6649780273438,579.1799926757812,564.5,574.0158081054688,2001191
2026-03-03 20:30:00+00:00,565.4384765625,572.280029296875,562.2800903320312,564.5,1288407
2026-03-04 14:30:00+00:00,600.9724731445312,602.2166748046875,576.2999877929688,586.5,6305206
2026-03-04 15:30:00+00:00,598.0499877929688,607.47998046875,596.5701293945312,601.0,2670945
2026-03-04 16:30:00+00:00,596.0,605.0,596.0,598.0399780273438,1554789
2026-03-04 17:30:00+00:00,597.791015625,599.6699829101562,593.60009765625,596.3699951171875,1156179
2026-03-04 18:30:00+00:00,597.4244995117188,600.47998046875,595.2800903320312,597.9199829101562,807649
2026-03-04 19:30:00+00:00,590.5001220703125,600.1649780273438,589.219970703125,597.3212890625,1395350
2026-03-04 20:30:00+00:00,597.1699829101562,599.47998046875,588.5999755859375,590.5,1236303
2026-03-05 14:30:00+00:00,591.4400024414062,603.5,588.8001098632812,594.405029296875,3667406
2026-03-05 15:30:00+00:00,587.2050170898438,596.7999267578125,584.489990234375,591.3300170898438,2100085
2026-03-05 16:30:00+00:00,573.6199951171875,588.989990234375,573.0001220703125,586.989990234375,1959562
2026-03-05 17:30:00+00:00,560.1400146484375,574.1300048828125,559.0999755859375,573.8800048828125,2849328
2026-03-05 18:30:00+00:00,565.010009765625,570.489990234375,560.0999755859375,560.3200073242188,1611873
2026-03-05 19:30:00+00:00,565.8099975585938,569.0800170898438,560.5,565.010009765625,1507114
2026-03-05 20:30:00+00:00,565.5499877929688,570.5198974609375,562.6199951171875,565.6500244140625,1143400
2026-03-06 14:30:00+00:00,564.3973999023438,568.25,545.1699829101562,548.25,4894556
2026-03-06 15:30:00+00:00,567.6599731445312,568.8800048828125,557.10009765625,565.1301879882812,1809094
2026-03-06 16:30:00+00:00,560.1699829101562,570.9000244140625,559.6199951171875,567.743896484375,1462007
2026-03-06 17:30:00+00:00,556.2100219726562,560.0549926757812,551.5599975585938,559.9666137695312,1481999
2026-03-06 18:30:00+00:00,552.010009765625,559.2899780273438,550.2301025390625,556.2249755859375,1253544
2026-03-06 19:30:00+00:00,536.25,552.5859985351562,536.010009765625,551.760009765625,2060521
2026-03-06 20:30:00+00:00,527.1500244140625,538.0,526.6300048828125,536.2000122070312,2381316
2026-03-09 13:30:00+00:00,555.9349975585938,557.9799194335938,517.0,517.0,7149582
2026-03-09 14:30:00+00:00,562.5,566.7999267578125,555.1400146484375,556.1099853515625,3243533
2026-03-09 15:30:00+00:00,569.656005859375,572.7199096679688,559.1500244140625,562.5,2176843
2026-03-09 16:30:00+00:00,565.1799926757812,571.0,564.010009765625,569.9199829101562,1465796
2026-03-09 17:30:00+00:00,562.7354736328125,567.0,560.0,565.0900268554688,1392100
2026-03-09 18:30:00+00:00,575.780029296875,576.0,561.0599975585938,562.6699829101562,1878661
2026-03-09 19:30:00+00:00,589.0050048828125,589.510009765625,572.22998046875,575.530029296875,2488194
2026-03-10 13:30:00+00:00,614.7750244140625,617.823486328125,595.5599975585938,599.4000244140625,5249715
2026-03-10 14:30:00+00:00,621.7000122070312,628.3699951171875,614.9600219726562,614.9600219726562,2865155
2026-03-10 15:30:00+00:00,622.1500244140625,627.280029296875,621.0001220703125,621.02001953125,1430704
2026-03-10 16:30:00+00:00,634.3051147460938,634.8499755859375,618.1300048828125,622.219970703125,2361637
2026-03-10 17:30:00+00:00,628.6199951171875,636.5800170898438,624.5001220703125,634.1400146484375,2206551
2026-03-10 18:30:00+00:00,620.52001953125,633.0,620.52001953125,628.2100219726562,1767805
2026-03-10 19:30:00+00:00,618.6099853515625,623.0999755859375,615.280029296875,620.760009765625,1479931
2026-03-11 13:30:00+00:00,631.219970703125,637.3599853515625,618.9000244140625,625.8499755859375,4138247
2026-03-11 14:30:00+00:00,634.5599975585938,645.4998779296875,623.3200073242188,631.0,3027772
2026-03-11 15:30:00+00:00,635.2449951171875,637.9998779296875,630.030029296875,634.9099731445312,1704667
2026-03-11 16:30:00+00:00,639.5,640.5899047851562,633.6600952148438,635.2449951171875,1303163
2026-03-11 17:30:00+00:00,642.989990234375,644.4000244140625,634.0,638.9752197265625,1558807
2026-03-11 18:30:00+00:00,644.260009765625,644.4299926757812,639.8800048828125,642.989990234375,1218685
2026-03-11 19:30:00+00:00,655.3300170898438,655.6799926757812,643.1300048828125,644.2000122070312,2008121
2026-03-12 13:30:00+00:00,631.760009765625,651.9899291992188,626.444091796875,647.280029296875,4952125
2026-03-12 14:30:00+00:00,617.1787719726562,632.5,612.2100219726562,631.844970703125,3419279
2026-03-12 15:30:00+00:00,621.2999877929688,629.8800048828125,614.0001220703125,617.0374145507812,2927485
2026-03-12 16:30:00+00:00,619.4000244140625,626.327880859375,618.5001220703125,622.030029296875,1396599
2026-03-12 17:30:00+00:00,622.8515014648438,625.6798706054688,617.02001953125,619.489990234375,1220219
2026-03-12 18:30:00+00:00,615.489990234375,623.0,613.0,622.6599731445312,1815619
2026-03-12 19:30:00+00:00,618.77001953125,621.3497924804688,615.2901000976562,615.2901000976562,1038341
2026-03-13 13:30:00+00:00,639.989990234375,646.5499267578125,628.6300048828125,630.75,4469788
2026-03-13 14:30:00+00:00,633.239990234375,640.9600219726562,623.0599975585938,639.3499755859375,2524743
2026-03-13 15:30:00+00:00,648.2249755859375,650.5,627.0300903320312,633.0687255859375,2325969
2026-03-13 16:30:00+00:00,654.010009765625,662.1799926757812,646.7899780273438,648.239990234375,3049647
2026-03-13 17:30:00+00:00,658.8920288085938,659.0,649.5499877929688,653.7750244140625,1397740
2026-03-13 18:30:00+00:00,662.25,671.6699829101562,657.5501098632812,659.0050048828125,2950921
2026-03-13 19:30:00+00:00,661.260009765625,666.760009765625,658.5800170898438,662.4600219726562,1407057
2026-03-16 13:30:00+00:00,708.0549926757812,714.7000122070312,687.4299926757812,687.4299926757812,5057422
2026-03-16 14:30:00+00:00,714.3699951171875,717.4998779296875,705.7000122070312,707.5999755859375,1963027
2026-03-16 15:30:00+00:00,713.4000244140625,719.9998779296875,710.8699951171875,714.3900146484375,1341903
2026-03-16 16:30:00+00:00,715.4299926757812,717.5,712.6599731445312,713.6400146484375,4344653
2026-03-16 17:30:00+00:00,714.594970703125,718.2999267578125,709.0,715.4940185546875,0
2026-03-16 18:30:00+00:00,717.510009765625,718.9598999023438,710.4201049804688,714.6865234375,1343630
2026-03-16 19:30:00+00:00,703.9400024414062,718.3098754882812,695.330078125,717.7000122070312,1938929
2026-03-17 13:30:00+00:00,713.469970703125,718.0,695.1201171875,716.0,3476745
2026-03-17 14:30:00+00:00,709.5399780273438,717.969970703125,707.0900268554688,713.4199829101562,1653500
2026-03-17 15:30:00+00:00,710.010009765625,712.5,701.9000244140625,709.6099853515625,1204174
2026-03-17 16:30:00+00:00,706.5,714.0,703.8800048828125,710.2899780273438,1006528
2026-03-17 17:30:00+00:00,707.7999877929688,711.8300170898438,703.0,706.6649780273438,728977
2026-03-17 18:30:00+00:00,709.7999877929688,713.1799926757812,704.5999755859375,707.75,872852
2026-03-17 19:30:00+00:00,720.3499755859375,721.3699951171875,708.72998046875,709.989990234375,1181215
2026-03-18 13:30:00+00:00,723.9998779296875,749.5999755859375,715.5,730.0150146484375,3966041
2026-03-18 14:30:00+00:00,740.885009765625,743.8499755859375,723.0,723.0,2001260
2026-03-18 15:30:00+00:00,742.97998046875,747.0,739.5001220703125,740.510009765625,1284817
2026-03-18 16:30:00+00:00,746.125,747.25,740.6400146484375,742.8099975585938,972699
2026-03-18 17:30:00+00:00,752.0654907226562,753.3900146484375,745.4000244140625,745.7999877929688,4894356
2026-03-18 18:30:00+00:00,755.4099731445312,761.5,749.3499755859375,752.5,0
2026-03-18 19:30:00+00:00,753.0,759.4500122070312,750.0399780273438,755.3499755859375,1440594
2026-03-19 13:30:00+00:00,744.4550170898438,752.010009765625,692.0,707.0,5487487
2026-03-19 14:30:00+00:00,738.8599853515625,756.0,736.10009765625,744.1400146484375,2107503
2026-03-19 15:30:00+00:00,740.0050048828125,740.8200073242188,731.8200073242188,739.0850219726562,1420972
2026-03-19 16:30:00+00:00,742.5250854492188,746.9000244140625,735.72998046875,740.1259765625,1312150
2026-03-19 17:30:00+00:00,748.280029296875,748.9998779296875,741.010009765625,742.260009765625,941342
2026-03-19 18:30:00+00:00,762.5549926757812,765.1300048828125,742.0499877929688,748.0,1757909
2026-03-19 19:30:00+00:00,771.8350219726562,776.0,759.6801147460938,762.5549926757812,1658800
2026-03-20 13:30:00+00:00,730.9279174804688,777.5999755859375,724.5,771.7150268554688,5888144
2026-03-20 14:30:00+00:00,727.8323974609375,736.6798706054688,712.4299926757812,730.655029296875,3861431
2026-03-20 15:30:00+00:00,730.260009765625,738.7999267578125,726.10009765625,727.8167114257812,2218122
2026-03-20 16:30:00+00:00,714.655029296875,732.0,714.030029296875,730.0,1956811
2026-03-20 17:30:00+00:00,706.780029296875,715.6998901367188,705.3599853515625,714.5,2298040
2026-03-20 18:30:00+00:00,699.4550170898438,709.8098754882812,698.3499755859375,706.7031860351562,2144004
2026-03-20 19:30:00+00:00,710.4000244140625,710.77001953125,699.3800048828125,699.5650024414062,1772140
2026-03-23 13:30:00+00:00,743.1799926757812,745.5999755859375,700.110107421875,715.5399780273438,7634599
2026-03-23 14:30:00+00:00,709.3051147460938,748.780029296875,703.469970703125,742.72998046875,3098043
2026-03-23 15:30:00+00:00,679.6599731445312,713.3800048828125,679.0,709.6500244140625,4085437
2026-03-23 16:30:00+00:00,685.0601196289062,692.0700073242188,678.8400268554688,679.405029296875,1691126
2026-03-23 17:30:00+00:00,691.9199829101562,694.5650024414062,680.9000244140625,685.6998901367188,1459170
2026-03-23 18:30:00+00:00,694.9199829101562,698.9799194335938,687.0,692.5800170898438,1853133
2026-03-23 19:30:00+00:00,702.4600219726562,702.9899291992188,693.030029296875,695.1400146484375,1546930
2026-03-24 13:30:00+00:00,697.4149780273438,711.2999267578125,680.1901245117188,694.0,4763659
2026-03-24 14:30:00+00:00,693.9500122070312,707.3399047851562,690.5499877929688,696.8200073242188,2003367
2026-03-24 15:30:00+00:00,695.7799072265625,701.9000244140625,689.030029296875,693.656982421875,1503608
2026-03-24 16:30:00+00:00,690.4904174804688,699.0,689.5,695.2899780273438,1109975
2026-03-24 17:30:00+00:00,694.9450073242188,696.5490112304688,686.010009765625,690.8800048828125,1378586
2026-03-24 18:30:00+00:00,694.614990234375,703.489990234375,694.3300170898438,694.7449951171875,1323271
2026-03-24 19:30:00+00:00,702.75,702.8900146484375,693.8900146484375,694.614990234375,919220
2026-03-25 13:30:00+00:00,678.419921875,683.9998779296875,638.0,651.3150024414062,9948327
2026-03-25 14:30:00+00:00,665.2100219726562,687.219970703125,654.3400268554688,678.4199829101562,3056324
2026-03-25 15:30:00+00:00,675.8900146484375,676.77001953125,663.1701049804688,665.469970703125,1708856
2026-03-25 16:30:00+00:00,671.5150146484375,676.4600219726562,666.6699829101562,676.0,1276728
2026-03-25 17:30:00+00:00,681.2999877929688,684.4998779296875,670.60009765625,671.5150146484375,1503679
2026-03-25 18:30:00+00:00,676.094970703125,682.7451782226562,672.6799926757812,681.2849731445312,1152069
2026-03-25 19:30:00+00:00,677.8599853515625,678.1300048828125,669.8099975585938,676.1024780273438,1175492
2026-03-26 13:30:00+00:00,634.4349975585938,659.659912109375,627.5999755859375,652.2000122070312,5239816
2026-03-26 14:30:00+00:00,623.5800170898438,636.8499755859375,619.0,634.8900146484375,3142838
2026-03-26 15:30:00+00:00,623.1400146484375,632.989990234375,621.0,623.9998779296875,1869753
2026-03-26 16:30:00+00:00,612.4630126953125,623.4000244140625,610.4500122070312,623.3599853515625,2349517
2026-03-26 17:30:00+00:00,605.9149780273438,616.4990234375,604.3150024414062,612.5,1907216
2026-03-26 18:30:00+00:00,615.760009765625,615.8800048828125,604.5200805664062,606.0,1957705
2026-03-26 19:30:00+00:00,603.0399780273438,617.3980712890625,602.030029296875,615.7899780273438,1594010
2026-03-27 13:30:00+00:00,618.739990234375,634.2999267578125,599.3699951171875,600.9000244140625,6998187
2026-03-27 14:30:00+00:00,630.4000244140625,631.4998779296875,611.0,619.0,2151623
2026-03-27 15:30:00+00:00,624.889892578125,638.52001953125,622.6201171875,630.4099731445312,1812662
2026-03-27 16:30:00+00:00,612.739990234375,625.0,612.22998046875,624.4550170898438,1464278
2026-03-27 17:30:00+00:00,610.0999755859375,616.8699951171875,608.7000122070312,612.7899780273438,1236830
2026-03-27 18:30:00+00:00,612.340087890625,616.2899169921875,604.5001220703125,610.5499877929688,1442384
2026-03-27 19:30:00+00:00,615.6849975585938,616.7698974609375,610.0599975585938,613.1375732421875,964444
2026-03-30 13:30:00+00:00,600.142822265625,651.0,591.010009765625,642.739990234375,6973709
2026-03-30 14:30:00+00:00,586.0938110351562,604.3499755859375,581.5,600.5499877929688,3492771
2026-03-30 15:30:00+00:00,579.6099853515625,591.9000244140625,577.35009765625,586.25,2075645
2026-03-30 16:30:00+00:00,571.25,582.9000244140625,570.27001953125,579.3499755859375,1717117
2026-03-30 17:30:00+00:00,566.2899780273438,577.0,564.5,571.2752075195312,1951529
2026-03-30 18:30:00+00:00,560.1199951171875,567.6799926757812,558.58251953125,566.4199829101562,1612754
2026-03-30 19:30:00+00:00,572.5549926757812,573.0,558.6099853515625,560.510009765625,1561726
2026-03-31 13:30:00+00:00,608.5,611.9299926757812,578.4199829101562,589.6500244140625,6182912
2026-03-31 14:30:00+00:00,601.5800170898438,614.5,595.27001953125,608.4600219726562,2738690
2026-03-31 15:30:00+00:00,606.64501953125,608.6799926757812,589.2999877929688,601.5900268554688,2087350
2026-03-31 16:30:00+00:00,622.780029296875,630.5900268554688,605.5499877929688,606.5549926757812,3368771
2026-03-31 17:30:00+00:00,615.530029296875,624.6298828125,614.0,622.6799926757812,1554699
2026-03-31 18:30:00+00:00,627.5700073242188,628.5499877929688,613.8499755859375,615.5,1744903
2026-03-31 19:30:00+00:00,635.3400268554688,636.3198852539062,624.5499877929688,627.6199951171875,1841585
2026-04-01 13:30:00+00:00,698.6950073242188,705.9000244140625,645.0999755859375,652.2899780273438,9225139
2026-04-01 14:30:00+00:00,695.6599731445312,703.5499877929688,694.4400024414062,699.0999755859375,3001310
2026-04-01 15:30:00+00:00,702.77001953125,709.0,693.25,695.1500244140625,2072230
2026-04-01 16:30:00+00:00,708.5100708007812,710.2999877929688,699.3900146484375,702.77001953125,1568211
2026-04-01 17:30:00+00:00,689.25,710.8499755859375,688.130126953125,708.510009765625,2306170
2026-04-01 18:30:00+00:00,697.8049926757812,698.7899169921875,686.0,688.5,1813041
2026-04-01 19:30:00+00:00,692.4208984375,698.0205078125,687.0,697.8049926757812,1238008
2026-04-02 13:30:00+00:00,686.1849975585938,697.77001953125,641.0,642.52001953125,7451960
2026-04-02 14:30:00+00:00,693.3284912109375,707.3098754882812,685.0001220703125,685.8701171875,3316477
2026-04-02 15:30:00+00:00,689.3001098632812,696.5,685.27001953125,693.4199829101562,1745245
2026-04-02 16:30:00+00:00,696.260009765625,699.2999877929688,687.3499755859375,689.5,1206794
2026-04-02 17:30:00+00:00,691.3499755859375,696.530029296875,689.60009765625,696.0205078125,1130625
2026-04-02 18:30:00+00:00,693.4650268554688,697.7999877929688,691.1599731445312,691.3900146484375,855913
2026-04-02 19:30:00+00:00,701.9500122070312,702.4998779296875,693.0,693.3200073242188,1123994
2026-04-06 13:30:00+00:00,723.3699951171875,736.0,711.0,720.22998046875,4864352
2026-04-06 14:30:00+00:00,722.848388671875,733.89990234375,720.0,722.719970703125,1821322
2026-04-06 15:30:00+00:00,721.9299926757812,724.1099853515625,717.580078125,722.5900268554688,1127616
2026-04-06 16:30:00+00:00,730.3699951171875,730.5,717.0,722.1762084960938,1009714
2026-04-06 17:30:00+00:00,726.5067138671875,735.5,723.0,729.9400024414062,1273761
2026-04-06 18:30:00+00:00,720.5,728.419921875,719.2000732421875,726.2999877929688,1235043
2026-04-06 19:30:00+00:00,724.6199951171875,724.6400146484375,719.010009765625,721.02001953125,789536
2026-04-07 13:30:00+00:00,712.927001953125,733.5,695.8800048828125,732.0001220703125,4440261
2026-04-07 14:30:00+00:00,710.989990234375,715.39990234375,698.2808227539062,713.0,1858650
2026-04-07 15:30:00+00:00,712.5499877929688,722.8499755859375,705.5001220703125,711.206298828125,1347506
2026-04-07 16:30:00+00:00,713.0900268554688,718.8377075195312,711.2000122070312,712.9998779296875,801254
2026-04-07 17:30:00+00:00,701.64501953125,716.1099853515625,699.0999755859375,713.0900268554688,1371111
2026-04-07 18:30:00+00:00,695.2650146484375,702.6099243164062,687.6788940429688,701.5759887695312,1842105
2026-04-07 19:30:00+00:00,710.7000122070312,711.989990234375,693.4168701171875,695.260009765625,1272719
2026-04-08 13:30:00+00:00,785.3200073242188,807.9876098632812,779.551025390625,784.0999755859375,7172328
2026-04-08 14:30:00+00:00,778.47998046875,787.5,758.1900024414062,785.6599731445312,3086061
2026-04-08 15:30:00+00:00,788.8800048828125,788.8800048828125,776.780029296875,778.8499755859375,1507149
2026-04-08 16:30:00+00:00,788.5,793.9400024414062,785.1300048828125,788.4450073242188,1217308
2026-04-08 17:30:00+00:00,782.1799926757812,792.4099731445312,782.010009765625,788.3499755859375,1092694
2026-04-08 18:30:00+00:00,779.3201293945312,787.0,775.4119873046875,782.9500122070312,1261453
2026-04-08 19:30:00+00:00,780.489990234375,782.0,776.02001953125,779.635009765625,876515
2026-04-09 13:30:00+00:00,817.3499755859375,831.2698974609375,805.0,816.4301147460938,6386753
2026-04-09 14:30:00+00:00,823.3800048828125,830.7999877929688,808.590087890625,817.0,2188538
2026-04-09 15:30:00+00:00,834.5449829101562,840.4998779296875,823.2999877929688,823.6865844726562,2127704
2026-04-09 16:30:00+00:00,837.7000122070312,838.389892578125,831.1199951171875,834.510009765625,970354
2026-04-09 17:30:00+00:00,836.60009765625,843.0,832.510009765625,837.375,1241784
2026-04-09 18:30:00+00:00,846.3699951171875,847.8099975585938,834.3099975585938,837.1599731445312,1655891
2026-04-09 19:30:00+00:00,851.5499877929688,855.0,846.3099975585938,846.3099975585938,1622456
2026-04-10 13:30:00+00:00,853.6099853515625,873.9500122070312,835.2750244140625,873.5,5709160
2026-04-10 14:30:00+00:00,847.8300170898438,856.9398803710938,843.0501098632812,853.7100219726562,1709041
2026-04-10 15:30:00+00:00,846.5,850.0,839.0,847.8300170898438,1333688
2026-04-10 16:30:00+00:00,855.6500244140625,857.0,844.0601196289062,846.5,1036092
2026-04-10 17:30:00+00:00,860.5208740234375,862.5800170898438,854.380126953125,855.8900146484375,974866
2026-04-10 18:30:00+00:00,860.1900024414062,862.489990234375,854.44970703125,860.5809936523438,909289
2026-04-10 19:30:00+00:00,851.9600219726562,859.9099731445312,848.0200805664062,859.9099731445312,1041331
2026-04-13 13:30:00+00:00,907.5999755859375,908.4998779296875,866.969970703125,867.0850219726562,5801662
2026-04-13 14:30:00+00:00,905.7000122070312,917.5599975585938,903.4000244140625,907.4500122070312,2688525
2026-04-13 15:30:00+00:00,908.5200805664062,909.8900146484375,899.0999755859375,905.4099731445312,1356226
2026-04-13 16:30:00+00:00,911.0001220703125,912.5,905.5100708007812,908.3800048828125,1039670
2026-04-13 17:30:00+00:00,930.489990234375,931.6298828125,911.0,911.10498046875,2180342
2026-04-13 18:30:00+00:00,945.9299926757812,946.9716796875,929.6699829101562,930.405029296875,3026323
2026-04-13 19:30:00+00:00,952.4927978515625,953.409912109375,941.47998046875,945.4099731445312,2084394
2026-04-14 13:30:00+00:00,919.4500122070312,965.0,905.02001953125,964.344970703125,8359309
2026-04-14 14:30:00+00:00,930.52001953125,932.0,902.0001220703125,920.0,2957199
2026-04-14 15:30:00+00:00,928.2750244140625,938.5,924.3001098632812,930.5499877929688,2138525
2026-04-14 16:30:00+00:00,938.280029296875,941.0,925.010009765625,927.9600219726562,1497694
2026-04-14 17:30:00+00:00,937.7150268554688,950.919921875,936.0,938.57861328125,1761777
2026-04-14 18:30:00+00:00,943.5,945.89990234375,937.219970703125,937.5390014648438,1326860
2026-04-14 19:30:00+00:00,944.510009765625,947.5999755859375,939.02001953125,942.9500122070312,1094443
2026-04-15 13:30:00+00:00,896.5549926757812,937.9899291992188,878.7849731445312,929.864990234375,6053775
2026-04-15 14:30:00+00:00,888.1300048828125,905.2081298828125,887.1600952148438,896.655029296875,2147708
2026-04-15 15:30:00+00:00,884.4359741210938,892.0,881.510009765625,888.9998779296875,1509703
2026-04-15 16:30:00+00:00,885.27001953125,889.2000122070312,873.9299926757812,884.4299926757812,1709022
2026-04-15 17:30:00+00:00,892.52001953125,899.4998779296875,885.0,885.52001953125,1493969
2026-04-15 18:30:00+00:00,891.6400146484375,896.97998046875,888.6300048828125,892.6699829101562,1207752
2026-04-15 19:30:00+00:00,891.6599731445312,895.8800048828125,886.0,891.3250122070312,1062263
2026-04-16 13:30:00+00:00,917.77001953125,929.5,894.72998046875,895.989990234375,5407645
2026-04-16 14:30:00+00:00,912.0700073242188,923.4998779296875,910.02001953125,917.5050048828125,1527512
2026-04-16 15:30:00+00:00,900.760009765625,919.89990234375,900.0100708007812,912.0,1369057
2026-04-16 16:30:00+00:00,907.317626953125,909.2498779296875,894.2000732421875,901.239990234375,1372110
2026-04-16 17:30:00+00:00,898.3400268554688,908.4899291992188,892.5100708007812,907.0050048828125,1191137
2026-04-16 18:30:00+00:00,906.3099975585938,907.7080078125,893.010009765625,898.489990234375,1036640
2026-04-16 19:30:00+00:00,919.3900146484375,920.0800170898438,905.7100219726562,906.3699951171875,1180242
2026-04-17 13:30:00+00:00,911.1649780273438,930.4998779296875,900.5599975585938,920.8400268554688,4004999
2026-04-17 14:30:00+00:00,902.1701049804688,912.0,898.0,911.1649780273438,1756507
2026-04-17 15:30:00+00:00,896.280029296875,903.9199829101562,886.0001220703125,902.9005737304688,1637714
2026-04-17 16:30:00+00:00,906.155029296875,908.780029296875,895.0001220703125,896.280029296875,1417274
2026-04-17 17:30:00+00:00,919.4500122070312,920.669921875,905.1201171875,906.155029296875,1439100
2026-04-17 18:30:00+00:00,910.7949829101562,924.659912109375,906.4400024414062,919.4500122070312,1858029
2026-04-17 19:30:00+00:00,920.989990234375,930.5,911.3300170898438,911.3300170898438,2544339
2026-04-20 13:30:00+00:00,919.6599731445312,951.469970703125,910.1199951171875,930.969970703125,3475054
2026-04-20 14:30:00+00:00,919.0,924.39990234375,900.3699951171875,919.7750244140625,1808535
2026-04-20 15:30:00+00:00,925.375,927.7999877929688,909.0,917.9400024414062,1439884
2026-04-20 16:30:00+00:00,923.6400146484375,927.1599731445312,921.7999877929688,925.375,819964
2026-04-20 17:30:00+00:00,924.760009765625,926.97998046875,921.7999877929688,923.7000122070312,748447
2026-04-20 18:30:00+00:00,914.0999755859375,925.37548828125,913.0001220703125,924.760009765625,1005957
2026-04-20 19:30:00+00:00,912.8250122070312,915.9998779296875,910.080078125,914.1890258789062,803691
2026-04-21 13:30:00+00:00,911.75,938.780029296875,909.0,929.2899780273438,3251381
2026-04-21 14:30:00+00:00,906.0991821289062,913.7498779296875,900.2000122070312,911.9149780273438,1515012
2026-04-21 15:30:00+00:00,912.3889770507812,918.7999877929688,900.8372802734375,905.1099853515625,1309205
2026-04-21 16:30:00+00:00,913.5,916.6099853515625,906.0,912.875,708522
2026-04-21 17:30:00+00:00,913.510009765625,918.5098876953125,911.2301025390625,913.0,782476
2026-04-21 18:30:00+00:00,915.5900268554688,917.2423706054688,910.5,913.5650024414062,587523
2026-04-21 19:30:00+00:00,903.3599853515625,917.7598876953125,899.5399780273438,915.52001953125,985055
2026-04-22 13:30:00+00:00,916.3878173828125,928.75,895.739990234375,922.010009765625,3647582
2026-04-22 14:30:00+00:00,934.4320068359375,939.8400268554688,913.0,916.6699829101562,2668219
2026-04-22 15:30:00+00:00,954.8099975585938,958.3798828125,932.6569213867188,934.4199829101562,2142467
2026-04-22 16:30:00+00:00,972.0,975.202392578125,950.2000732421875,954.8989868164062,1938133
2026-04-22 17:30:00+00:00,972.0900268554688,976.780029296875,966.1510009765625,972.0324096679688,1410869
2026-04-22 18:30:00+00:00,971.998291015625,980.9899291992188,968.4500122070312,972.3499755859375,1502090
2026-04-22 19:30:00+00:00,978.8599853515625,981.0610961914062,969.0,972.0,1152795
2026-04-23 13:30:00+00:00,958.1849975585938,961.4799194335938,941.0,948.5449829101562,3515207
2026-04-23 14:30:00+00:00,968.5,975.3599853515625,956.0,959.010009765625,1628778
2026-04-23 15:30:00+00:00,966.1641845703125,978.8798828125,962.0001220703125,968.1300048828125,1150129
2026-04-23 16:30:00+00:00,948.6243286132812,975.5,945.8701171875,966.1649780273438,1492805
2026-04-23 17:30:00+00:00,945.1400146484375,952.8900146484375,930.2000732421875,948.2849731445312,1549114
2026-04-23 18:30:00+00:00,937.5327758789062,948.0,932.0100708007812,945.3148803710938,953247
2026-04-23 19:30:00+00:00,932.239990234375,940.4398803710938,926.110107421875,938.0,1213995
2026-04-24 13:30:00+00:00,988.4998779296875,1002.0900268554688,947.0001220703125,953.5999755859375,5022658
2026-04-24 14:30:00+00:00,982.8201293945312,998.3065795898438,979.0084228515625,988.5,1867315
2026-04-24 15:30:00+00:00,988.0499877929688,992.0,980.6500244140625,982.8300170898438,765898
2026-04-24 16:30:00+00:00,985.0,993.3200073242188,984.014404296875,988.47998046875,614046
2026-04-24 17:30:00+00:00,989.4708862304688,996.0,982.7800903320312,984.7479858398438,807423
2026-04-24 18:30:00+00:00,989.4550170898438,998.510009765625,987.090087890625,990.0999755859375,977764
2026-04-24 19:30:00+00:00,989.9199829101562,992.7899780273438,984.030029296875,989.4550170898438,878546
2026-04-27 13:30:00+00:00,1042.0,1049.5496826171875,1008.8856201171875,1023.5800170898438,4798041
2026-04-27 14:30:00+00:00,1048.989990234375,1054.919921875,1035.0400390625,1041.2550048828125,1981660
2026-04-27 15:30:00+00:00,1061.68994140625,1066.5,1048.000244140625,1048.5350341796875,1662145
2026-04-27 16:30:00+00:00,1061.7099609375,1067.4200439453125,1058.0,1061.5999755859375,890725
2026-04-27 17:30:00+00:00,1059.9150390625,1065.0,1055.0,1061.655029296875,728092
2026-04-27 18:30:00+00:00,1062.9300537109375,1066.389892578125,1058.5,1059.969970703125,832445
2026-04-27 19:30:00+00:00,1070.27001953125,1070.6400146484375,1057.570068359375,1062.6199951171875,1102024
2026-04-28 13:30:00+00:00,1013.1300048828125,1054.219970703125,1011.010009765625,1027.5999755859375,4858010
2026-04-28 14:30:00+00:00,992.010009765625,1014.2598876953125,980.280029296875,1013.7515258789062,2719360
2026-04-28 15:30:00+00:00,992.5770874023438,1000.5,986.0,991.7999877929688,986700
2026-04-28 16:30:00+00:00,1009.02001953125,1009.76220703125,986.8403930664062,992.0001220703125,1042537
2026-04-28 17:30:00+00:00,1027.7349853515625,1029.0,1009.0,1009.2000122070312,1422754
2026-04-28 18:30:00+00:00,1016.7750244140625,1032.9000244140625,1015.0001220703125,1027.739990234375,1012437
2026-04-28 19:30:00+00:00,1002.8300170898438,1018.0499877929688,1000.22998046875,1016.6599731445312,857001
2026-04-29 13:30:00+00:00,1086.6400146484375,1102.9998779296875,1063.6800537109375,1070.5999755859375,4517846
2026-04-29 14:30:00+00:00,1086.9796142578125,1099.4998779296875,1084.191162109375,1087.010009765625,1337802
2026-04-29 15:30:00+00:00,1077.9549560546875,1096.8099365234375,1073.4200439453125,1087.6500244140625,939022
2026-04-29 16:30:00+00:00,1068.5135498046875,1083.8770751953125,1066.31005859375,1076.425048828125,727229
2026-04-29 17:30:00+00:00,1077.7900390625,1081.0,1064.1700439453125,1068.0001220703125,825232
2026-04-29 18:30:00+00:00,1074.489990234375,1082.4998779296875,1060.0,1076.0350341796875,1111448
2026-04-29 19:30:00+00:00,1064.219970703125,1075.8900146484375,1061.739990234375,1073.3699951171875,873070
2026-04-30 13:30:00+00:00,1084.75,1114.9798583984375,1076.050048828125,1111.1400146484375,3472130
2026-04-30 14:30:00+00:00,1096.0550537109375,1100.3741455078125,1080.92333984375,1084.0,1181623
2026-04-30 15:30:00+00:00,1095.925048828125,1104.25,1090.5235595703125,1096.989990234375,737082
2026-04-30 16:30:00+00:00,1089.5899658203125,1101.0,1088.31005859375,1096.8399658203125,792646
2026-04-30 17:30:00+00:00,1096.5001220703125,1104.6199951171875,1084.630126953125,1089.8599853515625,974118
2026-04-30 18:30:00+00:00,1110.2049560546875,1113.9798583984375,1093.9599609375,1096.8399658203125,1485192
2026-04-30 19:30:00+00:00,1096.530029296875,1115.0,1093.4100341796875,1110.2049560546875,1500578
2026-05-01 13:30:00+00:00,1120.1400146484375,1153.0,1048.0,1059.02001953125,8319394
2026-05-01 14:30:00+00:00,1098.2900390625,1121.3399658203125,1076.0,1120.1800537109375,3778403
2026-05-01 15:30:00+00:00,1098.300048828125,1114.050048828125,1085.06005859375,1098.260009765625,1589951
2026-05-01 16:30:00+00:00,1098.2249755859375,1108.8699951171875,1094.1400146484375,1098.4423828125,1100466
2026-05-01 17:30:00+00:00,1131.4649658203125,1137.449951171875,1095.300048828125,1097.9000244140625,1716676
2026-05-01 18:30:00+00:00,1153.2200927734375,1156.97998046875,1121.8701171875,1131.4649658203125,2884801
2026-05-01 19:30:00+00:00,1188.1600341796875,1189.239990234375,1146.4637451171875,1153.75,2460642
