Date,Close,High,Low,Open,Volume,"('Close', 'DE')","('High', 'DE')","('Low', 'DE')","('Open', 'DE')","('Volume', 'DE')","('Close', 'DE')","('High', 'DE')","('Low', 'DE')","('Open', 'DE')","('Volume', 'DE')"
2023-06-06 13:30:00+00:00,,,,,,,,,,,369.3550109863281,370.8800048828125,361.79998779296875,362.2200012207031,413376.0
2023-06-06 14:30:00+00:00,,,,,,,,,,,370.0899963378906,371.45001220703125,369.17999267578125,369.4800109863281,261447.0
2023-06-06 15:30:00+00:00,,,,,,,,,,,370.70001220703125,371.7699890136719,369.8450012207031,370.1700134277344,176712.0
2023-06-06 16:30:00+00:00,,,,,,,,,,,370.2799987792969,371.32000732421875,369.7200012207031,370.7900085449219,152789.0
2023-06-06 17:30:00+00:00,,,,,,,,,,,372.0899963378906,372.1600036621094,369.3999938964844,370.2099914550781,186960.0
2023-06-06 18:30:00+00:00,,,,,,,,,,,373.3349914550781,373.5400085449219,371.4800109863281,372.0799865722656,218679.0
2023-06-06 19:30:00+00:00,,,,,,,,,,,373.6400146484375,374.4599914550781,372.5350036621094,373.3500061035156,345377.0
2023-06-07 13:30:00+00:00,,,,,,,,,,,377.5299987792969,377.9399108886719,370.0799865722656,373.9800109863281,284101.0
2023-06-07 14:30:00+00:00,,,,,,,,,,,378.67999267578125,379.0,375.5299987792969,377.42999267578125,204695.0
2023-06-07 15:30:00+00:00,,,,,,,,,,,382.9049987792969,382.9599914550781,378.6600036621094,378.75,340882.0
2023-06-07 16:30:00+00:00,,,,,,,,,,,383.4549865722656,383.93499755859375,382.0375061035156,382.8800048828125,284075.0
2023-06-07 17:30:00+00:00,,,,,,,,,,,381.4100036621094,383.489990234375,380.7698974609375,383.30999755859375,183129.0
2023-06-07 18:30:00+00:00,,,,,,,,,,,382.3399963378906,382.4056091308594,380.1600036621094,381.3999938964844,168613.0
2023-06-07 19:30:00+00:00,,,,,,,,,,,381.82000732421875,382.6400146484375,381.6000061035156,382.3399963378906,278355.0
2023-06-08 13:30:00+00:00,,,,,,,,,,,379.57000732421875,384.0,378.77630615234375,381.7699890136719,273642.0
2023-06-08 14:30:00+00:00,,,,,,,,,,,380.0199890136719,380.4049987792969,378.54998779296875,379.4750061035156,151606.0
2023-06-08 15:30:00+00:00,,,,,,,,,,,380.739990234375,380.8500061035156,379.1875,379.8500061035156,157899.0
2023-06-08 16:30:00+00:00,,,,,,,,,,,380.0400085449219,381.3599853515625,379.989990234375,380.806396484375,115857.0
2023-06-08 17:30:00+00:00,,,,,,,,,,,381.1099853515625,381.1099853515625,379.510009765625,379.94000244140625,129690.0
2023-06-08 18:30:00+00:00,,,,,,,,,,,381.1400146484375,381.54998779296875,380.6199951171875,381.1199951171875,120205.0
2023-06-08 19:30:00+00:00,,,,,,,,,,,380.7699890136719,381.63751220703125,380.5899963378906,381.0299987792969,173935.0
2023-06-09 13:30:00+00:00,,,,,,,,,,,381.82501220703125,383.364990234375,380.17999267578125,381.7300109863281,275385.0
2023-06-09 14:30:00+00:00,,,,,,,,,,,378.3949890136719,382.7900085449219,377.8800048828125,381.94000244140625,194936.0
2023-06-09 15:30:00+00:00,,,,,,,,,,,377.75,378.82000732421875,377.07000732421875,378.4549865722656,144522.0
2023-06-09 16:30:00+00:00,,,,,,,,,,,379.1400146484375,380.32000732421875,377.61920166015625,377.80999755859375,122694.0
2023-06-09 17:30:00+00:00,,,,,,,,,,,379.82000732421875,380.25,378.79998779296875,379.0299987792969,103732.0
2023-06-09 18:30:00+00:00,,,,,,,,,,,379.06500244140625,379.82000732421875,378.8299865722656,379.7099914550781,113372.0
2023-06-09 19:30:00+00:00,,,,,,,,,,,378.9200134277344,379.5849914550781,378.7300109863281,379.07000732421875,177806.0
2023-06-12 13:30:00+00:00,,,,,,,,,,,384.25,386.82501220703125,379.0,379.2200012207031,369596.0
2023-06-12 14:30:00+00:00,,,,,,,,,,,385.07000732421875,386.05999755859375,383.0,384.1600036621094,182207.0
2023-06-12 15:30:00+00:00,,,,,,,,,,,385.489990234375,386.6400146484375,384.6499938964844,385.125,118242.0
2023-06-12 16:30:00+00:00,,,,,,,,,,,385.385009765625,386.5350036621094,385.0249938964844,385.5400085449219,181180.0
2023-06-12 17:30:00+00:00,,,,,,,,,,,385.6549987792969,386.55999755859375,384.9599914550781,385.385009765625,133505.0
2023-06-12 18:30:00+00:00,,,,,,,,,,,386.55999755859375,386.9599914550781,385.2099914550781,385.7200012207031,151135.0
2023-06-12 19:30:00+00:00,,,,,,,,,,,387.19000244140625,388.07000732421875,386.4100036621094,386.6600036621094,238749.0
2023-06-13 13:30:00+00:00,,,,,,,,,,,398.92498779296875,398.92498779296875,389.20001220703125,389.82000732421875,586270.0
2023-06-13 14:30:00+00:00,,,,,,,,,,,397.2300109863281,400.7900085449219,396.9700012207031,398.94000244140625,366973.0
2023-06-13 15:30:00+00:00,,,,,,,,,,,399.3349914550781,399.3349914550781,395.7099914550781,397.2900085449219,219474.0
2023-06-13 16:30:00+00:00,,,,,,,,,,,399.4599914550781,400.0799865722656,398.31048583984375,399.2950134277344,171175.0
2023-06-13 17:30:00+00:00,,,,,,,,,,,397.8599853515625,399.989990234375,397.5426940917969,399.4100036621094,165355.0
2023-06-13 18:30:00+00:00,,,,,,,,,,,399.07000732421875,399.3598937988281,397.0404968261719,397.8500061035156,172490.0
2023-06-13 19:30:00+00:00,,,,,,,,,,,398.25,399.239990234375,397.5899963378906,399.04998779296875,292585.0
2023-06-14 13:30:00+00:00,,,,,,,,,,,404.54998779296875,405.1199951171875,398.82000732421875,400.0,451513.0
2023-06-14 14:30:00+00:00,,,,,,,,,,,403.70001220703125,404.6099853515625,402.2650146484375,404.5199890136719,219928.0
2023-06-14 15:30:00+00:00,,,,,,,,,,,402.7200012207031,404.07000732421875,401.66351318359375,403.70001220703125,133421.0
2023-06-14 16:30:00+00:00,,,,,,,,,,,402.239990234375,402.8599853515625,401.67999267578125,402.55999755859375,132500.0
2023-06-14 17:30:00+00:00,,,,,,,,,,,399.3949890136719,402.74969482421875,398.69000244140625,402.0400085449219,212934.0
2023-06-14 18:30:00+00:00,,,,,,,,,,,401.6600036621094,403.864990234375,399.2554016113281,399.5400085449219,233967.0
2023-06-14 19:30:00+00:00,,,,,,,,,,,399.25,401.67999267578125,398.30999755859375,401.67999267578125,307986.0
2023-06-15 13:30:00+00:00,,,,,,,,,,,403.3399963378906,403.3500061035156,399.510009765625,400.2099914550781,222209.0
2023-06-15 14:30:00+00:00,,,,,,,,,,,403.489990234375,403.489990234375,401.510009765625,403.3500061035156,247946.0
2023-06-15 15:30:00+00:00,,,,,,,,,,,404.20001220703125,404.4599914550781,403.0799865722656,403.30999755859375,183280.0
2023-06-15 16:30:00+00:00,,,,,,,,,,,404.6499938964844,405.5299987792969,404.0,404.1199951171875,136581.0
2023-06-15 17:30:00+00:00,,,,,,,,,,,405.8900146484375,406.6000061035156,404.6300048828125,404.7200012207031,113426.0
2023-06-15 18:30:00+00:00,,,,,,,,,,,407.05999755859375,408.0,405.8900146484375,405.9049987792969,173946.0
2023-06-15 19:30:00+00:00,,,,,,,,,,,406.5899963378906,407.489990234375,406.07000732421875,407.0799865722656,182761.0
2023-06-16 13:30:00+00:00,,,,,,,,,,,408.8399963378906,409.94500732421875,405.489990234375,407.7699890136719,511934.0
2023-06-16 14:30:00+00:00,,,,,,,,,,,408.6099853515625,409.3450012207031,407.3500061035156,408.7699890136719,270159.0
2023-06-16 15:30:00+00:00,,,,,,,,,,,409.0899963378906,409.0899963378906,407.2300109863281,408.55499267578125,138432.0
2023-06-16 16:30:00+00:00,,,,,,,,,,,409.0400085449219,409.6000061035156,408.54998779296875,409.1199951171875,118001.0
2023-06-16 17:30:00+00:00,,,,,,,,,,,409.1700134277344,409.19500732421875,408.3999938964844,409.0799865722656,101711.0
2023-06-16 18:30:00+00:00,,,,,,,,,,,408.2900085449219,409.1099853515625,407.7925109863281,408.9599914550781,154070.0
2023-06-16 19:30:00+00:00,,,,,,,,,,,407.6300048828125,408.82000732421875,407.3599853515625,408.25,298293.0
2023-06-20 13:30:00+00:00,,,,,,,,,,,404.4750061035156,407.6300048828125,400.0,401.8399963378906,490707.0
2023-06-20 14:30:00+00:00,,,,,,,,,,,404.70001220703125,405.6300048828125,404.2300109863281,404.43499755859375,166002.0
2023-06-20 15:30:00+00:00,,,,,,,,,,,405.3330078125,406.04998779296875,404.3800048828125,404.80999755859375,136500.0
2023-06-20 16:30:00+00:00,,,,,,,,,,,406.8399963378906,407.6700134277344,405.4700012207031,405.4700012207031,117743.0
2023-06-20 17:30:00+00:00,,,,,,,,,,,407.4750061035156,407.5299987792969,406.2650146484375,406.7099914550781,94914.0
2023-06-20 18:30:00+00:00,,,,,,,,,,,407.7550048828125,407.8599853515625,407.0899963378906,407.44500732421875,125254.0
2023-06-20 19:30:00+00:00,,,,,,,,,,,408.1300048828125,408.9599914550781,407.2940979003906,407.8299865722656,207722.0
2023-06-21 13:30:00+00:00,,,,,,,,,,,416.5799865722656,416.989990234375,405.0249938964844,406.9200134277344,460882.0
2023-06-21 14:30:00+00:00,,,,,,,,,,,416.5342102050781,418.0,415.0199890136719,416.614990234375,261721.0
2023-06-21 15:30:00+00:00,,,,,,,,,,,417.4263000488281,417.4263000488281,415.3399963378906,416.510009765625,170422.0
2023-06-21 16:30:00+00:00,,,,,,,,,,,416.6099853515625,417.5899963378906,415.4599914550781,417.4700012207031,167907.0
2023-06-21 17:30:00+00:00,,,,,,,,,,,417.614990234375,417.760009765625,416.0,416.5199890136719,128800.0
2023-06-21 18:30:00+00:00,,,,,,,,,,,416.8299865722656,417.79998779296875,416.6549987792969,417.5849914550781,133603.0
2023-06-21 19:30:00+00:00,,,,,,,,,,,416.5,417.7200012207031,416.2900085449219,416.7749938964844,259576.0
2023-06-22 13:30:00+00:00,,,,,,,,,,,416.8800048828125,418.114990234375,411.9800109863281,414.8299865722656,336112.0
2023-06-22 14:30:00+00:00,,,,,,,,,,,415.79541015625,416.92498779296875,414.80999755859375,416.92498779296875,174454.0
2023-06-22 15:30:00+00:00,,,,,,,,,,,415.9949951171875,416.9627990722656,415.3699951171875,415.8500061035156,134205.0
2023-06-22 16:30:00+00:00,,,,,,,,,,,416.0199890136719,416.3080139160156,415.05999755859375,416.07000732421875,103240.0
2023-06-22 17:30:00+00:00,,,,,,,,,,,417.1684875488281,417.1684875488281,415.92999267578125,416.010009765625,134069.0
2023-06-22 18:30:00+00:00,,,,,,,,,,,415.614990234375,418.3800048828125,415.614990234375,417.1700134277344,211810.0
2023-06-22 19:30:00+00:00,,,,,,,,,,,415.69000244140625,416.9049987792969,415.1199951171875,415.68499755859375,234334.0
2023-06-23 13:30:00+00:00,,,,,,,,,,,408.54998779296875,411.3299865722656,406.260009765625,411.0799865722656,324813.0
2023-06-23 14:30:00+00:00,,,,,,,,,,,408.17999267578125,409.909912109375,407.19000244140625,408.6650085449219,142462.0
2023-06-23 15:30:00+00:00,,,,,,,,,,,408.6199951171875,410.55999755859375,408.0,408.25,143309.0
2023-06-23 16:30:00+00:00,,,,,,,,,,,409.2749938964844,409.3399963378906,408.1549987792969,408.70001220703125,89345.0
2023-06-23 17:30:00+00:00,,,,,,,,,,,408.32501220703125,409.67999267578125,408.1499938964844,409.3500061035156,110256.0
2023-06-23 18:30:00+00:00,,,,,,,,,,,405.7099914550781,408.42999267578125,405.5899963378906,408.2950134277344,205887.0
2023-06-23 19:30:00+00:00,,,,,,,,,,,404.5199890136719,406.364990234375,404.07000732421875,405.69500732421875,456847.0
2023-06-26 13:30:00+00:00,,,,,,,,,,,411.17498779296875,415.8500061035156,404.94500732421875,404.94500732421875,329690.0
2023-06-26 14:30:00+00:00,,,,,,,,,,,408.94500732421875,411.1449890136719,408.010009765625,411.1449890136719,176574.0
2023-06-26 15:30:00+00:00,,,,,,,,,,,410.8699951171875,410.8699951171875,408.80999755859375,408.95001220703125,115114.0
2023-06-26 16:30:00+00:00,,,,,,,,,,,410.1499938964844,410.9700012207031,409.42999267578125,410.82000732421875,105537.0
2023-06-26 17:30:00+00:00,,,,,,,,,,,410.3399963378906,410.4599914550781,409.75518798828125,410.4599914550781,71477.0
2023-06-26 18:30:00+00:00,,,,,,,,,,,411.4150085449219,411.94000244140625,410.260009765625,410.2900085449219,119607.0
2023-06-26 19:30:00+00:00,,,,,,,,,,,410.20001220703125,411.44000244140625,409.4599914550781,411.3900146484375,197242.0
2023-06-27 13:30:00+00:00,,,,,,,,,,,407.94000244140625,411.5,400.6300048828125,410.739990234375,391015.0
2023-06-27 14:30:00+00:00,,,,,,,,,,,407.989990234375,409.19000244140625,407.4800109863281,408.1099853515625,151771.0
2023-06-27 15:30:00+00:00,,,,,,,,,,,408.20001220703125,408.8575134277344,406.7850036621094,408.1199951171875,107238.0
2023-06-27 16:30:00+00:00,,,,,,,,,,,407.6099853515625,408.82000732421875,407.3900146484375,408.1300048828125,109595.0
2023-06-27 17:30:00+00:00,,,,,,,,,,,409.1050109863281,409.8822937011719,407.6099853515625,407.760009765625,126620.0
2023-06-27 18:30:00+00:00,,,,,,,,,,,410.5199890136719,410.6289978027344,409.010009765625,409.20001220703125,113071.0
2023-06-27 19:30:00+00:00,,,,,,,,,,,409.510009765625,410.5299987792969,409.2300109863281,410.5299987792969,182860.0
2023-06-28 13:30:00+00:00,,,,,,,,,,,407.80499267578125,412.79998779296875,407.0299987792969,410.1099853515625,341704.0
2023-06-28 14:30:00+00:00,,,,,,,,,,,407.19000244140625,408.5299987792969,406.7149963378906,407.82501220703125,210513.0
2023-06-28 15:30:00+00:00,,,,,,,,,,,409.0422058105469,409.2699890136719,407.0199890136719,407.20001220703125,133491.0
2023-06-28 16:30:00+00:00,,,,,,,,,,,407.989990234375,409.7200012207031,407.55499267578125,408.8800048828125,114165.0
2023-06-28 17:30:00+00:00,,,,,,,,,,,406.8399963378906,407.8399963378906,406.5,407.8299865722656,143873.0
2023-06-28 18:30:00+00:00,,,,,,,,,,,406.1099853515625,407.0799865722656,405.0899963378906,406.8299865722656,203203.0
2023-06-28 19:30:00+00:00,,,,,,,,,,,405.3399963378906,406.69000244140625,404.8399963378906,406.1050109863281,324508.0
2023-06-29 13:30:00+00:00,,,,,,,,,,,404.2900085449219,405.8091125488281,395.0,401.69000244140625,496368.0
2023-06-29 14:30:00+00:00,,,,,,,,,,,401.67999267578125,404.4800109863281,401.1449890136719,404.4150085449219,192557.0
2023-06-29 15:30:00+00:00,,,,,,,,,,,401.94000244140625,402.6600036621094,400.8500061035156,401.67999267578125,181508.0
2023-06-29 16:30:00+00:00,,,,,,,,,,,401.8800048828125,402.489990234375,401.2300109863281,401.8699951171875,145488.0
2023-06-29 17:30:00+00:00,,,,,,,,,,,400.1199951171875,402.010009765625,399.1199951171875,401.9346008300781,244955.0
2023-06-29 18:30:00+00:00,,,,,,,,,,,401.3900146484375,401.4100036621094,398.8500061035156,400.0400085449219,243052.0
2023-06-29 19:30:00+00:00,,,,,,,,,,,401.7799987792969,402.2300109863281,401.1117858886719,401.4599914550781,206263.0
2023-06-30 13:30:00+00:00,,,,,,,,,,,404.9700012207031,407.9898986816406,403.8699951171875,405.4700012207031,290032.0
2023-06-30 14:30:00+00:00,,,,,,,,,,,407.07000732421875,408.20989990234375,403.31500244140625,405.2799987792969,158420.0
2023-06-30 15:30:00+00:00,,,,,,,,,,,407.7900085449219,408.6000061035156,406.3399963378906,407.3900146484375,151854.0
2023-06-30 16:30:00+00:00,,,,,,,,,,,404.9200134277344,407.92999267578125,404.5899963378906,407.8078918457031,216255.0
2023-06-30 17:30:00+00:00,,,,,,,,,,,405.5849914550781,406.3699951171875,403.8999938964844,404.989990234375,203579.0
2023-06-30 18:30:00+00:00,,,,,,,,,,,406.32501220703125,407.8599853515625,405.44000244140625,405.44000244140625,161112.0
2023-06-30 19:30:00+00:00,,,,,,,,,,,405.0,406.4800109863281,404.7900085449219,406.2900085449219,251724.0
2023-07-03 13:30:00+00:00,,,,,,,,,,,403.3299865722656,404.6499938964844,399.7200012207031,402.2300109863281,252063.0
2023-07-03 14:30:00+00:00,,,,,,,,,,,405.5249938964844,406.3984069824219,402.239990234375,403.2300109863281,128656.0
2023-07-03 15:30:00+00:00,,,,,,,,,,,406.11749267578125,406.659912109375,405.54998779296875,405.8599853515625,85012.0
2023-07-05 13:30:00+00:00,,,,,,,,,,,405.2049865722656,408.2699890136719,405.0,406.0,254483.0
2023-07-05 14:30:00+00:00,,,,,,,,,,,407.8599853515625,407.95001220703125,403.7699890136719,405.2149963378906,189088.0
2023-07-05 15:30:00+00:00,,,,,,,,,,,406.1600036621094,408.8399963378906,405.7799987792969,407.8699951171875,136801.0
2023-07-05 16:30:00+00:00,,,,,,,,,,,405.6499938964844,406.54998779296875,405.17999267578125,406.0799865722656,90494.0
2023-07-05 17:30:00+00:00,,,,,,,,,,,405.260009765625,406.0849914550781,404.75,405.7135009765625,98722.0
2023-07-05 18:30:00+00:00,,,,,,,,,,,405.8999938964844,406.3399963378906,405.2099914550781,405.29998779296875,132732.0
2023-07-05 19:30:00+00:00,,,,,,,,,,,404.5899963378906,406.1199951171875,404.57000732421875,405.8949890136719,170580.0
2023-07-06 13:30:00+00:00,,,,,,,,,,,400.07000732421875,404.7300109863281,399.75,402.95001220703125,194127.0
2023-07-06 14:30:00+00:00,,,,,,,,,,,400.67999267578125,401.8349914550781,399.8699951171875,399.9750061035156,183166.0
2023-07-06 15:30:00+00:00,,,,,,,,,,,401.3699951171875,402.4200134277344,400.625,400.7799987792969,136218.0
2023-07-06 16:30:00+00:00,,,,,,,,,,,402.8399963378906,403.239990234375,401.2550048828125,401.5150146484375,111788.0
2023-07-06 17:30:00+00:00,,,,,,,,,,,401.1524963378906,402.9800109863281,401.1400146484375,402.95001220703125,132867.0
2023-07-06 18:30:00+00:00,,,,,,,,,,,401.5580139160156,402.19000244140625,400.9800109863281,401.2850036621094,164129.0
2023-07-06 19:30:00+00:00,,,,,,,,,,,401.17999267578125,402.30999755859375,401.0400085449219,401.510009765625,279880.0
2023-07-07 13:30:00+00:00,,,,,,,,,,,404.3399963378906,404.3399963378906,399.42999267578125,399.42999267578125,173863.0
2023-07-07 14:30:00+00:00,,,,,,,,,,,406.5899963378906,407.260009765625,404.1700134277344,404.32000732421875,128880.0
2023-07-07 15:30:00+00:00,,,,,,,,,,,405.989990234375,408.17999267578125,405.6344909667969,406.7099914550781,135565.0
2023-07-07 16:30:00+00:00,,,,,,,,,,,408.0199890136719,408.4299011230469,405.8999938964844,406.07000732421875,85251.0
2023-07-07 17:30:00+00:00,,,,,,,,,,,407.3399963378906,408.04998779296875,406.8500061035156,408.04998779296875,82379.0
2023-07-07 18:30:00+00:00,,,,,,,,,,,406.58209228515625,407.6199951171875,406.2799987792969,407.4549865722656,82363.0
2023-07-07 19:30:00+00:00,,,,,,,,,,,405.2900085449219,406.7699890136719,404.25,406.5799865722656,170202.0
2023-07-10 13:30:00+00:00,,,,,,,,,,,406.4949951171875,408.7349853515625,401.92999267578125,403.1400146484375,219834.0
2023-07-10 14:30:00+00:00,,,,,,,,,,,405.44000244140625,407.4198913574219,404.5,406.5150146484375,119228.0
2023-07-10 15:30:00+00:00,,,,,,,,,,,405.7699890136719,406.20001220703125,404.29998779296875,405.45001220703125,117212.0
2023-07-10 16:30:00+00:00,,,,,,,,,,,405.75,406.3999938964844,405.0799865722656,405.8599853515625,81313.0
2023-07-10 17:30:00+00:00,,,,,,,,,,,406.30499267578125,406.4200134277344,405.4200134277344,405.8399963378906,104844.0
2023-07-10 18:30:00+00:00,,,,,,,,,,,406.7200012207031,406.9700012207031,405.8334045410156,406.20001220703125,109104.0
2023-07-10 19:30:00+00:00,,,,,,,,,,,407.2200012207031,407.2200012207031,406.2900085449219,406.7049865722656,132801.0
2023-07-11 13:30:00+00:00,,,,,,,,,,,413.07000732421875,414.5,410.4100036621094,410.4100036621094,243764.0
2023-07-11 14:30:00+00:00,,,,,,,,,,,412.260009765625,413.17999267578125,411.4800109863281,412.9599914550781,126279.0
2023-07-11 15:30:00+00:00,,,,,,,,,,,412.32501220703125,413.510009765625,411.6600036621094,412.32000732421875,122634.0
2023-07-11 16:30:00+00:00,,,,,,,,,,,412.3915100097656,412.6449890136719,411.6000061035156,412.3349914550781,92919.0
2023-07-11 17:30:00+00:00,,,,,,,,,,,412.760009765625,412.80999755859375,411.75,412.3800048828125,85402.0
2023-07-11 18:30:00+00:00,,,,,,,,,,,413.4881896972656,413.5799865722656,412.3500061035156,412.7200012207031,103980.0
2023-07-11 19:30:00+00:00,,,,,,,,,,,413.70001220703125,414.4599914550781,413.09820556640625,413.5299987792969,201243.0
2023-07-12 13:30:00+00:00,,,,,,,,,,,416.2799987792969,417.94989013671875,413.79998779296875,417.0,228488.0
2023-07-12 14:30:00+00:00,,,,,,,,,,,416.3699951171875,418.0199890136719,415.760009765625,416.0400085449219,132541.0
2023-07-12 15:30:00+00:00,,,,,,,,,,,409.7099914550781,416.30999755859375,408.8999938964844,416.30999755859375,222742.0
2023-07-12 16:30:00+00:00,,,,,,,,,,,410.1000061035156,411.2998962402344,409.30999755859375,409.87750244140625,142654.0
2023-07-12 17:30:00+00:00,,,,,,,,,,,409.2850036621094,410.760009765625,409.0299987792969,409.95001220703125,114628.0
2023-07-12 18:30:00+00:00,,,,,,,,,,,407.875,409.82000732421875,407.5050048828125,409.2900085449219,143472.0
2023-07-12 19:30:00+00:00,,,,,,,,,,,407.82000732421875,408.5350036621094,407.5,407.92999267578125,212318.0
2023-07-13 13:30:00+00:00,,,,,,,,,,,407.8900146484375,410.1099853515625,405.0997009277344,408.2099914550781,191137.0
2023-07-13 14:30:00+00:00,,,,,,,,,,,408.0486145019531,408.3500061035156,406.7300109863281,407.6199951171875,128511.0
2023-07-13 15:30:00+00:00,,,,,,,,,,,409.42999267578125,409.5,407.70001220703125,408.010009765625,88863.0
2023-07-13 16:30:00+00:00,,,,,,,,,,,409.760009765625,410.1499938964844,408.3299865722656,409.3500061035156,89757.0
2023-07-13 17:30:00+00:00,,,,,,,,,,,410.3800048828125,411.2085876464844,409.2099914550781,409.75,114484.0
2023-07-13 18:30:00+00:00,,,,,,,,,,,409.92999267578125,410.57000732421875,409.6050109863281,410.2900085449219,90168.0
2023-07-13 19:30:00+00:00,,,,,,,,,,,409.5,410.3500061035156,409.1499938964844,409.8699951171875,168555.0
2023-07-14 13:30:00+00:00,,,,,,,,,,,411.3399963378906,413.94000244140625,409.1099853515625,413.17999267578125,189108.0
2023-07-14 14:30:00+00:00,,,,,,,,,,,411.9549865722656,411.9800109863281,409.0799865722656,411.3399963378906,120591.0
2023-07-14 15:30:00+00:00,,,,,,,,,,,411.0899963378906,411.9599914550781,410.7099914550781,411.9599914550781,77033.0
2023-07-14 16:30:00+00:00,,,,,,,,,,,412.1199951171875,413.0199890136719,411.0299987792969,411.0299987792969,98881.0
2023-07-14 17:30:00+00:00,,,,,,,,,,,413.8450012207031,413.8999938964844,412.1400146484375,412.1400146484375,113976.0
2023-07-14 18:30:00+00:00,,,,,,,,,,,414.27508544921875,414.7300109863281,413.20001220703125,413.9200134277344,118669.0
2023-07-14 19:30:00+00:00,,,,,,,,,,,414.6099853515625,414.8900146484375,413.8599853515625,414.3999938964844,154127.0
2023-07-17 13:30:00+00:00,,,,,,,,,,,417.9100036621094,421.0,414.9049987792969,414.9700012207031,321321.0
2023-07-17 14:30:00+00:00,,,,,,,,,,,421.7974853515625,421.8699951171875,417.8949890136719,418.0199890136719,177839.0
2023-07-17 15:30:00+00:00,,,,,,,,,,,421.94500732421875,422.7903137207031,420.8074951171875,421.6700134277344,129126.0
2023-07-17 16:30:00+00:00,,,,,,,,,,,423.1400146484375,423.4200134277344,421.1700134277344,421.81500244140625,121317.0
2023-07-17 17:30:00+00:00,,,,,,,,,,,422.3599853515625,423.1400146484375,421.0400085449219,423.1400146484375,90001.0
2023-07-17 18:30:00+00:00,,,,,,,,,,,422.0,422.7200012207031,421.1400146484375,422.5,110995.0
2023-07-17 19:30:00+00:00,,,,,,,,,,,420.6099853515625,421.9100036621094,419.7300109863281,421.9100036621094,251884.0
2023-07-18 13:30:00+00:00,,,,,,,,,,,427.2149963378906,427.7799987792969,420.739990234375,421.32000732421875,249121.0
2023-07-18 14:30:00+00:00,,,,,,,,,,,427.8900146484375,428.3099060058594,426.20001220703125,427.42999267578125,170903.0
2023-07-18 15:30:00+00:00,,,,,,,,,,,427.4049987792969,427.82000732421875,425.25,427.7799987792969,143449.0
2023-07-18 16:30:00+00:00,,,,,,,,,,,428.2699890136719,428.4599914550781,426.69000244140625,427.36248779296875,93377.0
2023-07-18 17:30:00+00:00,,,,,,,,,,,429.489990234375,429.92999267578125,427.8500061035156,428.20001220703125,174619.0
2023-07-18 18:30:00+00:00,,,,,,,,,,,431.3900146484375,431.7699890136719,429.3500061035156,429.5899963378906,201427.0
2023-07-18 19:30:00+00:00,,,,,,,,,,,431.6099853515625,431.9599914550781,430.614990234375,431.3500061035156,344333.0
2023-07-19 13:30:00+00:00,,,,,,,,,,,434.002197265625,435.8999938964844,431.70001220703125,432.25,332635.0
2023-07-19 14:30:00+00:00,,,,,,,,,,,437.6499938964844,437.739990234375,431.6300048828125,433.9700012207031,288345.0
2023-07-19 15:30:00+00:00,,,,,,,,,,,435.760009765625,437.80999755859375,435.2200012207031,437.67999267578125,206060.0
2023-07-19 16:30:00+00:00,,,,,,,,,,,434.95001220703125,435.95001220703125,434.260009765625,435.6650085449219,124908.0
2023-07-19 17:30:00+00:00,,,,,,,,,,,434.510009765625,435.54998779296875,434.1499938964844,434.95001220703125,143511.0
2023-07-19 18:30:00+00:00,,,,,,,,,,,434.2650146484375,435.6499938964844,433.9599914550781,434.3500061035156,159477.0
2023-07-19 19:30:00+00:00,,,,,,,,,,,436.0899963378906,436.44000244140625,434.0400085449219,434.2699890136719,233649.0
2023-07-20 13:30:00+00:00,,,,,,,,,,,436.2049865722656,440.0050048828125,435.04998779296875,438.7799987792969,264715.0
2023-07-20 14:30:00+00:00,,,,,,,,,,,437.9200134277344,439.0799865722656,435.25,436.0899963378906,146806.0
2023-07-20 15:30:00+00:00,,,,,,,,,,,438.6400146484375,439.54998779296875,437.510009765625,437.82000732421875,126245.0
2023-07-20 16:30:00+00:00,,,,,,,,,,,439.30999755859375,439.3699951171875,437.2300109863281,438.6499938964844,154675.0
2023-07-20 17:30:00+00:00,,,,,,,,,,,438.260009765625,439.3731994628906,438.2099914550781,439.1700134277344,97316.0
2023-07-20 18:30:00+00:00,,,,,,,,,,,439.05999755859375,439.5,438.17999267578125,438.17999267578125,125613.0
2023-07-20 19:30:00+00:00,,,,,,,,,,,439.6199951171875,439.7699890136719,438.45001220703125,439.07501220703125,225506.0
2023-07-21 13:30:00+00:00,,,,,,,,,,,437.2449951171875,440.2349853515625,435.30999755859375,439.010009765625,265096.0
2023-07-21 14:30:00+00:00,,,,,,,,,,,438.2250061035156,439.260009765625,437.05999755859375,437.1200866699219,140634.0
2023-07-21 15:30:00+00:00,,,,,,,,,,,437.2200012207031,438.54998779296875,437.0,438.3999938964844,121971.0
2023-07-21 16:30:00+00:00,,,,,,,,,,,437.6199951171875,438.3800048828125,436.6300048828125,437.1600036621094,83412.0
2023-07-21 17:30:00+00:00,,,,,,,,,,,437.20001220703125,438.135009765625,437.1000061035156,437.6300048828125,111548.0
2023-07-21 18:30:00+00:00,,,,,,,,,,,438.0950012207031,438.6199951171875,437.1099853515625,437.17498779296875,112449.0
2023-07-21 19:30:00+00:00,,,,,,,,,,,436.94000244140625,438.42999267578125,436.864990234375,438.0950012207031,188595.0
2023-07-24 13:30:00+00:00,,,,,,,,,,,439.489990234375,440.20001220703125,436.25,436.95001220703125,201659.0
2023-07-24 14:30:00+00:00,,,,,,,,,,,442.7349853515625,442.79998779296875,439.1300048828125,439.5450134277344,168748.0
2023-07-24 15:30:00+00:00,,,,,,,,,,,443.4800109863281,443.6799011230469,442.0,442.7850036621094,113396.0
2023-07-24 16:30:00+00:00,,,,,,,,,,,446.32000732421875,446.32000732421875,443.1449890136719,443.5199890136719,131065.0
2023-07-24 17:30:00+00:00,,,,,,,,,,,445.8349914550781,447.0,444.9909973144531,446.2099914550781,136349.0
2023-07-24 18:30:00+00:00,,,,,,,,,,,443.1499938964844,445.95001220703125,442.8500061035156,445.7300109863281,163178.0
2023-07-24 19:30:00+00:00,,,,,,,,,,,442.69000244140625,444.0,442.3900146484375,443.0,236865.0
2023-07-25 13:30:00+00:00,,,,,,,,,,,443.5299987792969,444.0,440.4800109863281,441.0400085449219,179860.0
2023-07-25 14:30:00+00:00,,,,,,,,,,,443.8999938964844,444.69000244140625,442.95001220703125,443.5,106633.0
2023-07-25 15:30:00+00:00,,,,,,,,,,,447.20001220703125,447.42999267578125,444.1499938964844,444.1499938964844,122063.0
2023-07-25 16:30:00+00:00,,,,,,,,,,,447.1549987792969,448.0888977050781,447.1000061035156,447.19500732421875,81270.0
2023-07-25 17:30:00+00:00,,,,,,,,,,,449.5799865722656,449.802490234375,446.7200012207031,447.07000732421875,155122.0
2023-07-25 18:30:00+00:00,,,,,,,,,,,446.989990234375,450.0,446.7049865722656,449.69000244140625,143871.0
2023-07-25 19:30:00+00:00,,,,,,,,,,,446.3399963378906,447.4700012207031,446.25,446.8699951171875,173725.0
2023-07-26 13:30:00+00:00,,,,,,,,,,,440.9700012207031,446.70989990234375,438.6099853515625,443.5299987792969,239315.0
2023-07-26 14:30:00+00:00,,,,,,,,,,,438.1099853515625,441.32501220703125,437.82000732421875,441.0,147446.0
2023-07-26 15:30:00+00:00,,,,,,,,,,,436.864990234375,438.2665100097656,435.4231872558594,437.9800109863281,218562.0
2023-07-26 16:30:00+00:00,,,,,,,,,,,434.7799987792969,437.07000732421875,434.5799865722656,436.9100036621094,128067.0
2023-07-26 17:30:00+00:00,,,,,,,,,,,433.5899963378906,435.95001220703125,433.0299987792969,434.75,198279.0
2023-07-26 18:30:00+00:00,,,,,,,,,,,432.760009765625,435.1099853515625,431.510009765625,433.6199951171875,254323.0
2023-07-26 19:30:00+00:00,,,,,,,,,,,432.9800109863281,433.8699951171875,432.30999755859375,432.7279052734375,354842.0
2023-07-27 13:30:00+00:00,,,,,,,,,,,425.6300048828125,434.0,424.4599914550781,433.489990234375,476271.0
2023-07-27 14:30:00+00:00,,,,,,,,,,,427.4599914550781,429.625,425.6300048828125,425.7300109863281,334719.0
2023-07-27 15:30:00+00:00,,,,,,,,,,,429.67498779296875,429.760009765625,426.95001220703125,427.4549865722656,177803.0
2023-07-27 16:30:00+00:00,,,,,,,,,,,427.45001220703125,430.55499267578125,427.2900085449219,429.67498779296875,165525.0
2023-07-27 17:30:00+00:00,,,,,,,,,,,428.489990234375,429.4100036621094,426.8599853515625,427.6400146484375,218698.0
2023-07-27 18:30:00+00:00,,,,,,,,,,,427.4599914550781,428.8599853515625,426.7950134277344,428.5400085449219,113893.0
2023-07-27 19:30:00+00:00,,,,,,,,,,,428.67999267578125,429.0799865722656,426.44000244140625,427.5350036621094,255325.0
2023-07-28 13:30:00+00:00,,,,,,,,,,,426.9800109863281,430.125,425.02801513671875,428.760009765625,237992.0
2023-07-28 14:30:00+00:00,,,,,,,,,,,427.3800048828125,428.2799987792969,426.5,427.260009765625,179970.0
2023-07-28 15:30:00+00:00,,,,,,,,,,,426.7049865722656,427.9849853515625,426.25,427.385009765625,161178.0
2023-07-28 16:30:00+00:00,,,,,,,,,,,426.3450012207031,426.7699890136719,425.5400085449219,426.7699890136719,119080.0
2023-07-28 17:30:00+00:00,,,,,,,,,,,426.4200134277344,426.82000732421875,425.5199890136719,426.30999755859375,100634.0
2023-07-28 18:30:00+00:00,,,,,,,,,,,426.95001220703125,427.7650146484375,426.3550109863281,426.3904113769531,88876.0
2023-07-28 19:30:00+00:00,,,,,,,,,,,427.07000732421875,427.7300109863281,426.6000061035156,427.0050048828125,148300.0
2023-07-31 13:30:00+00:00,,,,,,,,,,,431.2699890136719,432.889892578125,426.92999267578125,429.5,203992.0
2023-07-31 14:30:00+00:00,,,,,,,,,,,429.989990234375,431.5299987792969,429.2699890136719,431.4800109863281,114163.0
2023-07-31 15:30:00+00:00,,,,,,,,,,,430.5450134277344,430.8399963378906,429.2200012207031,429.864990234375,69225.0
2023-07-31 16:30:00+00:00,,,,,,,,,,,429.875,430.7528076171875,429.4599914550781,430.5899963378906,59530.0
2023-07-31 17:30:00+00:00,,,,,,,,,,,429.3800048828125,431.2900085449219,429.0199890136719,429.7799987792969,69882.0
2023-07-31 18:30:00+00:00,,,,,,,,,,,428.7900085449219,429.5799865722656,428.6400146484375,429.2200012207031,138123.0
2023-07-31 19:30:00+00:00,,,,,,,,,,,429.7099914550781,429.75,427.9100036621094,428.8800048828125,296074.0
2023-08-01 13:30:00+00:00,,,,,,,,,,,435.82000732421875,438.79998779296875,430.010009765625,431.3500061035156,319339.0
2023-08-01 14:30:00+00:00,,,,,,,,,,,434.1355895996094,436.1400146484375,433.0199890136719,435.8500061035156,139145.0
2023-08-01 15:30:00+00:00,,,,,,,,,,,433.6549987792969,435.0741882324219,433.0050048828125,433.9200134277344,81712.0
2023-08-01 16:30:00+00:00,,,,,,,,,,,432.93499755859375,433.989990234375,432.1600036621094,433.6549987792969,76377.0
2023-08-01 17:30:00+00:00,,,,,,,,,,,432.760009765625,433.67999267578125,432.6300964355469,432.93499755859375,60760.0
2023-08-01 18:30:00+00:00,,,,,,,,,,,433.489013671875,433.8399963378906,432.760009765625,432.760009765625,87435.0
2023-08-01 19:30:00+00:00,,,,,,,,,,,433.54998779296875,433.95001220703125,433.010009765625,433.3982849121094,168307.0
2023-08-02 13:30:00+00:00,,,,,,,,,,,433.1050109863281,434.9599914550781,427.043701171875,430.6400146484375,199785.0
2023-08-02 14:30:00+00:00,,,,,,,,,,,432.8949890136719,433.4200134277344,429.8800048828125,433.1449890136719,155361.0
2023-08-02 15:30:00+00:00,,,,,,,,,,,432.9700012207031,434.5,432.1499938964844,433.0799865722656,138701.0
2023-08-02 16:30:00+00:00,,,,,,,,,,,434.010009765625,434.07000732421875,432.3500061035156,432.9549865722656,90446.0
2023-08-02 17:30:00+00:00,,,,,,,,,,,432.82000732421875,434.44000244140625,432.4588928222656,434.0,56663.0
2023-08-02 18:30:00+00:00,,,,,,,,,,,430.3450012207031,433.2200012207031,430.3450012207031,432.9700012207031,79184.0
2023-08-02 19:30:00+00:00,,,,,,,,,,,430.9100036621094,431.510009765625,430.3800048828125,430.44000244140625,199894.0
2023-08-03 13:30:00+00:00,,,,,,,,,,,424.3699951171875,429.30999755859375,423.16009521484375,427.2200012207031,188650.0
2023-08-03 14:30:00+00:00,,,,,,,,,,,425.1698913574219,425.1698913574219,421.239990234375,423.9700012207031,172178.0
2023-08-03 15:30:00+00:00,,,,,,,,,,,426.0,426.7900085449219,424.57000732421875,425.0899963378906,69964.0
2023-08-03 16:30:00+00:00,,,,,,,,,,,427.6499938964844,427.91668701171875,426.0350036621094,426.0350036621094,66389.0
2023-08-03 17:30:00+00:00,,,,,,,,,,,425.05499267578125,427.9100036621094,424.4700012207031,427.8349914550781,95501.0
2023-08-03 18:30:00+00:00,,,,,,,,,,,425.239990234375,426.0799865722656,424.739990234375,425.2200012207031,68441.0
2023-08-03 19:30:00+00:00,,,,,,,,,,,424.04998779296875,425.4682922363281,423.80999755859375,425.17498779296875,204812.0
2023-08-04 13:30:00+00:00,,,,,,,,,,,428.4949951171875,429.3800048828125,425.722900390625,428.0899963378906,193877.0
2023-08-04 14:30:00+00:00,,,,,,,,,,,429.239990234375,429.2900085449219,427.3699951171875,428.7300109863281,110564.0
2023-08-04 15:30:00+00:00,,,,,,,,,,,428.8949890136719,430.0,428.30999755859375,429.2099914550781,76964.0
2023-08-04 16:30:00+00:00,,,,,,,,,,,428.3900146484375,429.239990234375,428.3599853515625,428.9700012207031,58678.0
2023-08-04 17:30:00+00:00,,,,,,,,,,,424.6199951171875,428.67999267578125,424.4100036621094,428.29998779296875,91796.0
2023-08-04 18:30:00+00:00,,,,,,,,,,,424.2135925292969,424.79998779296875,423.80999755859375,424.5849914550781,94783.0
2023-08-04 19:30:00+00:00,,,,,,,,,,,424.2699890136719,424.6000061035156,423.3399963378906,424.3175048828125,178770.0
2023-08-07 13:30:00+00:00,,,,,,,,,,,430.17999267578125,430.17999267578125,424.1400146484375,424.7699890136719,151547.0
2023-08-07 14:30:00+00:00,,,,,,,,,,,429.5400085449219,430.25,428.80999755859375,430.20001220703125,93836.0
2023-08-07 15:30:00+00:00,,,,,,,,,,,429.6400146484375,430.7300109863281,428.4800109863281,429.6600036621094,76174.0
2023-08-07 16:30:00+00:00,,,,,,,,,,,431.29998779296875,431.510009765625,429.1700134277344,429.4200134277344,98179.0
2023-08-07 17:30:00+00:00,,,,,,,,,,,431.6700134277344,432.82000732421875,431.30999755859375,431.30999755859375,67359.0
2023-08-07 18:30:00+00:00,,,,,,,,,,,431.3399963378906,432.44000244140625,431.3299865722656,431.6499938964844,104014.0
2023-08-07 19:30:00+00:00,,,,,,,,,,,431.32000732421875,432.739990234375,431.1300048828125,431.2200012207031,254975.0
2023-08-08 13:30:00+00:00,,,,,,,,,,,426.3299865722656,427.44000244140625,424.67999267578125,427.0,276212.0
2023-08-08 14:30:00+00:00,,,,,,,,,,,427.5299987792969,427.79998779296875,424.3999938964844,426.3299865722656,151220.0
2023-08-08 15:30:00+00:00,,,,,,,,,,,427.9949951171875,428.1400146484375,426.7099914550781,427.5,96769.0
2023-08-08 16:30:00+00:00,,,,,,,,,,,430.739990234375,430.739990234375,428.0585021972656,428.1300048828125,107231.0
2023-08-08 17:30:00+00:00,,,,,,,,,,,430.5,430.760009765625,429.0799865722656,430.5,82853.0
2023-08-08 18:30:00+00:00,,,,,,,,,,,430.3800048828125,431.07501220703125,429.92999267578125,430.489990234375,140517.0
2023-08-08 19:30:00+00:00,,,,,,,,,,,430.4700012207031,430.8800048828125,429.760009765625,430.4200134277344,288084.0
2023-08-09 13:30:00+00:00,,,,,,,,,,,436.4601135253906,437.67999267578125,432.47821044921875,433.0,271518.0
2023-08-09 14:30:00+00:00,,,,,,,,,,,435.8699951171875,438.0199890136719,435.3900146484375,436.56500244140625,143223.0
2023-08-09 15:30:00+00:00,,,,,,,,,,,434.94000244140625,435.8219909667969,433.46051025390625,435.8219909667969,126207.0
2023-08-09 16:30:00+00:00,,,,,,,,,,,436.6000061035156,436.9169921875,434.54998779296875,434.8800048828125,68602.0
2023-08-09 17:30:00+00:00,,,,,,,,,,,437.0899963378906,437.3999938964844,436.5400085449219,436.54998779296875,90143.0
2023-08-09 18:30:00+00:00,,,,,,,,,,,438.69000244140625,439.3800048828125,437.04998779296875,437.04998779296875,146958.0
2023-08-09 19:30:00+00:00,,,,,,,,,,,436.1700134277344,438.802490234375,435.8599853515625,438.6199951171875,294964.0
2023-08-10 13:30:00+00:00,,,,,,,,,,,440.9100036621094,441.4649963378906,436.55499267578125,436.67999267578125,202872.0
2023-08-10 14:30:00+00:00,,,,,,,,,,,438.80059814453125,441.1618957519531,438.1499938964844,440.8699951171875,129400.0
2023-08-10 15:30:00+00:00,,,,,,,,,,,435.3299865722656,438.94000244140625,434.9200134277344,438.79998779296875,114194.0
2023-08-10 16:30:00+00:00,,,,,,,,,,,435.79998779296875,437.1449890136719,435.1357116699219,435.32000732421875,106158.0
2023-08-10 17:30:00+00:00,,,,,,,,,,,435.7699890136719,436.4100036621094,434.8599853515625,435.7900085449219,85266.0
2023-08-10 18:30:00+00:00,,,,,,,,,,,434.9800109863281,436.6499938964844,434.80999755859375,435.8999938964844,120773.0
2023-08-10 19:30:00+00:00,,,,,,,,,,,434.8599853515625,435.3599853515625,434.1600036621094,434.9599914550781,322745.0
2023-08-11 13:30:00+00:00,,,,,,,,,,,435.6099853515625,435.6099853515625,432.57000732421875,435.2799987792969,232352.0
2023-08-11 14:30:00+00:00,,,,,,,,,,,435.8299865722656,437.0,435.2200012207031,435.7950134277344,91940.0
2023-08-11 15:30:00+00:00,,,,,,,,,,,435.67999267578125,437.3999938964844,435.2709045410156,435.6000061035156,123404.0
2023-08-11 16:30:00+00:00,,,,,,,,,,,435.125,436.2300109863281,434.6400146484375,435.739990234375,101053.0
2023-08-11 17:30:00+00:00,,,,,,,,,,,435.0852966308594,435.3349914550781,433.54998779296875,435.2099914550781,152407.0
2023-08-11 18:30:00+00:00,,,,,,,,,,,434.989990234375,435.3599853515625,434.32501220703125,434.9549865722656,133005.0
2023-08-11 19:30:00+00:00,,,,,,,,,,,435.25,435.2699890136719,434.42999267578125,434.989990234375,229917.0
2023-08-14 13:30:00+00:00,,,,,,,,,,,434.7799987792969,437.3699951171875,434.2099914550781,435.5249938964844,243224.0
2023-08-14 14:30:00+00:00,,,,,,,,,,,437.67999267578125,437.7900085449219,434.1868896484375,434.8699951171875,147565.0
2023-08-14 15:30:00+00:00,,,,,,,,,,,436.81500244140625,438.3599853515625,436.5874938964844,437.67498779296875,106154.0
2023-08-14 16:30:00+00:00,,,,,,,,,,,437.8699951171875,437.8699951171875,435.8999938964844,436.7099914550781,92775.0
2023-08-14 17:30:00+00:00,,,,,,,,,,,437.95001220703125,438.3869934082031,437.7449951171875,438.1499938964844,75888.0
2023-08-14 18:30:00+00:00,,,,,,,,,,,437.25,438.0398864746094,436.4800109863281,437.95001220703125,105950.0
2023-08-14 19:30:00+00:00,,,,,,,,,,,437.7799987792969,437.9649963378906,436.9849853515625,437.1600036621094,140245.0
2023-08-15 13:30:00+00:00,,,,,,,,,,,430.30499267578125,435.19500732421875,429.75,433.5299987792969,337556.0
2023-08-15 14:30:00+00:00,,,,,,,,,,,431.7349853515625,431.7349853515625,429.5899963378906,430.3800048828125,243901.0
2023-08-15 15:30:00+00:00,,,,,,,,,,,430.6099853515625,431.739990234375,430.4700012207031,431.6400146484375,116883.0
2023-08-15 16:30:00+00:00,,,,,,,,,,,430.9599914550781,431.30499267578125,430.1300048828125,430.67999267578125,129808.0
2023-08-15 17:30:00+00:00,,,,,,,,,,,430.92999267578125,431.3800048828125,430.0,430.8999938964844,131523.0
2023-08-15 18:30:00+00:00,,,,,,,,,,,431.2149963378906,432.7699890136719,431.0150146484375,431.0899963378906,179685.0
2023-08-15 19:30:00+00:00,,,,,,,,,,,431.7799987792969,432.3299865722656,430.75,431.1199951171875,304334.0
2023-08-16 13:30:00+00:00,,,,,,,,,,,431.92999267578125,435.7349853515625,428.0,428.0,265673.0
2023-08-16 14:30:00+00:00,,,,,,,,,,,431.0,432.9800109863281,430.70849609375,431.92999267578125,265538.0
2023-08-16 15:30:00+00:00,,,,,,,,,,,428.8949890136719,431.6300048828125,428.44000244140625,431.0299987792969,160315.0
2023-08-16 16:30:00+00:00,,,,,,,,,,,426.83099365234375,429.385009765625,426.5,428.989990234375,142639.0
2023-08-16 17:30:00+00:00,,,,,,,,,,,425.95001220703125,428.25,424.7900085449219,427.0199890136719,211512.0
2023-08-16 18:30:00+00:00,,,,,,,,,,,423.635009765625,426.4599914550781,423.20001220703125,425.95001220703125,241441.0
2023-08-16 19:30:00+00:00,,,,,,,,,,,423.8999938964844,425.7799987792969,423.31500244140625,423.614990234375,373252.0
2023-08-17 13:30:00+00:00,,,,,,,,,,,421.7550048828125,425.4172058105469,415.7699890136719,421.7799987792969,532674.0
2023-08-17 14:30:00+00:00,,,,,,,,,,,422.05999755859375,422.56988525390625,420.54998779296875,421.7572937011719,294459.0
2023-08-17 15:30:00+00:00,,,,,,,,,,,421.6700134277344,422.4599914550781,420.32000732421875,422.3500061035156,174486.0
2023-08-17 16:30:00+00:00,,,,,,,,,,,422.2279052734375,423.64990234375,421.6300048828125,421.94000244140625,168959.0
2023-08-17 17:30:00+00:00,,,,,,,,,,,420.585205078125,422.2799987792969,419.8999938964844,422.0199890136719,150018.0
2023-08-17 18:30:00+00:00,,,,,,,,,,,419.6499938964844,420.9049987792969,418.1499938964844,420.5115051269531,237409.0
2023-08-17 19:30:00+00:00,,,,,,,,,,,418.79998779296875,420.05999755859375,418.67999267578125,419.6394958496094,386439.0
2023-08-18 13:30:00+00:00,,,,,,,,,,,401.3688049316406,412.95001220703125,397.5400085449219,407.7099914550781,1213616.0
2023-08-18 14:30:00+00:00,,,,,,,,,,,403.3299865722656,404.0,396.17010498046875,401.5299987792969,702085.0
2023-08-18 15:30:00+00:00,,,,,,,,,,,398.7699890136719,404.3500061035156,398.0,403.4599914550781,369753.0
2023-08-18 16:30:00+00:00,,,,,,,,,,,398.3299865722656,401.19000244140625,397.2650146484375,398.9599914550781,302188.0
2023-08-18 17:30:00+00:00,,,,,,,,,,,398.8599853515625,398.94989013671875,397.0,398.5,328677.0
2023-08-18 18:30:00+00:00,,,,,,,,,,,395.46490478515625,399.32000732421875,395.3800048828125,398.94000244140625,452163.0
2023-08-18 19:30:00+00:00,,,,,,,,,,,397.1000061035156,397.8800048828125,395.4317932128906,395.4800109863281,636929.0
2023-08-21 13:30:00+00:00,,,,,,,,,,,387.3800048828125,398.0,387.3800048828125,396.0199890136719,688461.0
2023-08-21 14:30:00+00:00,,,,,,,,,,,388.8699951171875,391.2300109863281,385.489990234375,387.2200012207031,358660.0
2023-08-21 15:30:00+00:00,,,,,,,,,,,389.5299987792969,389.6199951171875,387.1499938964844,388.69500732421875,222974.0
2023-08-21 16:30:00+00:00,,,,,,,,,,,388.0,389.54998779296875,387.4649963378906,389.385009765625,188006.0
2023-08-21 17:30:00+00:00,,,,,,,,,,,388.0299987792969,388.68890380859375,387.2850036621094,388.0050048828125,201247.0
2023-08-21 18:30:00+00:00,,,,,,,,,,,389.74249267578125,389.7449951171875,387.29998779296875,387.9200134277344,267791.0
2023-08-21 19:30:00+00:00,,,,,,,,,,,390.8500061035156,391.4200134277344,389.6000061035156,389.75,357812.0
2023-08-22 13:30:00+00:00,,,,,,,,,,,388.0299987792969,393.0899963378906,387.20001220703125,392.739990234375,271234.0
2023-08-22 14:30:00+00:00,,,,,,,,,,,387.2300109863281,388.29998779296875,386.0249938964844,388.239990234375,209403.0
2023-08-22 15:30:00+00:00,,,,,,,,,,,386.17999267578125,387.6700134277344,385.4200134277344,387.239990234375,173713.0
2023-08-22 16:30:00+00:00,,,,,,,,,,,385.8500061035156,386.6099853515625,385.010009765625,386.20001220703125,142494.0
2023-08-22 17:30:00+00:00,,,,,,,,,,,386.05999755859375,386.05999755859375,385.239990234375,385.875,120663.0
2023-08-22 18:30:00+00:00,,,,,,,,,,,385.8800048828125,386.8299865722656,385.3500061035156,386.010009765625,161371.0
2023-08-22 19:30:00+00:00,,,,,,,,,,,385.3599853515625,385.92999267578125,384.2449951171875,385.82501220703125,373987.0
2023-08-23 13:30:00+00:00,,,,,,,,,,,388.6400146484375,390.45001220703125,385.1700134277344,385.1700134277344,265600.0
2023-08-23 14:30:00+00:00,,,,,,,,,,,390.6679992675781,390.760009765625,387.489990234375,388.6199951171875,126124.0
2023-08-23 15:30:00+00:00,,,,,,,,,,,392.1199951171875,392.5899963378906,390.29998779296875,390.75,150554.0
2023-08-23 16:30:00+00:00,,,,,,,,,,,393.29998779296875,393.7099914550781,391.8599853515625,392.07000732421875,119419.0
2023-08-23 17:30:00+00:00,,,,,,,,,,,395.6400146484375,395.6499938964844,393.3450012207031,393.3450012207031,170707.0
2023-08-23 18:30:00+00:00,,,,,,,,,,,393.8399963378906,395.6600036621094,393.3576965332031,395.57000732421875,164222.0
2023-08-23 19:30:00+00:00,,,,,,,,,,,394.2900085449219,394.3699951171875,393.19000244140625,393.8500061035156,339738.0
2023-08-24 13:30:00+00:00,,,,,,,,,,,391.06500244140625,392.1000061035156,385.8399963378906,390.3900146484375,300142.0
2023-08-24 14:30:00+00:00,,,,,,,,,,,389.30999755859375,391.31500244140625,388.260009765625,391.07000732421875,161690.0
2023-08-24 15:30:00+00:00,,,,,,,,,,,388.6700134277344,389.294189453125,387.5899963378906,389.2699890136719,118925.0
2023-08-24 16:30:00+00:00,,,,,,,,,,,387.4200134277344,389.2300109863281,387.1499938964844,388.4800109863281,89456.0
2023-08-24 17:30:00+00:00,,,,,,,,,,,388.0050048828125,388.5,386.8868103027344,387.4200134277344,125715.0
2023-08-24 18:30:00+00:00,,,,,,,,,,,388.18499755859375,388.8699951171875,387.4800109863281,388.0400085449219,135757.0
2023-08-24 19:30:00+00:00,,,,,,,,,,,386.5799865722656,389.0199890136719,386.57000732421875,388.2699890136719,284089.0
2023-08-25 13:30:00+00:00,,,,,,,,,,,388.635009765625,392.0350036621094,388.20001220703125,388.20001220703125,264775.0
2023-08-25 14:30:00+00:00,,,,,,,,,,,388.9949951171875,389.0799865722656,386.2200012207031,388.635009765625,104044.0
2023-08-25 15:30:00+00:00,,,,,,,,,,,389.8490905761719,390.25,387.8399963378906,388.8999938964844,73040.0
2023-08-25 16:30:00+00:00,,,,,,,,,,,388.125,390.5899963378906,387.5987854003906,389.95001220703125,68744.0
2023-08-25 17:30:00+00:00,,,,,,,,,,,389.1700134277344,389.5899963378906,387.510009765625,388.1400146484375,124458.0
2023-08-25 18:30:00+00:00,,,,,,,,,,,391.2099914550781,391.3599853515625,389.1099853515625,389.32000732421875,117743.0
2023-08-25 19:30:00+00:00,,,,,,,,,,,390.29998779296875,391.6549987792969,389.9100036621094,391.25,169383.0
2023-08-28 13:30:00+00:00,,,,,,,,,,,394.864990234375,395.9999084472656,391.4801025390625,392.9100036621094,210315.0
2023-08-28 14:30:00+00:00,,,,,,,,,,,394.2099914550781,395.82000732421875,394.2099914550781,394.9549865722656,152127.0
2023-08-28 15:30:00+00:00,,,,,,,,,,,394.17498779296875,395.010009765625,393.3299865722656,394.3900146484375,131259.0
2023-08-28 16:30:00+00:00,,,,,,,,,,,395.2900085449219,395.5,393.8900146484375,394.19000244140625,96313.0
2023-08-28 17:30:00+00:00,,,,,,,,,,,393.6400146484375,395.3699951171875,392.8900146484375,395.2950134277344,102561.0
2023-08-28 18:30:00+00:00,,,,,,,,,,,394.0849914550781,394.19500732421875,393.2101135253906,393.5975036621094,119663.0
2023-08-28 19:30:00+00:00,,,,,,,,,,,394.5899963378906,395.3800048828125,393.67999267578125,394.010009765625,223282.0
2023-08-29 13:30:00+00:00,,,,,,,,,,,399.3699951171875,399.3861083984375,393.2699890136719,394.20001220703125,261056.0
2023-08-29 14:30:00+00:00,,,,,,,,,,,401.95001220703125,402.44000244140625,399.18499755859375,399.3399963378906,277040.0
2023-08-29 15:30:00+00:00,,,,,,,,,,,404.3949890136719,404.58990478515625,401.8399963378906,402.04998779296875,187906.0
2023-08-29 16:30:00+00:00,,,,,,,,,,,405.19000244140625,405.19000244140625,403.29998779296875,404.4849853515625,142020.0
2023-08-29 17:30:00+00:00,,,,,,,,,,,403.9599914550781,405.6000061035156,403.0299987792969,405.17999267578125,180700.0
2023-08-29 18:30:00+00:00,,,,,,,,,,,404.75,405.031005859375,403.0299987792969,404.0,203930.0
2023-08-29 19:30:00+00:00,,,,,,,,,,,404.30999755859375,405.6199951171875,404.2200012207031,404.74249267578125,245565.0
2023-08-30 13:30:00+00:00,,,,,,,,,,,406.20001220703125,407.8500061035156,403.4549865722656,403.8699951171875,254095.0
2023-08-30 14:30:00+00:00,,,,,,,,,,,409.2250061035156,409.7900085449219,406.1449890136719,406.1449890136719,257355.0
2023-08-30 15:30:00+00:00,,,,,,,,,,,412.2149963378906,412.30999755859375,408.6600036621094,409.2300109863281,226664.0
2023-08-30 16:30:00+00:00,,,,,,,,,,,413.1000061035156,413.9700012207031,412.2200012207031,412.2300109863281,175434.0
2023-08-30 17:30:00+00:00,,,,,,,,,,,413.80999755859375,414.32000732421875,412.81500244140625,413.0199890136719,183474.0
2023-08-30 18:30:00+00:00,,,,,,,,,,,414.45001220703125,415.5899963378906,413.67498779296875,413.68499755859375,199201.0
2023-08-30 19:30:00+00:00,,,,,,,,,,,413.2699890136719,415.2699890136719,412.8699951171875,414.5589904785156,332515.0
2023-08-31 13:30:00+00:00,,,,,,,,,,,413.0199890136719,417.2850036621094,412.79998779296875,414.04998779296875,206826.0
2023-08-31 14:30:00+00:00,,,,,,,,,,,413.9100036621094,414.92999267578125,412.6720886230469,412.7799987792969,154162.0
2023-08-31 15:30:00+00:00,,,,,,,,,,,413.4150085449219,414.1000061035156,412.44000244140625,413.9800109863281,81637.0
2023-08-31 16:30:00+00:00,,,,,,,,,,,413.8900146484375,413.95001220703125,412.3550109863281,413.4150085449219,84676.0
2023-08-31 17:30:00+00:00,,,,,,,,,,,412.739990234375,414.04998779296875,412.4700012207031,413.9800109863281,103258.0
2023-08-31 18:30:00+00:00,,,,,,,,,,,411.6099853515625,412.7449951171875,411.3299865722656,412.6401062011719,121531.0
2023-08-31 19:30:00+00:00,,,,,,,,,,,410.95001220703125,412.3999938964844,410.67999267578125,411.6549987792969,308403.0
2023-09-01 13:30:00+00:00,,,,,,,,,,,416.1000061035156,417.2799987792969,414.5799865722656,414.6700134277344,216481.0
2023-09-01 14:30:00+00:00,,,,,,,,,,,416.7149963378906,416.8999938964844,415.09478759765625,416.125,143471.0
2023-09-01 15:30:00+00:00,,,,,,,,,,,417.8399963378906,417.8399963378906,415.610107421875,416.70001220703125,121223.0
2023-09-01 16:30:00+00:00,,,,,,,,,,,418.3500061035156,418.6499938964844,417.489990234375,417.864990234375,90127.0
2023-09-01 17:30:00+00:00,,,,,,,,,,,418.7250061035156,419.1499938964844,417.8399963378906,418.1000061035156,98176.0
2023-09-01 18:30:00+00:00,,,,,,,,,,,418.8699951171875,419.29998779296875,418.260009765625,418.75,111079.0
2023-09-01 19:30:00+00:00,,,,,,,,,,,418.9100036621094,419.3999938964844,418.010009765625,418.80499267578125,238534.0
2023-09-05 13:30:00+00:00,,,,,,,,,,,416.6700134277344,423.34991455078125,416.2300109863281,420.8999938964844,398932.0
2023-09-05 14:30:00+00:00,,,,,,,,,,,418.19000244140625,418.95001220703125,415.6000061035156,416.8599853515625,125754.0
2023-09-05 15:30:00+00:00,,,,,,,,,,,416.5249938964844,418.8599853515625,415.80999755859375,418.243408203125,115963.0
2023-09-05 16:30:00+00:00,,,,,,,,,,,415.3399963378906,417.1400146484375,414.4801025390625,416.5224914550781,125337.0
2023-09-05 17:30:00+00:00,,,,,,,,,,,414.9525146484375,415.80999755859375,414.67999267578125,415.4599914550781,116389.0
2023-09-05 18:30:00+00:00,,,,,,,,,,,414.53460693359375,415.2200012207031,413.8599853515625,414.9549865722656,158451.0
2023-09-05 19:30:00+00:00,,,,,,,,,,,414.42999267578125,415.32000732421875,414.1824951171875,414.5050048828125,240613.0
2023-09-06 13:30:00+00:00,,,,,,,,,,,413.69000244140625,416.42999267578125,411.260009765625,412.1199951171875,164849.0
2023-09-06 14:30:00+00:00,,,,,,,,,,,413.3699951171875,414.5799865722656,413.0,413.9100036621094,111087.0
2023-09-06 15:30:00+00:00,,,,,,,,,,,410.875,413.45001220703125,410.8345031738281,413.29998779296875,107094.0
2023-09-06 16:30:00+00:00,,,,,,,,,,,412.07000732421875,412.07000732421875,410.6400146484375,410.8550109863281,95344.0
2023-09-06 17:30:00+00:00,,,,,,,,,,,413.7149963378906,413.7799987792969,411.7300109863281,412.1099853515625,70359.0
2023-09-06 18:30:00+00:00,,,,,,,,,,,413.42498779296875,414.0400085449219,413.0199890136719,413.75,110244.0
2023-09-06 19:30:00+00:00,,,,,,,,,,,414.2799987792969,414.3699951171875,413.1300048828125,413.3399963378906,173953.0
2023-09-07 13:30:00+00:00,,,,,,,,,,,406.6000061035156,415.0050048828125,405.3949890136719,411.1600036621094,236879.0
2023-09-07 14:30:00+00:00,,,,,,,,,,,409.6600036621094,410.44000244140625,406.45001220703125,406.7699890136719,110114.0
2023-09-07 15:30:00+00:00,,,,,,,,,,,412.010009765625,412.1099853515625,409.7699890136719,409.7699890136719,93901.0
2023-09-07 16:30:00+00:00,,,,,,,,,,,413.3949890136719,413.3949890136719,411.3399963378906,411.989990234375,80127.0
2023-09-07 17:30:00+00:00,,,,,,,,,,,412.32000732421875,414.0,412.32000732421875,413.2900085449219,60089.0
2023-09-07 18:30:00+00:00,,,,,,,,,,,412.9200134277344,413.260009765625,411.6412048339844,412.385009765625,80487.0
2023-09-07 19:30:00+00:00,,,,,,,,,,,411.7200012207031,413.0799865722656,411.6600036621094,412.92498779296875,184487.0
2023-09-08 13:30:00+00:00,,,,,,,,,,,407.7550048828125,413.17999267578125,405.010009765625,411.5,276762.0
2023-09-08 14:30:00+00:00,,,,,,,,,,,407.5299987792969,408.42999267578125,406.6000061035156,407.80999755859375,175584.0
2023-09-08 15:30:00+00:00,,,,,,,,,,,406.5400085449219,407.6099853515625,405.9200134277344,407.5350036621094,173680.0
2023-09-08 16:30:00+00:00,,,,,,,,,,,405.0400085449219,406.67999267578125,404.6449890136719,406.4150085449219,127666.0
2023-09-08 17:30:00+00:00,,,,,,,,,,,400.4700012207031,405.2998962402344,400.4599914550781,405.010009765625,296757.0
2023-09-08 18:30:00+00:00,,,,,,,,,,,399.6099853515625,400.9800109863281,399.1700134277344,400.57000732421875,248383.0
2023-09-08 19:30:00+00:00,,,,,,,,,,,399.6600036621094,400.25,399.05499267578125,399.57000732421875,366247.0
2023-09-11 13:30:00+00:00,,,,,,,,,,,400.92999267578125,404.0,399.69000244140625,403.29998779296875,275448.0
2023-09-11 14:30:00+00:00,,,,,,,,,,,399.0350036621094,401.1099853515625,397.70001220703125,401.1099853515625,196410.0
2023-09-11 15:30:00+00:00,,,,,,,,,,,398.5849914550781,399.4100036621094,398.3299865722656,399.0262145996094,114625.0
2023-09-11 16:30:00+00:00,,,,,,,,,,,399.2300109863281,399.6460876464844,398.6099853515625,398.6099853515625,103340.0
2023-09-11 17:30:00+00:00,,,,,,,,,,,399.45001220703125,400.2200012207031,399.1499938964844,399.2850036621094,117185.0
2023-09-11 18:30:00+00:00,,,,,,,,,,,400.3399963378906,401.43499755859375,399.1700134277344,399.45001220703125,189715.0
2023-09-11 19:30:00+00:00,,,,,,,,,,,400.260009765625,400.7250061035156,399.625,400.25,246160.0
2023-09-12 13:30:00+00:00,,,,,,,,,,,403.67999267578125,404.69000244140625,399.29998779296875,399.4100036621094,165790.0
2023-09-12 14:30:00+00:00,,,,,,,,,,,404.92999267578125,405.0,403.010009765625,403.4599914550781,127878.0
2023-09-12 15:30:00+00:00,,,,,,,,,,,403.80499267578125,405.7099914550781,403.5799865722656,405.0799865722656,111328.0
2023-09-12 16:30:00+00:00,,,,,,,,,,,404.6099853515625,404.8800048828125,403.5,403.8175964355469,90026.0
2023-09-12 17:30:00+00:00,,,,,,,,,,,405.4700012207031,405.4700012207031,403.5799865722656,404.6199951171875,90552.0
2023-09-12 18:30:00+00:00,,,,,,,,,,,403.5849914550781,405.385009765625,403.32000732421875,405.2950134277344,149757.0
2023-09-12 19:30:00+00:00,,,,,,,,,,,402.2699890136719,403.6700134277344,402.1300048828125,403.6700134277344,241646.0
2023-09-13 13:30:00+00:00,,,,,,,,,,,405.2300109863281,406.90179443359375,402.6199951171875,402.6199951171875,216393.0
2023-09-13 14:30:00+00:00,,,,,,,,,,,405.989990234375,406.760009765625,405.19000244140625,405.20001220703125,127149.0
2023-09-13 15:30:00+00:00,,,,,,,,,,,404.3699951171875,405.92999267578125,403.2474060058594,405.8949890136719,96943.0
2023-09-13 16:30:00+00:00,,,,,,,,,,,403.5799865722656,404.57000732421875,403.2449951171875,404.4700012207031,79259.0
2023-09-13 17:30:00+00:00,,,,,,,,,,,402.114990234375,403.7699890136719,401.6849060058594,403.4599914550781,90964.0
2023-09-13 18:30:00+00:00,,,,,,,,,,,400.67498779296875,402.3900146484375,399.67999267578125,402.1300048828125,114840.0
2023-09-13 19:30:00+00:00,,,,,,,,,,,402.3800048828125,402.7699890136719,400.8299865722656,400.9100036621094,180284.0
2023-09-14 13:30:00+00:00,,,,,,,,,,,408.75,410.7699890136719,405.1300048828125,406.2900085449219,236170.0
2023-09-14 14:30:00+00:00,,,,,,,,,,,408.8800048828125,410.25,408.45001220703125,408.8255920410156,113247.0
2023-09-14 15:30:00+00:00,,,,,,,,,,,410.07000732421875,410.07000732421875,408.4599914550781,408.6700134277344,102365.0
2023-09-14 16:30:00+00:00,,,,,,,,,,,410.7099914550781,410.94989013671875,410.0400085449219,410.1700134277344,81697.0
2023-09-14 17:30:00+00:00,,,,,,,,,,,409.6650085449219,411.38238525390625,409.6000061035156,410.739990234375,107293.0
2023-09-14 18:30:00+00:00,,,,,,,,,,,411.3500061035156,411.7799987792969,409.75,409.75,144545.0
2023-09-14 19:30:00+00:00,,,,,,,,,,,411.79998779296875,412.1499938964844,411.0400085449219,411.3399963378906,286286.0
2023-09-15 13:30:00+00:00,,,,,,,,,,,412.6400146484375,414.8699951171875,409.94000244140625,411.7900085449219,380501.0
2023-09-15 14:30:00+00:00,,,,,,,,,,,411.1300048828125,412.6400146484375,408.9800109863281,412.6400146484375,223671.0
2023-09-15 15:30:00+00:00,,,,,,,,,,,412.14910888671875,412.34991455078125,410.7099914550781,411.260009765625,117539.0
2023-09-15 16:30:00+00:00,,,,,,,,,,,411.7900085449219,412.5299987792969,411.6300048828125,412.1400146484375,82067.0
2023-09-15 17:30:00+00:00,,,,,,,,,,,412.7550048828125,412.9200134277344,411.55499267578125,411.75,107067.0
2023-09-15 18:30:00+00:00,,,,,,,,,,,412.9100036621094,413.1499938964844,412.0299987792969,412.6199951171875,121891.0
2023-09-15 19:30:00+00:00,,,,,,,,,,,412.1600036621094,413.2799987792969,411.69000244140625,412.8999938964844,181408.0
2023-09-18 13:30:00+00:00,,,,,,,,,,,411.20001220703125,412.5,407.510009765625,410.94000244140625,209405.0
2023-09-18 14:30:00+00:00,,,,,,,,,,,412.510009765625,413.6000061035156,410.9800109863281,411.3699951171875,115508.0
2023-09-18 15:30:00+00:00,,,,,,,,,,,410.70001220703125,412.3800048828125,410.2099914550781,412.3699951171875,97822.0
2023-09-18 16:30:00+00:00,,,,,,,,,,,410.94000244140625,411.4599914550781,410.3299865722656,410.8699951171875,63031.0
2023-09-18 17:30:00+00:00,,,,,,,,,,,410.7699890136719,411.19000244140625,409.8500061035156,411.0299987792969,74840.0
2023-09-18 18:30:00+00:00,,,,,,,,,,,410.5899963378906,410.92999267578125,410.2250061035156,410.6099853515625,98305.0
2023-09-18 19:30:00+00:00,,,,,,,,,,,410.79998779296875,411.0899963378906,409.864990234375,410.5775146484375,158971.0
2023-09-19 13:30:00+00:00,,,,,,,,,,,400.6300048828125,403.95001220703125,398.8500061035156,402.5899963378906,512589.0
2023-09-19 14:30:00+00:00,,,,,,,,,,,400.8299865722656,401.114990234375,399.6000061035156,400.5,190387.0
2023-09-19 15:30:00+00:00,,,,,,,,,,,400.510009765625,401.3800048828125,400.0,400.7200012207031,211539.0
2023-09-19 16:30:00+00:00,,,,,,,,,,,399.364990234375,400.4800109863281,398.760009765625,400.4700012207031,141974.0
2023-09-19 17:30:00+00:00,,,,,,,,,,,399.05999755859375,399.7698974609375,398.5,399.375,133398.0
2023-09-19 18:30:00+00:00,,,,,,,,,,,399.1499938964844,400.1499938964844,398.70001220703125,399.0504150390625,181050.0
2023-09-19 19:30:00+00:00,,,,,,,,,,,398.7120056152344,399.739990234375,398.4100036621094,399.1449890136719,378280.0
2023-09-20 13:30:00+00:00,,,,,,,,,,,407.92999267578125,408.3009948730469,399.54998779296875,401.7300109863281,299819.0
2023-09-20 14:30:00+00:00,,,,,,,,,,,408.17498779296875,409.1499938964844,407.4949951171875,407.79998779296875,143339.0
2023-09-20 15:30:00+00:00,,,,,,,,,,,407.8500061035156,408.260009765625,407.1499938964844,408.0400085449219,110552.0
2023-09-20 16:30:00+00:00,,,,,,,,,,,407.3999938964844,408.4200134277344,407.19000244140625,407.7099914550781,77949.0
2023-09-20 17:30:00+00:00,,,,,,,,,,,406.41650390625,407.4800109863281,405.2300109863281,407.29998779296875,107879.0
2023-09-20 18:30:00+00:00,,,,,,,,,,,404.29998779296875,407.5299987792969,403.0201110839844,405.94000244140625,153814.0
2023-09-20 19:30:00+00:00,,,,,,,,,,,402.3299865722656,404.5299987792969,401.7300109863281,404.45001220703125,168952.0
2023-09-21 13:30:00+00:00,,,,,,,,,,,388.2900085449219,399.7099914550781,386.0400085449219,399.0299987792969,747962.0
2023-09-21 14:30:00+00:00,,,,,,,,,,,389.8399963378906,392.1000061035156,388.10980224609375,388.32000732421875,318800.0
2023-09-21 15:30:00+00:00,,,,,,,,,,,389.8500061035156,391.8800048828125,389.125,389.8399963378906,141492.0
2023-09-21 16:30:00+00:00,,,,,,,,,,,390.2950134277344,390.30999755859375,388.8299865722656,389.8500061035156,132767.0
2023-09-21 17:30:00+00:00,,,,,,,,,,,388.2099914550781,390.7349853515625,388.20001220703125,390.3078918457031,120589.0
2023-09-21 18:30:00+00:00,,,,,,,,,,,387.1099853515625,389.364990234375,386.80999755859375,388.2200012207031,199016.0
2023-09-21 19:30:00+00:00,,,,,,,,,,,387.6499938964844,388.04998779296875,386.75,387.0849914550781,367720.0
2023-09-22 13:30:00+00:00,,,,,,,,,,,379.6106872558594,383.07989501953125,377.57000732421875,381.7300109863281,728215.0
2023-09-22 14:30:00+00:00,,,,,,,,,,,380.1099853515625,380.94000244140625,378.7900085449219,379.3999938964844,412646.0
2023-09-22 15:30:00+00:00,,,,,,,,,,,381.19500732421875,381.32000732421875,379.19000244140625,380.04998779296875,188735.0
2023-09-22 16:30:00+00:00,,,,,,,,,,,380.010009765625,381.22900390625,379.70001220703125,381.07000732421875,212844.0
2023-09-22 17:30:00+00:00,,,,,,,,,,,380.4049987792969,381.0950012207031,379.25,379.8706970214844,164806.0
2023-09-22 18:30:00+00:00,,,,,,,,,,,383.07000732421875,383.55499267578125,380.1400146484375,380.2799987792969,188579.0
2023-09-22 19:30:00+00:00,,,,,,,,,,,380.94000244140625,383.2200012207031,380.6700134277344,382.9700012207031,306815.0
2023-09-25 13:30:00+00:00,,,,,,,,,,,381.010009765625,383.32000732421875,378.3599853515625,379.0400085449219,304960.0
2023-09-25 14:30:00+00:00,,,,,,,,,,,381.8999938964844,382.760009765625,379.6200866699219,380.92999267578125,141647.0
2023-09-25 15:30:00+00:00,,,,,,,,,,,383.4849853515625,384.6000061035156,381.9549865722656,381.9549865722656,192268.0
2023-09-25 16:30:00+00:00,,,,,,,,,,,384.1099853515625,385.1400146484375,383.2950134277344,383.5400085449219,181184.0
2023-09-25 17:30:00+00:00,,,,,,,,,,,383.8349914550781,384.5299987792969,383.3399963378906,384.010009765625,119084.0
2023-09-25 18:30:00+00:00,,,,,,,,,,,384.6600036621094,385.2099914550781,383.69500732421875,383.8299865722656,121065.0
2023-09-25 19:30:00+00:00,,,,,,,,,,,384.510009765625,384.8599853515625,383.81500244140625,384.6400146484375,171394.0
2023-09-26 13:30:00+00:00,,,,,,,,,,,378.2950134277344,381.1600036621094,377.239990234375,378.0,232496.0
2023-09-26 14:30:00+00:00,,,,,,,,,,,379.07000732421875,380.489990234375,377.94000244140625,378.2200012207031,157197.0
2023-09-26 15:30:00+00:00,,,,,,,,,,,380.21728515625,380.4476013183594,378.8399963378906,379.1499938964844,114691.0
2023-09-26 16:30:00+00:00,,,,,,,,,,,380.79998779296875,381.864990234375,380.0350036621094,380.2799987792969,110902.0
2023-09-26 17:30:00+00:00,,,,,,,,,,,379.510009765625,380.8500061035156,379.0,380.75,142090.0
2023-09-26 18:30:00+00:00,,,,,,,,,,,380.2699890136719,380.5,379.4599914550781,379.5199890136719,138131.0
2023-09-26 19:30:00+00:00,,,,,,,,,,,379.8500061035156,380.5,379.19000244140625,380.2799987792969,233123.0
2023-09-27 13:30:00+00:00,,,,,,,,,,,382.9200134277344,383.2099914550781,380.2650146484375,381.7699890136719,203987.0
2023-09-27 14:30:00+00:00,,,,,,,,,,,384.2300109863281,385.010009765625,382.1400146484375,383.0116882324219,243999.0
2023-09-27 15:30:00+00:00,,,,,,,,,,,383.3500061035156,385.25,382.70111083984375,384.3800048828125,117126.0
2023-09-27 16:30:00+00:00,,,,,,,,,,,383.1499938964844,385.1098937988281,382.9700012207031,383.4599914550781,134459.0
2023-09-27 17:30:00+00:00,,,,,,,,,,,384.1499938964844,384.2300109863281,382.489990234375,383.05999755859375,123568.0
2023-09-27 18:30:00+00:00,,,,,,,,,,,385.3699951171875,386.3599853515625,384.25,384.25,139009.0
2023-09-27 19:30:00+00:00,,,,,,,,,,,384.4800109863281,385.4150085449219,383.45001220703125,385.4150085449219,210409.0
2023-09-28 13:30:00+00:00,,,,,,,,,,,385.04998779296875,386.32000732421875,383.0,384.0,154186.0
2023-09-28 14:30:00+00:00,,,,,,,,,,,388.3299865722656,388.760009765625,383.7099914550781,384.8900146484375,176848.0
2023-09-28 15:30:00+00:00,,,,,,,,,,,388.510009765625,389.1199951171875,387.8550109863281,388.25,115584.0
2023-09-28 16:30:00+00:00,,,,,,,,,,,386.3699951171875,388.7799987792969,386.3699951171875,388.510009765625,120550.0
2023-09-28 17:30:00+00:00,,,,,,,,,,,385.3500061035156,386.3999938964844,384.3949890136719,386.3999938964844,152302.0
2023-09-28 18:30:00+00:00,,,,,,,,,,,386.6050109863281,386.80499267578125,384.42498779296875,385.3299865722656,138830.0
2023-09-28 19:30:00+00:00,,,,,,,,,,,384.82000732421875,386.6499938964844,384.4200134277344,386.6099853515625,250788.0
2023-09-29 13:30:00+00:00,,,,,,,,,,,380.6199951171875,386.9800109863281,379.17999267578125,383.7300109863281,514452.0
2023-09-29 14:30:00+00:00,,,,,,,,,,,379.04998779296875,381.3699951171875,377.80999755859375,380.70001220703125,239249.0
2023-09-29 15:30:00+00:00,,,,,,,,,,,379.3699951171875,379.92999267578125,378.2099914550781,379.1700134277344,135803.0
2023-09-29 16:30:00+00:00,,,,,,,,,,,378.04998779296875,379.79998779296875,376.57000732421875,379.3599853515625,143448.0
2023-09-29 17:30:00+00:00,,,,,,,,,,,376.1400146484375,378.20001220703125,376.0101013183594,378.07000732421875,223178.0
2023-09-29 18:30:00+00:00,,,,,,,,,,,377.6449890136719,378.68499755859375,375.7200012207031,376.19500732421875,238563.0
2023-09-29 19:30:00+00:00,,,,,,,,,,,377.54998779296875,378.7300109863281,376.6099853515625,377.739990234375,355036.0
2023-10-02 13:30:00+00:00,,,,,,,,,,,376.9750061035156,380.6300048828125,374.70001220703125,379.19000244140625,302996.0
2023-10-02 14:30:00+00:00,,,,,,,,,,,377.2099914550781,377.7699890136719,375.3399963378906,376.5899963378906,168832.0
2023-10-02 15:30:00+00:00,,,,,,,,,,,375.6700134277344,377.6700134277344,375.1449890136719,377.5199890136719,174628.0
2023-10-02 16:30:00+00:00,,,,,,,,,,,373.9200134277344,376.1000061035156,373.42999267578125,375.5,210250.0
2023-10-02 17:30:00+00:00,,,,,,,,,,,370.739990234375,374.07000732421875,370.54998779296875,374.0199890136719,320934.0
2023-10-02 18:30:00+00:00,,,,,,,,,,,372.0,372.57000732421875,370.7900085449219,370.80999755859375,213017.0
2023-10-02 19:30:00+00:00,,,,,,,,,,,373.989990234375,374.1300048828125,371.94000244140625,371.9599914550781,403061.0
2023-10-03 13:30:00+00:00,,,,,,,,,,,372.6099853515625,373.8500061035156,371.2464904785156,372.4100036621094,177625.0
2023-10-03 14:30:00+00:00,,,,,,,,,,,371.2200012207031,372.9599914550781,370.760009765625,372.6099853515625,143149.0
2023-10-03 15:30:00+00:00,,,,,,,,,,,372.2900085449219,372.5799865722656,370.5,371.1700134277344,113620.0
2023-10-03 16:30:00+00:00,,,,,,,,,,,372.07000732421875,372.8399963378906,371.7049865722656,372.3299865722656,89305.0
2023-10-03 17:30:00+00:00,,,,,,,,,,,370.684814453125,372.2449951171875,370.684814453125,372.08599853515625,114117.0
2023-10-03 18:30:00+00:00,,,,,,,,,,,372.6000061035156,372.6600036621094,370.6700134277344,370.6700134277344,122386.0
2023-10-03 19:30:00+00:00,,,,,,,,,,,372.8900146484375,373.05499267578125,372.1400146484375,372.697509765625,206582.0
2023-10-04 13:30:00+00:00,,,,,,,,,,,370.4049987792969,372.8153076171875,370.3599853515625,372.3800048828125,220495.0
2023-10-04 14:30:00+00:00,,,,,,,,,,,374.2300109863281,374.2300109863281,370.2200012207031,370.44000244140625,139302.0
2023-10-04 15:30:00+00:00,,,,,,,,,,,377.8800048828125,377.9100036621094,373.7449951171875,374.05999755859375,162542.0
2023-10-04 16:30:00+00:00,,,,,,,,,,,376.4700012207031,378.5799865722656,376.42449951171875,377.94000244140625,125374.0
2023-10-04 17:30:00+00:00,,,,,,,,,,,375.6099853515625,376.8999938964844,375.19500732421875,376.3699951171875,116683.0
2023-10-04 18:30:00+00:00,,,,,,,,,,,376.8999938964844,377.3999938964844,375.260009765625,375.760009765625,115373.0
2023-10-04 19:30:00+00:00,,,,,,,,,,,376.7200012207031,377.6300048828125,376.4800109863281,376.8900146484375,154748.0
2023-10-05 13:30:00+00:00,,,,,,,,,,,375.2388000488281,378.8500061035156,374.5,375.7099914550781,143196.0
2023-10-05 14:30:00+00:00,,,,,,,,,,,373.7200012207031,375.1199951171875,373.20001220703125,375.1199951171875,113423.0
2023-10-05 15:30:00+00:00,,,,,,,,,,,375.7099914550781,375.7099914550781,373.55999755859375,373.7250061035156,110750.0
2023-10-05 16:30:00+00:00,,,,,,,,,,,375.4549865722656,375.9949951171875,374.489990234375,375.79998779296875,82870.0
2023-10-05 17:30:00+00:00,,,,,,,,,,,376.32000732421875,376.79998779296875,375.2699890136719,375.6199951171875,113050.0
2023-10-05 18:30:00+00:00,,,,,,,,,,,376.82000732421875,377.7550048828125,376.1600036621094,376.32000732421875,125276.0
2023-10-05 19:30:00+00:00,,,,,,,,,,,375.7900085449219,376.8900146484375,375.5899963378906,376.82000732421875,159673.0
2023-10-06 13:30:00+00:00,,,,,,,,,,,374.1044006347656,375.19000244140625,372.32000732421875,373.44000244140625,196369.0
2023-10-06 14:30:00+00:00,,,,,,,,,,,376.81500244140625,376.8800048828125,374.4800109863281,374.4800109863281,130691.0
2023-10-06 15:30:00+00:00,,,,,,,,,,,379.7974853515625,380.3399963378906,376.9100036621094,376.9200134277344,164768.0
2023-10-06 16:30:00+00:00,,,,,,,,,,,380.1099853515625,380.29998779296875,378.1099853515625,379.7950134277344,112561.0
2023-10-06 17:30:00+00:00,,,,,,,,,,,380.8900146484375,380.8900146484375,379.69000244140625,380.19000244140625,107540.0
2023-10-06 18:30:00+00:00,,,,,,,,,,,381.4624938964844,381.8800048828125,380.7900085449219,380.8999938964844,159301.0
2023-10-06 19:30:00+00:00,,,,,,,,,,,378.5299987792969,381.4599914550781,378.42999267578125,381.45001220703125,181008.0
2023-10-09 13:30:00+00:00,,,,,,,,,,,380.51409912109375,380.6427001953125,377.5299987792969,378.42999267578125,176584.0
2023-10-09 14:30:00+00:00,,,,,,,,,,,379.625,380.75,378.8399963378906,380.5899963378906,95722.0
2023-10-09 15:30:00+00:00,,,,,,,,,,,380.3299865722656,380.94000244140625,379.20001220703125,379.5899963378906,62551.0
2023-10-09 16:30:00+00:00,,,,,,,,,,,380.29998779296875,380.5,379.4599914550781,380.4100036621094,52477.0
2023-10-09 17:30:00+00:00,,,,,,,,,,,382.7799987792969,382.8699951171875,380.3599853515625,380.4800109863281,92777.0
2023-10-09 18:30:00+00:00,,,,,,,,,,,383.2300109863281,383.8999938964844,382.4700012207031,382.79998779296875,122564.0
2023-10-09 19:30:00+00:00,,,,,,,,,,,382.989990234375,383.2650146484375,382.260009765625,383.2650146484375,120838.0
2023-10-10 13:30:00+00:00,,,,,,,,,,,388.1400146484375,388.4800109863281,386.1300048828125,386.29998779296875,177150.0
2023-10-10 14:30:00+00:00,,,,,,,,,,,389.3299865722656,389.44000244140625,386.70001220703125,388.1499938964844,124826.0
2023-10-10 15:30:00+00:00,,,,,,,,,,,391.3299865722656,391.4800109863281,389.19000244140625,389.3299865722656,121404.0
2023-10-10 16:30:00+00:00,,,,,,,,,,,390.3673095703125,391.6400146484375,389.5400085449219,391.42999267578125,92183.0
2023-10-10 17:30:00+00:00,,,,,,,,,,,390.625,390.989990234375,389.7300109863281,390.42498779296875,127379.0
2023-10-10 18:30:00+00:00,,,,,,,,,,,391.05999755859375,391.95001220703125,390.3299865722656,390.6300048828125,176942.0
2023-10-10 19:30:00+00:00,,,,,,,,,,,390.9100036621094,391.17999267578125,390.20001220703125,391.0299987792969,244531.0
2023-10-11 13:30:00+00:00,,,,,,,,,,,388.6549987792969,392.489990234375,387.7799987792969,391.3800048828125,147176.0
2023-10-11 14:30:00+00:00,,,,,,,,,,,389.6199951171875,390.4898986816406,388.3937072753906,388.80999755859375,146574.0
2023-10-11 15:30:00+00:00,,,,,,,,,,,388.7099914550781,390.2950134277344,388.2900085449219,389.6300048828125,141308.0
2023-10-11 16:30:00+00:00,,,,,,,,,,,387.7049865722656,389.42999267578125,387.7049865722656,388.6300048828125,76679.0
2023-10-11 17:30:00+00:00,,,,,,,,,,,388.75,389.3500061035156,387.3800048828125,387.6600036621094,89807.0
2023-10-11 18:30:00+00:00,,,,,,,,,,,389.91571044921875,390.25,388.80999755859375,388.8999938964844,79423.0
2023-10-11 19:30:00+00:00,,,,,,,,,,,389.3500061035156,390.44000244140625,389.3299865722656,389.9700012207031,133931.0
2023-10-12 13:30:00+00:00,,,,,,,,,,,382.6000061035156,391.0,380.79998779296875,389.79998779296875,275126.0
2023-10-12 14:30:00+00:00,,,,,,,,,,,381.2900085449219,383.0249938964844,380.82000732421875,382.44000244140625,192216.0
2023-10-12 15:30:00+00:00,,,,,,,,,,,383.7200012207031,384.00421142578125,380.8699951171875,381.3599853515625,147269.0
2023-10-12 16:30:00+00:00,,,,,,,,,,,380.82501220703125,384.1300048828125,380.69000244140625,383.7250061035156,131607.0
2023-10-12 17:30:00+00:00,,,,,,,,,,,380.0849914550781,380.84210205078125,377.8599853515625,380.82501220703125,170323.0
2023-10-12 18:30:00+00:00,,,,,,,,,,,381.79998779296875,382.1000061035156,379.8500061035156,380.0,137186.0
2023-10-12 19:30:00+00:00,,,,,,,,,,,382.239990234375,383.0329895019531,381.6600036621094,381.7799987792969,193634.0
2023-10-13 13:30:00+00:00,,,,,,,,,,,383.75,385.82000732421875,382.385009765625,383.0,166053.0
2023-10-13 14:30:00+00:00,,,,,,,,,,,381.7099914550781,384.4200134277344,380.9200134277344,383.6650085449219,127033.0
2023-10-13 15:30:00+00:00,,,,,,,,,,,382.7699890136719,382.8599853515625,381.114990234375,381.6549987792969,93493.0
2023-10-13 16:30:00+00:00,,,,,,,,,,,379.2250061035156,383.2099914550781,378.9599914550781,382.92999267578125,106802.0
2023-10-13 17:30:00+00:00,,,,,,,,,,,380.82501220703125,381.19000244140625,378.760009765625,379.04998779296875,113696.0
2023-10-13 18:30:00+00:00,,,,,,,,,,,380.32501220703125,381.2950134277344,379.9100036621094,380.8349914550781,138742.0
2023-10-13 19:30:00+00:00,,,,,,,,,,,380.7200012207031,381.2099914550781,380.2699890136719,380.5400085449219,177352.0
2023-10-16 13:30:00+00:00,,,,,,,,,,,389.0199890136719,389.0392150878906,384.05499267578125,384.95001220703125,243162.0
2023-10-16 14:30:00+00:00,,,,,,,,,,,389.8500061035156,391.0350036621094,389.05499267578125,389.05499267578125,124832.0
2023-10-16 15:30:00+00:00,,,,,,,,,,,388.57501220703125,390.010009765625,388.3699951171875,390.0,96480.0
2023-10-16 16:30:00+00:00,,,,,,,,,,,388.8599853515625,389.7699890136719,387.94000244140625,388.7099914550781,83952.0
2023-10-16 17:30:00+00:00,,,,,,,,,,,389.8500061035156,390.5120849609375,388.57000732421875,388.8550109863281,95013.0
2023-10-16 18:30:00+00:00,,,,,,,,,,,392.4800109863281,392.5799865722656,389.8399963378906,389.8550109863281,152334.0
2023-10-16 19:30:00+00:00,,,,,,,,,,,390.3299865722656,392.5,390.32000732421875,392.5,222851.0
2023-10-17 13:30:00+00:00,,,,,,,,,,,391.4150085449219,392.2799072265625,388.0199890136719,388.8999938964844,106642.0
2023-10-17 14:30:00+00:00,,,,,,,,,,,393.2974853515625,393.42999267578125,391.30999755859375,391.30999755859375,103320.0
2023-10-17 15:30:00+00:00,,,,,,,,,,,395.1099853515625,395.1099853515625,392.4429931640625,393.3999938964844,89067.0
2023-10-17 16:30:00+00:00,,,,,,,,,,,392.2449951171875,395.30999755859375,392.010009765625,395.2799987792969,68164.0
2023-10-17 17:30:00+00:00,,,,,,,,,,,391.6600036621094,392.2200012207031,390.95001220703125,392.2200012207031,110417.0
2023-10-17 18:30:00+00:00,,,,,,,,,,,392.5743103027344,392.7273864746094,391.29998779296875,391.7161865234375,94681.0
2023-10-17 19:30:00+00:00,,,,,,,,,,,391.25,392.7300109863281,390.8999938964844,392.7300109863281,174199.0
2023-10-18 13:30:00+00:00,,,,,,,,,,,382.31500244140625,390.3900146484375,380.8599853515625,388.3599853515625,213856.0
2023-10-18 14:30:00+00:00,,,,,,,,,,,382.2349853515625,382.80999755859375,378.0249938964844,382.30999755859375,278759.0
2023-10-18 15:30:00+00:00,,,,,,,,,,,382.7900085449219,383.29998779296875,381.55999755859375,382.32000732421875,127138.0
2023-10-18 16:30:00+00:00,,,,,,,,,,,384.9200134277344,385.3900146484375,382.739990234375,382.9800109863281,119934.0
2023-10-18 17:30:00+00:00,,,,,,,,,,,383.7275085449219,385.05999755859375,383.2749938964844,384.739990234375,104050.0
2023-10-18 18:30:00+00:00,,,,,,,,,,,381.45001220703125,383.8800048828125,381.3699951171875,383.69000244140625,181313.0
2023-10-18 19:30:00+00:00,,,,,,,,,,,382.2099914550781,382.3999938964844,380.8370056152344,381.4100036621094,281223.0
2023-10-19 13:30:00+00:00,,,,,,,,,,,383.1700134277344,384.6075134277344,381.04998779296875,381.6400146484375,200128.0
2023-10-19 14:30:00+00:00,,,,,,,,,,,383.5849914550781,384.3399963378906,381.510009765625,383.1099853515625,135203.0
2023-10-19 15:30:00+00:00,,,,,,,,,,,383.2200012207031,384.8500061035156,381.5400085449219,383.55999755859375,163804.0
2023-10-19 16:30:00+00:00,,,,,,,,,,,385.5050048828125,386.3699951171875,381.7149963378906,383.2950134277344,103172.0
2023-10-19 17:30:00+00:00,,,,,,,,,,,382.7200012207031,385.4189147949219,382.42999267578125,385.4189147949219,144610.0
2023-10-19 18:30:00+00:00,,,,,,,,,,,380.6700134277344,382.6499938964844,380.25,382.6499938964844,177988.0
2023-10-19 19:30:00+00:00,,,,,,,,,,,381.3800048828125,382.0400085449219,380.4150085449219,380.9800109863281,280796.0
2023-10-20 13:30:00+00:00,,,,,,,,,,,378.3399963378906,382.4100036621094,377.75,380.3900146484375,258281.0
2023-10-20 14:30:00+00:00,,,,,,,,,,,375.8999938964844,379.35650634765625,375.7300109863281,378.2650146484375,248232.0
2023-10-20 15:30:00+00:00,,,,,,,,,,,376.92999267578125,377.4200134277344,374.82000732421875,375.9100036621094,137897.0
2023-10-20 16:30:00+00:00,,,,,,,,,,,377.7200012207031,378.32501220703125,376.739990234375,376.739990234375,78417.0
2023-10-20 17:30:00+00:00,,,,,,,,,,,375.92999267578125,378.0,375.8500061035156,377.9800109863281,105565.0
2023-10-20 18:30:00+00:00,,,,,,,,,,,376.8500061035156,377.1099853515625,375.6700134277344,375.760009765625,164973.0
2023-10-20 19:30:00+00:00,,,,,,,,,,,375.1400146484375,377.1199951171875,375.0400085449219,376.9800109863281,266918.0
2023-10-23 13:30:00+00:00,,,,,,,,,,,375.1000061035156,375.3900146484375,371.4800109863281,373.2099914550781,221115.0
2023-10-23 14:30:00+00:00,,,,,,,,,,,378.5899963378906,378.9800109863281,373.9200134277344,375.1000061035156,166611.0
2023-10-23 15:30:00+00:00,,,,,,,,,,,378.45001220703125,379.8800048828125,377.6200866699219,378.79998779296875,135983.0
2023-10-23 16:30:00+00:00,,,,,,,,,,,378.32000732421875,380.2200012207031,377.74200439453125,378.3399963378906,91540.0
2023-10-23 17:30:00+00:00,,,,,,,,,,,374.9750061035156,378.45001220703125,374.3800048828125,378.2300109863281,128094.0
2023-10-23 18:30:00+00:00,,,,,,,,,,,373.0899963378906,375.8830871582031,372.9800109863281,375.04998779296875,207803.0
2023-10-23 19:30:00+00:00,,,,,,,,,,,373.2699890136719,373.7200012207031,372.75,373.0899963378906,208773.0
2023-10-24 13:30:00+00:00,,,,,,,,,,,375.875,377.84210205078125,372.5050048828125,375.67999267578125,164756.0
2023-10-24 14:30:00+00:00,,,,,,,,,,,373.6099853515625,375.9100036621094,373.1650085449219,375.67999267578125,102773.0
2023-10-24 15:30:00+00:00,,,,,,,,,,,371.93499755859375,373.8160095214844,371.5849914550781,373.50799560546875,88039.0
2023-10-24 16:30:00+00:00,,,,,,,,,,,372.19000244140625,372.7300109863281,371.7099914550781,372.05999755859375,66668.0
2023-10-24 17:30:00+00:00,,,,,,,,,,,373.19000244140625,373.19000244140625,372.1700134277344,372.260009765625,68727.0
2023-10-24 18:30:00+00:00,,,,,,,,,,,374.1650085449219,374.739990234375,373.19000244140625,373.3399963378906,100020.0
2023-10-24 19:30:00+00:00,,,,,,,,,,,373.5199890136719,374.260009765625,373.45001220703125,374.1925964355469,129009.0
2023-10-25 13:30:00+00:00,,,,,,,,,,,373.0950012207031,375.989990234375,371.9599914550781,372.239990234375,139634.0
2023-10-25 14:30:00+00:00,,,,,,,,,,,375.1499938964844,375.29998779296875,372.1199951171875,372.92999267578125,95689.0
2023-10-25 15:30:00+00:00,,,,,,,,,,,372.7900085449219,375.0150146484375,372.0400085449219,374.9800109863281,101667.0
2023-10-25 16:30:00+00:00,,,,,,,,,,,372.5799865722656,374.0299987792969,371.9700012207031,372.7900085449219,58931.0
2023-10-25 17:30:00+00:00,,,,,,,,,,,371.95001220703125,372.4100036621094,371.04998779296875,372.3800048828125,72307.0
2023-10-25 18:30:00+00:00,,,,,,,,,,,372.2799987792969,372.6199035644531,371.6099853515625,372.0400085449219,73767.0
2023-10-25 19:30:00+00:00,,,,,,,,,,,372.0299987792969,372.69989013671875,371.5400085449219,372.4700012207031,93244.0
2023-10-26 13:30:00+00:00,,,,,,,,,,,372.0,373.4849853515625,370.3999938964844,371.0,140394.0
2023-10-26 14:30:00+00:00,,,,,,,,,,,373.92498779296875,374.80029296875,370.6700134277344,372.1000061035156,98913.0
2023-10-26 15:30:00+00:00,,,,,,,,,,,371.30499267578125,374.1199951171875,370.9100036621094,374.0899963378906,90953.0
2023-10-26 16:30:00+00:00,,,,,,,,,,,370.45001220703125,372.20001220703125,370.2300109863281,371.19000244140625,110885.0
2023-10-26 17:30:00+00:00,,,,,,,,,,,372.05999755859375,372.25,369.739990234375,370.2099914550781,82568.0
2023-10-26 18:30:00+00:00,,,,,,,,,,,371.9800109863281,373.7049865722656,371.7398986816406,371.95001220703125,95772.0
2023-10-26 19:30:00+00:00,,,,,,,,,,,369.7099914550781,372.17999267578125,369.4700012207031,372.04998779296875,216650.0
2023-10-27 13:30:00+00:00,,,,,,,,,,,363.864990234375,369.8900146484375,361.010009765625,369.0,289451.0
2023-10-27 14:30:00+00:00,,,,,,,,,,,364.7749938964844,365.2099914550781,362.489990234375,363.81500244140625,181134.0
2023-10-27 15:30:00+00:00,,,,,,,,,,,362.82000732421875,365.989990234375,362.5299987792969,364.6300048828125,139295.0
2023-10-27 16:30:00+00:00,,,,,,,,,,,361.614990234375,363.1400146484375,361.30999755859375,362.82501220703125,107305.0
2023-10-27 17:30:00+00:00,,,,,,,,,,,360.0799865722656,362.1549987792969,359.75,361.5899963378906,121776.0
2023-10-27 18:30:00+00:00,,,,,,,,,,,359.94500732421875,360.80999755859375,358.8900146484375,360.0799865722656,153982.0
2023-10-27 19:30:00+00:00,,,,,,,,,,,361.17999267578125,361.25,358.79998779296875,359.94000244140625,251876.0
2023-10-30 13:30:00+00:00,,,,,,,,,,,363.1700134277344,369.07000732421875,361.6650085449219,365.2300109863281,174935.0
2023-10-30 14:30:00+00:00,,,,,,,,,,,364.3500061035156,365.1221008300781,362.2850036621094,363.1700134277344,104942.0
2023-10-30 15:30:00+00:00,,,,,,,,,,,364.8949890136719,365.931884765625,364.2200012207031,364.32000732421875,106986.0
2023-10-30 16:30:00+00:00,,,,,,,,,,,367.04290771484375,367.1499938964844,364.7799987792969,364.94000244140625,101763.0
2023-10-30 17:30:00+00:00,,,,,,,,,,,366.8399963378906,367.42999267578125,366.260009765625,367.2900085449219,111702.0
2023-10-30 18:30:00+00:00,,,,,,,,,,,369.1365051269531,369.3399963378906,366.760009765625,366.864990234375,120370.0
2023-10-30 19:30:00+00:00,,,,,,,,,,,367.9700012207031,369.2799987792969,367.7300109863281,369.04998779296875,199699.0
2023-10-31 13:30:00+00:00,,,,,,,,,,,363.42498779296875,364.760009765625,359.3900146484375,362.0,289106.0
2023-10-31 14:30:00+00:00,,,,,,,,,,,363.4150085449219,363.94000244140625,361.4599914550781,363.45001220703125,119512.0
2023-10-31 15:30:00+00:00,,,,,,,,,,,364.510009765625,365.5899963378906,363.25,363.4599914550781,101297.0
2023-10-31 16:30:00+00:00,,,,,,,,,,,364.5400085449219,365.510009765625,363.9100036621094,364.45001220703125,110616.0
2023-10-31 17:30:00+00:00,,,,,,,,,,,363.55389404296875,365.2550048828125,363.25,364.760009765625,137624.0
2023-10-31 18:30:00+00:00,,,,,,,,,,,365.135009765625,365.8699951171875,363.2900085449219,363.3999938964844,127538.0
2023-10-31 19:30:00+00:00,,,,,,,,,,,365.260009765625,365.8599853515625,364.44000244140625,364.9200134277344,143634.0
2023-11-01 13:30:00+00:00,,,,,,,,,,,365.42999267578125,366.989990234375,361.3599853515625,364.8800048828125,164187.0
2023-11-01 14:30:00+00:00,,,,,,,,,,,365.3299865722656,366.32000732421875,364.3299865722656,365.5249938964844,118810.0
2023-11-01 15:30:00+00:00,,,,,,,,,,,366.7200012207031,367.1400146484375,365.25,365.3500061035156,121454.0
2023-11-01 16:30:00+00:00,,,,,,,,,,,365.6724853515625,366.69000244140625,364.79998779296875,366.57000732421875,66229.0
2023-11-01 17:30:00+00:00,,,,,,,,,,,367.8699951171875,368.1400146484375,365.3999938964844,365.5950012207031,92762.0
2023-11-01 18:30:00+00:00,,,,,,,,,,,371.67999267578125,372.239990234375,367.2699890136719,368.1000061035156,184233.0
2023-11-01 19:30:00+00:00,,,,,,,,,,,370.510009765625,371.739990234375,370.19000244140625,371.67999267578125,180469.0
2023-11-02 13:30:00+00:00,,,,,,,,,,,374.8699951171875,378.4100036621094,372.5,375.5,214381.0
2023-11-02 14:30:00+00:00,,,,,,,,,,,373.114990234375,375.6000061035156,372.8299865722656,375.04998779296875,124447.0
2023-11-02 15:30:00+00:00,,,,,,,,,,,372.20001220703125,373.42999267578125,371.8999938964844,372.9800109863281,107493.0
2023-11-02 16:30:00+00:00,,,,,,,,,,,374.1400146484375,374.3299865722656,372.1000061035156,372.260009765625,105240.0
2023-11-02 17:30:00+00:00,,,,,,,,,,,373.5450134277344,375.07000732421875,373.0899963378906,374.1499938964844,139512.0
2023-11-02 18:30:00+00:00,,,,,,,,,,,372.8399963378906,374.3699951171875,372.7799987792969,373.44500732421875,158974.0
2023-11-02 19:30:00+00:00,,,,,,,,,,,373.5299987792969,373.6600036621094,372.69000244140625,372.7900085449219,240678.0
2023-11-03 13:30:00+00:00,,,,,,,,,,,383.6099853515625,384.2799987792969,377.4800109863281,379.5,272249.0
2023-11-03 14:30:00+00:00,,,,,,,,,,,381.2850036621094,383.5299987792969,380.1199951171875,383.5299987792969,112292.0
2023-11-03 15:30:00+00:00,,,,,,,,,,,381.3550109863281,382.30999755859375,380.60009765625,381.260009765625,89130.0
2023-11-03 16:30:00+00:00,,,,,,,,,,,381.55999755859375,381.8999938964844,380.9800109863281,381.2699890136719,69525.0
2023-11-03 17:30:00+00:00,,,,,,,,,,,383.2900085449219,383.3699951171875,381.7699890136719,381.7699890136719,84518.0
2023-11-03 18:30:00+00:00,,,,,,,,,,,383.55999755859375,384.625,383.2300109863281,383.2904052734375,160476.0
2023-11-03 19:30:00+00:00,,,,,,,,,,,382.20001220703125,383.8599853515625,382.1300048828125,383.5,227652.0
2023-11-06 14:30:00+00:00,,,,,,,,,,,378.2799987792969,384.54998779296875,377.3999938964844,384.1600036621094,236022.0
2023-11-06 15:30:00+00:00,,,,,,,,,,,376.2749938964844,378.5799865722656,375.30999755859375,378.29998779296875,126556.0
2023-11-06 16:30:00+00:00,,,,,,,,,,,377.2799987792969,377.3299865722656,375.6499938964844,376.2349853515625,80234.0
2023-11-06 17:30:00+00:00,,,,,,,,,,,376.3699951171875,377.3800048828125,375.510986328125,377.2300109863281,67196.0
2023-11-06 18:30:00+00:00,,,,,,,,,,,375.2300109863281,376.9599914550781,375.1700134277344,376.3900146484375,76196.0
2023-11-06 19:30:00+00:00,,,,,,,,,,,377.17999267578125,377.57000732421875,375.17999267578125,375.2298889160156,106808.0
2023-11-06 20:30:00+00:00,,,,,,,,,,,378.29998779296875,378.3800048828125,376.9599914550781,377.04998779296875,112973.0
2023-11-07 14:30:00+00:00,,,,,,,,,,,369.3349914550781,370.20001220703125,363.010009765625,366.8999938964844,479372.0
2023-11-07 15:30:00+00:00,,,,,,,,,,,371.32501220703125,372.510009765625,369.2900085449219,369.4200134277344,209184.0
2023-11-07 16:30:00+00:00,,,,,,,,,,,368.70001220703125,371.8550109863281,368.2799987792969,371.3500061035156,159143.0
2023-11-07 17:30:00+00:00,,,,,,,,,,,368.3999938964844,369.39239501953125,367.8299865722656,368.5539855957031,144032.0
2023-11-07 18:30:00+00:00,,,,,,,,,,,368.6217956542969,369.0299987792969,368.04998779296875,368.1700134277344,124268.0
2023-11-07 19:30:00+00:00,,,,,,,,,,,369.4200134277344,369.92999267578125,367.75,368.55499267578125,182590.0
2023-11-07 20:30:00+00:00,,,,,,,,,,,369.3599853515625,370.42999267578125,369.0,369.45001220703125,221327.0
2023-11-08 14:30:00+00:00,,,,,,,,,,,371.4200134277344,373.05999755859375,370.0,370.79998779296875,165558.0
2023-11-08 15:30:00+00:00,,,,,,,,,,,370.4700012207031,372.010009765625,370.1300048828125,371.3399963378906,92530.0
2023-11-08 16:30:00+00:00,,,,,,,,,,,369.94000244140625,371.3800048828125,369.2650146484375,370.5849914550781,86280.0
2023-11-08 17:30:00+00:00,,,,,,,,,,,370.8999938964844,371.19000244140625,369.2546081542969,369.9599914550781,100577.0
2023-11-08 18:30:00+00:00,,,,,,,,,,,370.45001220703125,371.2099914550781,370.3500061035156,370.7699890136719,70412.0
2023-11-08 19:30:00+00:00,,,,,,,,,,,370.0199890136719,370.95001220703125,369.80999755859375,370.4624938964844,133433.0
2023-11-08 20:30:00+00:00,,,,,,,,,,,369.5400085449219,370.010009765625,369.1499938964844,369.8699951171875,279239.0
2023-11-09 14:30:00+00:00,,,,,,,,,,,370.739990234375,374.1700134277344,370.2799987792969,373.6300048828125,149579.0
2023-11-09 15:30:00+00:00,,,,,,,,,,,371.3699951171875,371.8500061035156,369.57000732421875,370.6499938964844,139839.0
2023-11-09 16:30:00+00:00,,,,,,,,,,,371.6000061035156,372.6499938964844,371.239990234375,371.6449890136719,94428.0
2023-11-09 17:30:00+00:00,,,,,,,,,,,370.4100036621094,372.25,369.5,371.7099914550781,75962.0
2023-11-09 18:30:00+00:00,,,,,,,,,,,368.5,370.42498779296875,368.1400146484375,370.32000732421875,80077.0
2023-11-09 19:30:00+00:00,,,,,,,,,,,368.6400146484375,368.9100036621094,367.7699890136719,368.5,96872.0
2023-11-09 20:30:00+00:00,,,,,,,,,,,369.7300109863281,369.95001220703125,368.6600036621094,368.7200012207031,183745.0
2023-11-10 14:30:00+00:00,,,,,,,,,,,369.8500061035156,372.8699951171875,369.2349853515625,372.3500061035156,224253.0
2023-11-10 15:30:00+00:00,,,,,,,,,,,370.29998779296875,370.6199951171875,369.0199890136719,369.7099914550781,111607.0
2023-11-10 16:30:00+00:00,,,,,,,,,,,370.67999267578125,370.8399963378906,369.54998779296875,370.3699951171875,91017.0
2023-11-10 17:30:00+00:00,,,,,,,,,,,371.80999755859375,372.4700012207031,370.57501220703125,370.6700134277344,128113.0
2023-11-10 18:30:00+00:00,,,,,,,,,,,371.8299865722656,372.70989990234375,371.57000732421875,371.7550048828125,137295.0
2023-11-10 19:30:00+00:00,,,,,,,,,,,373.2049865722656,373.23748779296875,371.2799987792969,371.95001220703125,190301.0
2023-11-10 20:30:00+00:00,,,,,,,,,,,374.04998779296875,374.5299987792969,372.9800109863281,373.24249267578125,233081.0
2023-11-13 14:30:00+00:00,,,,,,,,,,,367.55999755859375,373.6300048828125,367.1300048828125,372.8599853515625,308130.0
2023-11-13 15:30:00+00:00,,,,,,,,,,,369.5375061035156,370.17510986328125,367.510009765625,367.6700134277344,218111.0
2023-11-13 16:30:00+00:00,,,,,,,,,,,370.7799987792969,371.0,369.239990234375,369.54998779296875,167247.0
2023-11-13 17:30:00+00:00,,,,,,,,,,,370.1199951171875,370.8900146484375,369.5,370.8900146484375,134695.0
2023-11-13 18:30:00+00:00,,,,,,,,,,,370.5299987792969,370.9599914550781,369.6300048828125,369.94000244140625,121716.0
2023-11-13 19:30:00+00:00,,,,,,,,,,,369.79998779296875,370.71990966796875,369.3800048828125,370.510009765625,112407.0
2023-11-13 20:30:00+00:00,,,,,,,,,,,369.6400146484375,370.1499938964844,369.5299987792969,369.75,208579.0
2023-11-14 14:30:00+00:00,,,,,,,,,,,373.92999267578125,374.30999755859375,370.6039123535156,373.69000244140625,504177.0
2023-11-14 15:30:00+00:00,,,,,,,,,,,376.1567077636719,376.2099914550781,372.94000244140625,373.80999755859375,266588.0
2023-11-14 16:30:00+00:00,,,,,,,,,,,374.5199890136719,377.19000244140625,374.17999267578125,376.0450134277344,219889.0
2023-11-14 17:30:00+00:00,,,,,,,,,,,375.64019775390625,375.7200012207031,374.4200134277344,374.4801025390625,124044.0
2023-11-14 18:30:00+00:00,,,,,,,,,,,375.3399963378906,376.57000732421875,375.1000061035156,375.75,161864.0
2023-11-14 19:30:00+00:00,,,,,,,,,,,377.5799865722656,378.42999267578125,375.260009765625,375.2900085449219,245646.0
2023-11-14 20:30:00+00:00,,,,,,,,,,,374.94000244140625,377.989990234375,374.5286865234375,377.5799865722656,352829.0
2023-11-15 14:30:00+00:00,,,,,,,,,,,379.79998779296875,381.0299987792969,373.44500732421875,376.9599914550781,288338.0
2023-11-15 15:30:00+00:00,,,,,,,,,,,380.739990234375,382.010009765625,379.5299987792969,379.989990234375,183151.0
2023-11-15 16:30:00+00:00,,,,,,,,,,,380.3219909667969,380.7650146484375,379.1300048828125,380.7200012207031,111177.0
2023-11-15 17:30:00+00:00,,,,,,,,,,,378.8399963378906,380.7699890136719,378.2200012207031,380.3399963378906,88289.0
2023-11-15 18:30:00+00:00,,,,,,,,,,,379.6650085449219,379.79998779296875,378.5801086425781,378.8399963378906,116993.0
2023-11-15 19:30:00+00:00,,,,,,,,,,,380.14739990234375,380.55999755859375,379.6700134277344,379.6700134277344,151518.0
2023-11-15 20:30:00+00:00,,,,,,,,,,,380.9599914550781,381.1499938964844,380.0400085449219,380.2099914550781,301153.0
2023-11-16 14:30:00+00:00,,,,,,,,,,,379.99249267578125,382.8999938964844,378.7699890136719,381.3800048828125,306564.0
2023-11-16 15:30:00+00:00,,,,,,,,,,,376.0981140136719,380.5,376.0150146484375,379.8599853515625,144865.0
2023-11-16 16:30:00+00:00,,,,,,,,,,,377.4849853515625,377.7799987792969,375.3999938964844,376.17498779296875,130341.0
2023-11-16 17:30:00+00:00,,,,,,,,,,,378.510009765625,379.31500244140625,377.46240234375,377.46240234375,130266.0
2023-11-16 18:30:00+00:00,,,,,,,,,,,377.2200012207031,378.6400146484375,376.95001220703125,378.42999267578125,91741.0
2023-11-16 19:30:00+00:00,,,,,,,,,,,378.8299865722656,378.8699951171875,377.1400146484375,377.1400146484375,153212.0
2023-11-16 20:30:00+00:00,,,,,,,,,,,378.42999267578125,379.1199951171875,377.8550109863281,378.7699890136719,343226.0
2023-11-17 14:30:00+00:00,,,,,,,,,,,380.54998779296875,382.42999267578125,379.4200134277344,382.3999938964844,248346.0
2023-11-17 15:30:00+00:00,,,,,,,,,,,381.4700012207031,382.7452087402344,380.55999755859375,380.6600036621094,126673.0
2023-11-17 16:30:00+00:00,,,,,,,,,,,382.5701904296875,382.95001220703125,381.5,381.510009765625,99577.0
2023-11-17 17:30:00+00:00,,,,,,,,,,,382.70001220703125,382.7200012207031,381.8299865722656,382.6099853515625,94564.0
2023-11-17 18:30:00+00:00,,,,,,,,,,,382.92999267578125,384.2300109863281,382.6000061035156,382.6000061035156,124401.0
2023-11-17 19:30:00+00:00,,,,,,,,,,,383.7300109863281,383.8407897949219,382.5799865722656,382.92999267578125,143565.0
2023-11-17 20:30:00+00:00,,,,,,,,,,,384.20001220703125,385.30999755859375,383.5,383.7349853515625,282966.0
2023-11-20 14:30:00+00:00,,,,,,,,,,,384.7300109863281,384.81500244140625,379.44000244140625,382.510009765625,331816.0
2023-11-20 15:30:00+00:00,,,,,,,,,,,380.739990234375,384.8299865722656,380.1200866699219,384.6300048828125,230746.0
2023-11-20 16:30:00+00:00,,,,,,,,,,,381.04998779296875,381.30999755859375,379.6000061035156,380.6400146484375,243639.0
2023-11-20 17:30:00+00:00,,,,,,,,,,,381.9049987792969,382.1700134277344,380.3399963378906,381.06500244140625,200710.0
2023-11-20 18:30:00+00:00,,,,,,,,,,,381.1199951171875,381.9700012207031,380.6000061035156,381.9700012207031,209773.0
2023-11-20 19:30:00+00:00,,,,,,,,,,,381.9949951171875,382.135009765625,381.010009765625,381.114990234375,241140.0
2023-11-20 20:30:00+00:00,,,,,,,,,,,380.32000732421875,382.6000061035156,380.1199951171875,382.0,388788.0
2023-11-21 14:30:00+00:00,,,,,,,,,,,381.8399963378906,382.31500244140625,379.0880126953125,380.0,353119.0
2023-11-21 15:30:00+00:00,,,,,,,,,,,381.9150085449219,382.5299987792969,381.05999755859375,381.8599853515625,226041.0
2023-11-21 16:30:00+00:00,,,,,,,,,,,380.1700134277344,382.2799987792969,380.010009765625,381.9200134277344,218245.0
2023-11-21 17:30:00+00:00,,,,,,,,,,,380.69000244140625,381.55999755859375,380.2099914550781,380.2699890136719,219798.0
2023-11-21 18:30:00+00:00,,,,,,,,,,,382.07000732421875,382.0899963378906,380.5799865722656,380.67999267578125,236731.0
2023-11-21 19:30:00+00:00,,,,,,,,,,,383.239990234375,383.3500061035156,381.30999755859375,382.0150146484375,300563.0
2023-11-21 20:30:00+00:00,,,,,,,,,,,382.6499938964844,383.5,382.3999938964844,383.25,427761.0
2023-11-22 14:30:00+00:00,,,,,,,,,,,356.9100036621094,364.79998779296875,355.6606140136719,360.9800109863281,2221627.0
2023-11-22 15:30:00+00:00,,,,,,,,,,,363.1400146484375,364.3999938964844,355.989990234375,356.9849853515625,1020708.0
2023-11-22 16:30:00+00:00,,,,,,,,,,,368.1700134277344,369.44000244140625,362.6077880859375,363.20001220703125,772033.0
2023-11-22 17:30:00+00:00,,,,,,,,,,,372.0199890136719,372.3091125488281,367.760009765625,368.239990234375,434683.0
2023-11-22 18:30:00+00:00,,,,,,,,,,,372.1400146484375,373.3399963378906,371.57000732421875,372.0899963378906,445687.0
2023-11-22 19:30:00+00:00,,,,,,,,,,,371.1885070800781,372.5199890136719,369.760009765625,372.17999267578125,482421.0
2023-11-22 20:30:00+00:00,,,,,,,,,,,370.75,371.2200012207031,369.8399963378906,371.20001220703125,609275.0
2023-11-24 14:30:00+00:00,,,,,,,,,,,370.4549865722656,370.5799865722656,366.8399963378906,370.5199890136719,402393.0
2023-11-24 15:30:00+00:00,,,,,,,,,,,370.0,371.3900146484375,369.1300048828125,370.45001220703125,304346.0
2023-11-24 16:30:00+00:00,,,,,,,,,,,369.2799987792969,370.0950012207031,369.110107421875,370.0,186213.0
2023-11-27 14:30:00+00:00,,,,,,,,,,,364.8699951171875,369.010009765625,364.18499755859375,368.3599853515625,438598.0
2023-11-27 15:30:00+00:00,,,,,,,,,,,362.19500732421875,365.4100036621094,361.7900085449219,364.8768005371094,473805.0
2023-11-27 16:30:00+00:00,,,,,,,,,,,362.70001220703125,363.8500061035156,362.07000732421875,362.2615051269531,238285.0
2023-11-27 17:30:00+00:00,,,,,,,,,,,362.7799987792969,363.0,362.07000732421875,362.8399963378906,177418.0
2023-11-27 18:30:00+00:00,,,,,,,,,,,363.68499755859375,363.82000732421875,362.7799987792969,362.7799987792969,152609.0
2023-11-27 19:30:00+00:00,,,,,,,,,,,362.79998779296875,363.79998779296875,362.0799865722656,363.79998779296875,227798.0
2023-11-27 20:30:00+00:00,,,,,,,,,,,362.1700134277344,363.4700012207031,362.1099853515625,362.80999755859375,344879.0
2023-11-28 14:30:00+00:00,,,,,,,,,,,360.7449951171875,363.8500061035156,360.6549987792969,362.0,281556.0
2023-11-28 15:30:00+00:00,,,,,,,,,,,361.9700012207031,362.6499938964844,360.3280944824219,360.7724914550781,206663.0
2023-11-28 16:30:00+00:00,,,,,,,,,,,359.8800048828125,362.7799987792969,359.8500061035156,361.92498779296875,185011.0
2023-11-28 17:30:00+00:00,,,,,,,,,,,359.2300109863281,360.3500061035156,358.760009765625,359.8999938964844,266491.0
2023-11-28 18:30:00+00:00,,,,,,,,,,,360.4700012207031,360.6199951171875,359.07000732421875,359.2200012207031,186206.0
2023-11-28 19:30:00+00:00,,,,,,,,,,,360.55999755859375,361.6300048828125,359.9599914550781,360.489990234375,186889.0
2023-11-28 20:30:00+00:00,,,,,,,,,,,360.0,360.82501220703125,359.7200012207031,360.54998779296875,310594.0
2023-11-29 14:30:00+00:00,,,,,,,,,,,360.5050048828125,364.29998779296875,359.80999755859375,362.739990234375,467596.0
2023-11-29 15:30:00+00:00,,,,,,,,,,,361.4200134277344,361.783203125,359.6499938964844,360.3800048828125,434846.0
2023-11-29 16:30:00+00:00,,,,,,,,,,,365.32000732421875,365.6000061035156,361.4200134277344,361.45001220703125,408998.0
2023-11-29 17:30:00+00:00,,,,,,,,,,,367.5400085449219,367.7698974609375,365.2799987792969,365.3349914550781,220785.0
2023-11-29 18:30:00+00:00,,,,,,,,,,,366.875,368.3599853515625,366.53289794921875,367.5199890136719,190985.0
2023-11-29 19:30:00+00:00,,,,,,,,,,,364.6300048828125,366.875,364.2099914550781,366.875,156458.0
2023-11-29 20:30:00+00:00,,,,,,,,,,,363.94000244140625,364.6000061035156,363.8299865722656,364.57000732421875,178188.0
2023-11-30 14:30:00+00:00,,,,,,,,,,,365.5799865722656,366.0050048828125,361.3900146484375,364.6300048828125,276516.0
2023-11-30 15:30:00+00:00,,,,,,,,,,,364.8299865722656,367.1400146484375,364.6700134277344,365.69000244140625,205648.0
2023-11-30 16:30:00+00:00,,,,,,,,,,,362.4599914550781,364.7699890136719,362.0299987792969,364.7699890136719,177283.0
2023-11-30 17:30:00+00:00,,,,,,,,,,,363.1333923339844,363.94000244140625,362.3465881347656,362.5,75877.0
2023-11-30 18:30:00+00:00,,,,,,,,,,,363.2799987792969,363.8699951171875,362.5,363.1400146484375,117461.0
2023-11-30 19:30:00+00:00,,,,,,,,,,,362.1000061035156,363.8999938964844,361.8599853515625,363.30999755859375,171028.0
2023-11-30 20:30:00+00:00,,,,,,,,,,,364.1600036621094,364.54998779296875,361.7650146484375,361.9700012207031,246522.0
2023-12-01 14:30:00+00:00,,,,,,,,,,,366.4700012207031,368.1499938964844,363.57000732421875,364.9100036621094,238260.0
2023-12-01 15:30:00+00:00,,,,,,,,,,,368.19000244140625,368.2699890136719,365.79998779296875,366.385009765625,201611.0
2023-12-01 16:30:00+00:00,,,,,,,,,,,369.79998779296875,370.760009765625,367.42999267578125,368.1099853515625,216451.0
2023-12-01 17:30:00+00:00,,,,,,,,,,,370.2550048828125,370.9100036621094,369.3955078125,369.67999267578125,160146.0
2023-12-01 18:30:00+00:00,,,,,,,,,,,368.79998779296875,370.32000732421875,368.1600036621094,370.2749938964844,211222.0
2023-12-01 19:30:00+00:00,,,,,,,,,,,368.5299987792969,368.9100036621094,367.760009765625,368.8999938964844,199225.0
2023-12-01 20:30:00+00:00,,,,,,,,,,,368.7200012207031,368.8399963378906,367.80999755859375,368.5950012207031,334531.0
2023-12-04 14:30:00+00:00,,,,,,,,,,,367.8399963378906,369.02398681640625,364.0299987792969,365.4800109863281,276676.0
2023-12-04 15:30:00+00:00,,,,,,,,,,,367.6012878417969,368.2300109863281,366.52020263671875,367.5530090332031,198895.0
2023-12-04 16:30:00+00:00,,,,,,,,,,,369.760009765625,370.1499938964844,367.3399963378906,367.510009765625,139206.0
2023-12-04 17:30:00+00:00,,,,,,,,,,,368.6300048828125,370.3721923828125,368.4100036621094,369.80999755859375,105900.0
2023-12-04 18:30:00+00:00,,,,,,,,,,,368.30999755859375,369.20001220703125,368.19000244140625,368.625,104071.0
2023-12-04 19:30:00+00:00,,,,,,,,,,,367.1549987792969,368.82000732421875,366.95001220703125,368.3500061035156,152221.0
2023-12-04 20:30:00+00:00,,,,,,,,,,,368.8900146484375,368.9800109863281,366.70001220703125,367.17498779296875,258177.0
2023-12-05 14:30:00+00:00,,,,,,,,,,,363.3599853515625,367.94000244140625,362.5849914550781,367.7799987792969,213699.0
2023-12-05 15:30:00+00:00,,,,,,,,,,,362.92999267578125,364.0,361.6300048828125,363.302490234375,212071.0
2023-12-05 16:30:00+00:00,,,,,,,,,,,362.10369873046875,363.6000061035156,361.8800048828125,362.8800048828125,123118.0
2023-12-05 17:30:00+00:00,,,,,,,,,,,362.2900085449219,362.6700134277344,361.1300048828125,362.20001220703125,133652.0
2023-12-05 18:30:00+00:00,,,,,,,,,,,361.6400146484375,362.614990234375,361.3999938964844,362.2850036621094,124672.0
2023-12-05 19:30:00+00:00,,,,,,,,,,,361.6000061035156,362.7049865722656,361.4599914550781,361.6199951171875,185464.0
2023-12-05 20:30:00+00:00,,,,,,,,,,,361.239990234375,361.57000732421875,360.7699890136719,361.55999755859375,295512.0
2023-12-06 14:30:00+00:00,,,,,,,,,,,368.3699951171875,369.8800048828125,362.5,363.0199890136719,292988.0
2023-12-06 15:30:00+00:00,,,,,,,,,,,367.4599914550781,369.0076904296875,366.8299865722656,368.4700012207031,269327.0
2023-12-06 16:30:00+00:00,,,,,,,,,,,366.2496032714844,367.489990234375,366.0799865722656,367.4599914550781,413015.0
2023-12-06 17:30:00+00:00,,,,,,,,,,,367.2200012207031,367.3500061035156,366.12030029296875,366.2449951171875,804641.0
2023-12-06 18:30:00+00:00,,,,,,,,,,,366.32501220703125,367.54998779296875,365.7300109863281,367.2200012207031,381142.0
2023-12-06 19:30:00+00:00,,,,,,,,,,,365.05999755859375,366.7349853515625,364.8900146484375,366.3009948730469,353970.0
2023-12-06 20:30:00+00:00,,,,,,,,,,,365.5799865722656,365.6700134277344,364.68011474609375,365.0050048828125,435464.0
2023-12-07 14:30:00+00:00,,,,,,,,,,,364.5799865722656,365.010009765625,361.5,365.010009765625,526144.0
2023-12-07 15:30:00+00:00,,,,,,,,,,,363.2850036621094,365.3500061035156,363.1000061035156,364.5799865722656,283739.0
2023-12-07 16:30:00+00:00,,,,,,,,,,,361.864990234375,363.32000732421875,361.32000732421875,363.32000732421875,301965.0
2023-12-07 17:30:00+00:00,,,,,,,,,,,362.0824890136719,362.8999938964844,361.8800048828125,361.94000244140625,189584.0
2023-12-07 18:30:00+00:00,,,,,,,,,,,361.6700134277344,362.1400146484375,361.1400146484375,362.0799865722656,327456.0
2023-12-07 19:30:00+00:00,,,,,,,,,,,360.55999755859375,361.7300109863281,360.31500244140625,361.7099914550781,263204.0
2023-12-07 20:30:00+00:00,,,,,,,,,,,361.2200012207031,361.2200012207031,360.17999267578125,360.57000732421875,508479.0
2023-12-08 14:30:00+00:00,,,,,,,,,,,363.81500244140625,363.92999267578125,361.6549987792969,361.79998779296875,418823.0
2023-12-08 15:30:00+00:00,,,,,,,,,,,362.3399963378906,364.1700134277344,361.8399963378906,363.9200134277344,241655.0
2023-12-08 16:30:00+00:00,,,,,,,,,,,361.45001220703125,362.5,360.8699951171875,362.3995056152344,136428.0
2023-12-08 17:30:00+00:00,,,,,,,,,,,362.260009765625,362.3800048828125,361.4649963378906,361.5586853027344,120011.0
2023-12-08 18:30:00+00:00,,,,,,,,,,,363.1449890136719,363.260009765625,361.8900146484375,362.2099914550781,198022.0
2023-12-08 19:30:00+00:00,,,,,,,,,,,363.6199951171875,363.70001220703125,362.57000732421875,363.1499938964844,235393.0
2023-12-08 20:30:00+00:00,,,,,,,,,,,363.6600036621094,364.1600036621094,363.19000244140625,363.510009765625,317787.0
2023-12-11 14:30:00+00:00,,,,,,,,,,,363.43499755859375,365.92999267578125,362.489990234375,364.489990234375,347015.0
2023-12-11 15:30:00+00:00,,,,,,,,,,,364.1600036621094,364.7099914550781,363.30499267578125,363.5,172707.0
2023-12-11 16:30:00+00:00,,,,,,,,,,,362.8299865722656,364.25,362.7850036621094,364.2300109863281,138508.0
2023-12-11 17:30:00+00:00,,,,,,,,,,,363.0199890136719,363.30499267578125,362.3399963378906,362.8500061035156,144400.0
2023-12-11 18:30:00+00:00,,,,,,,,,,,363.0799865722656,363.7200012207031,362.79998779296875,363.0799865722656,137631.0
2023-12-11 19:30:00+00:00,,,,,,,,,,,362.5400085449219,363.2049865722656,362.5,363.04791259765625,173025.0
2023-12-11 20:30:00+00:00,,,,,,,,,,,361.0299987792969,362.6700134277344,360.94000244140625,362.56500244140625,466701.0
2023-12-12 14:30:00+00:00,,,,,,,,,,,358.375,361.3699951171875,355.6000061035156,360.95001220703125,440048.0
2023-12-12 15:30:00+00:00,,,,,,,,,,,357.2900085449219,358.81451416015625,357.06500244140625,358.2699890136719,217126.0
2023-12-12 16:30:00+00:00,,,,,,,,,,,357.9599914550781,358.2987976074219,357.1199951171875,357.2449951171875,176859.0
2023-12-12 17:30:00+00:00,,,,,,,,,,,357.4999084472656,357.9700012207031,356.489990234375,357.9700012207031,154183.0
2023-12-12 18:30:00+00:00,,,,,,,,,,,358.885009765625,358.9750061035156,357.4599914550781,357.4599914550781,202003.0
2023-12-12 19:30:00+00:00,,,,,,,,,,,360.75,361.20001220703125,358.8299865722656,358.885009765625,198548.0
2023-12-12 20:30:00+00:00,,,,,,,,,,,359.3900146484375,360.8599853515625,359.05999755859375,360.7900085449219,236242.0
2023-12-13 14:30:00+00:00,,,,,,,,,,,361.489990234375,362.19000244140625,358.5199890136719,359.3500061035156,423458.0
2023-12-13 15:30:00+00:00,,,,,,,,,,,360.69500732421875,362.2799987792969,360.63250732421875,361.3800048828125,147612.0
2023-12-13 16:30:00+00:00,,,,,,,,,,,360.4849853515625,361.3299865722656,360.1167907714844,360.7049865722656,128538.0
2023-12-13 17:30:00+00:00,,,,,,,,,,,359.69000244140625,360.75,359.5199890136719,360.4800109863281,105342.0
2023-12-13 18:30:00+00:00,,,,,,,,,,,364.8999938964844,364.93499755859375,359.5199890136719,359.6700134277344,262989.0
2023-12-13 19:30:00+00:00,,,,,,,,,,,374.81500244140625,375.69000244140625,364.5776062011719,364.94000244140625,1037798.0
2023-12-13 20:30:00+00:00,,,,,,,,,,,377.010009765625,377.80999755859375,374.4599914550781,374.81500244140625,731033.0
2023-12-14 14:30:00+00:00,,,,,,,,,,,391.4599914550781,395.3299865722656,380.1400146484375,381.239990234375,1061902.0
2023-12-14 15:30:00+00:00,,,,,,,,,,,390.0299987792969,393.6400146484375,389.5700988769531,391.2799987792969,499255.0
2023-12-14 16:30:00+00:00,,,,,,,,,,,391.0425109863281,391.6700134277344,389.70001220703125,390.1099853515625,257375.0
2023-12-14 17:30:00+00:00,,,,,,,,,,,390.7900085449219,393.34991455078125,390.57000732421875,391.0450134277344,359630.0
2023-12-14 18:30:00+00:00,,,,,,,,,,,388.70001220703125,391.0799865722656,388.67999267578125,390.7749938964844,203949.0
2023-12-14 19:30:00+00:00,,,,,,,,,,,389.114990234375,390.92999267578125,387.54998779296875,388.7900085449219,328154.0
2023-12-14 20:30:00+00:00,,,,,,,,,,,388.5299987792969,389.639892578125,387.7799987792969,389.0899963378906,492928.0
2023-12-15 14:30:00+00:00,,,,,,,,,,,385.1199951171875,387.82000732421875,382.45001220703125,385.92999267578125,587956.0
2023-12-15 15:30:00+00:00,,,,,,,,,,,385.864990234375,386.9800109863281,384.45001220703125,384.9800109863281,226420.0
2023-12-15 16:30:00+00:00,,,,,,,,,,,384.3999938964844,386.1199951171875,384.1549987792969,385.8699951171875,159618.0
2023-12-15 17:30:00+00:00,,,,,,,,,,,383.5299987792969,384.55999755859375,382.8399963378906,384.4049987792969,175763.0
2023-12-15 18:30:00+00:00,,,,,,,,,,,384.2200012207031,385.19000244140625,382.635009765625,383.44500732421875,212111.0
2023-12-15 19:30:00+00:00,,,,,,,,,,,384.2799987792969,384.989990234375,383.7900085449219,384.1499938964844,161519.0
2023-12-15 20:30:00+00:00,,,,,,,,,,,385.8800048828125,386.54998779296875,383.4049987792969,384.2300109863281,383820.0
2023-12-18 14:30:00+00:00,,,,,,,,,,,387.70001220703125,389.635009765625,386.4599914550781,386.8299865722656,224994.0
2023-12-18 15:30:00+00:00,,,,,,,,,,,387.94000244140625,388.3500061035156,386.70001220703125,387.4388122558594,178011.0
2023-12-18 16:30:00+00:00,,,,,,,,,,,387.7850036621094,388.80999755859375,387.07000732421875,387.8699951171875,170267.0
2023-12-18 17:30:00+00:00,,,,,,,,,,,385.8800048828125,388.20989990234375,385.8299865722656,387.82000732421875,112529.0
2023-12-18 18:30:00+00:00,,,,,,,,,,,384.5899963378906,386.1400146484375,384.50250244140625,385.95001220703125,127190.0
2023-12-18 19:30:00+00:00,,,,,,,,,,,383.94000244140625,384.9200134277344,383.6400146484375,384.6000061035156,146981.0
2023-12-18 20:30:00+00:00,,,,,,,,,,,382.760009765625,383.885009765625,382.69000244140625,383.8699951171875,226862.0
2023-12-19 14:30:00+00:00,,,,,,,,,,,388.926513671875,389.6199951171875,383.29998779296875,384.9100036621094,192568.0
2023-12-19 15:30:00+00:00,,,,,,,,,,,391.17498779296875,391.281005859375,388.3399963378906,389.07000732421875,181997.0
2023-12-19 16:30:00+00:00,,,,,,,,,,,390.25,391.2650146484375,389.7922058105469,391.1549987792969,151057.0
2023-12-19 17:30:00+00:00,,,,,,,,,,,390.6600036621094,390.8169860839844,389.8299865722656,390.2799987792969,229889.0
2023-12-19 18:30:00+00:00,,,,,,,,,,,393.3299865722656,393.69000244140625,390.6499938964844,390.7650146484375,160914.0
2023-12-19 19:30:00+00:00,,,,,,,,,,,393.364990234375,394.17999267578125,392.92999267578125,393.3500061035156,256405.0
2023-12-19 20:30:00+00:00,,,,,,,,,,,393.9020080566406,393.94000244140625,392.55999755859375,393.4599914550781,306889.0
2023-12-20 14:30:00+00:00,,,,,,,,,,,393.0799865722656,394.3800048828125,390.57501220703125,393.0000915527344,244278.0
2023-12-20 15:30:00+00:00,,,,,,,,,,,393.69500732421875,394.3799133300781,392.7300109863281,393.20001220703125,178628.0
2023-12-20 16:30:00+00:00,,,,,,,,,,,394.7200012207031,394.9200134277344,392.7799987792969,393.69500732421875,141095.0
2023-12-20 17:30:00+00:00,,,,,,,,,,,394.2049865722656,395.44000244140625,394.1400146484375,394.7900085449219,143463.0
2023-12-20 18:30:00+00:00,,,,,,,,,,,393.135009765625,394.44000244140625,392.9800109863281,394.2099914550781,110896.0
2023-12-20 19:30:00+00:00,,,,,,,,,,,388.32000732421875,393.2300109863281,388.2536926269531,393.18499755859375,258033.0
2023-12-20 20:30:00+00:00,,,,,,,,,,,387.2699890136719,389.30999755859375,386.9150085449219,388.260009765625,241137.0
2023-12-21 14:30:00+00:00,,,,,,,,,,,390.1315002441406,391.6499938964844,389.1000061035156,390.94000244140625,192885.0
2023-12-21 15:30:00+00:00,,,,,,,,,,,392.1199951171875,392.2300109863281,389.94000244140625,390.364990234375,95921.0
2023-12-21 16:30:00+00:00,,,,,,,,,,,390.2699890136719,392.2349853515625,390.239990234375,392.1199951171875,88393.0
2023-12-21 17:30:00+00:00,,,,,,,,,,,391.3450012207031,391.54998779296875,390.2749938964844,390.36248779296875,71931.0
2023-12-21 18:30:00+00:00,,,,,,,,,,,391.69500732421875,391.80999755859375,391.1000061035156,391.385009765625,82116.0
2023-12-21 19:30:00+00:00,,,,,,,,,,,392.2799987792969,392.2799987792969,391.1000061035156,391.760009765625,111296.0
2023-12-21 20:30:00+00:00,,,,,,,,,,,393.1300048828125,393.45001220703125,392.05999755859375,392.42999267578125,137407.0
2023-12-22 14:30:00+00:00,,,,,,,,,,,397.05999755859375,397.760009765625,393.1000061035156,393.29998779296875,171409.0
2023-12-22 15:30:00+00:00,,,,,,,,,,,396.375,397.75,395.5,397.0169982910156,178304.0
2023-12-22 16:30:00+00:00,,,,,,,,,,,396.6300048828125,396.8900146484375,395.5199890136719,396.3999938964844,124773.0
2023-12-22 17:30:00+00:00,,,,,,,,,,,397.114990234375,397.57000732421875,396.45001220703125,396.55499267578125,83284.0
2023-12-22 18:30:00+00:00,,,,,,,,,,,394.8500061035156,397.3399963378906,394.82000732421875,397.1050109863281,107545.0
2023-12-22 19:30:00+00:00,,,,,,,,,,,396.5799865722656,397.3399963378906,394.75,394.75,115447.0
2023-12-22 20:30:00+00:00,,,,,,,,,,,396.9599914550781,396.9700012207031,395.69500732421875,396.739990234375,141418.0
2023-12-26 14:30:00+00:00,,,,,,,,,,,401.0400085449219,401.0400085449219,396.7099914550781,396.8500061035156,152209.0
2023-12-26 15:30:00+00:00,,,,,,,,,,,402.0849914550781,402.49591064453125,400.9700012207031,401.0,127109.0
2023-12-26 16:30:00+00:00,,,,,,,,,,,403.25,403.3349914550781,402.17999267578125,402.17999267578125,96587.0
2023-12-26 17:30:00+00:00,,,,,,,,,,,402.30999755859375,403.32000732421875,402.1400146484375,403.2550048828125,74022.0
2023-12-26 18:30:00+00:00,,,,,,,,,,,402.739990234375,403.1000061035156,402.25,402.4649963378906,62788.0
2023-12-26 19:30:00+00:00,,,,,,,,,,,402.635009765625,403.0299987792969,401.9800109863281,402.7786865234375,102191.0
2023-12-26 20:30:00+00:00,,,,,,,,,,,401.3399963378906,402.80999755859375,401.04998779296875,402.5299987792969,196455.0
2023-12-27 14:30:00+00:00,,,,,,,,,,,401.67999267578125,402.3699951171875,399.30010986328125,400.1199951171875,130654.0
2023-12-27 15:30:00+00:00,,,,,,,,,,,399.947509765625,401.8699951171875,399.69000244140625,401.67498779296875,88654.0
2023-12-27 16:30:00+00:00,,,,,,,,,,,401.2900085449219,401.4549865722656,399.90460205078125,399.94500732421875,56111.0
2023-12-27 17:30:00+00:00,,,,,,,,,,,401.5899963378906,402.54998779296875,400.8500061035156,401.1700134277344,84827.0
2023-12-27 18:30:00+00:00,,,,,,,,,,,401.0580139160156,401.977294921875,400.0299987792969,401.5899963378906,88460.0
2023-12-27 19:30:00+00:00,,,,,,,,,,,401.0899963378906,401.67999267578125,400.7101135253906,400.92999267578125,84444.0
2023-12-27 20:30:00+00:00,,,,,,,,,,,401.7900085449219,401.7900085449219,400.20001220703125,401.0899963378906,149493.0
2023-12-28 14:30:00+00:00,,,,,,,,,,,400.364990234375,401.05999755859375,399.25,400.8500061035156,135578.0
2023-12-28 15:30:00+00:00,,,,,,,,,,,399.07000732421875,400.4100036621094,398.3599853515625,400.3550109863281,131801.0
2023-12-28 16:30:00+00:00,,,,,,,,,,,399.6502990722656,400.0299987792969,398.9800109863281,398.9800109863281,74931.0
2023-12-28 17:30:00+00:00,,,,,,,,,,,399.3800048828125,400.1099853515625,398.8500061035156,399.57000732421875,70253.0
2023-12-28 18:30:00+00:00,,,,,,,,,,,400.3699951171875,400.4700012207031,399.0,399.3599853515625,83639.0
2023-12-28 19:30:00+00:00,,,,,,,,,,,400.4800109863281,400.760009765625,400.0400085449219,400.3500061035156,141126.0
2023-12-28 20:30:00+00:00,,,,,,,,,,,399.239990234375,400.9700012207031,399.17999267578125,400.4599914550781,327885.0
2023-12-29 14:30:00+00:00,,,,,,,,,,,399.19000244140625,400.4822082519531,398.8399963378906,399.4800109863281,216210.0
2023-12-29 15:30:00+00:00,,,,,,,,,,,398.6600036621094,399.8800048828125,398.2699890136719,399.2149963378906,98363.0
2023-12-29 16:30:00+00:00,,,,,,,,,,,397.94000244140625,399.2850036621094,397.760009765625,398.6600036621094,84913.0
2023-12-29 17:30:00+00:00,,,,,,,,,,,398.3999938964844,399.010009765625,397.77288818359375,397.7799987792969,51831.0
2023-12-29 18:30:00+00:00,,,,,,,,,,,399.2300109863281,399.75,398.5199890136719,398.54998779296875,61916.0
2023-12-29 19:30:00+00:00,,,,,,,,,,,400.6300048828125,400.75,399.17999267578125,399.3500061035156,153179.0
2023-12-29 20:30:00+00:00,,,,,,,,,,,399.9100036621094,400.67999267578125,399.3699951171875,400.67999267578125,209832.0
2024-01-02 14:30:00+00:00,,,,,,,,,,,405.57000732421875,406.5799865722656,398.0,399.1199951171875,285617.0
2024-01-02 15:30:00+00:00,,,,,,,,,,,402.2300109863281,405.6400146484375,402.17999267578125,405.4725036621094,202815.0
2024-01-02 16:30:00+00:00,,,,,,,,,,,402.8900146484375,404.0799865722656,402.19000244140625,402.19000244140625,167389.0
2024-01-02 17:30:00+00:00,,,,,,,,,,,402.6700134277344,403.80999755859375,402.6700134277344,402.9150085449219,96944.0
2024-01-02 18:30:00+00:00,,,,,,,,,,,402.9081115722656,403.82000732421875,402.2950134277344,402.4200134277344,105778.0
2024-01-02 19:30:00+00:00,,,,,,,,,,,399.7900085449219,403.0899963378906,399.7900085449219,402.8299865722656,140360.0
2024-01-02 20:30:00+00:00,,,,,,,,,,,400.7900085449219,400.9599914550781,399.4800109863281,399.82000732421875,232171.0
2024-01-03 14:30:00+00:00,,,,,,,,,,,395.5799865722656,397.07000732421875,393.55999755859375,396.6199951171875,228309.0
2024-01-03 15:30:00+00:00,,,,,,,,,,,396.3399963378906,396.3599853515625,393.30999755859375,395.44000244140625,207028.0
2024-01-03 16:30:00+00:00,,,,,,,,,,,395.9367980957031,396.6650085449219,395.25,396.4800109863281,105671.0
2024-01-03 17:30:00+00:00,,,,,,,,,,,397.44000244140625,397.5950012207031,395.6600036621094,396.2099914550781,83307.0
2024-01-03 18:30:00+00:00,,,,,,,,,,,396.6400146484375,397.5190124511719,394.70001220703125,397.5,117623.0
2024-01-03 19:30:00+00:00,,,,,,,,,,,395.0,397.3399963378906,394.55999755859375,396.70001220703125,136763.0
2024-01-03 20:30:00+00:00,,,,,,,,,,,393.3299865722656,395.5799865722656,393.260009765625,394.9800109863281,226654.0
2024-01-04 14:30:00+00:00,,,,,,,,,,,395.5849914550781,398.54998779296875,393.6300048828125,394.510009765625,195980.0
2024-01-04 15:30:00+00:00,,,,,,,,,,,395.3800048828125,396.2998962402344,393.75360107421875,395.42999267578125,136012.0
2024-01-04 16:30:00+00:00,,,,,,,,,,,393.9700012207031,395.0899963378906,393.30999755859375,395.0899963378906,98027.0
2024-01-04 17:30:00+00:00,,,,,,,,,,,393.80999755859375,394.2699890136719,393.3599853515625,393.8999938964844,64234.0
2024-01-04 18:30:00+00:00,,,,,,,,,,,392.7200012207031,394.05999755859375,392.1000061035156,393.7900085449219,120564.0
2024-01-04 19:30:00+00:00,,,,,,,,,,,393.4200134277344,394.298095703125,392.489990234375,392.6400146484375,95530.0
2024-01-04 20:30:00+00:00,,,,,,,,,,,392.6300048828125,394.135009765625,392.44000244140625,393.3500061035156,250897.0
2024-01-05 14:30:00+00:00,,,,,,,,,,,395.5159912109375,396.5799865722656,388.05999755859375,390.42999267578125,235019.0
2024-01-05 15:30:00+00:00,,,,,,,,,,,395.43499755859375,397.2300109863281,395.010009765625,395.614990234375,146473.0
2024-01-05 16:30:00+00:00,,,,,,,,,,,394.4849853515625,396.260009765625,394.260009765625,395.45001220703125,105320.0
2024-01-05 17:30:00+00:00,,,,,,,,,,,395.1499938964844,395.22869873046875,394.0799865722656,394.4849853515625,71913.0
2024-01-05 18:30:00+00:00,,,,,,,,,,,395.42999267578125,396.3550109863281,395.2099914550781,395.3800048828125,68863.0
2024-01-05 19:30:00+00:00,,,,,,,,,,,394.92999267578125,395.6199951171875,393.9599914550781,395.3900146484375,86303.0
2024-01-05 20:30:00+00:00,,,,,,,,,,,395.9700012207031,396.0,394.55999755859375,394.9674987792969,155022.0
2024-01-08 14:30:00+00:00,,,,,,,,,,,392.80999755859375,395.70001220703125,390.5299987792969,393.5299987792969,269837.0
2024-01-08 15:30:00+00:00,,,,,,,,,,,393.864990234375,394.739990234375,393.010009765625,393.010009765625,104351.0
2024-01-08 16:30:00+00:00,,,,,,,,,,,393.55999755859375,394.9700012207031,393.24798583984375,394.0799865722656,92182.0
2024-01-08 17:30:00+00:00,,,,,,,,,,,395.3999938964844,395.7699890136719,393.25,393.5400085449219,81458.0
2024-01-08 18:30:00+00:00,,,,,,,,,,,396.9898986816406,396.9898986816406,395.3208923339844,395.4800109863281,88228.0
2024-01-08 19:30:00+00:00,,,,,,,,,,,397.7200012207031,397.92999267578125,396.5400085449219,397.0,98627.0
2024-01-08 20:30:00+00:00,,,,,,,,,,,397.92999267578125,398.3399963378906,396.4700012207031,397.79998779296875,178989.0
2024-01-09 14:30:00+00:00,,,,,,,,,,,391.510009765625,396.8500061035156,390.8699951171875,395.7099914550781,185551.0
2024-01-09 15:30:00+00:00,,,,,,,,,,,391.5249938964844,392.0249938964844,390.010009765625,391.6400146484375,106089.0
2024-01-09 16:30:00+00:00,,,,,,,,,,,393.2300109863281,393.260009765625,390.989990234375,391.6000061035156,105946.0
2024-01-09 17:30:00+00:00,,,,,,,,,,,392.5840148925781,394.2200012207031,392.2850036621094,393.25,74832.0
2024-01-09 18:30:00+00:00,,,,,,,,,,,392.44000244140625,393.9750061035156,391.8800048828125,392.5,92000.0
2024-01-09 19:30:00+00:00,,,,,,,,,,,392.69500732421875,393.5249938964844,392.20001220703125,392.5199890136719,95297.0
2024-01-09 20:30:00+00:00,,,,,,,,,,,393.2200012207031,393.32000732421875,392.4010009765625,392.7900085449219,140158.0
2024-01-10 14:30:00+00:00,,,,,,,,,,,392.010009765625,394.1700134277344,391.239990234375,393.1400146484375,172851.0
2024-01-10 15:30:00+00:00,,,,,,,,,,,392.2349853515625,392.6300048828125,390.6499938964844,392.260009765625,128658.0
2024-01-10 16:30:00+00:00,,,,,,,,,,,392.9100036621094,393.3800048828125,391.6700134277344,392.1199951171875,78665.0
2024-01-10 17:30:00+00:00,,,,,,,,,,,392.5299987792969,393.0199890136719,391.760009765625,392.9599914550781,83179.0
2024-01-10 18:30:00+00:00,,,,,,,,,,,392.95001220703125,393.0899963378906,392.04998779296875,392.42999267578125,74977.0
2024-01-10 19:30:00+00:00,,,,,,,,,,,392.5325012207031,393.8399963378906,392.4599914550781,393.010009765625,86796.0
2024-01-10 20:30:00+00:00,,,,,,,,,,,393.7099914550781,393.8500061035156,392.30999755859375,392.5,161677.0
2024-01-11 14:30:00+00:00,,,,,,,,,,,394.875,395.885009765625,392.69500732421875,394.8399963378906,214136.0
2024-01-11 15:30:00+00:00,,,,,,,,,,,391.29998779296875,395.1650085449219,390.2300109863281,394.9599914550781,233729.0
2024-01-11 16:30:00+00:00,,,,,,,,,,,391.010009765625,392.32989501953125,390.3299865722656,391.3299865722656,93764.0
2024-01-11 17:30:00+00:00,,,,,,,,,,,392.17999267578125,392.8500061035156,390.75,391.125,74582.0
2024-01-11 18:30:00+00:00,,,,,,,,,,,392.1499938964844,392.739990234375,391.6241149902344,392.19000244140625,70063.0
2024-01-11 19:30:00+00:00,,,,,,,,,,,391.1600036621094,392.7900085449219,390.7699890136719,392.135009765625,132966.0
2024-01-11 20:30:00+00:00,,,,,,,,,,,390.1199951171875,391.3800048828125,389.94000244140625,391.0799865722656,246357.0
2024-01-12 14:30:00+00:00,,,,,,,,,,,390.69000244140625,395.25,390.2200012207031,392.0299987792969,181302.0
2024-01-12 15:30:00+00:00,,,,,,,,,,,391.125,391.30999755859375,389.125,391.0,94240.0
2024-01-12 16:30:00+00:00,,,,,,,,,,,388.32000732421875,391.49639892578125,387.82000732421875,391.3599853515625,146754.0
2024-01-12 17:30:00+00:00,,,,,,,,,,,386.82000732421875,388.67498779296875,385.8500061035156,388.32000732421875,146122.0
2024-01-12 18:30:00+00:00,,,,,,,,,,,387.1449890136719,387.8940124511719,386.5400085449219,386.8500061035156,101902.0
2024-01-12 19:30:00+00:00,,,,,,,,,,,386.1600036621094,387.1499938964844,385.8550109863281,387.07000732421875,120693.0
2024-01-12 20:30:00+00:00,,,,,,,,,,,386.3500061035156,386.92498779296875,385.7449951171875,386.1000061035156,220471.0
2024-01-16 14:30:00+00:00,,,,,,,,,,,388.2149963378906,389.11749267578125,384.0,385.75,255710.0
2024-01-16 15:30:00+00:00,,,,,,,,,,,387.8699951171875,389.3500061035156,386.04998779296875,388.0906066894531,116612.0
2024-01-16 16:30:00+00:00,,,,,,,,,,,386.5899963378906,388.20001220703125,386.3349914550781,388.0,92887.0
2024-01-16 17:30:00+00:00,,,,,,,,,,,387.3599853515625,387.6474914550781,385.9599914550781,386.55999755859375,94343.0
2024-01-16 18:30:00+00:00,,,,,,,,,,,385.9200134277344,387.67498779296875,385.3100891113281,387.4800109863281,111265.0
2024-01-16 19:30:00+00:00,,,,,,,,,,,386.1099853515625,386.9200134277344,385.6499938964844,385.82000732421875,114622.0
2024-01-16 20:30:00+00:00,,,,,,,,,,,385.3399963378906,386.375,385.1099853515625,386.2099914550781,242233.0
2024-01-17 14:30:00+00:00,,,,,,,,,,,380.4590148925781,382.0150146484375,379.3399963378906,381.20001220703125,256875.0
2024-01-17 15:30:00+00:00,,,,,,,,,,,380.1099853515625,380.8599853515625,379.6099853515625,380.3500061035156,177735.0
2024-01-17 16:30:00+00:00,,,,,,,,,,,379.9815979003906,380.9700012207031,379.75,379.8900146484375,189565.0
2024-01-17 17:30:00+00:00,,,,,,,,,,,378.3299865722656,380.2550048828125,378.32000732421875,379.8550109863281,95687.0
2024-01-17 18:30:00+00:00,,,,,,,,,,,378.6499938964844,379.0350036621094,377.489990234375,378.3299865722656,128087.0
2024-01-17 19:30:00+00:00,,,,,,,,,,,377.92999267578125,379.19500732421875,377.6199951171875,378.6499938964844,157571.0
2024-01-17 20:30:00+00:00,,,,,,,,,,,378.6099853515625,379.1199951171875,377.92999267578125,377.92999267578125,300276.0
2024-01-18 14:30:00+00:00,,,,,,,,,,,378.8399963378906,380.5198974609375,376.2200012207031,379.1000061035156,216706.0
2024-01-18 15:30:00+00:00,,,,,,,,,,,378.67999267578125,379.4750061035156,377.6000061035156,378.82501220703125,152471.0
2024-01-18 16:30:00+00:00,,,,,,,,,,,377.3800048828125,378.6600036621094,376.989990234375,378.45001220703125,96814.0
2024-01-18 17:30:00+00:00,,,,,,,,,,,377.05999755859375,377.8584899902344,376.7940979003906,377.375,79265.0
2024-01-18 18:30:00+00:00,,,,,,,,,,,380.44000244140625,380.44000244140625,377.2099914550781,377.2099914550781,141274.0
2024-01-18 19:30:00+00:00,,,,,,,,,,,381.45001220703125,381.760009765625,379.79998779296875,380.5199890136719,119242.0
2024-01-18 20:30:00+00:00,,,,,,,,,,,381.3800048828125,381.7349853515625,380.3800048828125,381.5,171572.0
2024-01-19 14:30:00+00:00,,,,,,,,,,,379.1700134277344,382.6099853515625,377.3299865722656,382.6099853515625,200900.0
2024-01-19 15:30:00+00:00,,,,,,,,,,,380.010009765625,381.1549987792969,378.94000244140625,379.2349853515625,158707.0
2024-01-19 16:30:00+00:00,,,,,,,,,,,380.5299987792969,380.55999755859375,379.1199951171875,380.010009765625,85019.0
2024-01-19 17:30:00+00:00,,,,,,,,,,,383.3900146484375,383.3900146484375,380.1600036621094,380.6400146484375,126440.0
2024-01-19 18:30:00+00:00,,,,,,,,,,,383.9200134277344,384.1565856933594,382.1000061035156,383.3900146484375,161959.0
2024-01-19 19:30:00+00:00,,,,,,,,,,,383.25,384.375,383.0899963378906,384.0199890136719,131524.0
2024-01-19 20:30:00+00:00,,,,,,,,,,,382.760009765625,383.17999267578125,382.32000732421875,383.17999267578125,149896.0
2024-01-22 14:30:00+00:00,,,,,,,,,,,386.3900146484375,387.1300048828125,381.5899963378906,381.9599914550781,196284.0
2024-01-22 15:30:00+00:00,,,,,,,,,,,386.1700134277344,386.5249938964844,384.6600036621094,386.3900146484375,140167.0
2024-01-22 16:30:00+00:00,,,,,,,,,,,386.3699951171875,386.75,385.4800109863281,386.1700134277344,126071.0
2024-01-22 17:30:00+00:00,,,,,,,,,,,384.6499938964844,386.4100036621094,384.6499938964844,386.3999938964844,100685.0
2024-01-22 18:30:00+00:00,,,,,,,,,,,384.4700012207031,385.42999267578125,384.05999755859375,384.8299865722656,81777.0
2024-01-22 19:30:00+00:00,,,,,,,,,,,384.8999938964844,384.95001220703125,383.82000732421875,384.57000732421875,142590.0
2024-01-22 20:30:00+00:00,,,,,,,,,,,384.5899963378906,385.4800109863281,384.54998779296875,384.8900146484375,147294.0
2024-01-23 14:30:00+00:00,,,,,,,,,,,388.510009765625,389.8800048828125,385.9200134277344,387.17999267578125,193747.0
2024-01-23 15:30:00+00:00,,,,,,,,,,,385.30499267578125,388.510009765625,384.6228942871094,388.510009765625,121148.0
2024-01-23 16:30:00+00:00,,,,,,,,,,,386.30499267578125,386.9100036621094,385.4700012207031,385.510009765625,107219.0
2024-01-23 17:30:00+00:00,,,,,,,,,,,387.125,387.3800048828125,386.2300109863281,386.32000732421875,60388.0
2024-01-23 18:30:00+00:00,,,,,,,,,,,387.8900146484375,388.2650146484375,386.92999267578125,387.1199951171875,60991.0
2024-01-23 19:30:00+00:00,,,,,,,,,,,387.4750061035156,388.25,387.4750061035156,387.875,105129.0
2024-01-23 20:30:00+00:00,,,,,,,,,,,387.4599914550781,387.6650085449219,386.5849914550781,387.5299987792969,144579.0
2024-01-24 14:30:00+00:00,,,,,,,,,,,389.1199951171875,391.3500061035156,386.3999938964844,389.94000244140625,156700.0
2024-01-24 15:30:00+00:00,,,,,,,,,,,391.135009765625,391.5899963378906,388.5,389.1199951171875,142433.0
2024-01-24 16:30:00+00:00,,,,,,,,,,,392.3599853515625,392.80999755859375,390.5299987792969,391.239990234375,141814.0
2024-01-24 17:30:00+00:00,,,,,,,,,,,391.6000061035156,393.1700134277344,391.3251037597656,392.44500732421875,113608.0
2024-01-24 18:30:00+00:00,,,,,,,,,,,387.55999755859375,391.6000061035156,387.17999267578125,391.6000061035156,128446.0
2024-01-24 19:30:00+00:00,,,,,,,,,,,388.260009765625,389.8800048828125,387.55999755859375,387.55999755859375,142003.0
2024-01-24 20:30:00+00:00,,,,,,,,,,,388.5199890136719,389.6000061035156,387.9150085449219,388.260009765625,205280.0
2024-01-25 14:30:00+00:00,,,,,,,,,,,393.6000061035156,395.0,388.6199951171875,391.3599853515625,189981.0
2024-01-25 15:30:00+00:00,,,,,,,,,,,391.1400146484375,393.55999755859375,388.92999267578125,393.54998779296875,149238.0
2024-01-25 16:30:00+00:00,,,,,,,,,,,389.68499755859375,391.04998779296875,388.989990234375,391.04998779296875,80131.0
2024-01-25 17:30:00+00:00,,,,,,,,,,,389.1300048828125,390.05999755859375,388.6852111816406,389.8299865722656,69984.0
2024-01-25 18:30:00+00:00,,,,,,,,,,,389.489990234375,389.92999267578125,388.60009765625,389.2699890136719,88887.0
2024-01-25 19:30:00+00:00,,,,,,,,,,,389.7799987792969,389.82000732421875,388.8399963378906,389.489990234375,80909.0
2024-01-25 20:30:00+00:00,,,,,,,,,,,393.1000061035156,393.2300109863281,389.67999267578125,389.67999267578125,220206.0
2024-01-26 14:30:00+00:00,,,,,,,,,,,395.7699890136719,395.80499267578125,393.3699951171875,393.7799987792969,179614.0
2024-01-26 15:30:00+00:00,,,,,,,,,,,395.0199890136719,396.7200012207031,394.6317138671875,395.5400085449219,81777.0
2024-01-26 16:30:00+00:00,,,,,,,,,,,394.8800048828125,394.9800109863281,394.0799865722656,394.67999267578125,77917.0
2024-01-26 17:30:00+00:00,,,,,,,,,,,394.0801086425781,394.8550109863281,393.489990234375,394.8550109863281,74908.0
2024-01-26 18:30:00+00:00,,,,,,,,,,,393.69000244140625,394.6000061035156,393.32000732421875,394.29998779296875,76011.0
2024-01-26 19:30:00+00:00,,,,,,,,,,,393.42999267578125,394.18499755859375,393.25,393.9111022949219,76302.0
2024-01-26 20:30:00+00:00,,,,,,,,,,,393.5400085449219,393.7200012207031,393.07220458984375,393.4599914550781,131132.0
2024-01-29 14:30:00+00:00,,,,,,,,,,,393.6099853515625,394.9800109863281,392.7300109863281,393.95001220703125,136484.0
2024-01-29 15:30:00+00:00,,,,,,,,,,,394.9599914550781,395.18499755859375,392.80999755859375,393.7250061035156,111274.0
2024-01-29 16:30:00+00:00,,,,,,,,,,,394.1449890136719,395.135009765625,393.864990234375,394.9599914550781,89672.0
2024-01-29 17:30:00+00:00,,,,,,,,,,,395.1700134277344,395.2200012207031,393.79998779296875,394.30999755859375,74877.0
2024-01-29 18:30:00+00:00,,,,,,,,,,,395.8949890136719,395.8999938964844,394.7900085449219,395.2349853515625,78948.0
2024-01-29 19:30:00+00:00,,,,,,,,,,,397.5400085449219,398.19000244140625,394.8800048828125,395.8699951171875,113883.0
2024-01-29 20:30:00+00:00,,,,,,,,,,,397.69000244140625,397.8500061035156,396.489990234375,397.5400085449219,172185.0
2024-01-30 14:30:00+00:00,,,,,,,,,,,395.3362121582031,398.7699890136719,394.4100036621094,395.1400146484375,186436.0
2024-01-30 15:30:00+00:00,,,,,,,,,,,396.3349914550781,396.3599853515625,395.1099853515625,395.3599853515625,79814.0
2024-01-30 16:30:00+00:00,,,,,,,,,,,396.92999267578125,397.4750061035156,396.1499938964844,396.3399963378906,67020.0
2024-01-30 17:30:00+00:00,,,,,,,,,,,395.306884765625,396.8865051269531,395.1300048828125,396.8599853515625,99369.0
2024-01-30 18:30:00+00:00,,,,,,,,,,,396.95001220703125,397.04998779296875,394.9800109863281,395.30499267578125,129304.0
2024-01-30 19:30:00+00:00,,,,,,,,,,,396.6300048828125,397.2200012207031,395.6449890136719,396.95001220703125,193832.0
2024-01-30 20:30:00+00:00,,,,,,,,,,,396.8399963378906,397.1400146484375,395.8800048828125,396.67999267578125,194169.0
2024-01-31 14:30:00+00:00,,,,,,,,,,,396.7091979980469,398.0,394.989990234375,397.32000732421875,157785.0
2024-01-31 15:30:00+00:00,,,,,,,,,,,394.75,397.19000244140625,394.5,396.7799987792969,81641.0
2024-01-31 16:30:00+00:00,,,,,,,,,,,395.2300109863281,395.3399963378906,392.74560546875,394.75,79559.0
2024-01-31 17:30:00+00:00,,,,,,,,,,,395.32000732421875,396.4447937011719,394.7200012207031,395.1400146484375,79502.0
2024-01-31 18:30:00+00:00,,,,,,,,,,,394.7799987792969,396.5,394.3299865722656,395.32000732421875,84781.0
2024-01-31 19:30:00+00:00,,,,,,,,,,,394.0,397.95001220703125,392.8900146484375,394.70001220703125,152043.0
2024-01-31 20:30:00+00:00,,,,,,,,,,,393.3299865722656,394.739990234375,393.0,393.9800109863281,238388.0
2024-02-01 14:30:00+00:00,,,,,,,,,,,394.4599914550781,397.20001220703125,393.0350036621094,395.0799865722656,207468.0
2024-02-01 15:30:00+00:00,,,,,,,,,,,390.489990234375,394.5799865722656,389.5199890136719,394.4700012207031,182972.0
2024-02-01 16:30:00+00:00,,,,,,,,,,,393.1700134277344,394.05499267578125,390.6499938964844,390.6499938964844,154194.0
2024-02-01 17:30:00+00:00,,,,,,,,,,,393.8900146484375,394.95001220703125,392.7550048828125,393.3999938964844,166303.0
2024-02-01 18:30:00+00:00,,,,,,,,,,,391.67999267578125,394.239990234375,391.5849914550781,393.7401123046875,173039.0
2024-02-01 19:30:00+00:00,,,,,,,,,,,393.1000061035156,393.1700134277344,391.0899963378906,391.67999267578125,192069.0
2024-02-01 20:30:00+00:00,,,,,,,,,,,393.67999267578125,393.79998779296875,392.510009765625,393.17999267578125,231237.0
2024-02-02 14:30:00+00:00,,,,,,,,,,,390.8699951171875,391.489990234375,386.625,390.239990234375,346009.0
2024-02-02 15:30:00+00:00,,,,,,,,,,,392.1400146484375,392.20001220703125,389.1199951171875,391.05999755859375,180708.0
2024-02-02 16:30:00+00:00,,,,,,,,,,,393.45001220703125,393.45001220703125,391.5199890136719,392.57000732421875,117157.0
2024-02-02 17:30:00+00:00,,,,,,,,,,,393.2550048828125,393.7699890136719,391.3599853515625,393.2850036621094,142966.0
2024-02-02 18:30:00+00:00,,,,,,,,,,,393.6199951171875,394.2699890136719,391.7300109863281,392.8399963378906,190803.0
2024-02-02 19:30:00+00:00,,,,,,,,,,,394.3500061035156,395.0799865722656,393.4700012207031,393.5,222037.0
2024-02-02 20:30:00+00:00,,,,,,,,,,,392.53009033203125,394.67999267578125,392.53009033203125,394.3550109863281,282382.0
2024-02-05 14:30:00+00:00,,,,,,,,,,,385.5,393.6400146484375,384.2550048828125,392.0,405514.0
2024-02-05 15:30:00+00:00,,,,,,,,,,,384.6600036621094,385.9599914550781,383.1549987792969,385.4800109863281,298699.0
2024-02-05 16:30:00+00:00,,,,,,,,,,,386.0199890136719,386.92999267578125,384.7449951171875,384.7449951171875,218791.0
2024-02-05 17:30:00+00:00,,,,,,,,,,,385.6400146484375,386.614990234375,385.0899963378906,386.18499755859375,215060.0
2024-02-05 18:30:00+00:00,,,,,,,,,,,386.5,387.1000061035156,385.3500061035156,385.6099853515625,140565.0
2024-02-05 19:30:00+00:00,,,,,,,,,,,385.81500244140625,386.75,384.80999755859375,386.5,195934.0
2024-02-05 20:30:00+00:00,,,,,,,,,,,386.0199890136719,387.32000732421875,385.17999267578125,385.88751220703125,294963.0
2024-02-06 14:30:00+00:00,,,,,,,,,,,389.9200134277344,394.1650085449219,388.32879638671875,389.2099914550781,552228.0
2024-02-06 15:30:00+00:00,,,,,,,,,,,390.0849914550781,390.45001220703125,388.1400146484375,390.1000061035156,196288.0
2024-02-06 16:30:00+00:00,,,,,,,,,,,390.5899963378906,391.06500244140625,389.614501953125,389.8500061035156,184465.0
2024-02-06 17:30:00+00:00,,,,,,,,,,,390.35791015625,391.4200134277344,389.8399963378906,390.55999755859375,124992.0
2024-02-06 18:30:00+00:00,,,,,,,,,,,389.0,390.6288146972656,388.70001220703125,390.2550048828125,133324.0
2024-02-06 19:30:00+00:00,,,,,,,,,,,389.760009765625,390.010009765625,388.8900146484375,389.0199890136719,108534.0
2024-02-06 20:30:00+00:00,,,,,,,,,,,389.05999755859375,390.32000732421875,388.6600036621094,389.8399963378906,217752.0
2024-02-07 14:30:00+00:00,,,,,,,,,,,389.0,391.8299865722656,387.1000061035156,390.42999267578125,247023.0
2024-02-07 15:30:00+00:00,,,,,,,,,,,386.8599853515625,389.2300109863281,386.6499938964844,389.1099853515625,200179.0
2024-02-07 16:30:00+00:00,,,,,,,,,,,386.17999267578125,387.1650085449219,385.6400146484375,386.8599853515625,144766.0
2024-02-07 17:30:00+00:00,,,,,,,,,,,387.0299987792969,387.07000732421875,385.75,386.1199951171875,183537.0
2024-02-07 18:30:00+00:00,,,,,,,,,,,387.54998779296875,387.5899963378906,386.3299865722656,387.1099853515625,124104.0
2024-02-07 19:30:00+00:00,,,,,,,,,,,388.0400085449219,388.25,387.2799987792969,387.70001220703125,136010.0
2024-02-07 20:30:00+00:00,,,,,,,,,,,385.95001220703125,388.19000244140625,385.6199951171875,388.1400146484375,284024.0
2024-02-08 14:30:00+00:00,,,,,,,,,,,385.44000244140625,387.56671142578125,385.0508117675781,385.8800048828125,153005.0
2024-02-08 15:30:00+00:00,,,,,,,,,,,384.7900085449219,385.989990234375,384.75,385.4049987792969,150004.0
2024-02-08 16:30:00+00:00,,,,,,,,,,,386.5799865722656,386.69000244140625,384.2699890136719,384.82501220703125,117403.0
2024-02-08 17:30:00+00:00,,,,,,,,,,,385.9200134277344,386.5799865722656,385.4200134277344,386.57000732421875,91455.0
2024-02-08 18:30:00+00:00,,,,,,,,,,,386.92999267578125,387.30999755859375,385.6099853515625,385.8599853515625,93303.0
2024-02-08 19:30:00+00:00,,,,,,,,,,,386.45001220703125,387.2699890136719,386.45001220703125,387.0,122739.0
2024-02-08 20:30:00+00:00,,,,,,,,,,,385.79998779296875,386.75,385.6400146484375,386.45001220703125,259888.0
2024-02-09 14:30:00+00:00,,,,,,,,,,,382.80999755859375,385.6700134277344,381.2349853515625,384.1700134277344,287733.0
2024-02-09 15:30:00+00:00,,,,,,,,,,,381.8999938964844,383.8800048828125,381.5,382.8900146484375,129345.0
2024-02-09 16:30:00+00:00,,,,,,,,,,,381.8999938964844,382.04998779296875,381.3800048828125,381.95001220703125,128613.0
2024-02-09 17:30:00+00:00,,,,,,,,,,,382.0849914550781,382.2699890136719,381.5899963378906,381.8999938964844,173480.0
2024-02-09 18:30:00+00:00,,,,,,,,,,,381.0,382.3500061035156,380.45001220703125,382.1700134277344,136665.0
2024-02-09 19:30:00+00:00,,,,,,,,,,,381.8500061035156,382.0299987792969,380.57501220703125,380.94000244140625,184848.0
2024-02-09 20:30:00+00:00,,,,,,,,,,,381.25,382.2300109863281,381.20001220703125,381.8500061035156,229014.0
2024-02-12 14:30:00+00:00,,,,,,,,,,,386.2149963378906,387.8399963378906,384.3299865722656,384.3299865722656,317082.0
2024-02-12 15:30:00+00:00,,,,,,,,,,,387.510009765625,388.0249938964844,386.20001220703125,386.3299865722656,193820.0
2024-02-12 16:30:00+00:00,,,,,,,,,,,387.9549865722656,388.4700012207031,387.41180419921875,387.489990234375,147524.0
2024-02-12 17:30:00+00:00,,,,,,,,,,,389.2699890136719,390.1000061035156,387.8324890136719,387.8900146484375,144709.0
2024-02-12 18:30:00+00:00,,,,,,,,,,,390.1000061035156,391.510009765625,389.1199951171875,389.17999267578125,140108.0
2024-02-12 19:30:00+00:00,,,,,,,,,,,388.9200134277344,389.989990234375,388.4700012207031,389.989990234375,178587.0
2024-02-12 20:30:00+00:00,,,,,,,,,,,389.6400146484375,390.0625,388.80999755859375,388.9150085449219,257912.0
2024-02-13 14:30:00+00:00,,,,,,,,,,,379.8399963378906,385.3999938964844,377.54998779296875,384.6300048828125,369245.0
2024-02-13 15:30:00+00:00,,,,,,,,,,,379.69000244140625,380.3999938964844,378.17999267578125,379.96319580078125,229569.0
2024-02-13 16:30:00+00:00,,,,,,,,,,,380.17999267578125,380.9649963378906,379.510009765625,379.69000244140625,139696.0
2024-02-13 17:30:00+00:00,,,,,,,,,,,379.2550048828125,381.1000061035156,378.75,380.0899963378906,113312.0
2024-02-13 18:30:00+00:00,,,,,,,,,,,376.9100036621094,379.32000732421875,376.7099914550781,379.19000244140625,177362.0
2024-02-13 19:30:00+00:00,,,,,,,,,,,377.0950012207031,378.0199890136719,375.510009765625,376.9100036621094,234763.0
2024-02-13 20:30:00+00:00,,,,,,,,,,,379.2799987792969,379.6300048828125,377.1000061035156,377.1867980957031,341677.0
2024-02-14 14:30:00+00:00,,,,,,,,,,,380.7900085449219,383.8999938964844,377.1300048828125,383.0,514905.0
2024-02-14 15:30:00+00:00,,,,,,,,,,,381.19000244140625,381.32000732421875,378.55999755859375,380.510009765625,188480.0
2024-02-14 16:30:00+00:00,,,,,,,,,,,381.7900085449219,381.8500061035156,379.4599914550781,381.19000244140625,242896.0
2024-02-14 17:30:00+00:00,,,,,,,,,,,382.44000244140625,382.44000244140625,380.9599914550781,381.8599853515625,215014.0
2024-02-14 18:30:00+00:00,,,,,,,,,,,385.0350036621094,385.04998779296875,382.2099914550781,382.4150085449219,246467.0
2024-02-14 19:30:00+00:00,,,,,,,,,,,385.3949890136719,385.55999755859375,383.8599853515625,385.114990234375,292782.0
2024-02-14 20:30:00+00:00,,,,,,,,,,,384.7200012207031,385.45001220703125,383.9100036621094,385.3900146484375,430951.0
2024-02-15 14:30:00+00:00,,,,,,,,,,,366.6300048828125,372.0,366.0799865722656,367.1000061035156,1270317.0
2024-02-15 15:30:00+00:00,,,,,,,,,,,364.0,367.3595886230469,363.4599914550781,366.6000061035156,688681.0
2024-02-15 16:30:00+00:00,,,,,,,,,,,363.3399963378906,365.29998779296875,363.1499938964844,363.79998779296875,471791.0
2024-02-15 17:30:00+00:00,,,,,,,,,,,362.6300048828125,363.5350036621094,361.20001220703125,363.3399963378906,470113.0
2024-02-15 18:30:00+00:00,,,,,,,,,,,363.1600036621094,363.1899108886719,360.7701110839844,362.6499938964844,413856.0
2024-02-15 19:30:00+00:00,,,,,,,,,,,362.82000732421875,364.20001220703125,361.1000061035156,363.0899963378906,414049.0
2024-02-15 20:30:00+00:00,,,,,,,,,,,364.7699890136719,365.135009765625,362.6073913574219,362.8299865722656,705794.0
2024-02-16 14:30:00+00:00,,,,,,,,,,,360.93499755859375,364.0,358.260009765625,360.989990234375,597506.0
2024-02-16 15:30:00+00:00,,,,,,,,,,,359.6199951171875,361.2799987792969,359.3800048828125,360.75,273348.0
2024-02-16 16:30:00+00:00,,,,,,,,,,,361.5,362.4100036621094,359.6199951171875,359.6600036621094,229612.0
2024-02-16 17:30:00+00:00,,,,,,,,,,,361.0799865722656,361.760009765625,359.7099914550781,361.54998779296875,153892.0
2024-02-16 18:30:00+00:00,,,,,,,,,,,362.04998779296875,362.3399963378906,360.7401123046875,361.10009765625,161149.0
2024-02-16 19:30:00+00:00,,,,,,,,,,,361.5,362.3999938964844,359.75,362.0199890136719,268734.0
2024-02-16 20:30:00+00:00,,,,,,,,,,,360.7900085449219,361.70220947265625,360.2799987792969,361.4649963378906,369666.0
2024-02-20 14:30:00+00:00,,,,,,,,,,,357.67498779296875,360.69000244140625,356.94000244140625,360.0,351399.0
2024-02-20 15:30:00+00:00,,,,,,,,,,,356.7760009765625,357.7449951171875,356.1000061035156,357.7449951171875,237238.0
2024-02-20 16:30:00+00:00,,,,,,,,,,,356.55999755859375,357.30999755859375,355.07501220703125,357.010009765625,309014.0
2024-02-20 17:30:00+00:00,,,,,,,,,,,356.30999755859375,357.6000061035156,355.94000244140625,356.5,195143.0
2024-02-20 18:30:00+00:00,,,,,,,,,,,357.6099853515625,358.239990234375,355.9949951171875,356.2749938964844,167164.0
2024-02-20 19:30:00+00:00,,,,,,,,,,,357.8599853515625,359.29119873046875,357.4700012207031,357.510009765625,204699.0
2024-02-20 20:30:00+00:00,,,,,,,,,,,357.57000732421875,358.2699890136719,356.7699890136719,357.8999938964844,246421.0
2024-02-21 14:30:00+00:00,,,,,,,,,,,356.07501220703125,358.6000061035156,355.739990234375,356.5899963378906,255867.0
2024-02-21 15:30:00+00:00,,,,,,,,,,,357.0199890136719,357.239990234375,355.8800048828125,355.9599914550781,142609.0
2024-02-21 16:30:00+00:00,,,,,,,,,,,356.010009765625,356.8349914550781,355.7099914550781,356.7799987792969,140273.0
2024-02-21 17:30:00+00:00,,,,,,,,,,,355.8699951171875,356.2300109863281,355.2300109863281,356.2300109863281,144531.0
2024-02-21 18:30:00+00:00,,,,,,,,,,,355.2850036621094,356.07000732421875,354.8900146484375,355.7349853515625,151879.0
2024-02-21 19:30:00+00:00,,,,,,,,,,,355.06829833984375,356.1000061035156,354.4599914550781,355.2799987792969,170297.0
2024-02-21 20:30:00+00:00,,,,,,,,,,,357.4700012207031,357.5,355.0495910644531,355.114990234375,184387.0
2024-02-22 14:30:00+00:00,,,,,,,,,,,355.0400085449219,356.81500244140625,353.6099853515625,353.9800109863281,586172.0
2024-02-22 15:30:00+00:00,,,,,,,,,,,356.1050109863281,356.989990234375,354.3800048828125,354.9949951171875,274770.0
2024-02-22 16:30:00+00:00,,,,,,,,,,,356.20001220703125,356.3476867675781,355.05999755859375,356.20001220703125,202776.0
2024-02-22 17:30:00+00:00,,,,,,,,,,,357.534912109375,357.54998779296875,355.79998779296875,356.2699890136719,158886.0
2024-02-22 18:30:00+00:00,,,,,,,,,,,357.5249938964844,358.1400146484375,356.9350891113281,357.6700134277344,233126.0
2024-02-22 19:30:00+00:00,,,,,,,,,,,357.1000061035156,357.5274963378906,356.3399963378906,357.5274963378906,234941.0
2024-02-22 20:30:00+00:00,,,,,,,,,,,356.8599853515625,357.2200012207031,356.2699890136719,357.05999755859375,267601.0
2024-02-23 14:30:00+00:00,,,,,,,,,,,362.9100036621094,363.3399963378906,357.3999938964844,357.9800109863281,289891.0
2024-02-23 15:30:00+00:00,,,,,,,,,,,364.3399963378906,364.489990234375,362.04998779296875,362.9800109863281,230511.0
2024-02-23 16:30:00+00:00,,,,,,,,,,,364.4700012207031,364.54998779296875,362.9599914550781,364.3399963378906,181458.0
2024-02-23 17:30:00+00:00,,,,,,,,,,,364.7799987792969,365.4200134277344,364.1499938964844,364.4700012207031,198882.0
2024-02-23 18:30:00+00:00,,,,,,,,,,,364.7250061035156,365.4599914550781,364.4501037597656,364.7099914550781,147211.0
2024-02-23 19:30:00+00:00,,,,,,,,,,,363.9549865722656,365.0299987792969,363.69000244140625,364.7200012207031,180511.0
2024-02-23 20:30:00+00:00,,,,,,,,,,,364.6600036621094,364.9700012207031,363.8999938964844,364.0299987792969,232252.0
2024-02-26 14:30:00+00:00,,,,,,,,,,,365.760009765625,366.3500061035156,361.6199951171875,364.0199890136719,271683.0
2024-02-26 15:30:00+00:00,,,,,,,,,,,365.2349853515625,365.7892150878906,364.3583984375,365.6700134277344,173702.0
2024-02-26 16:30:00+00:00,,,,,,,,,,,366.1400146484375,366.2449951171875,364.7467956542969,365.30999755859375,122692.0
2024-02-26 17:30:00+00:00,,,,,,,,,,,364.8374938964844,366.1499938964844,364.489990234375,366.1499938964844,107771.0
2024-02-26 18:30:00+00:00,,,,,,,,,,,363.29998779296875,364.82000732421875,363.05999755859375,364.7550048828125,139348.0
2024-02-26 19:30:00+00:00,,,,,,,,,,,363.3399963378906,363.8500061035156,362.9800109863281,363.2950134277344,104099.0
2024-02-26 20:30:00+00:00,,,,,,,,,,,363.2319030761719,363.7149963378906,362.6700134277344,363.4599914550781,265848.0
2024-02-27 14:30:00+00:00,,,,,,,,,,,361.0199890136719,364.1050109863281,359.4750061035156,363.1300048828125,401475.0
2024-02-27 15:30:00+00:00,,,,,,,,,,,359.2854919433594,361.04998779296875,359.0010070800781,360.7430114746094,189265.0
2024-02-27 16:30:00+00:00,,,,,,,,,,,359.45001220703125,360.30499267578125,358.79998779296875,359.2799987792969,121518.0
2024-02-27 17:30:00+00:00,,,,,,,,,,,359.75,359.9999084472656,358.5903015136719,359.55999755859375,149916.0
2024-02-27 18:30:00+00:00,,,,,,,,,,,358.9800109863281,360.0199890136719,358.8500061035156,359.67999267578125,139208.0
2024-02-27 19:30:00+00:00,,,,,,,,,,,359.95001220703125,360.1199951171875,358.239990234375,359.0,184657.0
2024-02-27 20:30:00+00:00,,,,,,,,,,,360.510009765625,361.1099853515625,359.760009765625,359.8699951171875,232302.0
2024-02-28 14:30:00+00:00,,,,,,,,,,,363.1199951171875,365.17999267578125,361.1300048828125,361.4100036621094,366772.0
2024-02-28 15:30:00+00:00,,,,,,,,,,,364.20001220703125,364.3500061035156,362.6000061035156,363.04998779296875,251784.0
2024-02-28 16:30:00+00:00,,,,,,,,,,,363.55999755859375,364.5400085449219,363.0199890136719,364.30999755859375,112022.0
2024-02-28 17:30:00+00:00,,,,,,,,,,,365.1449890136719,365.3299865722656,362.9200134277344,363.5799865722656,159548.0
2024-02-28 18:30:00+00:00,,,,,,,,,,,364.19000244140625,365.2300109863281,363.70001220703125,365.2300109863281,165376.0
2024-02-28 19:30:00+00:00,,,,,,,,,,,364.1499938964844,364.9100036621094,363.5199890136719,364.1000061035156,143611.0
2024-02-28 20:30:00+00:00,,,,,,,,,,,364.79998779296875,364.9100036621094,363.5199890136719,364.1000061035156,238084.0
2024-02-29 14:30:00+00:00,,,,,,,,,,,365.2699890136719,367.8500061035156,364.8800048828125,366.3699951171875,241693.0
2024-02-29 15:30:00+00:00,,,,,,,,,,,364.2550048828125,365.4700012207031,364.2550048828125,365.20001220703125,173402.0
2024-02-29 16:30:00+00:00,,,,,,,,,,,363.42999267578125,364.2699890136719,362.8500061035156,364.2200012207031,202731.0
2024-02-29 17:30:00+00:00,,,,,,,,,,,365.2900085449219,365.80999755859375,363.3599853515625,363.4649963378906,191409.0
2024-02-29 18:30:00+00:00,,,,,,,,,,,364.30999755859375,366.239990234375,364.1449890136719,365.2300109863281,324100.0
2024-02-29 19:30:00+00:00,,,,,,,,,,,364.8699951171875,365.1499938964844,363.31280517578125,364.43499755859375,163134.0
2024-02-29 20:30:00+00:00,,,,,,,,,,,364.6499938964844,365.9100036621094,364.1549987792969,364.9700012207031,357409.0
2024-03-01 14:30:00+00:00,,,,,,,,,,,363.739990234375,365.239990234375,361.3299865722656,365.010009765625,339682.0
2024-03-01 15:30:00+00:00,,,,,,,,,,,363.3299865722656,364.8800048828125,362.989990234375,363.739990234375,305182.0
2024-03-01 16:30:00+00:00,,,,,,,,,,,364.1700134277344,364.3900146484375,362.67999267578125,363.3450012207031,156392.0
2024-03-01 17:30:00+00:00,,,,,,,,,,,364.4494934082031,364.8500061035156,363.3299865722656,364.1700134277344,155924.0
2024-03-01 18:30:00+00:00,,,,,,,,,,,368.0899963378906,368.0899963378906,364.32000732421875,364.5,224691.0
2024-03-01 19:30:00+00:00,,,,,,,,,,,367.6000061035156,368.82000732421875,367.42999267578125,368.17999267578125,239223.0
2024-03-01 20:30:00+00:00,,,,,,,,,,,367.7699890136719,368.2300109863281,367.4700012207031,367.6300048828125,339001.0
2024-03-04 14:30:00+00:00,,,,,,,,,,,365.489990234375,369.9800109863281,364.510009765625,368.6000061035156,226903.0
2024-03-04 15:30:00+00:00,,,,,,,,,,,363.375,365.7950134277344,362.92999267578125,365.4841003417969,203875.0
2024-03-04 16:30:00+00:00,,,,,,,,,,,363.57000732421875,365.7598876953125,363.4649963378906,363.4800109863281,174144.0
2024-03-04 17:30:00+00:00,,,,,,,,,,,365.5150146484375,365.5150146484375,363.2300109863281,363.6499938964844,114755.0
2024-03-04 18:30:00+00:00,,,,,,,,,,,364.4700012207031,365.639892578125,364.1499938964844,365.510009765625,104549.0
2024-03-04 19:30:00+00:00,,,,,,,,,,,364.9100036621094,365.5,364.3901062011719,364.3901062011719,114019.0
2024-03-04 20:30:00+00:00,,,,,,,,,,,364.4200134277344,365.010009765625,363.6679992675781,364.989990234375,212761.0
2024-03-05 14:30:00+00:00,,,,,,,,,,,366.7950134277344,367.8399963378906,363.57000732421875,363.94000244140625,322479.0
2024-03-05 15:30:00+00:00,,,,,,,,,,,368.1000061035156,368.7669982910156,366.5199890136719,366.8999938964844,202599.0
2024-03-05 16:30:00+00:00,,,,,,,,,,,368.8550109863281,369.6899108886719,367.80999755859375,368.17999267578125,128614.0
2024-03-05 17:30:00+00:00,,,,,,,,,,,368.3399963378906,369.1300048828125,367.6238098144531,368.8500061035156,112250.0
2024-03-05 18:30:00+00:00,,,,,,,,,,,366.9800109863281,369.0450134277344,366.9800109863281,368.42498779296875,126770.0
2024-03-05 19:30:00+00:00,,,,,,,,,,,365.239990234375,367.0398864746094,364.0299987792969,366.9200134277344,186502.0
2024-03-05 20:30:00+00:00,,,,,,,,,,,366.7300109863281,367.510009765625,365.0799865722656,365.0989074707031,317937.0
2024-03-06 14:30:00+00:00,,,,,,,,,,,367.364990234375,367.7799987792969,365.1199951171875,366.0400085449219,228902.0
2024-03-06 15:30:00+00:00,,,,,,,,,,,367.1199951171875,367.8299865722656,366.2650146484375,367.364990234375,111621.0
2024-03-06 16:30:00+00:00,,,,,,,,,,,366.6192932128906,367.7300109863281,366.5199890136719,367.2900085449219,80501.0
2024-03-06 17:30:00+00:00,,,,,,,,,,,366.62109375,366.9800109863281,365.9400939941406,366.6499938964844,73272.0
2024-03-06 18:30:00+00:00,,,,,,,,,,,365.25,366.6000061035156,364.3599853515625,366.6000061035156,120117.0
2024-03-06 19:30:00+00:00,,,,,,,,,,,365.5199890136719,366.010009765625,364.7850036621094,365.4700012207031,102465.0
2024-03-06 20:30:00+00:00,,,,,,,,,,,366.5799865722656,366.80999755859375,365.19000244140625,365.70001220703125,196002.0
2024-03-07 14:30:00+00:00,,,,,,,,,,,374.8299865722656,375.8800048828125,367.2550048828125,367.4200134277344,469466.0
2024-03-07 15:30:00+00:00,,,,,,,,,,,373.8800048828125,375.4949951171875,373.4049987792969,374.5799865722656,216462.0
2024-03-07 16:30:00+00:00,,,,,,,,,,,375.635009765625,376.1600036621094,373.1199951171875,373.81500244140625,150516.0
2024-03-07 17:30:00+00:00,,,,,,,,,,,374.92498779296875,376.19000244140625,374.8450012207031,375.739990234375,161056.0
2024-03-07 18:30:00+00:00,,,,,,,,,,,374.7149963378906,375.8399963378906,374.6199951171875,374.9700012207031,107226.0
2024-03-07 19:30:00+00:00,,,,,,,,,,,374.9100036621094,375.32000732421875,374.4150085449219,374.7149963378906,124273.0
2024-03-07 20:30:00+00:00,,,,,,,,,,,375.07000732421875,375.9800109863281,374.6700134277344,374.9049987792969,305854.0
2024-03-08 14:30:00+00:00,,,,,,,,,,,373.2200012207031,376.6700134277344,372.2200012207031,376.1400146484375,199049.0
2024-03-08 15:30:00+00:00,,,,,,,,,,,373.95001220703125,375.2650146484375,372.20001220703125,373.1600036621094,110737.0
2024-03-08 16:30:00+00:00,,,,,,,,,,,374.1842041015625,375.739990234375,373.5924987792969,373.95001220703125,110914.0
2024-03-08 17:30:00+00:00,,,,,,,,,,,374.6600036621094,374.94000244140625,373.9599914550781,374.17498779296875,69822.0
2024-03-08 18:30:00+00:00,,,,,,,,,,,376.1400146484375,376.19000244140625,374.0400085449219,374.6199951171875,143382.0
2024-03-08 19:30:00+00:00,,,,,,,,,,,373.79998779296875,376.3349914550781,373.6700134277344,376.32000732421875,116421.0
2024-03-08 20:30:00+00:00,,,,,,,,,,,374.1400146484375,374.8999938964844,373.69000244140625,373.7200012207031,176737.0
2024-03-11 13:30:00+00:00,,,,,,,,,,,372.0199890136719,375.3599853515625,370.614990234375,373.3999938964844,140538.0
2024-03-11 14:30:00+00:00,,,,,,,,,,,371.9200134277344,373.0400085449219,371.6499938964844,372.1700134277344,95841.0
2024-03-11 15:30:00+00:00,,,,,,,,,,,373.30999755859375,373.5849914550781,371.42999267578125,371.7099914550781,69753.0
2024-03-11 16:30:00+00:00,,,,,,,,,,,374.239990234375,374.8599853515625,373.3349914550781,373.3349914550781,95846.0
2024-03-11 17:30:00+00:00,,,,,,,,,,,374.19000244140625,374.3599853515625,372.9599914550781,374.25,98135.0
2024-03-11 18:30:00+00:00,,,,,,,,,,,374.4100036621094,374.6650085449219,373.5799865722656,374.20001220703125,102252.0
2024-03-11 19:30:00+00:00,,,,,,,,,,,375.0400085449219,375.4200134277344,374.3500061035156,374.3500061035156,148929.0
2024-03-12 13:30:00+00:00,,,,,,,,,,,376.07501220703125,376.239990234375,373.7455139160156,376.1499938964844,109363.0
2024-03-12 14:30:00+00:00,,,,,,,,,,,376.20001220703125,377.8399963378906,376.0,376.239990234375,97205.0
2024-03-12 15:30:00+00:00,,,,,,,,,,,375.42999267578125,376.67999267578125,375.239990234375,376.20001220703125,75328.0
2024-03-12 16:30:00+00:00,,,,,,,,,,,373.760009765625,375.4200134277344,372.9750061035156,375.4200134277344,113016.0
2024-03-12 17:30:00+00:00,,,,,,,,,,,374.3599853515625,374.4599914550781,373.80010986328125,373.8949890136719,80046.0
2024-03-12 18:30:00+00:00,,,,,,,,,,,374.2699890136719,375.4100036621094,373.9800109863281,374.42999267578125,129607.0
2024-03-12 19:30:00+00:00,,,,,,,,,,,372.6400146484375,374.3500061035156,372.6000061035156,374.3500061035156,205473.0
2024-03-13 13:30:00+00:00,,,,,,,,,,,377.55999755859375,378.6400146484375,372.7699890136719,373.3399963378906,230209.0
2024-03-13 14:30:00+00:00,,,,,,,,,,,378.79998779296875,379.19500732421875,376.5,377.5799865722656,159375.0
2024-03-13 15:30:00+00:00,,,,,,,,,,,378.8299865722656,379.4200134277344,378.07501220703125,378.54998779296875,139141.0
2024-03-13 16:30:00+00:00,,,,,,,,,,,380.2560119628906,380.5199890136719,378.8349914550781,378.8349914550781,111658.0
2024-03-13 17:30:00+00:00,,,,,,,,,,,379.4700012207031,380.25,378.5849914550781,380.25,100639.0
2024-03-13 18:30:00+00:00,,,,,,,,,,,378.3399963378906,379.80499267578125,378.1499938964844,379.44000244140625,129619.0
2024-03-13 19:30:00+00:00,,,,,,,,,,,378.8500061035156,379.19000244140625,377.94000244140625,378.3800048828125,172941.0
2024-03-14 13:30:00+00:00,,,,,,,,,,,378.45001220703125,382.45001220703125,377.0299987792969,380.5,218863.0
2024-03-14 14:30:00+00:00,,,,,,,,,,,378.489990234375,381.1449890136719,378.010009765625,378.625,121040.0
2024-03-14 15:30:00+00:00,,,,,,,,,,,379.4700012207031,379.8399963378906,378.3500061035156,378.57000732421875,106057.0
2024-03-14 16:30:00+00:00,,,,,,,,,,,379.135009765625,380.650390625,379.07501220703125,379.4800109863281,126111.0
2024-03-14 17:30:00+00:00,,,,,,,,,,,378.8349914550781,380.0,378.4200134277344,379.0799865722656,122533.0
2024-03-14 18:30:00+00:00,,,,,,,,,,,377.6600036621094,378.8949890136719,377.2200012207031,378.8399963378906,154126.0
2024-03-14 19:30:00+00:00,,,,,,,,,,,380.3500061035156,380.3900146484375,376.95001220703125,377.6300048828125,285157.0
2024-03-15 13:30:00+00:00,,,,,,,,,,,381.7781982421875,382.8598937988281,378.0,378.0,432723.0
2024-03-15 14:30:00+00:00,,,,,,,,,,,382.0799865722656,382.54998779296875,381.1300048828125,381.7200012207031,131081.0
2024-03-15 15:30:00+00:00,,,,,,,,,,,382.17999267578125,382.7900085449219,381.79998779296875,381.8680114746094,141793.0
2024-03-15 16:30:00+00:00,,,,,,,,,,,382.6000061035156,383.1099853515625,381.17498779296875,382.1300048828125,139504.0
2024-03-15 17:30:00+00:00,,,,,,,,,,,382.9100036621094,383.14801025390625,382.1199951171875,382.6300048828125,112348.0
2024-03-15 18:30:00+00:00,,,,,,,,,,,383.9200134277344,383.9798889160156,382.7200012207031,382.8599853515625,169342.0
2024-03-15 19:30:00+00:00,,,,,,,,,,,383.239990234375,383.93701171875,381.9750061035156,383.8500061035156,297483.0
2024-03-18 13:30:00+00:00,,,,,,,,,,,383.05999755859375,384.9700012207031,381.489990234375,383.0,145821.0
2024-03-18 14:30:00+00:00,,,,,,,,,,,385.8500061035156,385.8900146484375,382.9200134277344,382.9200134277344,141688.0
2024-03-18 15:30:00+00:00,,,,,,,,,,,385.989990234375,386.45001220703125,385.2349853515625,385.79998779296875,123988.0
2024-03-18 16:30:00+00:00,,,,,,,,,,,386.6300048828125,387.3900146484375,385.8599853515625,386.0199890136719,98145.0
2024-03-18 17:30:00+00:00,,,,,,,,,,,385.8500061035156,386.6199951171875,385.6759948730469,386.6099853515625,78390.0
2024-03-18 18:30:00+00:00,,,,,,,,,,,385.67999267578125,386.04998779296875,385.07000732421875,385.8399963378906,99781.0
2024-03-18 19:30:00+00:00,,,,,,,,,,,385.3500061035156,385.95001220703125,384.79998779296875,385.69000244140625,177541.0
2024-03-19 13:30:00+00:00,,,,,,,,,,,385.9700012207031,388.5799865722656,385.510009765625,386.510009765625,206758.0
2024-03-19 14:30:00+00:00,,,,,,,,,,,386.81500244140625,387.0400085449219,386.010009765625,386.0299987792969,92966.0
2024-03-19 15:30:00+00:00,,,,,,,,,,,388.55999755859375,388.69000244140625,386.77801513671875,386.77801513671875,105863.0
2024-03-19 16:30:00+00:00,,,,,,,,,,,390.489990234375,390.489990234375,388.1802978515625,388.70001220703125,155773.0
2024-03-19 17:30:00+00:00,,,,,,,,,,,389.9599914550781,390.864990234375,389.8200988769531,390.45001220703125,143517.0
2024-03-19 18:30:00+00:00,,,,,,,,,,,390.2749938964844,390.8399963378906,389.7799987792969,389.9700012207031,122831.0
2024-03-19 19:30:00+00:00,,,,,,,,,,,391.5299987792969,392.3299865722656,390.05999755859375,390.20001220703125,315905.0
2024-03-20 13:30:00+00:00,,,,,,,,,,,394.4200134277344,394.6199951171875,390.5899963378906,390.7699890136719,320333.0
2024-03-20 14:30:00+00:00,,,,,,,,,,,394.1700134277344,395.2850036621094,393.0899963378906,394.510009765625,187160.0
2024-03-20 15:30:00+00:00,,,,,,,,,,,392.4599914550781,394.20001220703125,392.3800048828125,394.1099853515625,85446.0
2024-03-20 16:30:00+00:00,,,,,,,,,,,391.3900146484375,392.82000732421875,391.2149963378906,392.3999938964844,114379.0
2024-03-20 17:30:00+00:00,,,,,,,,,,,392.8999938964844,393.6700134277344,390.79998779296875,391.29998779296875,95086.0
2024-03-20 18:30:00+00:00,,,,,,,,,,,394.2149963378906,394.8299865722656,391.8125,393.0,213420.0
2024-03-20 19:30:00+00:00,,,,,,,,,,,394.010009765625,394.6499938964844,392.25,394.2149963378906,349403.0
2024-03-21 13:30:00+00:00,,,,,,,,,,,398.3999938964844,399.3500061035156,392.0,393.8800048828125,247073.0
2024-03-21 14:30:00+00:00,,,,,,,,,,,398.17999267578125,399.0199890136719,397.45819091796875,398.510009765625,168810.0
2024-03-21 15:30:00+00:00,,,,,,,,,,,398.0299987792969,398.9800109863281,397.5799865722656,397.9700012207031,111861.0
2024-03-21 16:30:00+00:00,,,,,,,,,,,397.1700134277344,398.1499938964844,396.6700134277344,398.1099853515625,93618.0
2024-03-21 17:30:00+00:00,,,,,,,,,,,397.5799865722656,398.04998779296875,397.0,397.0899963378906,77509.0
2024-03-21 18:30:00+00:00,,,,,,,,,,,398.5899963378906,398.75,396.4700012207031,397.5,138293.0
2024-03-21 19:30:00+00:00,,,,,,,,,,,397.4700012207031,398.7300109863281,397.2699890136719,398.44000244140625,206218.0
2024-03-22 13:30:00+00:00,,,,,,,,,,,400.1000061035156,400.7149963378906,397.8349914550781,398.4700012207031,272792.0
2024-03-22 14:30:00+00:00,,,,,,,,,,,399.8599853515625,400.1400146484375,398.0199890136719,400.135009765625,163937.0
2024-03-22 15:30:00+00:00,,,,,,,,,,,399.4200134277344,400.2749938964844,399.0,399.885009765625,152629.0
2024-03-22 16:30:00+00:00,,,,,,,,,,,399.3800048828125,399.760009765625,398.2699890136719,399.489990234375,115749.0
2024-03-22 17:30:00+00:00,,,,,,,,,,,400.3800048828125,400.45001220703125,399.1600036621094,399.4700012207031,107457.0
2024-03-22 18:30:00+00:00,,,,,,,,,,,399.69000244140625,400.651611328125,398.9700012207031,400.4800109863281,138813.0
2024-03-22 19:30:00+00:00,,,,,,,,,,,398.95001220703125,399.92999267578125,398.82000732421875,399.6300048828125,217171.0
2024-03-25 13:30:00+00:00,,,,,,,,,,,398.989990234375,401.625,398.6199951171875,398.79998779296875,186129.0
2024-03-25 14:30:00+00:00,,,,,,,,,,,399.1199951171875,399.6000061035156,398.3045959472656,398.94500732421875,143081.0
2024-03-25 15:30:00+00:00,,,,,,,,,,,399.54998779296875,399.5799865722656,399.0199890136719,399.1199951171875,129492.0
2024-03-25 16:30:00+00:00,,,,,,,,,,,397.75,399.6700134277344,397.5299987792969,399.6700134277344,107735.0
2024-03-25 17:30:00+00:00,,,,,,,,,,,398.3699951171875,398.510009765625,397.0350036621094,397.79998779296875,85118.0
2024-03-25 18:30:00+00:00,,,,,,,,,,,397.2300109863281,398.3399963378906,397.1000061035156,398.30999755859375,81999.0
2024-03-25 19:30:00+00:00,,,,,,,,,,,398.2699890136719,398.32000732421875,397.22320556640625,397.2300109863281,161677.0
2024-03-26 13:30:00+00:00,,,,,,,,,,,398.55499267578125,399.989990234375,397.5400085449219,398.32000732421875,114555.0
2024-03-26 14:30:00+00:00,,,,,,,,,,,398.0,398.8500061035156,397.82000732421875,398.510009765625,70287.0
2024-03-26 15:30:00+00:00,,,,,,,,,,,397.93499755859375,398.4549865722656,396.2488098144531,398.0899963378906,114001.0
2024-03-26 16:30:00+00:00,,,,,,,,,,,398.7410888671875,398.7410888671875,397.29998779296875,398.0400085449219,71439.0
2024-03-26 17:30:00+00:00,,,,,,,,,,,398.5299987792969,398.7699890136719,397.7200012207031,398.67999267578125,81714.0
2024-03-26 18:30:00+00:00,,,,,,,,,,,398.19769287109375,398.7449951171875,397.7074890136719,398.44000244140625,112101.0
2024-03-26 19:30:00+00:00,,,,,,,,,,,398.6000061035156,398.67999267578125,397.75,398.2699890136719,188107.0
2024-03-27 13:30:00+00:00,,,,,,,,,,,405.84698486328125,406.1449890136719,397.2699890136719,398.0,268113.0
2024-03-27 14:30:00+00:00,,,,,,,,,,,406.95001220703125,407.5,405.68011474609375,405.70001220703125,189486.0
2024-03-27 15:30:00+00:00,,,,,,,,,,,406.7550048828125,407.92498779296875,405.57000732421875,406.8500061035156,209612.0
2024-03-27 16:30:00+00:00,,,,,,,,,,,405.82501220703125,406.9599914550781,404.9949951171875,406.8599853515625,110825.0
2024-03-27 17:30:00+00:00,,,,,,,,,,,406.3699951171875,406.54998779296875,404.94000244140625,405.7900085449219,98932.0
2024-03-27 18:30:00+00:00,,,,,,,,,,,407.17498779296875,407.2200012207031,406.2099914550781,406.44000244140625,129868.0
2024-03-27 19:30:00+00:00,,,,,,,,,,,409.3599853515625,409.4200134277344,407.17999267578125,407.20001220703125,340452.0
2024-03-28 13:30:00+00:00,,,,,,,,,,,411.2099914550781,413.32000732421875,408.5799865722656,408.5799865722656,212491.0
2024-03-28 14:30:00+00:00,,,,,,,,,,,409.80999755859375,411.07000732421875,408.760009765625,410.9800109863281,160771.0
2024-03-28 15:30:00+00:00,,,,,,,,,,,410.8349914550781,410.8699951171875,408.9700012207031,409.55999755859375,142176.0
2024-03-28 16:30:00+00:00,,,,,,,,,,,410.7149963378906,411.2699890136719,409.9200134277344,410.95001220703125,143629.0
2024-03-28 17:30:00+00:00,,,,,,,,,,,411.239990234375,411.5,410.5199890136719,410.6700134277344,95646.0
2024-03-28 18:30:00+00:00,,,,,,,,,,,411.92999267578125,412.0350036621094,410.5534973144531,411.239990234375,106503.0
2024-03-28 19:30:00+00:00,,,,,,,,,,,410.6600036621094,412.1499938964844,410.42999267578125,411.92999267578125,235617.0
2024-04-01 13:30:00+00:00,,,,,,,,,,,405.2300109863281,411.9200134277344,404.7200012207031,410.1700134277344,271566.0
2024-04-01 14:30:00+00:00,,,,,,,,,,,407.05999755859375,407.9700012207031,404.7200012207031,405.2250061035156,131473.0
2024-04-01 15:30:00+00:00,,,,,,,,,,,406.1600036621094,407.07000732421875,405.69500732421875,407.0199890136719,119877.0
2024-04-01 16:30:00+00:00,,,,,,,,,,,405.9200134277344,406.80999755859375,405.3550109863281,406.260009765625,82851.0
2024-04-01 17:30:00+00:00,,,,,,,,,,,405.6600036621094,406.7099914550781,405.489501953125,405.9700012207031,97027.0
2024-04-01 18:30:00+00:00,,,,,,,,,,,404.54998779296875,406.2049865722656,404.54998779296875,405.7049865722656,114333.0
2024-04-01 19:30:00+00:00,,,,,,,,,,,403.9700012207031,404.9599914550781,403.67999267578125,404.7099914550781,273889.0
2024-04-02 13:30:00+00:00,,,,,,,,,,,405.2749938964844,409.70001220703125,404.510009765625,405.0,212324.0
2024-04-02 14:30:00+00:00,,,,,,,,,,,404.4100036621094,406.4200134277344,403.67999267578125,405.239990234375,147132.0
2024-04-02 15:30:00+00:00,,,,,,,,,,,403.9100036621094,404.44000244140625,402.3999938964844,404.0799865722656,100918.0
2024-04-02 16:30:00+00:00,,,,,,,,,,,403.25,404.3349914550781,403.010009765625,403.8500061035156,75047.0
2024-04-02 17:30:00+00:00,,,,,,,,,,,403.4599914550781,403.6799011230469,402.239990234375,403.2699890136719,67466.0
2024-04-02 18:30:00+00:00,,,,,,,,,,,404.1000061035156,404.25,403.3900146484375,403.4700012207031,85154.0
2024-04-02 19:30:00+00:00,,,,,,,,,,,404.1700134277344,404.55499267578125,403.70001220703125,404.20001220703125,217636.0
2024-04-03 13:30:00+00:00,,,,,,,,,,,405.9700012207031,408.6499938964844,403.5,404.2300109863281,198374.0
2024-04-03 14:30:00+00:00,,,,,,,,,,,404.6600036621094,406.19000244140625,404.45001220703125,405.82000732421875,85958.0
2024-04-03 15:30:00+00:00,,,,,,,,,,,404.20001220703125,404.92999267578125,403.2850036621094,404.7650146484375,101468.0
2024-04-03 16:30:00+00:00,,,,,,,,,,,405.1600036621094,405.1600036621094,403.5249938964844,404.1400146484375,63806.0
2024-04-03 17:30:00+00:00,,,,,,,,,,,404.76251220703125,405.4399108886719,404.7300109863281,405.19000244140625,57847.0
2024-04-03 18:30:00+00:00,,,,,,,,,,,404.79998779296875,405.1449890136719,404.1700134277344,404.7200012207031,92946.0
2024-04-03 19:30:00+00:00,,,,,,,,,,,406.30999755859375,406.44000244140625,404.739990234375,404.7699890136719,221117.0
2024-04-04 13:30:00+00:00,,,,,,,,,,,413.19500732421875,413.8299865722656,409.489990234375,410.6700134277344,228756.0
2024-04-04 14:30:00+00:00,,,,,,,,,,,412.82000732421875,413.9200134277344,412.1300048828125,413.1099853515625,107192.0
2024-04-04 15:30:00+00:00,,,,,,,,,,,412.9849853515625,413.7300109863281,412.5899963378906,412.70001220703125,107446.0
2024-04-04 16:30:00+00:00,,,,,,,,,,,413.1050109863281,413.7900085449219,412.5899963378906,412.9649963378906,66592.0
2024-04-04 17:30:00+00:00,,,,,,,,,,,409.7200012207031,413.1300048828125,409.7200012207031,413.04998779296875,117132.0
2024-04-04 18:30:00+00:00,,,,,,,,,,,406.1700134277344,410.3999938964844,406.1199951171875,409.8099060058594,203582.0
2024-04-04 19:30:00+00:00,,,,,,,,,,,407.1099853515625,407.489990234375,405.32000732421875,406.3900146484375,193199.0
2024-04-05 13:30:00+00:00,,,,,,,,,,,408.114990234375,409.3900146484375,406.010009765625,408.6499938964844,144588.0
2024-04-05 14:30:00+00:00,,,,,,,,,,,409.57000732421875,410.239990234375,407.94000244140625,408.0,133257.0
2024-04-05 15:30:00+00:00,,,,,,,,,,,411.04998779296875,411.489990234375,409.30999755859375,409.510009765625,83942.0
2024-04-05 16:30:00+00:00,,,,,,,,,,,410.7349853515625,411.7550048828125,409.9549865722656,411.0799865722656,70962.0
2024-04-05 17:30:00+00:00,,,,,,,,,,,410.7799987792969,411.92999267578125,409.9549865722656,410.80999755859375,83391.0
2024-04-05 18:30:00+00:00,,,,,,,,,,,411.82501220703125,411.885009765625,410.5425109863281,410.8900146484375,74813.0
2024-04-05 19:30:00+00:00,,,,,,,,,,,412.5400085449219,413.1499938964844,411.6600036621094,411.8299865722656,249426.0
2024-04-08 13:30:00+00:00,,,,,,,,,,,412.1199951171875,414.79998779296875,409.8699951171875,413.0,267990.0
2024-04-08 14:30:00+00:00,,,,,,,,,,,411.20001220703125,412.989990234375,410.82000732421875,412.114990234375,134863.0
2024-04-08 15:30:00+00:00,,,,,,,,,,,411.4949951171875,411.4949951171875,409.6499938964844,411.1700134277344,131080.0
2024-04-08 16:30:00+00:00,,,,,,,,,,,411.82000732421875,411.8399963378906,410.885009765625,411.6300048828125,63220.0
2024-04-08 17:30:00+00:00,,,,,,,,,,,412.0299987792969,412.6700134277344,411.42999267578125,411.82501220703125,89151.0
2024-04-08 18:30:00+00:00,,,,,,,,,,,413.1199951171875,413.2200012207031,411.80499267578125,412.0299987792969,120203.0
2024-04-08 19:30:00+00:00,,,,,,,,,,,410.82000732421875,413.1700134277344,410.4100036621094,413.1199951171875,257720.0
2024-04-09 13:30:00+00:00,,,,,,,,,,,411.7200012207031,413.8999938964844,410.70001220703125,413.4800109863281,154583.0
2024-04-09 14:30:00+00:00,,,,,,,,,,,412.20001220703125,412.2200012207031,409.4599914550781,411.2300109863281,187095.0
2024-04-09 15:30:00+00:00,,,,,,,,,,,412.32000732421875,412.67999267578125,411.5899963378906,412.1700134277344,118819.0
2024-04-09 16:30:00+00:00,,,,,,,,,,,412.32501220703125,412.79998779296875,411.5799865722656,412.4700012207031,61364.0
2024-04-09 17:30:00+00:00,,,,,,,,,,,411.8299865722656,412.70001220703125,411.43499755859375,412.3599853515625,69049.0
2024-04-09 18:30:00+00:00,,,,,,,,,,,412.7698974609375,412.7698974609375,410.739990234375,411.7550048828125,138010.0
2024-04-09 19:30:00+00:00,,,,,,,,,,,411.489990234375,412.7699890136719,411.1000061035156,412.57000732421875,252575.0
2024-04-10 13:30:00+00:00,,,,,,,,,,,411.20001220703125,412.32000732421875,404.40008544921875,406.8900146484375,226374.0
2024-04-10 14:30:00+00:00,,,,,,,,,,,410.32000732421875,412.0799865722656,409.2699890136719,411.0877990722656,100554.0
2024-04-10 15:30:00+00:00,,,,,,,,,,,411.4621887207031,411.8900146484375,409.29010009765625,410.2974853515625,131487.0
2024-04-10 16:30:00+00:00,,,,,,,,,,,411.739990234375,412.7149963378906,409.7900085449219,411.54998779296875,91900.0
2024-04-10 17:30:00+00:00,,,,,,,,,,,409.4849853515625,412.1650085449219,409.3500061035156,411.8599853515625,146012.0
2024-04-10 18:30:00+00:00,,,,,,,,,,,410.4800109863281,411.3299865722656,408.6099853515625,409.4200134277344,235923.0
2024-04-10 19:30:00+00:00,,,,,,,,,,,411.8900146484375,412.3999938964844,409.7699890136719,410.4049987792969,303357.0
2024-04-11 13:30:00+00:00,,,,,,,,,,,409.1400146484375,412.7950134277344,408.75,412.739990234375,463123.0
2024-04-11 14:30:00+00:00,,,,,,,,,,,408.385009765625,410.3399963378906,406.9150085449219,409.30999755859375,196808.0
2024-04-11 15:30:00+00:00,,,,,,,,,,,409.3999938964844,409.7699890136719,407.625,408.5249938964844,147795.0
2024-04-11 16:30:00+00:00,,,,,,,,,,,411.5249938964844,412.3999938964844,409.18499755859375,409.364990234375,114956.0
2024-04-11 17:30:00+00:00,,,,,,,,,,,413.13751220703125,413.8900146484375,411.4800109863281,411.7200012207031,94238.0
2024-04-11 18:30:00+00:00,,,,,,,,,,,413.1400146484375,414.05999755859375,412.4400939941406,413.260009765625,109055.0
2024-04-11 19:30:00+00:00,,,,,,,,,,,412.7200012207031,413.3999938964844,412.239990234375,413.0899963378906,161974.0
2024-04-12 13:30:00+00:00,,,,,,,,,,,406.69000244140625,412.489990234375,404.7200012207031,411.25,263268.0
2024-04-12 14:30:00+00:00,,,,,,,,,,,406.5530090332031,408.239990234375,406.2699890136719,406.55999755859375,131657.0
2024-04-12 15:30:00+00:00,,,,,,,,,,,402.5799865722656,406.6000061035156,402.3399963378906,406.4849853515625,146954.0
2024-04-12 16:30:00+00:00,,,,,,,,,,,397.6647033691406,402.5249938964844,397.54998779296875,402.5249938964844,207240.0
2024-04-12 17:30:00+00:00,,,,,,,,,,,399.17999267578125,399.7900085449219,396.80999755859375,397.67999267578125,193544.0
2024-04-12 18:30:00+00:00,,,,,,,,,,,397.75,399.989990234375,397.75,398.9599914550781,227989.0
2024-04-12 19:30:00+00:00,,,,,,,,,,,397.3399963378906,399.55999755859375,396.94000244140625,397.67999267578125,428385.0
2024-04-15 13:30:00+00:00,,,,,,,,,,,399.3900146484375,404.2200012207031,398.739990234375,402.2900085449219,188779.0
2024-04-15 14:30:00+00:00,,,,,,,,,,,398.4200134277344,400.010009765625,397.5,399.1700134277344,134007.0
2024-04-15 15:30:00+00:00,,,,,,,,,,,397.5899963378906,399.2349853515625,397.3999938964844,398.5,102273.0
2024-04-15 16:30:00+00:00,,,,,,,,,,,394.8500061035156,397.67999267578125,394.7300109863281,397.5299987792969,87236.0
2024-04-15 17:30:00+00:00,,,,,,,,,,,393.864990234375,395.260009765625,393.239990234375,394.7461853027344,132785.0
2024-04-15 18:30:00+00:00,,,,,,,,,,,393.7099914550781,395.07000732421875,392.57000732421875,393.75,115302.0
2024-04-15 19:30:00+00:00,,,,,,,,,,,393.739990234375,395.1400146484375,393.55999755859375,393.7699890136719,313528.0
2024-04-16 13:30:00+00:00,,,,,,,,,,,389.8999938964844,392.75,386.6400146484375,392.260009765625,488017.0
2024-04-16 14:30:00+00:00,,,,,,,,,,,392.42498779296875,392.5150146484375,388.9700012207031,389.9049987792969,179857.0
2024-04-16 15:30:00+00:00,,,,,,,,,,,393.6449890136719,394.2550048828125,392.0299987792969,392.3500061035156,112898.0
2024-04-16 16:30:00+00:00,,,,,,,,,,,394.0450134277344,394.4800109863281,392.760009765625,393.69000244140625,127809.0
2024-04-16 17:30:00+00:00,,,,,,,,,,,392.385009765625,395.7049865722656,391.8500061035156,394.1400146484375,197877.0
2024-04-16 18:30:00+00:00,,,,,,,,,,,394.3999938964844,394.9200134277344,392.42999267578125,392.5299987792969,166139.0
2024-04-16 19:30:00+00:00,,,,,,,,,,,393.0,394.3299865722656,392.0,394.30999755859375,267139.0
2024-04-17 13:30:00+00:00,,,,,,,,,,,396.2200012207031,397.6199951171875,395.70001220703125,396.0,244784.0
2024-04-17 14:30:00+00:00,,,,,,,,,,,395.42999267578125,397.5899963378906,395.2449951171875,396.2225036621094,203878.0
2024-04-17 15:30:00+00:00,,,,,,,,,,,393.69500732421875,395.0,392.3900146484375,395.0,102949.0
2024-04-17 16:30:00+00:00,,,,,,,,,,,394.510009765625,394.6098937988281,392.5799865722656,393.75250244140625,79353.0
2024-04-17 17:30:00+00:00,,,,,,,,,,,395.9100036621094,396.32000732421875,394.5950012207031,394.70001220703125,100889.0
2024-04-17 18:30:00+00:00,,,,,,,,,,,395.4800109863281,397.32000732421875,394.2749938964844,395.7900085449219,120882.0
2024-04-17 19:30:00+00:00,,,,,,,,,,,396.8900146484375,397.0400085449219,395.19500732421875,395.5799865722656,314942.0
2024-04-18 13:30:00+00:00,,,,,,,,,,,400.75,400.84991455078125,397.4024963378906,398.4800109863281,149591.0
2024-04-18 14:30:00+00:00,,,,,,,,,,,400.3699951171875,402.27899169921875,400.3699951171875,400.7900085449219,127393.0
2024-04-18 15:30:00+00:00,,,,,,,,,,,400.31500244140625,400.5950012207031,399.24609375,400.2099914550781,139515.0
2024-04-18 16:30:00+00:00,,,,,,,,,,,397.94500732421875,400.6400146484375,396.7200012207031,400.30499267578125,89329.0
2024-04-18 17:30:00+00:00,,,,,,,,,,,397.7699890136719,398.45001220703125,396.8900146484375,398.20001220703125,72880.0
2024-04-18 18:30:00+00:00,,,,,,,,,,,398.6300048828125,399.1000061035156,397.0,397.80499267578125,110360.0
2024-04-18 19:30:00+00:00,,,,,,,,,,,400.7099914550781,401.3999938964844,398.19000244140625,398.5122985839844,490848.0
2024-04-19 13:30:00+00:00,,,,,,,,,,,401.2300109863281,402.9798889160156,399.385009765625,400.9700012207031,160294.0
2024-04-19 14:30:00+00:00,,,,,,,,,,,401.0799865722656,402.510009765625,400.69000244140625,401.4100036621094,68654.0
2024-04-19 15:30:00+00:00,,,,,,,,,,,400.0050048828125,401.8999938964844,399.9700012207031,401.1600036621094,58732.0
2024-04-19 16:30:00+00:00,,,,,,,,,,,399.5350036621094,400.94000244140625,399.260009765625,399.7650146484375,72103.0
2024-04-19 17:30:00+00:00,,,,,,,,,,,400.2499084472656,400.9200134277344,398.7550048828125,399.3500061035156,122563.0
2024-04-19 18:30:00+00:00,,,,,,,,,,,401.2449951171875,401.510009765625,399.1199951171875,400.2349853515625,92251.0
2024-04-19 19:30:00+00:00,,,,,,,,,,,400.32000732421875,401.45001220703125,399.8349914550781,401.2799987792969,233947.0
2024-04-22 13:30:00+00:00,,,,,,,,,,,397.5199890136719,402.8900146484375,392.17999267578125,398.8500061035156,304106.0
2024-04-22 14:30:00+00:00,,,,,,,,,,,397.81500244140625,398.9800109863281,396.7850036621094,397.3399963378906,115040.0
2024-04-22 15:30:00+00:00,,,,,,,,,,,397.005615234375,398.4700012207031,396.7699890136719,397.94000244140625,83378.0
2024-04-22 16:30:00+00:00,,,,,,,,,,,400.2200012207031,400.2200012207031,396.590087890625,397.1600036621094,65393.0
2024-04-22 17:30:00+00:00,,,,,,,,,,,401.69000244140625,402.07501220703125,399.668701171875,400.1700134277344,79596.0
2024-04-22 18:30:00+00:00,,,,,,,,,,,401.57000732421875,402.0899963378906,400.8999938964844,401.5199890136719,60327.0
2024-04-22 19:30:00+00:00,,,,,,,,,,,399.7200012207031,401.5050048828125,399.3900146484375,401.4700012207031,143242.0
2024-04-23 13:30:00+00:00,,,,,,,,,,,404.0050048828125,404.5899963378906,399.93499755859375,400.8699951171875,196404.0
2024-04-23 14:30:00+00:00,,,,,,,,,,,401.7799987792969,405.6199951171875,401.7799987792969,404.2099914550781,86888.0
2024-04-23 15:30:00+00:00,,,,,,,,,,,399.47869873046875,401.7200012207031,399.260009765625,401.5400085449219,132947.0
2024-04-23 16:30:00+00:00,,,,,,,,,,,398.989990234375,399.8900146484375,398.3399963378906,399.5849914550781,94823.0
2024-04-23 17:30:00+00:00,,,,,,,,,,,398.3999938964844,399.54998779296875,398.1099853515625,398.9649963378906,162369.0
2024-04-23 18:30:00+00:00,,,,,,,,,,,399.0799865722656,400.29998779296875,398.2900085449219,398.6050109863281,101958.0
2024-04-23 19:30:00+00:00,,,,,,,,,,,397.260009765625,399.1000061035156,396.7200012207031,398.9700012207031,254424.0
2024-04-24 13:30:00+00:00,,,,,,,,,,,396.8900146484375,397.760009765625,393.7200012207031,397.54998779296875,145962.0
2024-04-24 14:30:00+00:00,,,,,,,,,,,394.010009765625,397.19000244140625,393.4100036621094,397.0249938964844,93940.0
2024-04-24 15:30:00+00:00,,,,,,,,,,,393.5899963378906,394.739990234375,393.0199890136719,393.9800109863281,97140.0
2024-04-24 16:30:00+00:00,,,,,,,,,,,394.2424011230469,394.5,392.3699951171875,393.55999755859375,58836.0
2024-04-24 17:30:00+00:00,,,,,,,,,,,394.67999267578125,395.8893127441406,394.2799987792969,394.3999938964844,80590.0
2024-04-24 18:30:00+00:00,,,,,,,,,,,395.5,395.989990234375,393.9200134277344,394.5379943847656,85816.0
2024-04-24 19:30:00+00:00,,,,,,,,,,,394.6199951171875,395.9599914550781,394.5899963378906,395.5,181094.0
2024-04-25 13:30:00+00:00,,,,,,,,,,,388.0,391.7099914550781,384.135009765625,385.7699890136719,289047.0
2024-04-25 14:30:00+00:00,,,,,,,,,,,390.7699890136719,391.0763854980469,387.20001220703125,388.18170166015625,188916.0
2024-04-25 15:30:00+00:00,,,,,,,,,,,390.864013671875,391.30499267578125,389.33648681640625,390.7261047363281,116716.0
2024-04-25 16:30:00+00:00,,,,,,,,,,,389.8299865722656,391.17999267578125,389.5299987792969,390.94000244140625,60438.0
2024-04-25 17:30:00+00:00,,,,,,,,,,,390.489990234375,391.510009765625,389.9100036621094,390.1549987792969,49118.0
2024-04-25 18:30:00+00:00,,,,,,,,,,,393.44000244140625,393.44000244140625,390.25,390.25,87246.0
2024-04-25 19:30:00+00:00,,,,,,,,,,,393.9700012207031,394.9100036621094,391.81500244140625,393.3800048828125,293797.0
2024-04-26 13:30:00+00:00,,,,,,,,,,,394.04998779296875,395.6400146484375,392.010009765625,392.6199951171875,97964.0
2024-04-26 14:30:00+00:00,,,,,,,,,,,391.625,393.989990234375,391.2099914550781,393.7799987792969,78522.0
2024-04-26 15:30:00+00:00,,,,,,,,,,,393.2699890136719,393.55999755859375,391.1000061035156,391.6300048828125,103650.0
2024-04-26 16:30:00+00:00,,,,,,,,,,,393.8299865722656,394.5849914550781,393.17999267578125,393.17999267578125,78656.0
2024-04-26 17:30:00+00:00,,,,,,,,,,,394.5050048828125,394.5050048828125,393.75,393.8424987792969,68481.0
2024-04-26 18:30:00+00:00,,,,,,,,,,,395.0950012207031,395.95001220703125,394.1499938964844,394.44000244140625,136589.0
2024-04-26 19:30:00+00:00,,,,,,,,,,,393.3299865722656,395.1189880371094,393.3299865722656,395.05999755859375,267392.0
2024-04-29 13:30:00+00:00,,,,,,,,,,,399.760009765625,400.8800048828125,395.3399963378906,395.3399963378906,141922.0
2024-04-29 14:30:00+00:00,,,,,,,,,,,401.3399963378906,401.5799865722656,399.5299987792969,399.739990234375,106307.0
2024-04-29 15:30:00+00:00,,,,,,,,,,,402.05010986328125,402.489990234375,400.739990234375,401.4949951171875,96877.0
2024-04-29 16:30:00+00:00,,,,,,,,,,,402.0,402.5,401.0400085449219,402.04998779296875,70098.0
2024-04-29 17:30:00+00:00,,,,,,,,,,,401.3699951171875,402.5899963378906,401.2799987792969,401.82000732421875,52709.0
2024-04-29 18:30:00+00:00,,,,,,,,,,,400.20001220703125,401.3900146484375,399.510009765625,401.17498779296875,79503.0
2024-04-29 19:30:00+00:00,,,,,,,,,,,401.1000061035156,401.3500061035156,400.1000061035156,400.2650146484375,124233.0
2024-04-30 13:30:00+00:00,,,,,,,,,,,395.0,398.3800048828125,393.6000061035156,397.7799987792969,144727.0
2024-04-30 14:30:00+00:00,,,,,,,,,,,393.5350036621094,396.5299987792969,393.04998779296875,395.0199890136719,93386.0
2024-04-30 15:30:00+00:00,,,,,,,,,,,392.1600036621094,394.0199890136719,392.0,393.510009765625,94272.0
2024-04-30 16:30:00+00:00,,,,,,,,,,,391.4849853515625,392.1300048828125,390.62890625,392.1300048828125,53431.0
2024-04-30 17:30:00+00:00,,,,,,,,,,,391.6099853515625,392.30999755859375,391.0199890136719,391.489990234375,47377.0
2024-04-30 18:30:00+00:00,,,,,,,,,,,390.4700012207031,391.9200134277344,390.1300964355469,391.5260009765625,78782.0
2024-04-30 19:30:00+00:00,,,,,,,,,,,391.4200134277344,392.20001220703125,390.55999755859375,390.6600036621094,215630.0
2024-05-01 13:30:00+00:00,,,,,,,,,,,385.7550048828125,390.3299865722656,383.7699890136719,388.9549865722656,308727.0
2024-05-01 14:30:00+00:00,,,,,,,,,,,386.0874938964844,386.8800048828125,384.82000732421875,385.81500244140625,190635.0
2024-05-01 15:30:00+00:00,,,,,,,,,,,386.6099853515625,386.6549987792969,385.739990234375,386.08990478515625,127975.0
2024-05-01 16:30:00+00:00,,,,,,,,,,,385.80999755859375,387.0299987792969,385.3699951171875,386.5950012207031,170859.0
2024-05-01 17:30:00+00:00,,,,,,,,,,,388.3900146484375,388.7250061035156,384.4750061035156,385.67999267578125,276902.0
2024-05-01 18:30:00+00:00,,,,,,,,,,,389.4800109863281,391.2300109863281,386.7200012207031,388.3900146484375,243829.0
2024-05-01 19:30:00+00:00,,,,,,,,,,,387.5199890136719,389.364990234375,386.0299987792969,389.3599853515625,428949.0
2024-05-02 13:30:00+00:00,,,,,,,,,,,390.45001220703125,390.8590087890625,385.7099914550781,388.6199951171875,322383.0
2024-05-02 14:30:00+00:00,,,,,,,,,,,393.635009765625,394.0199890136719,389.4599914550781,390.510009765625,295669.0
2024-05-02 15:30:00+00:00,,,,,,,,,,,393.6700134277344,395.2650146484375,393.2699890136719,393.635009765625,214654.0
2024-05-02 16:30:00+00:00,,,,,,,,,,,395.3900146484375,395.3900146484375,392.3900146484375,393.68499755859375,96129.0
2024-05-02 17:30:00+00:00,,,,,,,,,,,395.17999267578125,395.489990234375,394.1199951171875,395.2799987792969,135053.0
2024-05-02 18:30:00+00:00,,,,,,,,,,,396.7699890136719,398.3699951171875,395.0,395.1946105957031,268168.0
2024-05-02 19:30:00+00:00,,,,,,,,,,,396.07000732421875,397.0899963378906,394.79998779296875,396.6300048828125,270082.0
2024-05-03 13:30:00+00:00,,,,,,,,,,,397.5799865722656,401.3399963378906,396.1499938964844,399.6400146484375,255666.0
2024-05-03 14:30:00+00:00,,,,,,,,,,,396.0299987792969,397.95001220703125,394.8500061035156,397.4949951171875,119631.0
2024-05-03 15:30:00+00:00,,,,,,,,,,,397.1400146484375,397.5,395.68011474609375,396.0867919921875,87486.0
2024-05-03 16:30:00+00:00,,,,,,,,,,,397.29998779296875,397.8900146484375,397.04998779296875,397.2850036621094,86216.0
2024-05-03 17:30:00+00:00,,,,,,,,,,,399.010009765625,399.17999267578125,397.1499938964844,397.4200134277344,96798.0
2024-05-03 18:30:00+00:00,,,,,,,,,,,399.739990234375,399.8399963378906,398.7200012207031,398.8800048828125,97574.0
2024-05-03 19:30:00+00:00,,,,,,,,,,,400.8599853515625,401.1499938964844,399.3599853515625,399.739990234375,199595.0
2024-05-06 13:30:00+00:00,,,,,,,,,,,403.5199890136719,407.0,403.0700988769531,405.0,171856.0
2024-05-06 14:30:00+00:00,,,,,,,,,,,400.94000244140625,403.614990234375,400.79998779296875,403.5199890136719,102983.0
2024-05-06 15:30:00+00:00,,,,,,,,,,,400.375,401.1199951171875,399.5799865722656,400.95001220703125,88263.0
2024-05-06 16:30:00+00:00,,,,,,,,,,,400.17999267578125,400.3800048828125,399.19439697265625,400.3800048828125,75721.0
2024-05-06 17:30:00+00:00,,,,,,,,,,,401.3299865722656,401.54998779296875,399.760009765625,400.0726013183594,123119.0
2024-05-06 18:30:00+00:00,,,,,,,,,,,400.5400085449219,401.95001220703125,400.17559814453125,401.4599914550781,113652.0
2024-05-06 19:30:00+00:00,,,,,,,,,,,401.75,401.989990234375,400.375,400.5299987792969,166959.0
2024-05-07 13:30:00+00:00,,,,,,,,,,,406.2799987792969,406.57000732421875,402.739990234375,403.6600036621094,109172.0
2024-05-07 14:30:00+00:00,,,,,,,,,,,405.4800109863281,406.4800109863281,404.75,406.2799987792969,101599.0
2024-05-07 15:30:00+00:00,,,,,,,,,,,405.69000244140625,405.94000244140625,404.2799987792969,405.375,82697.0
2024-05-07 16:30:00+00:00,,,,,,,,,,,405.4599914550781,405.8599853515625,404.3500061035156,405.8599853515625,77184.0
2024-05-07 17:30:00+00:00,,,,,,,,,,,404.635009765625,405.3500061035156,404.002685546875,405.2850036621094,81593.0
2024-05-07 18:30:00+00:00,,,,,,,,,,,405.3399963378906,405.4700012207031,403.94000244140625,404.5400085449219,92485.0
2024-05-07 19:30:00+00:00,,,,,,,,,,,405.55999755859375,406.1700134277344,404.92999267578125,405.1700134277344,154359.0
2024-05-08 13:30:00+00:00,,,,,,,,,,,405.57501220703125,406.95989990234375,401.4599914550781,404.2200012207031,130407.0
2024-05-08 14:30:00+00:00,,,,,,,,,,,406.2699890136719,406.4100036621094,405.0249938964844,405.55999755859375,56285.0
2024-05-08 15:30:00+00:00,,,,,,,,,,,405.4100036621094,406.7200012207031,405.2799987792969,406.2349853515625,51022.0
2024-05-08 16:30:00+00:00,,,,,,,,,,,404.30999755859375,405.474609375,404.2099914550781,405.30999755859375,52322.0
2024-05-08 17:30:00+00:00,,,,,,,,,,,405.6700134277344,405.69000244140625,403.8500061035156,404.30999755859375,66894.0
2024-05-08 18:30:00+00:00,,,,,,,,,,,405.9473876953125,406.2200012207031,405.010009765625,405.7099914550781,72810.0
2024-05-08 19:30:00+00:00,,,,,,,,,,,405.32000732421875,406.489990234375,405.2300109863281,405.94000244140625,108922.0
2024-05-09 13:30:00+00:00,,,,,,,,,,,409.3800048828125,409.80999755859375,405.4200134277344,405.4200134277344,145557.0
2024-05-09 14:30:00+00:00,,,,,,,,,,,409.25,410.2200012207031,408.4100036621094,409.67999267578125,125295.0
2024-05-09 15:30:00+00:00,,,,,,,,,,,408.4750061035156,409.30999755859375,408.3599853515625,409.2049865722656,81263.0
2024-05-09 16:30:00+00:00,,,,,,,,,,,409.6600036621094,409.9100036621094,408.55999755859375,408.55999755859375,68985.0
2024-05-09 17:30:00+00:00,,,,,,,,,,,409.57000732421875,409.760009765625,409.1700134277344,409.6199951171875,66280.0
2024-05-09 18:30:00+00:00,,,,,,,,,,,410.0,410.489990234375,409.4100036621094,409.5400085449219,101212.0
2024-05-09 19:30:00+00:00,,,,,,,,,,,409.0299987792969,410.42999267578125,408.79998779296875,409.9100036621094,236101.0
2024-05-10 13:30:00+00:00,,,,,,,,,,,407.6650085449219,411.69000244140625,407.0,410.5,387296.0
2024-05-10 14:30:00+00:00,,,,,,,,,,,407.1099853515625,407.8299865722656,406.4700012207031,407.5199890136719,148545.0
2024-05-10 15:30:00+00:00,,,,,,,,,,,407.6300048828125,407.82000732421875,405.6700134277344,407.05999755859375,161950.0
2024-05-10 16:30:00+00:00,,,,,,,,,,,407.9230041503906,408.42999267578125,407.20001220703125,407.7900085449219,63459.0
2024-05-10 17:30:00+00:00,,,,,,,,,,,408.739990234375,408.8800048828125,407.17999267578125,407.8699951171875,126453.0
2024-05-10 18:30:00+00:00,,,,,,,,,,,409.32501220703125,409.54998779296875,408.25,408.739990234375,110102.0
2024-05-10 19:30:00+00:00,,,,,,,,,,,407.8399963378906,409.32501220703125,407.80999755859375,409.32501220703125,267967.0
2024-05-13 13:30:00+00:00,,,,,,,,,,,414.75,416.56500244140625,407.9150085449219,409.0,285409.0
2024-05-13 14:30:00+00:00,,,,,,,,,,,412.9100036621094,414.8900146484375,411.40008544921875,414.760009765625,139529.0
2024-05-13 15:30:00+00:00,,,,,,,,,,,410.3299865722656,412.25,410.1300048828125,412.25,167723.0
2024-05-13 16:30:00+00:00,,,,,,,,,,,409.2699890136719,410.29998779296875,408.3949890136719,410.1499938964844,157154.0
2024-05-13 17:30:00+00:00,,,,,,,,,,,408.6300048828125,409.9200134277344,408.3999938964844,409.1400146484375,131375.0
2024-05-13 18:30:00+00:00,,,,,,,,,,,409.3399963378906,410.07000732421875,408.2200012207031,408.6700134277344,154544.0
2024-05-13 19:30:00+00:00,,,,,,,,,,,407.9599914550781,409.4599914550781,407.55999755859375,409.3399963378906,198791.0
2024-05-14 13:30:00+00:00,,,,,,,,,,,415.42498779296875,417.4649963378906,410.0,410.0,541322.0
2024-05-14 14:30:00+00:00,,,,,,,,,,,415.5249938964844,416.0,414.05499267578125,415.43499755859375,183887.0
2024-05-14 15:30:00+00:00,,,,,,,,,,,413.9100036621094,416.0,413.9100036621094,415.3500061035156,101559.0
2024-05-14 16:30:00+00:00,,,,,,,,,,,413.19000244140625,414.4200134277344,412.94000244140625,414.07080078125,98954.0
2024-05-14 17:30:00+00:00,,,,,,,,,,,411.7799987792969,413.2799987792969,411.0,413.1600036621094,143863.0
2024-05-14 18:30:00+00:00,,,,,,,,,,,413.0,413.0199890136719,411.70001220703125,411.7799987792969,158731.0
2024-05-14 19:30:00+00:00,,,,,,,,,,,412.8399963378906,413.864990234375,412.4700012207031,412.9100036621094,228969.0
2024-05-15 13:30:00+00:00,,,,,,,,,,,412.5899963378906,416.5299987792969,412.5899963378906,414.67999267578125,225516.0
2024-05-15 14:30:00+00:00,,,,,,,,,,,415.1099853515625,415.4100036621094,412.2550048828125,412.6099853515625,192553.0
2024-05-15 15:30:00+00:00,,,,,,,,,,,415.5899963378906,416.3299865722656,414.9599914550781,415.1549987792969,181612.0
2024-05-15 16:30:00+00:00,,,,,,,,,,,415.2130126953125,416.1499938964844,415.010009765625,415.5799865722656,158576.0
2024-05-15 17:30:00+00:00,,,,,,,,,,,414.6099853515625,415.7803955078125,414.3599853515625,415.20001220703125,167465.0
2024-05-15 18:30:00+00:00,,,,,,,,,,,414.55999755859375,415.25,413.82000732421875,414.6099853515625,227831.0
2024-05-15 19:30:00+00:00,,,,,,,,,,,414.2300109863281,415.33990478515625,413.80999755859375,414.635009765625,405153.0
2024-05-16 13:30:00+00:00,,,,,,,,,,,402.67999267578125,410.0,398.1099853515625,406.8900146484375,1314032.0
2024-05-16 14:30:00+00:00,,,,,,,,,,,402.05999755859375,405.7799987792969,399.69061279296875,402.6700134277344,462154.0
2024-05-16 15:30:00+00:00,,,,,,,,,,,398.7900085449219,402.8599853515625,398.25,401.8399963378906,324838.0
2024-05-16 16:30:00+00:00,,,,,,,,,,,397.760009765625,400.2900085449219,397.2886962890625,398.8800048828125,257344.0
2024-05-16 17:30:00+00:00,,,,,,,,,,,396.9949951171875,398.7300109863281,396.55999755859375,397.8399963378906,182019.0
2024-05-16 18:30:00+00:00,,,,,,,,,,,394.9949951171875,397.7699890136719,394.6000061035156,396.9949951171875,308382.0
2024-05-16 19:30:00+00:00,,,,,,,,,,,394.3399963378906,395.9200134277344,394.17999267578125,394.9100036621094,473321.0
2024-05-17 13:30:00+00:00,,,,,,,,,,,394.035400390625,394.989990234375,391.5400085449219,394.4700012207031,290973.0
2024-05-17 14:30:00+00:00,,,,,,,,,,,392.25,394.1000061035156,392.0799865722656,393.9200134277344,148905.0
2024-05-17 15:30:00+00:00,,,,,,,,,,,393.010009765625,393.3500061035156,391.5799865722656,392.29998779296875,150404.0
2024-05-17 16:30:00+00:00,,,,,,,,,,,394.4150085449219,394.6700134277344,392.17999267578125,393.010009765625,130447.0
2024-05-17 17:30:00+00:00,,,,,,,,,,,395.1408996582031,396.1449890136719,394.2401123046875,394.42999267578125,195665.0
2024-05-17 18:30:00+00:00,,,,,,,,,,,396.0150146484375,396.2200012207031,395.1400146484375,395.239990234375,213809.0
2024-05-17 19:30:00+00:00,,,,,,,,,,,397.2799987792969,397.5899963378906,396.0150146484375,396.0150146484375,270291.0
2024-05-20 13:30:00+00:00,,,,,,,,,,,395.2699890136719,396.82501220703125,392.989990234375,395.75,161591.0
2024-05-20 14:30:00+00:00,,,,,,,,,,,394.6000061035156,396.3299865722656,394.42999267578125,395.0481872558594,136403.0
2024-05-20 15:30:00+00:00,,,,,,,,,,,393.7699890136719,395.0,393.2699890136719,394.69000244140625,93809.0
2024-05-20 16:30:00+00:00,,,,,,,,,,,393.0899963378906,394.1099853515625,392.67999267578125,393.80999755859375,135352.0
2024-05-20 17:30:00+00:00,,,,,,,,,,,392.7900085449219,393.4700012207031,392.0,393.0799865722656,154920.0
2024-05-20 18:30:00+00:00,,,,,,,,,,,392.58099365234375,393.0,392.2200012207031,392.7900085449219,110120.0
2024-05-20 19:30:00+00:00,,,,,,,,,,,391.5799865722656,392.7349853515625,390.94000244140625,392.69000244140625,239177.0
2024-05-21 13:30:00+00:00,,,,,,,,,,,389.0805969238281,391.17999267578125,388.67999267578125,390.92999267578125,198207.0
2024-05-21 14:30:00+00:00,,,,,,,,,,,387.69000244140625,389.2300109863281,387.0,389.0950012207031,144946.0
2024-05-21 15:30:00+00:00,,,,,,,,,,,385.8900146484375,387.7699890136719,385.6499938964844,387.70001220703125,128666.0
2024-05-21 16:30:00+00:00,,,,,,,,,,,385.9800109863281,386.57000732421875,385.6730041503906,385.8999938964844,114041.0
2024-05-21 17:30:00+00:00,,,,,,,,,,,386.0899963378906,386.8800048828125,385.8299865722656,385.9049987792969,102966.0
2024-05-21 18:30:00+00:00,,,,,,,,,,,385.7699890136719,386.239990234375,385.2200012207031,386.0899963378906,172621.0
2024-05-21 19:30:00+00:00,,,,,,,,,,,386.75,387.0799865722656,385.7099914550781,385.75,257581.0
2024-05-22 13:30:00+00:00,,,,,,,,,,,387.2427062988281,388.1400146484375,384.95001220703125,386.0,195458.0
2024-05-22 14:30:00+00:00,,,,,,,,,,,387.2200012207031,388.04998779296875,386.70001220703125,387.1499938964844,147646.0
2024-05-22 15:30:00+00:00,,,,,,,,,,,387.80999755859375,387.9284973144531,386.8399963378906,387.2200012207031,85510.0
2024-05-22 16:30:00+00:00,,,,,,,,,,,387.4200134277344,388.55999755859375,387.28009033203125,387.8349914550781,125236.0
2024-05-22 17:30:00+00:00,,,,,,,,,,,385.0899963378906,387.7099914550781,385.0,387.2950134277344,82807.0
2024-05-22 18:30:00+00:00,,,,,,,,,,,385.3349914550781,385.7699890136719,384.25,385.1099853515625,127126.0
2024-05-22 19:30:00+00:00,,,,,,,,,,,385.9100036621094,386.260009765625,384.8699951171875,385.3399963378906,241537.0
2024-05-23 13:30:00+00:00,,,,,,,,,,,380.6700134277344,387.57000732421875,379.0,387.1300048828125,479073.0
2024-05-23 14:30:00+00:00,,,,,,,,,,,382.0299987792969,382.1600036621094,380.05999755859375,380.7200012207031,187391.0
2024-05-23 15:30:00+00:00,,,,,,,,,,,383.0631103515625,383.07000732421875,381.6400146484375,382.0,117240.0
2024-05-23 16:30:00+00:00,,,,,,,,,,,381.614990234375,383.1700134277344,380.1499938964844,383.1099853515625,175167.0
2024-05-23 17:30:00+00:00,,,,,,,,,,,379.2099914550781,381.6600036621094,379.1409912109375,381.6400146484375,151799.0
2024-05-23 18:30:00+00:00,,,,,,,,,,,380.6050109863281,380.6700134277344,378.9100036621094,379.0799865722656,144963.0
2024-05-23 19:30:00+00:00,,,,,,,,,,,379.2699890136719,380.55999755859375,378.7200012207031,380.5199890136719,221615.0
2024-05-24 13:30:00+00:00,,,,,,,,,,,376.3699951171875,381.3599853515625,375.42999267578125,380.7200012207031,237155.0
2024-05-24 14:30:00+00:00,,,,,,,,,,,374.6499938964844,376.375,373.7300109863281,376.3699951171875,272734.0
2024-05-24 15:30:00+00:00,,,,,,,,,,,375.7699890136719,376.3299865722656,374.2200012207031,374.6199951171875,264448.0
2024-05-24 16:30:00+00:00,,,,,,,,,,,375.3500061035156,376.489990234375,375.1099853515625,375.7200012207031,164754.0
2024-05-24 17:30:00+00:00,,,,,,,,,,,374.2699890136719,375.44000244140625,374.17010498046875,375.3500061035156,105908.0
2024-05-24 18:30:00+00:00,,,,,,,,,,,375.31500244140625,375.3788146972656,374.1059875488281,374.1600036621094,121591.0
2024-05-24 19:30:00+00:00,,,,,,,,,,,374.9599914550781,375.3500061035156,374.1099853515625,375.31500244140625,214873.0
2024-05-28 13:30:00+00:00,,,,,,,,,,,370.79998779296875,375.0,370.79998779296875,375.0,250824.0
2024-05-28 14:30:00+00:00,,,,,,,,,,,370.1600036621094,371.239990234375,369.6499938964844,370.989990234375,169190.0
2024-05-28 15:30:00+00:00,,,,,,,,,,,369.29669189453125,371.2099914550781,369.2250061035156,370.2300109863281,129091.0
2024-05-28 16:30:00+00:00,,,,,,,,,,,368.2449951171875,369.6506042480469,368.2449951171875,369.3299865722656,147176.0
2024-05-28 17:30:00+00:00,,,,,,,,,,,367.5899963378906,368.989501953125,367.1300048828125,368.25,147662.0
2024-05-28 18:30:00+00:00,,,,,,,,,,,367.3699951171875,368.1549987792969,366.9800109863281,367.5899963378906,180630.0
2024-05-28 19:30:00+00:00,,,,,,,,,,,369.2799987792969,369.3599853515625,367.32000732421875,367.3731994628906,268243.0
2024-05-29 13:30:00+00:00,,,,,,,,,,,364.0799865722656,367.8500061035156,363.79998779296875,364.989990234375,338257.0
2024-05-29 14:30:00+00:00,,,,,,,,,,,363.19000244140625,364.5899963378906,362.82000732421875,364.0899963378906,228885.0
2024-05-29 15:30:00+00:00,,,,,,,,,,,365.1549987792969,365.3599853515625,362.67999267578125,363.29998779296875,190027.0
2024-05-29 16:30:00+00:00,,,,,,,,,,,365.42999267578125,365.5899963378906,364.70001220703125,365.0675048828125,168893.0
2024-05-29 17:30:00+00:00,,,,,,,,,,,365.0,365.5299072265625,364.80999755859375,365.4200134277344,144062.0
2024-05-29 18:30:00+00:00,,,,,,,,,,,364.8301086425781,365.1767883300781,364.5199890136719,365.0199890136719,158220.0
2024-05-29 19:30:00+00:00,,,,,,,,,,,364.989990234375,365.0799865722656,364.3699951171875,364.9100036621094,249893.0
2024-05-30 13:30:00+00:00,,,,,,,,,,,365.79998779296875,367.9700012207031,364.95001220703125,365.3399963378906,309987.0
2024-05-30 14:30:00+00:00,,,,,,,,,,,366.3349914550781,366.9173889160156,365.29998779296875,365.75,142772.0
2024-05-30 15:30:00+00:00,,,,,,,,,,,365.32000732421875,366.7149963378906,365.1499938964844,366.3599853515625,162389.0
2024-05-30 16:30:00+00:00,,,,,,,,,,,367.4200134277344,367.42999267578125,365.29998779296875,365.31500244140625,92677.0
2024-05-30 17:30:00+00:00,,,,,,,,,,,367.5799865722656,368.1199951171875,366.6400146484375,367.4242858886719,94076.0
2024-05-30 18:30:00+00:00,,,,,,,,,,,368.2449951171875,368.3399963378906,367.1499938964844,367.5356140136719,110596.0
2024-05-30 19:30:00+00:00,,,,,,,,,,,368.3800048828125,368.5799865722656,367.4100036621094,368.29998779296875,196959.0
2024-05-31 13:30:00+00:00,,,,,,,,,,,367.1400146484375,370.3399963378906,366.31500244140625,369.6000061035156,227069.0
2024-05-31 14:30:00+00:00,,,,,,,,,,,368.1300048828125,369.739990234375,367.1400146484375,367.1400146484375,199728.0
2024-05-31 15:30:00+00:00,,,,,,,,,,,368.7449951171875,368.81280517578125,367.57000732421875,368.010009765625,97772.0
2024-05-31 16:30:00+00:00,,,,,,,,,,,369.7300109863281,369.7300109863281,367.989990234375,368.82000732421875,81083.0
2024-05-31 17:30:00+00:00,,,,,,,,,,,370.3599853515625,370.80999755859375,369.54998779296875,369.6600036621094,94687.0
2024-05-31 18:30:00+00:00,,,,,,,,,,,370.9800109863281,371.19000244140625,370.05499267578125,370.3800048828125,106711.0
2024-05-31 19:30:00+00:00,,,,,,,,,,,374.489990234375,375.0799865722656,370.69000244140625,370.8699951171875,362713.0
2024-06-03 13:30:00+00:00,,,,,,,,,,,370.75,375.489990234375,369.44000244140625,375.3599853515625,238736.0
2024-06-03 14:30:00+00:00,,,,,,,,,,,367.7149963378906,370.9100036621094,366.5899963378906,370.9100036621094,126553.0
2024-06-03 15:30:00+00:00,,,,,,,,,,,364.8299865722656,368.2550048828125,364.6199951171875,368.0350036621094,185504.0
2024-06-03 16:30:00+00:00,,,,,,,,,,,366.29998779296875,366.29998779296875,364.54998779296875,364.94500732421875,103246.0
2024-06-03 17:30:00+00:00,,,,,,,,,,,366.9599914550781,367.2099914550781,365.8800964355469,366.19000244140625,104749.0
2024-06-03 18:30:00+00:00,,,,,,,,,,,367.2049865722656,367.4898986816406,366.3500061035156,366.739990234375,99735.0
2024-06-03 19:30:00+00:00,,,,,,,,,,,368.1099853515625,368.1099853515625,366.5299987792969,367.2250061035156,222074.0
2024-06-04 13:30:00+00:00,,,,,,,,,,,366.2915954589844,367.8999938964844,365.1600036621094,367.8999938964844,230133.0
2024-06-04 14:30:00+00:00,,,,,,,,,,,365.625,366.6199951171875,365.20001220703125,366.05999755859375,122166.0
2024-06-04 15:30:00+00:00,,,,,,,,,,,365.2900085449219,365.7699890136719,364.04998779296875,365.6099853515625,145303.0
2024-06-04 16:30:00+00:00,,,,,,,,,,,366.364990234375,366.4599914550781,364.4599914550781,365.17999267578125,77905.0
2024-06-04 17:30:00+00:00,,,,,,,,,,,369.07000732421875,369.07000732421875,366.1401062011719,366.6000061035156,122949.0
2024-06-04 18:30:00+00:00,,,,,,,,,,,368.3699951171875,369.5,367.9599914550781,368.9700012207031,177629.0
2024-06-04 19:30:00+00:00,,,,,,,,,,,369.29998779296875,369.5899963378906,367.7799987792969,368.32501220703125,257627.0
2024-06-05 13:30:00+00:00,,,,,,,,,,,368.8349914550781,370.94000244140625,365.4649963378906,369.95001220703125,229216.0
2024-06-05 14:30:00+00:00,,,,,,,,,,,368.8078918457031,369.505615234375,367.2300109863281,368.7099914550781,133892.0
2024-06-05 15:30:00+00:00,,,,,,,,,,,369.7099914550781,369.8800048828125,368.572509765625,368.8599853515625,85152.0
2024-06-05 16:30:00+00:00,,,,,,,,,,,368.8949890136719,370.25,368.3500061035156,369.7152099609375,78706.0
2024-06-05 17:30:00+00:00,,,,,,,,,,,370.4949951171875,370.57000732421875,368.6199951171875,369.04998779296875,143747.0
2024-06-05 18:30:00+00:00,,,,,,,,,,,370.78851318359375,371.19000244140625,370.3399963378906,370.4549865722656,127792.0
2024-06-05 19:30:00+00:00,,,,,,,,,,,371.1300048828125,371.5400085449219,370.3299865722656,370.7900085449219,212827.0
2024-06-06 13:30:00+00:00,,,,,,,,,,,372.0899963378906,373.8900146484375,369.3500061035156,371.5,228555.0
2024-06-06 14:30:00+00:00,,,,,,,,,,,370.7699890136719,372.4599914550781,370.2099914550781,372.4599914550781,130377.0
2024-06-06 15:30:00+00:00,,,,,,,,,,,371.239990234375,371.2699890136719,370.0299987792969,370.760009765625,132207.0
2024-06-06 16:30:00+00:00,,,,,,,,,,,370.7799987792969,371.2799987792969,370.0799865722656,371.239990234375,112387.0
2024-06-06 17:30:00+00:00,,,,,,,,,,,370.56500244140625,370.9200134277344,369.9200134277344,370.7200012207031,203462.0
2024-06-06 18:30:00+00:00,,,,,,,,,,,372.2742004394531,372.67498779296875,370.4150085449219,370.5,121211.0
2024-06-06 19:30:00+00:00,,,,,,,,,,,371.4200134277344,372.42999267578125,370.8900146484375,372.19000244140625,222129.0
2024-06-07 13:30:00+00:00,,,,,,,,,,,372.5799865722656,373.010009765625,366.6600036621094,369.0,189124.0
2024-06-07 14:30:00+00:00,,,,,,,,,,,371.1050109863281,372.989990234375,370.4100036621094,372.489990234375,108909.0
2024-06-07 15:30:00+00:00,,,,,,,,,,,371.739990234375,371.8800048828125,370.489990234375,370.8399963378906,79303.0
2024-06-07 16:30:00+00:00,,,,,,,,,,,371.989990234375,372.510009765625,370.9599914550781,371.8999938964844,60991.0
2024-06-07 17:30:00+00:00,,,,,,,,,,,371.80999755859375,372.30499267578125,371.0716857910156,372.0,64951.0
2024-06-07 18:30:00+00:00,,,,,,,,,,,370.44000244140625,372.1600036621094,369.8800048828125,371.7799987792969,105712.0
2024-06-07 19:30:00+00:00,,,,,,,,,,,368.6000061035156,370.69000244140625,368.3399963378906,370.6099853515625,276594.0
2024-06-10 13:30:00+00:00,,,,,,,,,,,369.92498779296875,372.67999267578125,367.04998779296875,367.82000732421875,231083.0
2024-06-10 14:30:00+00:00,,,,,,,,,,,368.739990234375,370.05999755859375,368.42999267578125,369.8500061035156,96304.0
2024-06-10 15:30:00+00:00,,,,,,,,,,,368.6600036621094,368.9599914550781,368.20001220703125,368.8800048828125,73469.0
2024-06-10 16:30:00+00:00,,,,,,,,,,,368.32000732421875,368.7300109863281,367.9849853515625,368.5400085449219,79472.0
2024-06-10 17:30:00+00:00,,,,,,,,,,,369.3699951171875,369.864990234375,368.25909423828125,368.30999755859375,87613.0
2024-06-10 18:30:00+00:00,,,,,,,,,,,369.0719909667969,369.5799865722656,368.6400146484375,369.32000732421875,85194.0
2024-06-10 19:30:00+00:00,,,,,,,,,,,368.4599914550781,369.125,368.25,369.125,210551.0
2024-06-11 13:30:00+00:00,,,,,,,,,,,366.3599853515625,367.44000244140625,363.7799987792969,366.67999267578125,217841.0
2024-06-11 14:30:00+00:00,,,,,,,,,,,366.7300109863281,366.94500732421875,365.4150085449219,366.29998779296875,81962.0
2024-06-11 15:30:00+00:00,,,,,,,,,,,366.2149963378906,367.4198913574219,365.94500732421875,366.7149963378906,115640.0
2024-06-11 16:30:00+00:00,,,,,,,,,,,365.3699951171875,366.8800048828125,365.3399963378906,366.20001220703125,69877.0
2024-06-11 17:30:00+00:00,,,,,,,,,,,366.6499938964844,366.9800109863281,365.3800048828125,365.4549865722656,60952.0
2024-06-11 18:30:00+00:00,,,,,,,,,,,364.9800109863281,366.92999267578125,364.8599853515625,366.67999267578125,100204.0
2024-06-11 19:30:00+00:00,,,,,,,,,,,365.20001220703125,365.57501220703125,364.45001220703125,364.8800048828125,151836.0
2024-06-12 13:30:00+00:00,,,,,,,,,,,372.2250061035156,372.94000244140625,367.57659912109375,369.19000244140625,221602.0
2024-06-12 14:30:00+00:00,,,,,,,,,,,371.30999755859375,372.69989013671875,370.95001220703125,372.0199890136719,130797.0
2024-06-12 15:30:00+00:00,,,,,,,,,,,371.44000244140625,371.70001220703125,370.489990234375,371.2101135253906,119336.0
2024-06-12 16:30:00+00:00,,,,,,,,,,,370.20001220703125,371.92999267578125,370.1723937988281,371.5299987792969,68821.0
2024-06-12 17:30:00+00:00,,,,,,,,,,,370.2900085449219,370.44500732421875,368.0,370.1600036621094,88730.0
2024-06-12 18:30:00+00:00,,,,,,,,,,,369.20001220703125,371.3800048828125,368.95001220703125,370.30999755859375,146488.0
2024-06-12 19:30:00+00:00,,,,,,,,,,,370.0899963378906,370.5799865722656,368.739990234375,369.07000732421875,129562.0
2024-06-13 13:30:00+00:00,,,,,,,,,,,369.9849853515625,371.1600036621094,368.17999267578125,368.17999267578125,177152.0
2024-06-13 14:30:00+00:00,,,,,,,,,,,372.45001220703125,372.45001220703125,368.7900085449219,370.1400146484375,120123.0
2024-06-13 15:30:00+00:00,,,,,,,,,,,373.5150146484375,373.5150146484375,372.04998779296875,372.3999938964844,151250.0
2024-06-13 16:30:00+00:00,,,,,,,,,,,375.8399963378906,376.04998779296875,373.30999755859375,373.5150146484375,192052.0
2024-06-13 17:30:00+00:00,,,,,,,,,,,377.1499938964844,377.45001220703125,375.260009765625,375.8550109863281,176000.0
2024-06-13 18:30:00+00:00,,,,,,,,,,,377.260009765625,378.25,376.79998779296875,377.1499938964844,171411.0
2024-06-13 19:30:00+00:00,,,,,,,,,,,377.94000244140625,378.2699890136719,376.1199951171875,377.1861877441406,352867.0
2024-06-14 13:30:00+00:00,,,,,,,,,,,373.9100036621094,377.6300048828125,373.0400085449219,375.010009765625,222568.0
2024-06-14 14:30:00+00:00,,,,,,,,,,,377.3299865722656,377.75,372.95001220703125,374.1000061035156,161548.0
2024-06-14 15:30:00+00:00,,,,,,,,,,,377.95001220703125,378.4800109863281,376.1199951171875,377.3500061035156,188671.0
2024-06-14 16:30:00+00:00,,,,,,,,,,,378.1300048828125,378.9200134277344,377.7900085449219,377.8599853515625,117644.0
2024-06-14 17:30:00+00:00,,,,,,,,,,,378.6400146484375,378.9107971191406,377.8900146484375,378.114990234375,131268.0
2024-06-14 18:30:00+00:00,,,,,,,,,,,377.8399963378906,379.05999755859375,377.5,378.6600036621094,172823.0
2024-06-14 19:30:00+00:00,,,,,,,,,,,377.9700012207031,378.5400085449219,377.5199890136719,377.82000732421875,252746.0
2024-06-17 13:30:00+00:00,,,,,,,,,,,377.9700012207031,378.3599853515625,374.6700134277344,375.95001220703125,176448.0
2024-06-17 14:30:00+00:00,,,,,,,,,,,378.8500061035156,379.3550109863281,376.6499938964844,377.489990234375,108884.0
2024-06-17 15:30:00+00:00,,,,,,,,,,,379.4100036621094,379.4299011230469,377.7900085449219,378.95001220703125,103599.0
2024-06-17 16:30:00+00:00,,,,,,,,,,,380.0350036621094,380.32000732421875,378.3900146484375,379.32000732421875,85812.0
2024-06-17 17:30:00+00:00,,,,,,,,,,,381.239990234375,381.239990234375,379.9800109863281,380.0249938964844,113018.0
2024-06-17 18:30:00+00:00,,,,,,,,,,,380.3349914550781,381.2699890136719,379.8599853515625,381.2699890136719,120377.0
2024-06-17 19:30:00+00:00,,,,,,,,,,,379.29998779296875,380.57000732421875,379.0199890136719,380.239990234375,223522.0
2024-06-18 13:30:00+00:00,,,,,,,,,,,382.6400146484375,383.25,379.4100036621094,380.2099914550781,164570.0
2024-06-18 14:30:00+00:00,,,,,,,,,,,381.69500732421875,382.989990234375,380.8900146484375,382.385009765625,127382.0
2024-06-18 15:30:00+00:00,,,,,,,,,,,381.760009765625,382.8999938964844,381.5799865722656,381.6661071777344,117349.0
2024-06-18 16:30:00+00:00,,,,,,,,,,,380.7099914550781,382.3999938964844,380.3800048828125,381.7449951171875,86419.0
2024-06-18 17:30:00+00:00,,,,,,,,,,,381.4649963378906,381.7749938964844,380.2950134277344,380.6676940917969,108892.0
2024-06-18 18:30:00+00:00,,,,,,,,,,,381.7900085449219,382.1700134277344,381.1000061035156,381.57000732421875,85015.0
2024-06-18 19:30:00+00:00,,,,,,,,,,,382.7799987792969,383.0199890136719,381.6300048828125,381.7900085449219,192805.0
2024-06-20 13:30:00+00:00,,,,,,,,,,,384.2250061035156,384.5,380.010009765625,381.75,298331.0
2024-06-20 14:30:00+00:00,,,,,,,,,,,381.44000244140625,384.2099914550781,380.8299865722656,384.0799865722656,118730.0
2024-06-20 15:30:00+00:00,,,,,,,,,,,382.8299865722656,382.94500732421875,381.2099914550781,381.4100036621094,102132.0
2024-06-20 16:30:00+00:00,,,,,,,,,,,382.32000732421875,383.489990234375,381.9200134277344,382.6499938964844,91304.0
2024-06-20 17:30:00+00:00,,,,,,,,,,,382.693115234375,383.1099853515625,381.78729248046875,382.45001220703125,100714.0
2024-06-20 18:30:00+00:00,,,,,,,,,,,382.45001220703125,383.70001220703125,382.0972900390625,382.8550109863281,143753.0
2024-06-20 19:30:00+00:00,,,,,,,,,,,381.5400085449219,382.7900085449219,381.45001220703125,382.489990234375,222000.0
2024-06-21 13:30:00+00:00,,,,,,,,,,,378.6199951171875,380.0,374.010009765625,377.9599914550781,368251.0
2024-06-21 14:30:00+00:00,,,,,,,,,,,376.8599853515625,379.0249938964844,376.7900085449219,378.6199951171875,143073.0
2024-06-21 15:30:00+00:00,,,,,,,,,,,376.7099914550781,377.7799987792969,376.3699951171875,376.8399963378906,168435.0
2024-06-21 16:30:00+00:00,,,,,,,,,,,377.3699951171875,377.4800109863281,376.5299987792969,376.7200012207031,75083.0
2024-06-21 17:30:00+00:00,,,,,,,,,,,376.8500061035156,377.5050048828125,376.40008544921875,377.3070068359375,80455.0
2024-06-21 18:30:00+00:00,,,,,,,,,,,376.760009765625,377.2200012207031,376.3999938964844,376.7699890136719,119934.0
2024-06-21 19:30:00+00:00,,,,,,,,,,,375.1000061035156,376.8500061035156,374.6300048828125,376.75,359575.0
2024-06-24 13:30:00+00:00,,,,,,,,,,,379.5899963378906,381.29998779296875,376.010009765625,376.760009765625,251148.0
2024-06-24 14:30:00+00:00,,,,,,,,,,,382.61260986328125,382.9299011230469,379.0199890136719,379.5,150630.0
2024-06-24 15:30:00+00:00,,,,,,,,,,,381.57000732421875,382.6466979980469,380.8699951171875,382.45001220703125,130246.0
2024-06-24 16:30:00+00:00,,,,,,,,,,,379.6400146484375,381.5450134277344,379.45001220703125,381.5299987792969,107610.0
2024-06-24 17:30:00+00:00,,,,,,,,,,,379.1099853515625,379.7699890136719,378.5299987792969,379.7699890136719,83138.0
2024-06-24 18:30:00+00:00,,,,,,,,,,,379.3699951171875,379.6000061035156,378.8900146484375,379.18499755859375,88807.0
2024-06-24 19:30:00+00:00,,,,,,,,,,,378.25,379.8599853515625,378.1199951171875,379.3599853515625,189215.0
2024-06-25 13:30:00+00:00,,,,,,,,,,,369.5033874511719,375.9580078125,369.2409973144531,375.5199890136719,250156.0
2024-06-25 14:30:00+00:00,,,,,,,,,,,368.2900085449219,370.0,367.19000244140625,369.489990234375,254840.0
2024-06-25 15:30:00+00:00,,,,,,,,,,,368.0899963378906,368.80999755859375,367.6400146484375,368.1700134277344,158955.0
2024-06-25 16:30:00+00:00,,,,,,,,,,,368.9200134277344,368.989990234375,367.1427917480469,368.0199890136719,124590.0
2024-06-25 17:30:00+00:00,,,,,,,,,,,369.1441955566406,369.4800109863281,368.4700012207031,368.9150085449219,115604.0
2024-06-25 18:30:00+00:00,,,,,,,,,,,369.29998779296875,370.07000732421875,368.8901062011719,368.8901062011719,216444.0
2024-06-25 19:30:00+00:00,,,,,,,,,,,369.4800109863281,370.1400146484375,368.6300048828125,369.2099914550781,270202.0
2024-06-26 13:30:00+00:00,,,,,,,,,,,368.9800109863281,371.5,367.5,370.739990234375,260256.0
2024-06-26 14:30:00+00:00,,,,,,,,,,,369.760009765625,370.0199890136719,367.3599853515625,368.9100036621094,145390.0
2024-06-26 15:30:00+00:00,,,,,,,,,,,371.8349914550781,372.45001220703125,369.6499938964844,369.6700134277344,136479.0
2024-06-26 16:30:00+00:00,,,,,,,,,,,372.05499267578125,372.5400085449219,371.6600036621094,371.7300109863281,88323.0
2024-06-26 17:30:00+00:00,,,,,,,,,,,372.09429931640625,372.4649963378906,371.82000732421875,372.0899963378906,102267.0
2024-06-26 18:30:00+00:00,,,,,,,,,,,374.17999267578125,374.2099914550781,371.95001220703125,372.1300048828125,225485.0
2024-06-26 19:30:00+00:00,,,,,,,,,,,376.05999755859375,376.3699951171875,374.1300048828125,374.17999267578125,400691.0
2024-06-27 13:30:00+00:00,,,,,,,,,,,376.04998779296875,378.1400146484375,374.69000244140625,375.0,241093.0
2024-06-27 14:30:00+00:00,,,,,,,,,,,376.6300048828125,377.8500061035156,376.07000732421875,376.125,209953.0
2024-06-27 15:30:00+00:00,,,,,,,,,,,376.5799865722656,377.260009765625,375.95001220703125,376.625,152246.0
2024-06-27 16:30:00+00:00,,,,,,,,,,,375.989990234375,376.6000061035156,375.0199890136719,376.5249938964844,129925.0
2024-06-27 17:30:00+00:00,,,,,,,,,,,375.1650085449219,376.07000732421875,374.7900085449219,375.9599914550781,131604.0
2024-06-27 18:30:00+00:00,,,,,,,,,,,375.69000244140625,376.2325134277344,374.94000244140625,375.1650085449219,117582.0
2024-06-27 19:30:00+00:00,,,,,,,,,,,376.7200012207031,377.30999755859375,375.67999267578125,375.7200012207031,242780.0
2024-06-28 13:30:00+00:00,,,,,,,,,,,379.76251220703125,381.25,377.44000244140625,378.19000244140625,198978.0
2024-06-28 14:30:00+00:00,,,,,,,,,,,378.7699890136719,381.3900146484375,378.3500061035156,379.20001220703125,273516.0
2024-06-28 15:30:00+00:00,,,,,,,,,,,377.0950012207031,379.7799987792969,375.3299865722656,378.54998779296875,258388.0
2024-06-28 16:30:00+00:00,,,,,,,,,,,375.7099914550781,377.0249938964844,374.43011474609375,376.9800109863281,190941.0
2024-06-28 17:30:00+00:00,,,,,,,,,,,373.7200012207031,375.8800048828125,373.5400085449219,375.67498779296875,187108.0
2024-06-28 18:30:00+00:00,,,,,,,,,,,371.0199890136719,373.82000732421875,369.5,373.6700134277344,600109.0
2024-06-28 19:30:00+00:00,,,,,,,,,,,373.55999755859375,374.67999267578125,370.6199951171875,371.2200012207031,431999.0
2024-07-01 13:30:00+00:00,,,,,,,,,,,368.2900085449219,375.30499267578125,367.6000061035156,375.07000732421875,189840.0
2024-07-01 14:30:00+00:00,,,,,,,,,,,366.6449890136719,368.2799987792969,365.45001220703125,368.2799987792969,131087.0
2024-07-01 15:30:00+00:00,,,,,,,,,,,365.3999938964844,367.239990234375,365.32000732421875,366.6700134277344,110375.0
2024-07-01 16:30:00+00:00,,,,,,,,,,,364.5375061035156,365.5,364.3599853515625,365.44000244140625,157739.0
2024-07-01 17:30:00+00:00,,,,,,,,,,,363.510009765625,365.1700134277344,363.44000244140625,364.3800048828125,146959.0
2024-07-01 18:30:00+00:00,,,,,,,,,,,361.3699951171875,363.44500732421875,361.3699951171875,363.42999267578125,178617.0
2024-07-01 19:30:00+00:00,,,,,,,,,,,360.7900085449219,361.6000061035156,360.55999755859375,361.3399963378906,339882.0
2024-07-02 13:30:00+00:00,,,,,,,,,,,363.1000061035156,363.6050109863281,359.25189208984375,359.5299987792969,267952.0
2024-07-02 14:30:00+00:00,,,,,,,,,,,361.67999267578125,363.1400146484375,361.489990234375,363.1400146484375,76128.0
2024-07-02 15:30:00+00:00,,,,,,,,,,,361.4100036621094,362.19000244140625,360.9599914550781,361.80999755859375,91439.0
2024-07-02 16:30:00+00:00,,,,,,,,,,,363.1700134277344,363.4100036621094,361.2900085449219,361.3760070800781,149019.0
2024-07-02 17:30:00+00:00,,,,,,,,,,,363.7550048828125,364.2099914550781,362.42999267578125,363.2430114746094,119069.0
2024-07-02 18:30:00+00:00,,,,,,,,,,,363.9800109863281,364.20001220703125,363.04998779296875,363.7900085449219,112068.0
2024-07-02 19:30:00+00:00,,,,,,,,,,,365.0400085449219,365.4599914550781,363.8999938964844,363.94000244140625,216356.0
2024-07-03 13:30:00+00:00,,,,,,,,,,,364.0799865722656,367.614990234375,363.9599914550781,365.44000244140625,140832.0
2024-07-03 14:30:00+00:00,,,,,,,,,,,362.0682067871094,364.8299865722656,361.3599853515625,364.2200012207031,163967.0
2024-07-03 15:30:00+00:00,,,,,,,,,,,361.20001220703125,362.2799987792969,361.20001220703125,361.79998779296875,129336.0
2024-07-05 13:30:00+00:00,,,,,,,,,,,357.04998779296875,363.1600036621094,356.8900146484375,363.1600036621094,231549.0
2024-07-05 14:30:00+00:00,,,,,,,,,,,358.7300109863281,359.0400085449219,356.79998779296875,357.0372009277344,141843.0
2024-07-05 15:30:00+00:00,,,,,,,,,,,357.6227111816406,359.1054992675781,357.3559875488281,358.8500061035156,100305.0
2024-07-05 16:30:00+00:00,,,,,,,,,,,357.8599853515625,358.2300109863281,357.30010986328125,357.6099853515625,67379.0
2024-07-05 17:30:00+00:00,,,,,,,,,,,357.69000244140625,358.6199951171875,357.4599914550781,357.84259033203125,64619.0
2024-07-05 18:30:00+00:00,,,,,,,,,,,358.1099853515625,358.6499938964844,357.4750061035156,357.7001953125,87126.0
2024-07-05 19:30:00+00:00,,,,,,,,,,,359.8999938964844,360.2300109863281,357.8999938964844,358.0,228045.0
2024-07-08 13:30:00+00:00,,,,,,,,,,,359.239990234375,361.6400146484375,357.5799865722656,360.1000061035156,192544.0
2024-07-08 14:30:00+00:00,,,,,,,,,,,359.0799865722656,360.45001220703125,358.8900146484375,359.2250061035156,169930.0
2024-07-08 15:30:00+00:00,,,,,,,,,,,358.0,359.1000061035156,357.7300109863281,359.0299987792969,186213.0
2024-07-08 16:30:00+00:00,,,,,,,,,,,358.6600036621094,359.489990234375,357.8999938964844,357.95001220703125,106270.0
2024-07-08 17:30:00+00:00,,,,,,,,,,,357.92498779296875,358.989990234375,357.6700134277344,358.5400085449219,129121.0
2024-07-08 18:30:00+00:00,,,,,,,,,,,356.385009765625,358.1499938964844,356.1300048828125,357.9200134277344,166203.0
2024-07-08 19:30:00+00:00,,,,,,,,,,,355.2699890136719,356.9100036621094,354.75,356.32000732421875,370582.0
2024-07-09 13:30:00+00:00,,,,,,,,,,,350.4150085449219,355.32000732421875,349.7300109863281,354.760009765625,358839.0
2024-07-09 14:30:00+00:00,,,,,,,,,,,348.8999938964844,350.760009765625,348.19000244140625,350.20001220703125,306990.0
2024-07-09 15:30:00+00:00,,,,,,,,,,,348.8999938964844,349.29998779296875,347.8800048828125,348.9200134277344,174811.0
2024-07-09 16:30:00+00:00,,,,,,,,,,,350.3800048828125,350.7900085449219,348.67999267578125,348.7900085449219,208012.0
2024-07-09 17:30:00+00:00,,,,,,,,,,,349.6700134277344,351.239990234375,349.4800109863281,350.30999755859375,283593.0
2024-07-09 18:30:00+00:00,,,,,,,,,,,347.75,349.82000732421875,345.93499755859375,349.5899963378906,260946.0
2024-07-09 19:30:00+00:00,,,,,,,,,,,348.760009765625,349.1700134277344,347.6300048828125,347.760009765625,333948.0
2024-07-10 13:30:00+00:00,,,,,,,,,,,348.79998779296875,352.5504150390625,348.2900085449219,349.29998779296875,241054.0
2024-07-10 14:30:00+00:00,,,,,,,,,,,348.2650146484375,349.5799865722656,347.79998779296875,348.81500244140625,171669.0
2024-07-10 15:30:00+00:00,,,,,,,,,,,349.57000732421875,350.0,347.9700012207031,348.2900085449219,119838.0
2024-07-10 16:30:00+00:00,,,,,,,,,,,349.4619140625,350.1199951171875,348.8999938964844,349.45001220703125,146098.0
2024-07-10 17:30:00+00:00,,,,,,,,,,,348.69500732421875,349.6099853515625,348.2799987792969,349.510009765625,154174.0
2024-07-10 18:30:00+00:00,,,,,,,,,,,349.04998779296875,349.54998779296875,348.3399963378906,348.6199951171875,182638.0
2024-07-10 19:30:00+00:00,,,,,,,,,,,351.4100036621094,351.7900085449219,348.9949951171875,349.20001220703125,259219.0
2024-07-11 13:30:00+00:00,,,,,,,,,,,358.6600036621094,359.5,352.5,352.8999938964844,384412.0
2024-07-11 14:30:00+00:00,,,,,,,,,,,361.79998779296875,362.7699890136719,358.6499938964844,358.6499938964844,288432.0
2024-07-11 15:30:00+00:00,,,,,,,,,,,359.6000061035156,362.20001220703125,359.6000061035156,361.6600036621094,215580.0
2024-07-11 16:30:00+00:00,,,,,,,,,,,360.79998779296875,361.1199951171875,359.5799865722656,359.6099853515625,110707.0
2024-07-11 17:30:00+00:00,,,,,,,,,,,361.29998779296875,362.260009765625,360.4800109863281,360.760009765625,111201.0
2024-07-11 18:30:00+00:00,,,,,,,,,,,361.19000244140625,362.1199951171875,360.45001220703125,361.42999267578125,142168.0
2024-07-11 19:30:00+00:00,,,,,,,,,,,361.42999267578125,361.8900146484375,361.090087890625,361.2650146484375,304381.0
2024-07-12 13:30:00+00:00,,,,,,,,,,,366.1600036621094,366.5799865722656,363.4700927734375,364.5,169003.0
2024-07-12 14:30:00+00:00,,,,,,,,,,,366.6300048828125,366.6300048828125,364.5256042480469,366.2900085449219,89113.0
2024-07-12 15:30:00+00:00,,,,,,,,,,,366.4599914550781,366.739990234375,365.60009765625,366.3999938964844,135690.0
2024-07-12 16:30:00+00:00,,,,,,,,,,,367.5199890136719,367.60540771484375,365.94000244140625,366.6000061035156,72085.0
2024-07-12 17:30:00+00:00,,,,,,,,,,,367.07000732421875,368.1499938964844,366.4649963378906,367.4750061035156,92494.0
2024-07-12 18:30:00+00:00,,,,,,,,,,,366.9700012207031,367.5898132324219,366.45001220703125,367.0400085449219,88039.0
2024-07-12 19:30:00+00:00,,,,,,,,,,,365.55999755859375,367.0899963378906,365.17999267578125,366.8500061035156,163456.0
2024-07-15 13:30:00+00:00,,,,,,,,,,,367.3374938964844,368.4939880371094,363.1300048828125,365.05999755859375,129469.0
2024-07-15 14:30:00+00:00,,,,,,,,,,,367.7699890136719,368.3599853515625,366.4555969238281,367.2699890136719,93519.0
2024-07-15 15:30:00+00:00,,,,,,,,,,,369.30499267578125,369.8699951171875,367.239990234375,367.7650146484375,80911.0
2024-07-15 16:30:00+00:00,,,,,,,,,,,369.489990234375,370.1000061035156,368.7900085449219,369.1499938964844,68516.0
2024-07-15 17:30:00+00:00,,,,,,,,,,,369.9585876464844,369.989990234375,367.6300048828125,369.6050109863281,105053.0
2024-07-15 18:30:00+00:00,,,,,,,,,,,371.6600036621094,372.17999267578125,369.7200012207031,369.9800109863281,169956.0
2024-07-15 19:30:00+00:00,,,,,,,,,,,371.989990234375,372.0199890136719,370.6300048828125,371.6549987792969,330750.0
2024-07-16 13:30:00+00:00,,,,,,,,,,,373.5899963378906,375.1400146484375,365.92999267578125,372.0,271923.0
2024-07-16 14:30:00+00:00,,,,,,,,,,,377.54998779296875,377.7799987792969,373.29998779296875,373.54998779296875,237610.0
2024-07-16 15:30:00+00:00,,,,,,,,,,,378.30499267578125,378.8500061035156,376.0199890136719,377.5050048828125,250477.0
2024-07-16 16:30:00+00:00,,,,,,,,,,,378.29998779296875,378.8999938964844,377.8121032714844,378.1700134277344,90464.0
2024-07-16 17:30:00+00:00,,,,,,,,,,,379.5400085449219,379.7078857421875,377.8699951171875,378.32000732421875,144740.0
2024-07-16 18:30:00+00:00,,,,,,,,,,,380.3800048828125,380.4696044921875,379.2900085449219,379.5450134277344,164466.0
2024-07-16 19:30:00+00:00,,,,,,,,,,,377.6400146484375,380.6300048828125,377.3299865722656,380.2900085449219,325687.0
2024-07-17 13:30:00+00:00,,,,,,,,,,,384.7699890136719,385.17999267578125,377.6805114746094,378.44000244140625,344602.0
2024-07-17 14:30:00+00:00,,,,,,,,,,,384.1700134277344,385.5400085449219,382.2699890136719,384.5899963378906,167421.0
2024-07-17 15:30:00+00:00,,,,,,,,,,,384.32000732421875,385.5,383.3699951171875,384.0199890136719,146994.0
2024-07-17 16:30:00+00:00,,,,,,,,,,,385.8299865722656,385.8699951171875,384.0400085449219,384.1600036621094,121361.0
2024-07-17 17:30:00+00:00,,,,,,,,,,,385.19000244140625,385.7699890136719,384.5450134277344,385.7699890136719,96521.0
2024-07-17 18:30:00+00:00,,,,,,,,,,,387.4100036621094,387.5299987792969,384.7900085449219,385.2950134277344,195580.0
2024-07-17 19:30:00+00:00,,,,,,,,,,,385.010009765625,387.4700012207031,384.9800109863281,387.42498779296875,285413.0
2024-07-18 13:30:00+00:00,,,,,,,,,,,389.57000732421875,390.3399963378906,381.1000061035156,382.79998779296875,315743.0
2024-07-18 14:30:00+00:00,,,,,,,,,,,388.4700012207031,390.06500244140625,387.6499938964844,389.32000732421875,268844.0
2024-07-18 15:30:00+00:00,,,,,,,,,,,384.8699951171875,389.2200012207031,384.7200012207031,388.260009765625,262806.0
2024-07-18 16:30:00+00:00,,,,,,,,,,,386.75,388.2300109863281,384.8800048828125,384.8800048828125,118389.0
2024-07-18 17:30:00+00:00,,,,,,,,,,,384.2449951171875,387.0400085449219,384.1099853515625,386.7900085449219,98054.0
2024-07-18 18:30:00+00:00,,,,,,,,,,,381.8699951171875,384.5299987792969,381.2300109863281,384.25,180078.0
2024-07-18 19:30:00+00:00,,,,,,,,,,,380.6400146484375,382.4100036621094,380.5299987792969,381.7200012207031,260020.0
2024-07-19 13:30:00+00:00,,,,,,,,,,,379.30999755859375,384.1400146484375,378.2593994140625,383.239990234375,223641.0
2024-07-19 14:30:00+00:00,,,,,,,,,,,377.989990234375,380.57000732421875,377.17999267578125,379.7200012207031,131618.0
2024-07-19 15:30:00+00:00,,,,,,,,,,,378.3349914550781,379.8999938964844,377.3500061035156,378.0450134277344,95417.0
2024-07-19 16:30:00+00:00,,,,,,,,,,,378.0899963378906,378.5899963378906,377.6700134277344,378.3399963378906,84035.0
2024-07-19 17:30:00+00:00,,,,,,,,,,,378.81500244140625,379.07000732421875,377.875,378.06500244140625,81857.0
2024-07-19 18:30:00+00:00,,,,,,,,,,,378.1499938964844,378.9100036621094,377.7001037597656,378.67999267578125,118329.0
2024-07-19 19:30:00+00:00,,,,,,,,,,,378.05999755859375,378.5,377.2510070800781,378.05999755859375,235180.0
2024-07-22 13:30:00+00:00,,,,,,,,,,,374.54998779296875,379.3800048828125,372.2799987792969,379.1300048828125,159248.0
2024-07-22 14:30:00+00:00,,,,,,,,,,,378.1000061035156,380.6499938964844,374.3399963378906,374.6600036621094,152484.0
2024-07-22 15:30:00+00:00,,,,,,,,,,,377.9800109863281,378.8399963378906,377.7799987792969,378.1499938964844,64660.0
2024-07-22 16:30:00+00:00,,,,,,,,,,,379.54998779296875,379.9100036621094,377.7749938964844,378.0899963378906,59689.0
2024-07-22 17:30:00+00:00,,,,,,,,,,,378.5,379.6098937988281,377.6499938964844,379.5400085449219,152319.0
2024-07-22 18:30:00+00:00,,,,,,,,,,,379.67999267578125,380.0299987792969,378.6499938964844,378.7300109863281,139732.0
2024-07-22 19:30:00+00:00,,,,,,,,,,,379.42999267578125,380.1449890136719,378.8399963378906,379.75,161235.0
2024-07-23 13:30:00+00:00,,,,,,,,,,,375.57501220703125,378.2900085449219,375.20001220703125,376.3399963378906,104037.0
2024-07-23 14:30:00+00:00,,,,,,,,,,,375.6700134277344,376.7900085449219,374.5150146484375,375.6400146484375,86348.0
2024-07-23 15:30:00+00:00,,,,,,,,,,,375.260009765625,376.7049865722656,375.0199890136719,375.68499755859375,77817.0
2024-07-23 16:30:00+00:00,,,,,,,,,,,373.4049987792969,375.5199890136719,372.7900085449219,375.0028991699219,168746.0
2024-07-23 17:30:00+00:00,,,,,,,,,,,373.6300048828125,374.239990234375,372.3940124511719,373.364990234375,110326.0
2024-07-23 18:30:00+00:00,,,,,,,,,,,372.7799987792969,373.8399963378906,372.5,373.70001220703125,111465.0
2024-07-23 19:30:00+00:00,,,,,,,,,,,371.3900146484375,372.864990234375,370.760009765625,372.67498779296875,214205.0
2024-07-24 13:30:00+00:00,,,,,,,,,,,368.9750061035156,372.8699951171875,367.92999267578125,370.4100036621094,182891.0
2024-07-24 14:30:00+00:00,,,,,,,,,,,372.1050109863281,372.3699951171875,368.7099914550781,368.94000244140625,143006.0
2024-07-24 15:30:00+00:00,,,,,,,,,,,374.3299865722656,375.67498779296875,371.5899963378906,372.1400146484375,107592.0
2024-07-24 16:30:00+00:00,,,,,,,,,,,371.54998779296875,374.44500732421875,371.4200134277344,374.1400146484375,57724.0
2024-07-24 17:30:00+00:00,,,,,,,,,,,371.7200012207031,372.8500061035156,371.4028015136719,371.4200134277344,68098.0
2024-07-24 18:30:00+00:00,,,,,,,,,,,370.0050048828125,372.010009765625,369.8800048828125,371.7850036621094,138585.0
2024-07-24 19:30:00+00:00,,,,,,,,,,,369.3900146484375,371.0,368.8900146484375,370.1300048828125,189607.0
2024-07-25 13:30:00+00:00,,,,,,,,,,,378.7799987792969,379.25,368.239990234375,368.3399963378906,210868.0
2024-07-25 14:30:00+00:00,,,,,,,,,,,380.0899963378906,382.94000244140625,378.2349853515625,378.32000732421875,196883.0
2024-07-25 15:30:00+00:00,,,,,,,,,,,383.6700134277344,383.67498779296875,379.5799865722656,379.8599853515625,127243.0
2024-07-25 16:30:00+00:00,,,,,,,,,,,385.6700134277344,386.260009765625,383.3900146484375,383.5299987792969,138732.0
2024-07-25 17:30:00+00:00,,,,,,,,,,,384.1199951171875,385.6499938964844,383.9200134277344,385.5,107454.0
2024-07-25 18:30:00+00:00,,,,,,,,,,,383.8699951171875,384.6000061035156,382.5,384.29998779296875,108105.0
2024-07-25 19:30:00+00:00,,,,,,,,,,,381.70001220703125,384.5,381.260009765625,383.6600036621094,217097.0
2024-07-26 13:30:00+00:00,,,,,,,,,,,387.989990234375,389.989990234375,384.07000732421875,385.2699890136719,198460.0
2024-07-26 14:30:00+00:00,,,,,,,,,,,388.0,388.5799865722656,386.0,387.7099914550781,137333.0
2024-07-26 15:30:00+00:00,,,,,,,,,,,388.5400085449219,389.239990234375,386.8599853515625,388.0050048828125,138781.0
2024-07-26 16:30:00+00:00,,,,,,,,,,,389.06500244140625,389.739990234375,388.29998779296875,388.6549987792969,150508.0
2024-07-26 17:30:00+00:00,,,,,,,,,,,387.8299865722656,389.1499938964844,387.41009521484375,389.0199890136719,110826.0
2024-07-26 18:30:00+00:00,,,,,,,,,,,387.864990234375,388.3599853515625,387.4100036621094,387.6700134277344,108974.0
2024-07-26 19:30:00+00:00,,,,,,,,,,,386.54998779296875,387.8399963378906,385.56500244140625,387.75,304288.0
2024-07-29 13:30:00+00:00,,,,,,,,,,,382.9906921386719,386.5400085449219,381.0400085449219,385.1700134277344,156755.0
2024-07-29 14:30:00+00:00,,,,,,,,,,,380.2149963378906,383.04998779296875,379.9200134277344,382.79998779296875,126172.0
2024-07-29 15:30:00+00:00,,,,,,,,,,,380.2200012207031,381.42999267578125,379.8399963378906,380.2749938964844,106718.0
2024-07-29 16:30:00+00:00,,,,,,,,,,,374.1499938964844,380.1199951171875,371.0,380.1199951171875,347411.0
2024-07-29 17:30:00+00:00,,,,,,,,,,,376.260009765625,376.4877014160156,372.67999267578125,374.1650085449219,199432.0
2024-07-29 18:30:00+00:00,,,,,,,,,,,377.239990234375,377.9844970703125,376.0299987792969,376.8450012207031,106886.0
2024-07-29 19:30:00+00:00,,,,,,,,,,,376.9800109863281,380.0,376.739990234375,377.3900146484375,262344.0
2024-07-30 13:30:00+00:00,,,,,,,,,,,372.57000732421875,373.0,364.17999267578125,365.9700012207031,623694.0
2024-07-30 14:30:00+00:00,,,,,,,,,,,371.7200012207031,375.0,371.57000732421875,372.82000732421875,326796.0
2024-07-30 15:30:00+00:00,,,,,,,,,,,372.0450134277344,372.32000732421875,370.8299865722656,371.7799987792969,179139.0
2024-07-30 16:30:00+00:00,,,,,,,,,,,371.4049987792969,373.3900146484375,371.1000061035156,372.1499938964844,191492.0
2024-07-30 17:30:00+00:00,,,,,,,,,,,372.5450134277344,373.54998779296875,371.1000061035156,371.32000732421875,110810.0
2024-07-30 18:30:00+00:00,,,,,,,,,,,372.8089904785156,373.05999755859375,371.8599853515625,372.5799865722656,204171.0
2024-07-30 19:30:00+00:00,,,,,,,,,,,371.75,374.05999755859375,371.5899963378906,372.6300048828125,350676.0
2024-07-31 13:30:00+00:00,,,,,,,,,,,372.5400085449219,375.1499938964844,370.989990234375,373.2200012207031,141239.0
2024-07-31 14:30:00+00:00,,,,,,,,,,,374.4800109863281,375.5150146484375,372.2699890136719,372.7149963378906,137280.0
2024-07-31 15:30:00+00:00,,,,,,,,,,,375.7550048828125,376.6700134277344,374.4800109863281,374.4800109863281,104685.0
2024-07-31 16:30:00+00:00,,,,,,,,,,,374.9700012207031,375.989990234375,374.4599914550781,375.7550048828125,225507.0
2024-07-31 17:30:00+00:00,,,,,,,,,,,373.5199890136719,375.0799865722656,373.0899963378906,374.760009765625,210125.0
2024-07-31 18:30:00+00:00,,,,,,,,,,,373.32501220703125,376.7799987792969,373.010009765625,373.5299987792969,309492.0
2024-07-31 19:30:00+00:00,,,,,,,,,,,371.75,374.8999938964844,371.3699951171875,373.1099853515625,234677.0
2024-08-01 13:30:00+00:00,,,,,,,,,,,363.2099914550781,371.2099914550781,362.4750061035156,366.3699951171875,493550.0
2024-08-01 14:30:00+00:00,,,,,,,,,,,358.6700134277344,364.0400085449219,357.7900085449219,363.3399963378906,456036.0
2024-08-01 15:30:00+00:00,,,,,,,,,,,359.8399963378906,360.82000732421875,357.010009765625,358.4549865722656,315125.0
2024-08-01 16:30:00+00:00,,,,,,,,,,,357.125,360.0050048828125,356.7200012207031,359.8299865722656,256993.0
2024-08-01 17:30:00+00:00,,,,,,,,,,,357.514892578125,358.7099914550781,356.5,356.80999755859375,319537.0
2024-08-01 18:30:00+00:00,,,,,,,,,,,356.1199951171875,357.75,356.0199890136719,357.6300048828125,311391.0
2024-08-01 19:30:00+00:00,,,,,,,,,,,357.7799987792969,359.1400146484375,356.44000244140625,356.45001220703125,473995.0
2024-08-02 13:30:00+00:00,,,,,,,,,,,357.2200012207031,360.385009765625,351.510009765625,356.1600036621094,486342.0
2024-08-02 14:30:00+00:00,,,,,,,,,,,355.42999267578125,358.2099914550781,354.7099914550781,357.2550048828125,339794.0
2024-08-02 15:30:00+00:00,,,,,,,,,,,354.2749938964844,356.0,353.42999267578125,355.5199890136719,198402.0
2024-08-02 16:30:00+00:00,,,,,,,,,,,354.4525146484375,354.5199890136719,351.0899963378906,354.4100036621094,341496.0
2024-08-02 17:30:00+00:00,,,,,,,,,,,354.0199890136719,354.54998779296875,351.44000244140625,354.2550048828125,211483.0
2024-08-02 18:30:00+00:00,,,,,,,,,,,352.4100036621094,353.8599853515625,352.1000061035156,353.8599853515625,372479.0
2024-08-02 19:30:00+00:00,,,,,,,,,,,353.75,353.9949951171875,351.3699951171875,352.5350036621094,587911.0
2024-08-05 13:30:00+00:00,,,,,,,,,,,345.9700012207031,350.6199951171875,340.2001037597656,345.7699890136719,565805.0
2024-08-05 14:30:00+00:00,,,,,,,,,,,346.20001220703125,348.20001220703125,343.3399963378906,345.9700012207031,419761.0
2024-08-05 15:30:00+00:00,,,,,,,,,,,349.7699890136719,351.4100036621094,345.3999938964844,346.0,400126.0
2024-08-05 16:30:00+00:00,,,,,,,,,,,345.010009765625,349.67999267578125,344.2699890136719,349.3399963378906,261617.0
2024-08-05 17:30:00+00:00,,,,,,,,,,,345.7550048828125,346.3500061035156,343.6099853515625,345.0047912597656,152012.0
2024-08-05 18:30:00+00:00,,,,,,,,,,,345.3999938964844,346.3900146484375,344.42999267578125,345.8699951171875,169809.0
2024-08-05 19:30:00+00:00,,,,,,,,,,,344.8500061035156,345.5799865722656,342.79998779296875,345.5,298027.0
2024-08-06 13:30:00+00:00,,,,,,,,,,,347.4096984863281,349.55120849609375,343.0,347.489990234375,214035.0
2024-08-06 14:30:00+00:00,,,,,,,,,,,342.7799987792969,349.4750061035156,342.7799987792969,346.92999267578125,212381.0
2024-08-06 15:30:00+00:00,,,,,,,,,,,346.34991455078125,347.45989990234375,342.70001220703125,342.9649963378906,200464.0
2024-08-06 16:30:00+00:00,,,,,,,,,,,347.1625061035156,348.20001220703125,345.9281921386719,346.0899963378906,78418.0
2024-08-06 17:30:00+00:00,,,,,,,,,,,349.0,349.0,347.04010009765625,347.2900085449219,122411.0
2024-08-06 18:30:00+00:00,,,,,,,,,,,348.2799987792969,349.45001220703125,346.260009765625,349.0400085449219,209302.0
2024-08-06 19:30:00+00:00,,,,,,,,,,,346.010009765625,348.7099914550781,345.94000244140625,348.20001220703125,259868.0
2024-08-07 13:30:00+00:00,,,,,,,,,,,350.6400146484375,354.0400085449219,349.2300109863281,350.0,170933.0
2024-08-07 14:30:00+00:00,,,,,,,,,,,352.7449951171875,353.96990966796875,350.9100036621094,351.0400085449219,168142.0
2024-08-07 15:30:00+00:00,,,,,,,,,,,351.3399963378906,352.8450012207031,350.0,352.68499755859375,153038.0
2024-08-07 16:30:00+00:00,,,,,,,,,,,349.57000732421875,351.82000732421875,348.1400146484375,351.3299865722656,104830.0
2024-08-07 17:30:00+00:00,,,,,,,,,,,346.7300109863281,350.29998779296875,346.3399963378906,349.9215087890625,96773.0
2024-08-07 18:30:00+00:00,,,,,,,,,,,348.4700012207031,348.989990234375,346.375,346.6199951171875,156712.0
2024-08-07 19:30:00+00:00,,,,,,,,,,,346.29998779296875,348.70989990234375,345.8599853515625,348.3900146484375,189204.0
2024-08-08 13:30:00+00:00,,,,,,,,,,,348.2749938964844,350.8500061035156,346.3999938964844,346.8800048828125,358606.0
2024-08-08 14:30:00+00:00,,,,,,,,,,,349.17999267578125,349.57000732421875,346.6000061035156,348.0899963378906,280754.0
2024-08-08 15:30:00+00:00,,,,,,,,,,,349.0799865722656,349.8399963378906,347.8450012207031,349.0450134277344,105270.0
2024-08-08 16:30:00+00:00,,,,,,,,,,,348.9649963378906,349.20001220703125,346.610107421875,349.05999755859375,154701.0
2024-08-08 17:30:00+00:00,,,,,,,,,,,348.29998779296875,349.4049987792969,347.5400085449219,348.9800109863281,100063.0
2024-08-08 18:30:00+00:00,,,,,,,,,,,348.385009765625,348.8800048828125,347.6099853515625,348.29998779296875,146323.0
2024-08-08 19:30:00+00:00,,,,,,,,,,,348.79998779296875,349.56500244140625,347.0801086425781,348.25,215480.0
2024-08-09 13:30:00+00:00,,,,,,,,,,,345.94000244140625,348.9100036621094,343.3800048828125,348.6300048828125,237964.0
2024-08-09 14:30:00+00:00,,,,,,,,,,,345.5249938964844,346.7749938964844,345.0849914550781,345.94000244140625,139891.0
2024-08-09 15:30:00+00:00,,,,,,,,,,,344.9700012207031,346.3799133300781,344.510009765625,345.5249938964844,101732.0
2024-08-09 16:30:00+00:00,,,,,,,,,,,346.3399963378906,346.3399963378906,344.7699890136719,344.92999267578125,108675.0
2024-08-09 17:30:00+00:00,,,,,,,,,,,344.6300048828125,346.43499755859375,344.1000061035156,346.3999938964844,134181.0
2024-08-09 18:30:00+00:00,,,,,,,,,,,345.5950012207031,346.1400146484375,344.29998779296875,344.6549987792969,148090.0
2024-08-09 19:30:00+00:00,,,,,,,,,,,345.8299865722656,346.3800048828125,345.20001220703125,345.7149963378906,291944.0
2024-08-12 13:30:00+00:00,,,,,,,,,,,346.875,348.16229248046875,345.7699890136719,346.75,284956.0
2024-08-12 14:30:00+00:00,,,,,,,,,,,346.54998779296875,347.6400146484375,346.0,346.875,163154.0
2024-08-12 15:30:00+00:00,,,,,,,,,,,345.9649963378906,347.4800109863281,345.3999938964844,346.4200134277344,164123.0
2024-08-12 16:30:00+00:00,,,,,,,,,,,344.8475036621094,346.0799865722656,344.4700012207031,345.95001220703125,153055.0
2024-08-12 17:30:00+00:00,,,,,,,,,,,344.8399963378906,345.4798889160156,344.4700012207031,344.989990234375,139835.0
2024-08-12 18:30:00+00:00,,,,,,,,,,,344.54998779296875,345.1000061035156,344.30999755859375,344.8399963378906,185296.0
2024-08-12 19:30:00+00:00,,,,,,,,,,,345.010009765625,345.3999938964844,343.8999938964844,344.6400146484375,300557.0
2024-08-13 13:30:00+00:00,,,,,,,,,,,347.17999267578125,352.42999267578125,346.4200134277344,347.82000732421875,315487.0
2024-08-13 14:30:00+00:00,,,,,,,,,,,346.4700012207031,348.0,346.0046081542969,347.1700134277344,181302.0
2024-08-13 15:30:00+00:00,,,,,,,,,,,348.8800048828125,349.30999755859375,346.4599914550781,346.5775146484375,174941.0
2024-08-13 16:30:00+00:00,,,,,,,,,,,349.293212890625,349.79998779296875,348.4100036621094,348.885009765625,128478.0
2024-08-13 17:30:00+00:00,,,,,,,,,,,349.2699890136719,350.0,348.7900085449219,349.3299865722656,129444.0
2024-08-13 18:30:00+00:00,,,,,,,,,,,350.6199951171875,350.6199951171875,349.1199951171875,349.26251220703125,178722.0
2024-08-13 19:30:00+00:00,,,,,,,,,,,350.42999267578125,351.4599914550781,349.8900146484375,350.6099853515625,308350.0
2024-08-14 13:30:00+00:00,,,,,,,,,,,351.92999267578125,355.79998779296875,348.3500061035156,350.0,417270.0
2024-08-14 14:30:00+00:00,,,,,,,,,,,350.2799987792969,351.69000244140625,349.5299987792969,351.67999267578125,202044.0
2024-08-14 15:30:00+00:00,,,,,,,,,,,350.760009765625,352.2699890136719,350.1099853515625,350.3999938964844,234076.0
2024-08-14 16:30:00+00:00,,,,,,,,,,,350.8299865722656,351.7300109863281,350.1861877441406,350.6499938964844,140306.0
2024-08-14 17:30:00+00:00,,,,,,,,,,,350.7149963378906,351.6698913574219,350.2200927734375,350.7749938964844,215169.0
2024-08-14 18:30:00+00:00,,,,,,,,,,,351.6499938964844,352.6700134277344,350.5928955078125,350.7149963378906,207007.0
2024-08-14 19:30:00+00:00,,,,,,,,,,,350.8599853515625,352.29998779296875,350.6199951171875,351.5899963378906,391022.0
2024-08-15 13:30:00+00:00,,,,,,,,,,,367.3299865722656,372.2900085449219,359.55999755859375,359.55999755859375,937423.0
2024-08-15 14:30:00+00:00,,,,,,,,,,,374.44000244140625,375.510009765625,366.4200134277344,367.5,453148.0
2024-08-15 15:30:00+00:00,,,,,,,,,,,375.3800048828125,376.0199890136719,373.5827941894531,374.6000061035156,225023.0
2024-08-15 16:30:00+00:00,,,,,,,,,,,377.5199890136719,377.6300048828125,374.0,375.4700012207031,200734.0
2024-08-15 17:30:00+00:00,,,,,,,,,,,378.1807861328125,378.3800048828125,377.1400146484375,377.3299865722656,196990.0
2024-08-15 18:30:00+00:00,,,,,,,,,,,377.75,378.46990966796875,376.090087890625,378.3599853515625,288333.0
2024-08-15 19:30:00+00:00,,,,,,,,,,,373.6000061035156,377.7300109863281,371.510009765625,377.7300109863281,523032.0
2024-08-16 13:30:00+00:00,,,,,,,,,,,373.9661865234375,376.8800048828125,371.1600036621094,372.1400146484375,343268.0
2024-08-16 14:30:00+00:00,,,,,,,,,,,376.4150085449219,376.8800048828125,372.7301025390625,373.8599853515625,264303.0
2024-08-16 15:30:00+00:00,,,,,,,,,,,376.2200012207031,376.8299865722656,375.8800048828125,376.44000244140625,187671.0
2024-08-16 16:30:00+00:00,,,,,,,,,,,375.2300109863281,376.510009765625,375.05999755859375,376.2200012207031,143484.0
2024-08-16 17:30:00+00:00,,,,,,,,,,,374.6600036621094,375.489990234375,374.0201110839844,375.3699951171875,143034.0
2024-08-16 18:30:00+00:00,,,,,,,,,,,378.0799865722656,378.0899963378906,374.489990234375,374.6499938964844,288535.0
2024-08-16 19:30:00+00:00,,,,,,,,,,,378.07000732421875,378.5249938964844,377.1199951171875,378.07000732421875,453479.0
2024-08-19 13:30:00+00:00,,,,,,,,,,,376.6499938964844,381.010009765625,376.04998779296875,378.989990234375,249003.0
2024-08-19 14:30:00+00:00,,,,,,,,,,,375.010009765625,377.659912109375,374.70001220703125,376.6000061035156,202530.0
2024-08-19 15:30:00+00:00,,,,,,,,,,,375.25,376.1700134277344,374.79010009765625,375.0,150500.0
2024-08-19 16:30:00+00:00,,,,,,,,,,,374.2650146484375,375.1499938964844,373.5199890136719,375.0,123718.0
2024-08-19 17:30:00+00:00,,,,,,,,,,,373.2200012207031,374.3299865722656,372.92999267578125,374.2485046386719,129679.0
2024-08-19 18:30:00+00:00,,,,,,,,,,,373.364990234375,374.1300048828125,373.010009765625,373.125,135058.0
2024-08-19 19:30:00+00:00,,,,,,,,,,,372.9100036621094,373.3299865722656,371.80999755859375,373.2900085449219,305542.0
2024-08-20 13:30:00+00:00,,,,,,,,,,,372.94000244140625,376.6000061035156,372.4700012207031,374.94000244140625,177898.0
2024-08-20 14:30:00+00:00,,,,,,,,,,,372.4800109863281,374.25,372.2799987792969,373.1600036621094,120351.0
2024-08-20 15:30:00+00:00,,,,,,,,,,,372.1700134277344,372.8299865722656,371.760009765625,372.57000732421875,75429.0
2024-08-20 16:30:00+00:00,,,,,,,,,,,373.489990234375,373.6000061035156,371.9200134277344,372.07000732421875,59202.0
2024-08-20 17:30:00+00:00,,,,,,,,,,,373.42999267578125,373.7799987792969,372.760009765625,373.3900146484375,60641.0
2024-08-20 18:30:00+00:00,,,,,,,,,,,372.93499755859375,373.4949951171875,372.489990234375,373.4949951171875,116297.0
2024-08-20 19:30:00+00:00,,,,,,,,,,,372.4800109863281,373.19000244140625,372.04998779296875,373.04998779296875,151699.0
2024-08-21 13:30:00+00:00,,,,,,,,,,,375.8399963378906,376.1400146484375,372.1199951171875,373.8399963378906,210537.0
2024-08-21 14:30:00+00:00,,,,,,,,,,,376.5400085449219,376.80999755859375,374.989990234375,375.8399963378906,167073.0
2024-08-21 15:30:00+00:00,,,,,,,,,,,377.2799987792969,377.5799865722656,376.1300048828125,376.3999938964844,134081.0
2024-08-21 16:30:00+00:00,,,,,,,,,,,376.510009765625,377.54998779296875,376.3999938964844,377.2799987792969,96604.0
2024-08-21 17:30:00+00:00,,,,,,,,,,,377.5199890136719,377.5199890136719,376.2099914550781,376.5199890136719,131148.0
2024-08-21 18:30:00+00:00,,,,,,,,,,,377.19000244140625,377.8299865722656,376.8999938964844,377.5,151144.0
2024-08-21 19:30:00+00:00,,,,,,,,,,,376.9599914550781,377.1300048828125,376.0799865722656,377.1300048828125,181341.0
2024-08-22 13:30:00+00:00,,,,,,,,,,,374.55999755859375,378.1050109863281,373.8699951171875,377.0799865722656,137231.0
2024-08-22 14:30:00+00:00,,,,,,,,,,,374.2099914550781,375.7450866699219,373.54998779296875,374.5450134277344,93442.0
2024-08-22 15:30:00+00:00,,,,,,,,,,,375.8800048828125,375.94000244140625,374.1499938964844,374.25,84905.0
2024-08-22 16:30:00+00:00,,,,,,,,,,,375.0899963378906,376.4725036621094,375.05999755859375,375.8800048828125,137967.0
2024-08-22 17:30:00+00:00,,,,,,,,,,,375.8599853515625,375.95001220703125,374.4949951171875,374.9599914550781,116170.0
2024-08-22 18:30:00+00:00,,,,,,,,,,,376.82000732421875,376.9798889160156,375.75,375.760009765625,134131.0
2024-08-22 19:30:00+00:00,,,,,,,,,,,376.739990234375,377.6199951171875,376.0299987792969,376.760009765625,202676.0
2024-08-23 13:30:00+00:00,,,,,,,,,,,379.2099914550781,379.4700012207031,376.5899963378906,378.79998779296875,181306.0
2024-08-23 14:30:00+00:00,,,,,,,,,,,382.010009765625,382.3699951171875,378.17999267578125,379.2099914550781,196168.0
2024-08-23 15:30:00+00:00,,,,,,,,,,,379.44000244140625,382.3699951171875,378.375,381.9599914550781,114786.0
2024-08-23 16:30:00+00:00,,,,,,,,,,,381.0799865722656,381.1000061035156,379.0199890136719,379.44000244140625,71371.0
2024-08-23 17:30:00+00:00,,,,,,,,,,,381.17999267578125,381.3399963378906,380.6510009765625,381.0799865722656,62560.0
2024-08-23 18:30:00+00:00,,,,,,,,,,,382.07000732421875,382.20001220703125,380.760009765625,381.16448974609375,87738.0
2024-08-23 19:30:00+00:00,,,,,,,,,,,381.1600036621094,382.8500061035156,381.1600036621094,382.0799865722656,238913.0
2024-08-26 13:30:00+00:00,,,,,,,,,,,383.3599853515625,385.29998779296875,381.3999938964844,381.4800109863281,184323.0
2024-08-26 14:30:00+00:00,,,,,,,,,,,382.20001220703125,384.2699890136719,381.8800048828125,383.2550048828125,157730.0
2024-08-26 15:30:00+00:00,,,,,,,,,,,382.9800109863281,383.3599853515625,381.20001220703125,382.20001220703125,98836.0
2024-08-26 16:30:00+00:00,,,,,,,,,,,381.79998779296875,383.3599853515625,381.7799987792969,383.1000061035156,77737.0
2024-08-26 17:30:00+00:00,,,,,,,,,,,381.9949951171875,382.0199890136719,380.67999267578125,381.7799987792969,88324.0
2024-08-26 18:30:00+00:00,,,,,,,,,,,382.4750061035156,382.6300048828125,381.69000244140625,381.95001220703125,100949.0
2024-08-26 19:30:00+00:00,,,,,,,,,,,383.1700134277344,383.30999755859375,382.0299987792969,382.3800048828125,149127.0
2024-08-27 13:30:00+00:00,,,,,,,,,,,378.95001220703125,382.0299987792969,377.3599853515625,381.5,151489.0
2024-08-27 14:30:00+00:00,,,,,,,,,,,377.0,379.7099914550781,376.7041931152344,379.1099853515625,193457.0
2024-08-27 15:30:00+00:00,,,,,,,,,,,376.25,377.1299133300781,375.92999267578125,377.0,99259.0
2024-08-27 16:30:00+00:00,,,,,,,,,,,376.3999938964844,376.3999938964844,374.94000244140625,376.2650146484375,121022.0
2024-08-27 17:30:00+00:00,,,,,,,,,,,375.55499267578125,377.2699890136719,375.42498779296875,376.3500061035156,101927.0
2024-08-27 18:30:00+00:00,,,,,,,,,,,376.1600036621094,376.4800109863281,375.3599853515625,375.57501220703125,96713.0
2024-08-27 19:30:00+00:00,,,,,,,,,,,375.989990234375,376.7900085449219,375.7699890136719,376.1650085449219,166075.0
2024-08-28 13:30:00+00:00,,,,,,,,,,,377.9700012207031,378.5799865722656,374.4599914550781,374.989990234375,171977.0
2024-08-28 14:30:00+00:00,,,,,,,,,,,378.3500061035156,379.3699951171875,377.0299987792969,377.96990966796875,176837.0
2024-08-28 15:30:00+00:00,,,,,,,,,,,377.4700012207031,378.55999755859375,377.24969482421875,378.25,109830.0
2024-08-28 16:30:00+00:00,,,,,,,,,,,377.989990234375,378.6000061035156,377.3399963378906,377.42999267578125,93105.0
2024-08-28 17:30:00+00:00,,,,,,,,,,,376.7200012207031,378.44000244140625,376.5400085449219,377.989990234375,77412.0
2024-08-28 18:30:00+00:00,,,,,,,,,,,377.7300109863281,378.3440856933594,376.54998779296875,376.6549987792969,100734.0
2024-08-28 19:30:00+00:00,,,,,,,,,,,378.260009765625,378.70001220703125,377.17999267578125,377.82000732421875,154920.0
2024-08-29 13:30:00+00:00,,,,,,,,,,,382.6600036621094,382.80999755859375,376.95001220703125,379.7900085449219,169047.0
2024-08-29 14:30:00+00:00,,,,,,,,,,,381.94000244140625,383.05841064453125,381.110107421875,382.80999755859375,122622.0
2024-08-29 15:30:00+00:00,,,,,,,,,,,382.20001220703125,382.2300109863281,380.989990234375,382.0,91118.0
2024-08-29 16:30:00+00:00,,,,,,,,,,,383.375,383.45001220703125,382.1379089355469,382.20001220703125,72422.0
2024-08-29 17:30:00+00:00,,,,,,,,,,,383.2655944824219,384.5,383.2655944824219,383.4100036621094,75869.0
2024-08-29 18:30:00+00:00,,,,,,,,,,,383.7900085449219,383.94000244140625,381.98651123046875,383.4700012207031,127045.0
2024-08-29 19:30:00+00:00,,,,,,,,,,,381.7900085449219,383.82000732421875,380.760009765625,383.81500244140625,245596.0
2024-08-30 13:30:00+00:00,,,,,,,,,,,385.1600036621094,385.1600036621094,382.18499755859375,382.20001220703125,191537.0
2024-08-30 14:30:00+00:00,,,,,,,,,,,380.8949890136719,385.2900085449219,380.57000732421875,384.9700012207031,99559.0
2024-08-30 15:30:00+00:00,,,,,,,,,,,378.82000732421875,381.30999755859375,378.54010009765625,381.1099853515625,80836.0
2024-08-30 16:30:00+00:00,,,,,,,,,,,379.8999938964844,379.8999938964844,378.4530029296875,378.70001220703125,64731.0
2024-08-30 17:30:00+00:00,,,,,,,,,,,380.2099914550781,380.5765075683594,379.6400146484375,379.7699890136719,67385.0
2024-08-30 18:30:00+00:00,,,,,,,,,,,381.79998779296875,382.0450134277344,380.2099914550781,380.2099914550781,76992.0
2024-08-30 19:30:00+00:00,,,,,,,,,,,385.7300109863281,385.8898010253906,381.75,381.79998779296875,287947.0
2024-09-03 13:30:00+00:00,,,,,,,,,,,382.4150085449219,384.8599853515625,379.9599914550781,384.8599853515625,301623.0
2024-09-03 14:30:00+00:00,,,,,,,,,,,385.9700012207031,386.2699890136719,381.7699890136719,382.3999938964844,294339.0
2024-09-03 15:30:00+00:00,,,,,,,,,,,385.3949890136719,387.489990234375,385.3450012207031,385.8800048828125,152220.0
2024-09-03 16:30:00+00:00,,,,,,,,,,,386.2699890136719,387.1199951171875,384.80499267578125,385.2300109863281,136993.0
2024-09-03 17:30:00+00:00,,,,,,,,,,,388.0799865722656,388.3399963378906,385.989990234375,386.2200012207031,202113.0
2024-09-03 18:30:00+00:00,,,,,,,,,,,388.1099853515625,388.3800048828125,387.2099914550781,388.0849914550781,250604.0
2024-09-03 19:30:00+00:00,,,,,,,,,,,385.6600036621094,388.2900085449219,384.6160888671875,388.25,335743.0
2024-09-04 13:30:00+00:00,,,,,,,,,,,394.7300109863281,398.5799865722656,386.1000061035156,386.5400085449219,546012.0
2024-09-04 14:30:00+00:00,,,,,,,,,,,392.0299987792969,395.0,391.6499938964844,394.6449890136719,202685.0
2024-09-04 15:30:00+00:00,,,,,,,,,,,391.1099853515625,392.1499938964844,390.05999755859375,391.7200012207031,270013.0
2024-09-04 16:30:00+00:00,,,,,,,,,,,387.3699951171875,392.239990234375,387.0,391.1000061035156,220026.0
2024-09-04 17:30:00+00:00,,,,,,,,,,,391.1600036621094,391.42999267578125,387.4049987792969,387.4049987792969,200459.0
2024-09-04 18:30:00+00:00,,,,,,,,,,,391.29998779296875,391.8399963378906,389.6000061035156,391.1650085449219,266245.0
2024-09-04 19:30:00+00:00,,,,,,,,,,,391.8500061035156,392.20001220703125,390.6300964355469,391.1099853515625,398739.0
2024-09-05 13:30:00+00:00,,,,,,,,,,,387.0849914550781,395.0,383.0199890136719,392.0,419774.0
2024-09-05 14:30:00+00:00,,,,,,,,,,,383.8599853515625,387.6400146484375,383.3299865722656,387.0849914550781,127202.0
2024-09-05 15:30:00+00:00,,,,,,,,,,,384.0,384.20001220703125,382.8299865722656,383.8599853515625,128306.0
2024-09-05 16:30:00+00:00,,,,,,,,,,,383.75,385.3999938964844,383.75,384.0350036621094,90879.0
2024-09-05 17:30:00+00:00,,,,,,,,,,,385.19000244140625,385.510009765625,383.5,383.9198913574219,117513.0
2024-09-05 18:30:00+00:00,,,,,,,,,,,384.1075134277344,385.5050048828125,383.7049865722656,385.19000244140625,93619.0
2024-09-05 19:30:00+00:00,,,,,,,,,,,383.8699951171875,384.7850036621094,382.9599914550781,384.1050109863281,209955.0
2024-09-06 13:30:00+00:00,,,,,,,,,,,386.6400146484375,389.0,384.0299987792969,384.8399963378906,208309.0
2024-09-06 14:30:00+00:00,,,,,,,,,,,385.20001220703125,388.8399963378906,384.4599914550781,386.8399963378906,222321.0
2024-09-06 15:30:00+00:00,,,,,,,,,,,383.6300048828125,385.80999755859375,383.0299987792969,384.92999267578125,144098.0
2024-09-06 16:30:00+00:00,,,,,,,,,,,386.6000061035156,387.5950012207031,383.5509033203125,383.7049865722656,109114.0
2024-09-06 17:30:00+00:00,,,,,,,,,,,385.95001220703125,387.20001220703125,385.010009765625,386.1099853515625,52489.0
2024-09-06 18:30:00+00:00,,,,,,,,,,,384.5299987792969,385.94000244140625,383.9187927246094,385.7749938964844,122804.0
2024-09-06 19:30:00+00:00,,,,,,,,,,,381.6000061035156,384.3900146484375,381.31500244140625,384.3900146484375,418086.0
2024-09-09 13:30:00+00:00,,,,,,,,,,,391.2349853515625,392.0,383.4800109863281,384.1400146484375,170580.0
2024-09-09 14:30:00+00:00,,,,,,,,,,,387.5799865722656,391.3699951171875,386.29010009765625,391.2149963378906,185203.0
2024-09-09 15:30:00+00:00,,,,,,,,,,,388.8689880371094,389.6199951171875,387.6499938964844,387.6499938964844,91164.0
2024-09-09 16:30:00+00:00,,,,,,,,,,,387.656005859375,389.22900390625,387.4599914550781,389.1000061035156,64464.0
2024-09-09 17:30:00+00:00,,,,,,,,,,,385.57000732421875,387.8599853515625,385.1000061035156,387.69000244140625,96130.0
2024-09-09 18:30:00+00:00,,,,,,,,,,,385.57000732421875,385.6098937988281,384.30499267578125,385.42999267578125,126285.0
2024-09-09 19:30:00+00:00,,,,,,,,,,,387.2300109863281,387.30999755859375,385.1050109863281,385.56500244140625,246109.0
2024-09-10 13:30:00+00:00,,,,,,,,,,,382.4024963378906,389.4599914550781,381.67999267578125,388.5199890136719,176759.0
2024-09-10 14:30:00+00:00,,,,,,,,,,,385.0450134277344,385.2149963378906,381.7950134277344,382.3999938964844,124299.0
2024-09-10 15:30:00+00:00,,,,,,,,,,,383.5199890136719,385.42999267578125,383.489990234375,384.8399963378906,93741.0
2024-09-10 16:30:00+00:00,,,,,,,,,,,384.8500061035156,385.29998779296875,383.3599853515625,383.54150390625,80134.0
2024-09-10 17:30:00+00:00,,,,,,,,,,,384.2300109863281,385.4100036621094,383.4599914550781,384.92498779296875,80702.0
2024-09-10 18:30:00+00:00,,,,,,,,,,,384.92498779296875,385.1000061035156,383.739990234375,384.2799987792969,80228.0
2024-09-10 19:30:00+00:00,,,,,,,,,,,387.29998779296875,387.54998779296875,383.9599914550781,384.8399963378906,263613.0
2024-09-11 13:30:00+00:00,,,,,,,,,,,379.6199951171875,386.4949951171875,378.6600036621094,386.4949951171875,224939.0
2024-09-11 14:30:00+00:00,,,,,,,,,,,380.7099914550781,382.29998779296875,378.8999938964844,379.2900085449219,177758.0
2024-09-11 15:30:00+00:00,,,,,,,,,,,383.1199951171875,383.7300109863281,381.1300048828125,381.2300109863281,87299.0
2024-09-11 16:30:00+00:00,,,,,,,,,,,384.1842041015625,384.9100036621094,382.20001220703125,383.1000061035156,82329.0
2024-09-11 17:30:00+00:00,,,,,,,,,,,385.80999755859375,386.6499938964844,384.260009765625,384.260009765625,81517.0
2024-09-11 18:30:00+00:00,,,,,,,,,,,387.2875061035156,387.4700012207031,385.739990234375,385.7699890136719,77587.0
2024-09-11 19:30:00+00:00,,,,,,,,,,,388.1000061035156,388.8599853515625,386.0320129394531,387.54998779296875,214227.0
2024-09-12 13:30:00+00:00,,,,,,,,,,,385.2950134277344,389.010009765625,383.6000061035156,388.1700134277344,130460.0
2024-09-12 14:30:00+00:00,,,,,,,,,,,384.4599914550781,386.6700134277344,384.2550048828125,385.29998779296875,82676.0
2024-09-12 15:30:00+00:00,,,,,,,,,,,383.5400085449219,385.260009765625,383.17999267578125,384.6300048828125,71178.0
2024-09-12 16:30:00+00:00,,,,,,,,,,,385.2059020996094,385.54998779296875,383.0950012207031,383.6199951171875,57287.0
2024-09-12 17:30:00+00:00,,,,,,,,,,,386.05999755859375,386.6000061035156,385.3299865722656,385.5050048828125,51816.0
2024-09-12 18:30:00+00:00,,,,,,,,,,,386.4200134277344,387.0,385.1199951171875,386.25,83626.0
2024-09-12 19:30:00+00:00,,,,,,,,,,,387.260009765625,387.89990234375,386.17999267578125,386.510009765625,233171.0
2024-09-13 13:30:00+00:00,,,,,,,,,,,390.7049865722656,391.6600036621094,386.4200134277344,389.989990234375,150030.0
2024-09-13 14:30:00+00:00,,,,,,,,,,,391.2225036621094,391.7950134277344,390.25,390.67999267578125,126183.0
2024-09-13 15:30:00+00:00,,,,,,,,,,,391.6499938964844,392.59991455078125,390.8634948730469,391.1575012207031,74862.0
2024-09-13 16:30:00+00:00,,,,,,,,,,,393.5,393.5,391.360107421875,391.510009765625,90391.0
2024-09-13 17:30:00+00:00,,,,,,,,,,,393.53839111328125,395.20001220703125,393.04998779296875,393.5199890136719,124125.0
2024-09-13 18:30:00+00:00,,,,,,,,,,,394.1499938964844,394.3599853515625,392.9169921875,393.5,110542.0
2024-09-13 19:30:00+00:00,,,,,,,,,,,394.5400085449219,394.8699951171875,393.75,394.07000732421875,266275.0
2024-09-16 13:30:00+00:00,,,,,,,,,,,395.0799865722656,399.5,394.30999755859375,396.0,219612.0
2024-09-16 14:30:00+00:00,,,,,,,,,,,393.375,395.989990234375,393.375,395.1499938964844,100436.0
2024-09-16 15:30:00+00:00,,,,,,,,,,,393.6600036621094,394.2900085449219,393.1199951171875,393.489990234375,63847.0
2024-09-16 16:30:00+00:00,,,,,,,,,,,394.3900146484375,394.489990234375,393.3901062011719,393.5350036621094,68609.0
2024-09-16 17:30:00+00:00,,,,,,,,,,,394.6700134277344,395.409912109375,394.19500732421875,394.45001220703125,62631.0
2024-09-16 18:30:00+00:00,,,,,,,,,,,395.31500244140625,396.010009765625,394.2099914550781,394.6700134277344,98942.0
2024-09-16 19:30:00+00:00,,,,,,,,,,,394.80999755859375,395.8399963378906,394.4200134277344,395.31500244140625,155429.0
2024-09-17 13:30:00+00:00,,,,,,,,,,,397.0199890136719,398.3900146484375,395.45001220703125,396.5,149183.0
2024-09-17 14:30:00+00:00,,,,,,,,,,,399.5,399.6300048828125,396.7699890136719,397.06500244140625,132430.0
2024-09-17 15:30:00+00:00,,,,,,,,,,,398.8299865722656,400.1199951171875,397.7242126464844,399.5,119586.0
2024-09-17 16:30:00+00:00,,,,,,,,,,,397.489990234375,398.6199951171875,395.7850036621094,398.54998779296875,79379.0
2024-09-17 17:30:00+00:00,,,,,,,,,,,396.6050109863281,397.5899963378906,395.9601135253906,397.25,83738.0
2024-09-17 18:30:00+00:00,,,,,,,,,,,396.7900085449219,396.8699951171875,395.67999267578125,396.45001220703125,88436.0
2024-09-17 19:30:00+00:00,,,,,,,,,,,397.9800109863281,398.0,396.2099914550781,396.6099853515625,184980.0
2024-09-18 13:30:00+00:00,,,,,,,,,,,398.80999755859375,400.7200012207031,396.8900146484375,398.0,99410.0
2024-09-18 14:30:00+00:00,,,,,,,,,,,398.82000732421875,398.9800109863281,397.489990234375,398.5,57746.0
2024-09-18 15:30:00+00:00,,,,,,,,,,,398.1300048828125,398.8800048828125,397.70001220703125,398.6400146484375,46484.0
2024-09-18 16:30:00+00:00,,,,,,,,,,,399.7950134277344,399.7950134277344,398.114990234375,398.1199951171875,66916.0
2024-09-18 17:30:00+00:00,,,,,,,,,,,403.5350036621094,403.8299865722656,397.55999755859375,399.7850036621094,186764.0
2024-09-18 18:30:00+00:00,,,,,,,,,,,404.4800109863281,405.989990234375,402.2919006347656,403.6050109863281,286583.0
2024-09-18 19:30:00+00:00,,,,,,,,,,,401.1300048828125,404.8999938964844,400.8800048828125,404.5,257067.0
2024-09-19 13:30:00+00:00,,,,,,,,,,,405.25,408.2239990234375,403.3349914550781,406.5199890136719,210127.0
2024-09-19 14:30:00+00:00,,,,,,,,,,,407.7149963378906,408.5899963378906,404.5,405.4800109863281,205876.0
2024-09-19 15:30:00+00:00,,,,,,,,,,,411.2799987792969,411.4200134277344,407.1200866699219,407.7099914550781,199789.0
2024-09-19 16:30:00+00:00,,,,,,,,,,,411.25,412.160888671875,410.91009521484375,411.3800048828125,169037.0
2024-09-19 17:30:00+00:00,,,,,,,,,,,410.5050048828125,412.45001220703125,409.57000732421875,411.2049865722656,149240.0
2024-09-19 18:30:00+00:00,,,,,,,,,,,409.5849914550781,410.7149963378906,409.32000732421875,410.6400146484375,153629.0
2024-09-19 19:30:00+00:00,,,,,,,,,,,409.54998779296875,410.04998779296875,407.8800048828125,409.4800109863281,294155.0
2024-09-20 13:30:00+00:00,,,,,,,,,,,406.05999755859375,406.94000244140625,402.4800109863281,406.6199951171875,335131.0
2024-09-20 14:30:00+00:00,,,,,,,,,,,406.58648681640625,407.1000061035156,405.79998779296875,406.17999267578125,114762.0
2024-09-20 15:30:00+00:00,,,,,,,,,,,408.1400146484375,408.6600036621094,406.0799865722656,406.54998779296875,131267.0
2024-09-20 16:30:00+00:00,,,,,,,,,,,408.54998779296875,409.9100036621094,407.940185546875,408.17498779296875,87630.0
2024-09-20 17:30:00+00:00,,,,,,,,,,,405.4800109863281,408.70001220703125,405.45001220703125,408.44000244140625,63221.0
2024-09-20 18:30:00+00:00,,,,,,,,,,,405.8599853515625,406.1499938964844,404.8699951171875,405.6199951171875,108914.0
2024-09-20 19:30:00+00:00,,,,,,,,,,,406.1099853515625,407.0199890136719,405.29998779296875,405.7950134277344,231834.0
2024-09-23 13:30:00+00:00,,,,,,,,,,,407.75,409.6099853515625,404.07000732421875,405.0199890136719,149812.0
2024-09-23 14:30:00+00:00,,,,,,,,,,,406.9200134277344,408.0899963378906,406.1600036621094,407.69500732421875,63079.0
2024-09-23 15:30:00+00:00,,,,,,,,,,,407.1700134277344,407.57000732421875,405.5400085449219,406.6300048828125,58835.0
2024-09-23 16:30:00+00:00,,,,,,,,,,,408.010009765625,408.1700134277344,406.79998779296875,406.989990234375,44259.0
2024-09-23 17:30:00+00:00,,,,,,,,,,,409.6199951171875,409.92999267578125,408.0,408.1600036621094,182461.0
2024-09-23 18:30:00+00:00,,,,,,,,,,,409.5820007324219,410.260009765625,408.99481201171875,409.7799987792969,106420.0
2024-09-23 19:30:00+00:00,,,,,,,,,,,408.8800048828125,410.0899963378906,408.3699951171875,409.67999267578125,180148.0
2024-09-24 13:30:00+00:00,,,,,,,,,,,409.7449951171875,415.75,407.364990234375,411.739990234375,393560.0
2024-09-24 14:30:00+00:00,,,,,,,,,,,410.9700012207031,412.0199890136719,408.1499938964844,410.0,150820.0
2024-09-24 15:30:00+00:00,,,,,,,,,,,409.510009765625,411.4700012207031,409.3699951171875,411.0,93906.0
2024-09-24 16:30:00+00:00,,,,,,,,,,,409.68499755859375,410.75201416015625,409.17999267578125,409.4800109863281,88009.0
2024-09-24 17:30:00+00:00,,,,,,,,,,,409.2900085449219,410.3299865722656,408.92498779296875,409.6188049316406,85402.0
2024-09-24 18:30:00+00:00,,,,,,,,,,,410.3599853515625,410.4700012207031,408.8450012207031,409.17999267578125,79219.0
2024-09-24 19:30:00+00:00,,,,,,,,,,,411.0,411.1400146484375,409.8900146484375,410.30999755859375,169130.0
2024-09-25 13:30:00+00:00,,,,,,,,,,,410.2900085449219,413.8699951171875,409.489990234375,412.8399963378906,149821.0
2024-09-25 14:30:00+00:00,,,,,,,,,,,409.57000732421875,410.7099914550781,409.2900085449219,410.4700012207031,54842.0
2024-09-25 15:30:00+00:00,,,,,,,,,,,407.1400146484375,409.7699890136719,407.1400146484375,409.5,68663.0
2024-09-25 16:30:00+00:00,,,,,,,,,,,406.9100036621094,407.5,406.07000732421875,407.1400146484375,117067.0
2024-09-25 17:30:00+00:00,,,,,,,,,,,406.9800109863281,407.20001220703125,406.20001220703125,406.7300109863281,49383.0
2024-09-25 18:30:00+00:00,,,,,,,,,,,407.1189880371094,407.1189880371094,406.3034973144531,407.0050048828125,81262.0
2024-09-25 19:30:00+00:00,,,,,,,,,,,407.0199890136719,407.5199890136719,406.5199890136719,407.0299987792969,226211.0
2024-09-26 13:30:00+00:00,,,,,,,,,,,411.8599853515625,413.1449890136719,408.3699951171875,409.9599914550781,228736.0
2024-09-26 14:30:00+00:00,,,,,,,,,,,410.92999267578125,413.0660095214844,410.8299865722656,412.010009765625,74655.0
2024-09-26 15:30:00+00:00,,,,,,,,,,,411.04998779296875,411.8699951171875,410.6499938964844,410.760009765625,79629.0
2024-09-26 16:30:00+00:00,,,,,,,,,,,411.30499267578125,411.4599914550781,410.3399963378906,410.7701110839844,61187.0
2024-09-26 17:30:00+00:00,,,,,,,,,,,411.5299987792969,412.8500061035156,411.3500061035156,411.3500061035156,80348.0
2024-09-26 18:30:00+00:00,,,,,,,,,,,410.75,412.20989990234375,410.75,411.5299987792969,75351.0
2024-09-26 19:30:00+00:00,,,,,,,,,,,411.4700012207031,412.3599853515625,410.6300048828125,411.0,134609.0
2024-09-27 13:30:00+00:00,,,,,,,,,,,418.8962097167969,419.0299987792969,412.57000732421875,414.1000061035156,196714.0
2024-09-27 14:30:00+00:00,,,,,,,,,,,419.0799865722656,419.6300048828125,418.42010498046875,418.7349853515625,114022.0
2024-09-27 15:30:00+00:00,,,,,,,,,,,417.66351318359375,419.2749938964844,417.0799865722656,419.0799865722656,103822.0
2024-09-27 16:30:00+00:00,,,,,,,,,,,415.7200012207031,417.8999938964844,415.7200012207031,417.5199890136719,72063.0
2024-09-27 17:30:00+00:00,,,,,,,,,,,415.32000732421875,416.7099914550781,414.9800109863281,415.82501220703125,123756.0
2024-09-27 18:30:00+00:00,,,,,,,,,,,417.20001220703125,417.45001220703125,414.6600036621094,415.2749938964844,225912.0
2024-09-27 19:30:00+00:00,,,,,,,,,,,418.1099853515625,418.3500061035156,416.8399963378906,417.20001220703125,268693.0
2024-09-30 13:30:00+00:00,,,,,,,,,,,416.364990234375,417.4200134277344,412.54010009765625,416.25,234656.0
2024-09-30 14:30:00+00:00,,,,,,,,,,,413.9400939941406,417.7900085449219,413.760009765625,416.4599914550781,81054.0
2024-09-30 15:30:00+00:00,,,,,,,,,,,415.9700012207031,416.1099853515625,413.8900146484375,414.125,77456.0
2024-09-30 16:30:00+00:00,,,,,,,,,,,416.3424987792969,416.6000061035156,415.55999755859375,415.9800109863281,61194.0
2024-09-30 17:30:00+00:00,,,,,,,,,,,415.54998779296875,417.139892578125,414.4200134277344,416.1499938964844,177133.0
2024-09-30 18:30:00+00:00,,,,,,,,,,,416.614990234375,416.9599914550781,414.989990234375,415.44000244140625,133306.0
2024-09-30 19:30:00+00:00,,,,,,,,,,,417.4800109863281,417.94000244140625,416.0899963378906,416.6099853515625,146066.0
2024-10-01 13:30:00+00:00,,,,,,,,,,,415.9599914550781,417.0,411.1199951171875,414.67999267578125,153271.0
2024-10-01 14:30:00+00:00,,,,,,,,,,,417.8900146484375,418.0,414.489990234375,415.58099365234375,85043.0
2024-10-01 15:30:00+00:00,,,,,,,,,,,419.2449951171875,419.8800048828125,417.7300109863281,418.17999267578125,108314.0
2024-10-01 16:30:00+00:00,,,,,,,,,,,417.8299865722656,419.6199951171875,417.5899963378906,419.3599853515625,74107.0
2024-10-01 17:30:00+00:00,,,,,,,,,,,419.7200012207031,420.4700012207031,417.95208740234375,418.0199890136719,77685.0
2024-10-01 18:30:00+00:00,,,,,,,,,,,418.5899963378906,420.0299987792969,417.8900146484375,419.75,74939.0
2024-10-01 19:30:00+00:00,,,,,,,,,,,416.54998779296875,418.5799865722656,416.2200012207031,418.375,135114.0
2024-10-02 13:30:00+00:00,,,,,,,,,,,414.9100036621094,417.5799865722656,414.1400146484375,416.1199951171875,157011.0
2024-10-02 14:30:00+00:00,,,,,,,,,,,416.17999267578125,416.17999267578125,414.1700134277344,414.8699951171875,75193.0
2024-10-02 15:30:00+00:00,,,,,,,,,,,415.7650146484375,417.0400085449219,415.3388977050781,416.1499938964844,61046.0
2024-10-02 16:30:00+00:00,,,,,,,,,,,415.79949951171875,415.79949951171875,414.9606018066406,415.69000244140625,46313.0
2024-10-02 17:30:00+00:00,,,,,,,,,,,415.25,416.67999267578125,414.760009765625,415.5,57661.0
2024-10-02 18:30:00+00:00,,,,,,,,,,,415.1449890136719,416.2300109863281,415.0,415.0400085449219,67184.0
2024-10-02 19:30:00+00:00,,,,,,,,,,,416.6600036621094,416.9750061035156,414.2900085449219,415.0400085449219,159667.0
2024-10-03 13:30:00+00:00,,,,,,,,,,,411.1499938964844,413.8299865722656,407.7214050292969,412.69000244140625,166650.0
2024-10-03 14:30:00+00:00,,,,,,,,,,,412.3999938964844,412.8900146484375,410.67999267578125,410.8599853515625,88751.0
2024-10-03 15:30:00+00:00,,,,,,,,,,,411.989990234375,413.1000061035156,411.8900146484375,412.57000732421875,47348.0
2024-10-03 16:30:00+00:00,,,,,,,,,,,408.28009033203125,412.0299987792969,408.28009033203125,411.9750061035156,73601.0
2024-10-03 17:30:00+00:00,,,,,,,,,,,409.010009765625,409.29998779296875,408.2203063964844,408.2203063964844,61910.0
2024-10-03 18:30:00+00:00,,,,,,,,,,,408.6050109863281,409.260009765625,408.04998779296875,408.7300109863281,85363.0
2024-10-03 19:30:00+00:00,,,,,,,,,,,408.55999755859375,409.1099853515625,408.010009765625,408.5400085449219,129385.0
2024-10-04 13:30:00+00:00,,,,,,,,,,,406.614990234375,412.1400146484375,406.2799987792969,412.0,164351.0
2024-10-04 14:30:00+00:00,,,,,,,,,,,405.3900146484375,407.3900146484375,405.07000732421875,406.5450134277344,113384.0
2024-10-04 15:30:00+00:00,,,,,,,,,,,406.989990234375,407.7900085449219,405.3399963378906,405.6025085449219,105105.0
2024-10-04 16:30:00+00:00,,,,,,,,,,,406.489990234375,408.0,406.489990234375,407.19000244140625,56534.0
2024-10-04 17:30:00+00:00,,,,,,,,,,,406.3299865722656,407.6050109863281,405.739990234375,406.4700012207031,92851.0
2024-10-04 18:30:00+00:00,,,,,,,,,,,407.19000244140625,407.3900146484375,406.1700134277344,406.4750061035156,74088.0
2024-10-04 19:30:00+00:00,,,,,,,,,,,407.9200134277344,408.45001220703125,406.75,406.94000244140625,129383.0
2024-10-07 13:30:00+00:00,,,,,,,,,,,407.3800048828125,408.739990234375,404.385009765625,407.8699951171875,148487.0
2024-10-07 14:30:00+00:00,,,,,,,,,,,408.1700134277344,409.0899963378906,406.3599853515625,407.1400146484375,102902.0
2024-10-07 15:30:00+00:00,,,,,,,,,,,407.6499938964844,408.6400146484375,407.5150146484375,408.4200134277344,70113.0
2024-10-07 16:30:00+00:00,,,,,,,,,,,408.25,408.3699951171875,407.1499938964844,407.5799865722656,60187.0
2024-10-07 17:30:00+00:00,,,,,,,,,,,407.04998779296875,408.0899963378906,406.94000244140625,408.0899963378906,46489.0
2024-10-07 18:30:00+00:00,,,,,,,,,,,406.6199951171875,407.36248779296875,405.3900146484375,407.0400085449219,130194.0
2024-10-07 19:30:00+00:00,,,,,,,,,,,406.0400085449219,406.7799987792969,405.1199951171875,406.7799987792969,212692.0
2024-10-08 13:30:00+00:00,,,,,,,,,,,400.5299987792969,405.9100036621094,399.510009765625,403.5400085449219,206987.0
2024-10-08 14:30:00+00:00,,,,,,,,,,,400.8800048828125,401.69000244140625,398.7799987792969,400.3699951171875,148303.0
2024-10-08 15:30:00+00:00,,,,,,,,,,,401.7449951171875,402.04998779296875,400.8999938964844,400.8999938964844,61415.0
2024-10-08 16:30:00+00:00,,,,,,,,,,,401.5,402.2799987792969,401.25,401.80999755859375,116495.0
2024-10-08 17:30:00+00:00,,,,,,,,,,,401.5899963378906,401.8450012207031,401.0400085449219,401.510009765625,38245.0
2024-10-08 18:30:00+00:00,,,,,,,,,,,401.2449951171875,402.0,401.00909423828125,401.5199890136719,66088.0
2024-10-08 19:30:00+00:00,,,,,,,,,,,400.3299865722656,401.54998779296875,400.29998779296875,401.25,126457.0
2024-10-09 13:30:00+00:00,,,,,,,,,,,402.55499267578125,405.42999267578125,401.5,401.5,125049.0
2024-10-09 14:30:00+00:00,,,,,,,,,,,405.19000244140625,405.32501220703125,401.8349914550781,402.7300109863281,63649.0
2024-10-09 15:30:00+00:00,,,,,,,,,,,405.9649963378906,406.3699951171875,405.0,405.07000732421875,55081.0
2024-10-09 16:30:00+00:00,,,,,,,,,,,405.6300048828125,405.95001220703125,404.33538818359375,405.70001220703125,54335.0
2024-10-09 17:30:00+00:00,,,,,,,,,,,404.6549987792969,405.82501220703125,404.44000244140625,405.51190185546875,66224.0
2024-10-09 18:30:00+00:00,,,,,,,,,,,405.3500061035156,405.3999938964844,403.8900146484375,404.6499938964844,67351.0
2024-10-09 19:30:00+00:00,,,,,,,,,,,405.45001220703125,405.94000244140625,405.05999755859375,405.4599914550781,159469.0
2024-10-10 13:30:00+00:00,,,,,,,,,,,402.19000244140625,405.2900085449219,401.8599853515625,404.7699890136719,102201.0
2024-10-10 14:30:00+00:00,,,,,,,,,,,404.6600036621094,405.4175109863281,402.2250061035156,402.2250061035156,42115.0
2024-10-10 15:30:00+00:00,,,,,,,,,,,404.3999938964844,404.7900085449219,403.6300048828125,404.6499938964844,45777.0
2024-10-10 16:30:00+00:00,,,,,,,,,,,403.67999267578125,404.5820007324219,402.8299865722656,404.489990234375,41571.0
2024-10-10 17:30:00+00:00,,,,,,,,,,,403.5400085449219,404.1400146484375,402.7900085449219,403.7200012207031,40065.0
2024-10-10 18:30:00+00:00,,,,,,,,,,,404.2250061035156,404.5889892578125,403.6000061035156,403.6000061035156,40841.0
2024-10-10 19:30:00+00:00,,,,,,,,,,,405.8999938964844,406.54998779296875,404.364990234375,404.3900146484375,122046.0
2024-10-11 13:30:00+00:00,,,,,,,,,,,410.760009765625,411.2099914550781,404.4649963378906,405.04998779296875,93837.0
2024-10-11 14:30:00+00:00,,,,,,,,,,,411.1000061035156,412.3699951171875,410.6400146484375,410.760009765625,96114.0
2024-10-11 15:30:00+00:00,,,,,,,,,,,410.25,412.26190185546875,410.010009765625,411.25,40980.0
2024-10-11 16:30:00+00:00,,,,,,,,,,,410.6600036621094,411.239990234375,410.04998779296875,410.4299011230469,39500.0
2024-10-11 17:30:00+00:00,,,,,,,,,,,411.239990234375,411.4100036621094,410.2699890136719,410.6400146484375,33408.0
2024-10-11 18:30:00+00:00,,,,,,,,,,,411.2699890136719,411.6600036621094,410.7300109863281,411.3800048828125,48921.0
2024-10-11 19:30:00+00:00,,,,,,,,,,,411.0899963378906,411.8999938964844,411.05999755859375,411.2200012207031,127330.0
2024-10-14 13:30:00+00:00,,,,,,,,,,,400.0249938964844,408.7799987792969,399.4599914550781,408.0299987792969,361798.0
2024-10-14 14:30:00+00:00,,,,,,,,,,,405.3999938964844,405.54998779296875,400.0050048828125,400.0050048828125,118899.0
2024-10-14 15:30:00+00:00,,,,,,,,,,,405.6600036621094,405.7980041503906,404.7699890136719,405.1300048828125,65591.0
2024-10-14 16:30:00+00:00,,,,,,,,,,,406.8900146484375,406.9200134277344,405.3475036621094,405.75,42356.0
2024-10-14 17:30:00+00:00,,,,,,,,,,,406.5,406.7900085449219,406.20001220703125,406.7900085449219,78095.0
2024-10-14 18:30:00+00:00,,,,,,,,,,,406.7300109863281,406.7900085449219,405.4100036621094,406.5,84165.0
2024-10-14 19:30:00+00:00,,,,,,,,,,,407.79998779296875,408.3900146484375,406.4330139160156,406.6400146484375,134140.0
2024-10-15 13:30:00+00:00,,,,,,,,,,,408.57000732421875,409.0400085449219,403.9599914550781,405.0199890136719,225497.0
2024-10-15 14:30:00+00:00,,,,,,,,,,,407.2699890136719,409.0299987792969,407.1784973144531,408.1499938964844,71824.0
2024-10-15 15:30:00+00:00,,,,,,,,,,,408.139404296875,408.4599914550781,407.1300048828125,407.3576965332031,40216.0
2024-10-15 16:30:00+00:00,,,,,,,,,,,406.1499938964844,408.3699951171875,405.9150085449219,408.2699890136719,43010.0
2024-10-15 17:30:00+00:00,,,,,,,,,,,404.5199890136719,406.2900085449219,404.4599914550781,406.1400146484375,55317.0
2024-10-15 18:30:00+00:00,,,,,,,,,,,404.14300537109375,404.75,403.760009765625,404.55499267578125,67311.0
2024-10-15 19:30:00+00:00,,,,,,,,,,,402.04998779296875,404.1499938964844,401.4800109863281,404.1300048828125,183623.0
2024-10-16 13:30:00+00:00,,,,,,,,,,,404.17498779296875,406.95001220703125,403.114990234375,403.2300109863281,120422.0
2024-10-16 14:30:00+00:00,,,,,,,,,,,405.0150146484375,405.1199951171875,403.635009765625,403.69000244140625,62160.0
2024-10-16 15:30:00+00:00,,,,,,,,,,,407.30999755859375,407.3399963378906,404.32470703125,405.0150146484375,60991.0
2024-10-16 16:30:00+00:00,,,,,,,,,,,409.239990234375,409.5199890136719,407.04010009765625,407.3399963378906,135695.0
2024-10-16 17:30:00+00:00,,,,,,,,,,,410.25,410.44500732421875,408.5950012207031,409.3550109863281,70684.0
2024-10-16 18:30:00+00:00,,,,,,,,,,,409.26251220703125,410.3839111328125,408.7099914550781,410.25,111622.0
2024-10-16 19:30:00+00:00,,,,,,,,,,,409.3699951171875,410.0400085449219,408.9800109863281,409.1600036621094,155160.0
2024-10-17 13:30:00+00:00,,,,,,,,,,,403.6499938964844,409.25,403.2799987792969,408.1199951171875,207882.0
2024-10-17 14:30:00+00:00,,,,,,,,,,,405.1499938964844,405.30999755859375,402.3500061035156,403.4700012207031,112900.0
2024-10-17 15:30:00+00:00,,,,,,,,,,,405.2850036621094,405.4200134277344,404.70001220703125,405.2900085449219,61975.0
2024-10-17 16:30:00+00:00,,,,,,,,,,,405.885009765625,407.25750732421875,405.07000732421875,405.3091125488281,57510.0
2024-10-17 17:30:00+00:00,,,,,,,,,,,400.7149963378906,405.8599853515625,396.5299987792969,405.8599853515625,501824.0
2024-10-17 18:30:00+00:00,,,,,,,,,,,404.3900146484375,405.19000244140625,400.4501037597656,400.7099914550781,142640.0
2024-10-17 19:30:00+00:00,,,,,,,,,,,405.1400146484375,405.7449951171875,404.3900146484375,404.4599914550781,162232.0
2024-10-18 13:30:00+00:00,,,,,,,,,,,404.4849853515625,407.0899963378906,404.20001220703125,406.989990234375,143830.0
2024-10-18 14:30:00+00:00,,,,,,,,,,,405.67999267578125,406.1600036621094,404.45001220703125,404.4949951171875,48005.0
2024-10-18 15:30:00+00:00,,,,,,,,,,,407.04998779296875,407.2300109863281,405.4656066894531,405.67498779296875,40009.0
2024-10-18 16:30:00+00:00,,,,,,,,,,,407.7550048828125,408.2200012207031,406.92999267578125,407.135009765625,70137.0
2024-10-18 17:30:00+00:00,,,,,,,,,,,408.4599914550781,408.4599914550781,406.96600341796875,407.7550048828125,65901.0
2024-10-18 18:30:00+00:00,,,,,,,,,,,408.6400146484375,409.5799865722656,408.4601135253906,408.67999267578125,113643.0
2024-10-18 19:30:00+00:00,,,,,,,,,,,408.6700134277344,409.29998779296875,407.9100036621094,408.6199951171875,129017.0
2024-10-21 13:30:00+00:00,,,,,,,,,,,408.739990234375,410.7250061035156,407.2500915527344,408.0,118799.0
2024-10-21 14:30:00+00:00,,,,,,,,,,,408.3800048828125,409.6499938964844,408.04998779296875,408.7099914550781,75673.0
2024-10-21 15:30:00+00:00,,,,,,,,,,,407.7699890136719,408.6099853515625,406.74560546875,408.1499938964844,98227.0
2024-10-21 16:30:00+00:00,,,,,,,,,,,408.19000244140625,408.8599853515625,407.7099914550781,407.7699890136719,32199.0
2024-10-21 17:30:00+00:00,,,,,,,,,,,408.4750061035156,408.8299865722656,407.32000732421875,408.2799987792969,64440.0
2024-10-21 18:30:00+00:00,,,,,,,,,,,407.8699951171875,408.7099914550781,407.7283935546875,408.3999938964844,65987.0
2024-10-21 19:30:00+00:00,,,,,,,,,,,407.19000244140625,407.8699951171875,405.9200134277344,407.8699951171875,138199.0
2024-10-22 13:30:00+00:00,,,,,,,,,,,402.6600036621094,407.04998779296875,401.80999755859375,407.04998779296875,103076.0
2024-10-22 14:30:00+00:00,,,,,,,,,,,405.7699890136719,405.95831298828125,402.1429138183594,402.6000061035156,63982.0
2024-10-22 15:30:00+00:00,,,,,,,,,,,405.9800109863281,406.42999267578125,404.92498779296875,405.8175048828125,58816.0
2024-10-22 16:30:00+00:00,,,,,,,,,,,406.760009765625,407.135009765625,406.0450134277344,406.1600036621094,38145.0
2024-10-22 17:30:00+00:00,,,,,,,,,,,407.375,407.375,406.45001220703125,406.7200012207031,45530.0
2024-10-22 18:30:00+00:00,,,,,,,,,,,407.55999755859375,407.8450012207031,406.5400085449219,407.3399963378906,69279.0
2024-10-22 19:30:00+00:00,,,,,,,,,,,406.69000244140625,407.8999938964844,406.5400085449219,407.55999755859375,124933.0
2024-10-23 13:30:00+00:00,,,,,,,,,,,409.8399963378906,411.42999267578125,406.5318908691406,407.25,115835.0
2024-10-23 14:30:00+00:00,,,,,,,,,,,408.55499267578125,409.8500061035156,408.3599853515625,409.7900085449219,61301.0
2024-10-23 15:30:00+00:00,,,,,,,,,,,410.5350036621094,410.6700134277344,408.364990234375,408.364990234375,51591.0
2024-10-23 16:30:00+00:00,,,,,,,,,,,408.2300109863281,411.73199462890625,407.80999755859375,410.55499267578125,73873.0
2024-10-23 17:30:00+00:00,,,,,,,,,,,407.19000244140625,408.6199951171875,406.260009765625,408.30999755859375,57123.0
2024-10-23 18:30:00+00:00,,,,,,,,,,,408.0799865722656,409.3900146484375,407.2149963378906,407.2149963378906,116290.0
2024-10-23 19:30:00+00:00,,,,,,,,,,,408.6400146484375,409.45001220703125,407.8299865722656,408.2300109863281,151910.0
2024-10-24 13:30:00+00:00,,,,,,,,,,,409.07501220703125,409.7300109863281,407.19500732421875,408.989990234375,97864.0
2024-10-24 14:30:00+00:00,,,,,,,,,,,408.4800109863281,409.6600036621094,408.260009765625,409.07000732421875,58765.0
2024-10-24 15:30:00+00:00,,,,,,,,,,,408.8299865722656,409.510009765625,407.1684875488281,408.3399963378906,74320.0
2024-10-24 16:30:00+00:00,,,,,,,,,,,410.32000732421875,410.32501220703125,408.68499755859375,408.68499755859375,53308.0
2024-10-24 17:30:00+00:00,,,,,,,,,,,410.25,410.9100036621094,409.54998779296875,410.2149963378906,79994.0
2024-10-24 18:30:00+00:00,,,,,,,,,,,411.3900146484375,411.7598876953125,410.1416015625,410.3299865722656,76489.0
2024-10-24 19:30:00+00:00,,,,,,,,,,,411.0799865722656,411.7643127441406,410.80999755859375,411.3900146484375,94903.0
2024-10-25 13:30:00+00:00,,,,,,,,,,,412.8900146484375,414.75,411.56500244140625,413.0,92180.0
2024-10-25 14:30:00+00:00,,,,,,,,,,,412.0199890136719,413.0899963378906,411.57000732421875,413.07000732421875,51213.0
2024-10-25 15:30:00+00:00,,,,,,,,,,,411.8800048828125,411.8800048828125,410.8599853515625,411.60009765625,36698.0
2024-10-25 16:30:00+00:00,,,,,,,,,,,409.9125061035156,411.8900146484375,409.44000244140625,411.7149963378906,59426.0
2024-10-25 17:30:00+00:00,,,,,,,,,,,408.989990234375,409.8800048828125,407.8599853515625,409.7799987792969,54007.0
2024-10-25 18:30:00+00:00,,,,,,,,,,,408.8450012207031,410.1099853515625,408.510009765625,409.0350036621094,66800.0
2024-10-25 19:30:00+00:00,,,,,,,,,,,408.0199890136719,408.760009765625,407.4200134277344,408.6565856933594,111307.0
2024-10-28 13:30:00+00:00,,,,,,,,,,,409.82000732421875,410.69000244140625,408.6700134277344,409.0,85516.0
2024-10-28 14:30:00+00:00,,,,,,,,,,,408.9049987792969,409.8599853515625,408.3349914550781,409.8399963378906,53570.0
2024-10-28 15:30:00+00:00,,,,,,,,,,,410.67999267578125,411.0450134277344,408.2449951171875,408.7300109863281,42694.0
2024-10-28 16:30:00+00:00,,,,,,,,,,,410.9849853515625,411.8399963378906,410.67999267578125,410.7049865722656,50582.0
2024-10-28 17:30:00+00:00,,,,,,,,,,,411.3399963378906,412.0,410.8550109863281,411.06500244140625,49820.0
2024-10-28 18:30:00+00:00,,,,,,,,,,,412.4049987792969,412.5400085449219,411.2200012207031,411.3500061035156,65067.0
2024-10-28 19:30:00+00:00,,,,,,,,,,,412.489990234375,413.3299865722656,412.1099853515625,412.30499267578125,168361.0
2024-10-29 13:30:00+00:00,,,,,,,,,,,409.6499938964844,410.8699951171875,406.69000244140625,410.20001220703125,112891.0
2024-10-29 14:30:00+00:00,,,,,,,,,,,409.7200012207031,411.0,409.010009765625,409.6099853515625,51203.0
2024-10-29 15:30:00+00:00,,,,,,,,,,,408.8949890136719,410.0150146484375,408.2200012207031,410.0150146484375,48174.0
2024-10-29 16:30:00+00:00,,,,,,,,,,,407.9599914550781,409.2699890136719,407.8362121582031,408.54998779296875,35297.0
2024-10-29 17:30:00+00:00,,,,,,,,,,,407.1400146484375,408.0,406.7900085449219,408.0,54399.0
2024-10-29 18:30:00+00:00,,,,,,,,,,,406.6099853515625,408.05999755859375,406.1099853515625,407.2685852050781,83295.0
2024-10-29 19:30:00+00:00,,,,,,,,,,,406.1400146484375,406.5199890136719,405.2099914550781,406.42999267578125,137748.0
2024-10-30 13:30:00+00:00,,,,,,,,,,,406.2799987792969,408.1400146484375,401.3284912109375,402.6600036621094,120625.0
2024-10-30 14:30:00+00:00,,,,,,,,,,,406.3500061035156,406.7449951171875,405.4010925292969,406.2799987792969,51629.0
2024-10-30 15:30:00+00:00,,,,,,,,,,,406.4100036621094,407.44000244140625,405.7850036621094,406.3349914550781,51561.0
2024-10-30 16:30:00+00:00,,,,,,,,,,,405.6199951171875,406.3800048828125,404.92498779296875,406.19000244140625,48963.0
2024-10-30 17:30:00+00:00,,,,,,,,,,,405.6099853515625,405.9800109863281,404.5299987792969,405.4700012207031,74722.0
2024-10-30 18:30:00+00:00,,,,,,,,,,,404.2699890136719,405.30999755859375,404.2699890136719,405.239990234375,82857.0
2024-10-30 19:30:00+00:00,,,,,,,,,,,404.8299865722656,405.4700012207031,404.3550109863281,404.3550109863281,145492.0
2024-10-31 13:30:00+00:00,,,,,,,,,,,403.5400085449219,406.92999267578125,403.260009765625,404.260009765625,87385.0
2024-10-31 14:30:00+00:00,,,,,,,,,,,403.635009765625,404.69500732421875,402.0,403.4649963378906,65843.0
2024-10-31 15:30:00+00:00,,,,,,,,,,,405.0,405.2099914550781,403.6400146484375,403.7900085449219,38083.0
2024-10-31 16:30:00+00:00,,,,,,,,,,,406.5450134277344,406.6650085449219,404.5400085449219,404.8500061035156,80871.0
2024-10-31 17:30:00+00:00,,,,,,,,,,,406.55999755859375,406.80499267578125,405.6700134277344,406.5849914550781,50792.0
2024-10-31 18:30:00+00:00,,,,,,,,,,,406.1400146484375,407.30499267578125,405.8580017089844,406.489990234375,56610.0
2024-10-31 19:30:00+00:00,,,,,,,,,,,404.6199951171875,406.5400085449219,404.57000732421875,406.25,104775.0
2024-11-01 13:30:00+00:00,,,,,,,,,,,405.05999755859375,407.0763854980469,403.20001220703125,405.79998779296875,227892.0
2024-11-01 14:30:00+00:00,,,,,,,,,,,402.1499938964844,405.18499755859375,402.0299987792969,405.18499755859375,128308.0
2024-11-01 15:30:00+00:00,,,,,,,,,,,400.7099914550781,402.5,400.510009765625,402.32000732421875,87212.0
2024-11-01 16:30:00+00:00,,,,,,,,,,,399.56500244140625,401.19500732421875,399.07000732421875,400.5450134277344,130850.0
2024-11-01 17:30:00+00:00,,,,,,,,,,,399.75,400.21990966796875,398.30999755859375,399.56500244140625,108913.0
2024-11-01 18:30:00+00:00,,,,,,,,,,,400.6549987792969,402.0,399.510009765625,399.7550048828125,107053.0
2024-11-01 19:30:00+00:00,,,,,,,,,,,400.3900146484375,401.0400085449219,398.80999755859375,400.6000061035156,217416.0
2024-11-04 14:30:00+00:00,,,,,,,,,,,403.2099914550781,406.8599853515625,399.9599914550781,400.4200134277344,172393.0
2024-11-04 15:30:00+00:00,,,,,,,,,,,401.1000061035156,403.5799865722656,400.79998779296875,403.5799865722656,147296.0
2024-11-04 16:30:00+00:00,,,,,,,,,,,401.260009765625,401.4100036621094,399.51409912109375,400.79998779296875,51629.0
2024-11-04 17:30:00+00:00,,,,,,,,,,,401.5299987792969,401.92999267578125,400.1099853515625,401.35321044921875,35504.0
2024-11-04 18:30:00+00:00,,,,,,,,,,,402.9849853515625,403.20001220703125,401.17010498046875,401.3349914550781,55246.0
2024-11-04 19:30:00+00:00,,,,,,,,,,,402.0799865722656,403.5400085449219,401.95001220703125,402.94500732421875,82913.0
2024-11-04 20:30:00+00:00,,,,,,,,,,,401.7200012207031,402.0450134277344,401.010009765625,401.9599914550781,122827.0
2024-11-05 14:30:00+00:00,,,,,,,,,,,402.9100036621094,403.2998962402344,396.7900085449219,398.30999755859375,107447.0
2024-11-05 15:30:00+00:00,,,,,,,,,,,398.6499938964844,404.010009765625,398.6499938964844,403.2850036621094,88603.0
2024-11-05 16:30:00+00:00,,,,,,,,,,,398.55999755859375,400.6099853515625,397.739990234375,398.6199951171875,113331.0
2024-11-05 17:30:00+00:00,,,,,,,,,,,400.0350036621094,400.55999755859375,398.45001220703125,398.45001220703125,49418.0
2024-11-05 18:30:00+00:00,,,,,,,,,,,399.2699890136719,400.32501220703125,399.2699890136719,400.1099853515625,56467.0
2024-11-05 19:30:00+00:00,,,,,,,,,,,399.375,399.989990234375,398.67999267578125,399.4599914550781,77733.0
2024-11-05 20:30:00+00:00,,,,,,,,,,,400.2900085449219,400.75,399.1199951171875,399.3999938964844,112977.0
2024-11-06 14:30:00+00:00,,,,,,,,,,,406.73748779296875,415.5,402.1050109863281,412.6199951171875,525342.0
2024-11-06 15:30:00+00:00,,,,,,,,,,,405.8299865722656,407.20001220703125,403.1400146484375,406.9200134277344,138547.0
2024-11-06 16:30:00+00:00,,,,,,,,,,,405.0199890136719,407.3699951171875,404.05499267578125,406.0,164672.0
2024-11-06 17:30:00+00:00,,,,,,,,,,,404.4638977050781,405.45989990234375,404.05999755859375,404.8500061035156,85499.0
2024-11-06 18:30:00+00:00,,,,,,,,,,,404.6650085449219,405.5299987792969,404.1499938964844,404.6449890136719,71251.0
2024-11-06 19:30:00+00:00,,,,,,,,,,,406.385009765625,406.6299133300781,404.5799865722656,404.6499938964844,104942.0
2024-11-06 20:30:00+00:00,,,,,,,,,,,405.6000061035156,406.8299865722656,404.45001220703125,406.3399963378906,256710.0
2024-11-07 14:30:00+00:00,,,,,,,,,,,411.1499938964844,411.6199951171875,406.8949890136719,407.6099853515625,162896.0
2024-11-07 15:30:00+00:00,,,,,,,,,,,408.7900085449219,411.9700012207031,408.7799987792969,410.9483947753906,131131.0
2024-11-07 16:30:00+00:00,,,,,,,,,,,408.44000244140625,409.25,406.3100891113281,408.7799987792969,66821.0
2024-11-07 17:30:00+00:00,,,,,,,,,,,408.7799987792969,409.42999267578125,408.1700134277344,408.44000244140625,61043.0
2024-11-07 18:30:00+00:00,,,,,,,,,,,410.3450012207031,410.7850036621094,408.4599914550781,408.489990234375,97592.0
2024-11-07 19:30:00+00:00,,,,,,,,,,,411.2200012207031,411.42999267578125,410.20001220703125,410.3450012207031,101501.0
2024-11-07 20:30:00+00:00,,,,,,,,,,,411.260009765625,411.71990966796875,410.6000061035156,411.2749938964844,238843.0
2024-11-08 14:30:00+00:00,,,,,,,,,,,399.8399963378906,406.0,397.4100036621094,402.1000061035156,419053.0
2024-11-08 15:30:00+00:00,,,,,,,,,,,400.1300048828125,402.5,398.239990234375,399.5400085449219,115435.0
2024-11-08 16:30:00+00:00,,,,,,,,,,,398.04998779296875,400.69000244140625,397.375,400.69000244140625,103926.0
2024-11-08 17:30:00+00:00,,,,,,,,,,,396.2149963378906,398.44000244140625,395.6300048828125,398.2550048828125,110877.0
2024-11-08 18:30:00+00:00,,,,,,,,,,,394.760009765625,396.260009765625,394.70001220703125,395.760009765625,148233.0
2024-11-08 19:30:00+00:00,,,,,,,,,,,394.8999938964844,395.5299072265625,394.125,394.8299865722656,166813.0
2024-11-08 20:30:00+00:00,,,,,,,,,,,394.0,395.1390075683594,393.7200012207031,395.0,314522.0
2024-11-11 14:30:00+00:00,,,,,,,,,,,396.760009765625,398.739990234375,393.1700134277344,397.17999267578125,229525.0
2024-11-11 15:30:00+00:00,,,,,,,,,,,396.6700134277344,398.0899963378906,395.6400146484375,396.614990234375,111152.0
2024-11-11 16:30:00+00:00,,,,,,,,,,,397.9999084472656,397.9999084472656,396.4200134277344,396.5299987792969,73262.0
2024-11-11 17:30:00+00:00,,,,,,,,,,,399.7799987792969,399.8299865722656,397.7099914550781,397.8399963378906,96704.0
2024-11-11 18:30:00+00:00,,,,,,,,,,,401.2699890136719,401.7099914550781,399.32000732421875,399.4700012207031,82617.0
2024-11-11 19:30:00+00:00,,,,,,,,,,,401.3800048828125,401.6299133300781,399.7149963378906,401.1199951171875,105553.0
2024-11-11 20:30:00+00:00,,,,,,,,,,,402.8500061035156,402.8800048828125,400.8299865722656,401.1400146484375,185796.0
2024-11-12 14:30:00+00:00,,,,,,,,,,,396.7200012207031,402.19000244140625,396.7200012207031,402.19000244140625,149870.0
2024-11-12 15:30:00+00:00,,,,,,,,,,,397.5299987792969,398.0,396.1600036621094,396.80999755859375,82195.0
2024-11-12 16:30:00+00:00,,,,,,,,,,,396.3349914550781,397.5799865722656,395.4100036621094,397.5799865722656,59942.0
2024-11-12 17:30:00+00:00,,,,,,,,,,,395.4200134277344,396.739990234375,394.70001220703125,396.2850036621094,74068.0
2024-11-12 18:30:00+00:00,,,,,,,,,,,395.635009765625,396.3299865722656,395.010009765625,395.4750061035156,137142.0
2024-11-12 19:30:00+00:00,,,,,,,,,,,394.9700012207031,396.1099853515625,394.4599914550781,395.7149963378906,107426.0
2024-11-12 20:30:00+00:00,,,,,,,,,,,393.739990234375,395.42999267578125,393.1199951171875,394.8900146484375,184476.0
2024-11-13 14:30:00+00:00,,,,,,,,,,,389.2049865722656,391.1112976074219,387.0299987792969,390.5799865722656,282836.0
2024-11-13 15:30:00+00:00,,,,,,,,,,,391.1499938964844,392.1300048828125,389.0899963378906,389.2049865722656,195137.0
2024-11-13 16:30:00+00:00,,,,,,,,,,,390.1449890136719,391.45001220703125,389.9849853515625,390.8689880371094,99075.0
2024-11-13 17:30:00+00:00,,,,,,,,,,,390.5299987792969,390.760009765625,389.70001220703125,390.0299987792969,79675.0
2024-11-13 18:30:00+00:00,,,,,,,,,,,389.2200012207031,390.6000061035156,389.1304931640625,390.5,89280.0
2024-11-13 19:30:00+00:00,,,,,,,,,,,389.1600036621094,389.3699951171875,387.0502014160156,389.04998779296875,199246.0
2024-11-13 20:30:00+00:00,,,,,,,,,,,389.4200134277344,390.18231201171875,388.75,389.2099914550781,298132.0
2024-11-14 14:30:00+00:00,,,,,,,,,,,391.0150146484375,395.5199890136719,387.7900085449219,390.4200134277344,385199.0
2024-11-14 15:30:00+00:00,,,,,,,,,,,394.4599914550781,395.114990234375,390.8900146484375,391.239990234375,129507.0
2024-11-14 16:30:00+00:00,,,,,,,,,,,393.82501220703125,395.4800109863281,393.1000061035156,394.44000244140625,78718.0
2024-11-14 17:30:00+00:00,,,,,,,,,,,393.30999755859375,394.8900146484375,393.20001220703125,393.82000732421875,77490.0
2024-11-14 18:30:00+00:00,,,,,,,,,,,394.4220886230469,394.69000244140625,392.67999267578125,393.239990234375,80360.0
2024-11-14 19:30:00+00:00,,,,,,,,,,,394.19500732421875,394.989990234375,393.3800048828125,394.6700134277344,92832.0
2024-11-14 20:30:00+00:00,,,,,,,,,,,394.6600036621094,394.80999755859375,393.6700134277344,394.20001220703125,193475.0
2024-11-15 14:30:00+00:00,,,,,,,,,,,396.80999755859375,399.3399963378906,390.0,392.6700134277344,198004.0
2024-11-15 15:30:00+00:00,,,,,,,,,,,397.135009765625,397.6700134277344,395.1099853515625,396.6099853515625,168017.0
2024-11-15 16:30:00+00:00,,,,,,,,,,,396.760009765625,397.4599914550781,395.7300109863281,397.1300048828125,81461.0
2024-11-15 17:30:00+00:00,,,,,,,,,,,398.57501220703125,398.9599914550781,396.25,396.7349853515625,134204.0
2024-11-15 18:30:00+00:00,,,,,,,,,,,398.43499755859375,399.04998779296875,397.9400939941406,398.43499755859375,87448.0
2024-11-15 19:30:00+00:00,,,,,,,,,,,399.0050048828125,399.29998779296875,397.82000732421875,398.42498779296875,92586.0
2024-11-15 20:30:00+00:00,,,,,,,,,,,398.9549865722656,399.57000732421875,398.5801086425781,399.0450134277344,176123.0
2024-11-18 14:30:00+00:00,,,,,,,,,,,406.9800109863281,406.9800109863281,396.1400146484375,396.2099914550781,277159.0
2024-11-18 15:30:00+00:00,,,,,,,,,,,406.29998779296875,406.97100830078125,404.42999267578125,406.6000061035156,133368.0
2024-11-18 16:30:00+00:00,,,,,,,,,,,405.9599914550781,406.52288818359375,405.0199890136719,406.19000244140625,90859.0
2024-11-18 17:30:00+00:00,,,,,,,,,,,406.6300048828125,406.95989990234375,405.29998779296875,405.948486328125,110404.0
2024-11-18 18:30:00+00:00,,,,,,,,,,,404.6449890136719,406.7799987792969,404.5899963378906,406.572509765625,72935.0
2024-11-18 19:30:00+00:00,,,,,,,,,,,404.82000732421875,405.375,404.3399963378906,404.57000732421875,98915.0
2024-11-18 20:30:00+00:00,,,,,,,,,,,404.6300048828125,404.8876953125,403.9049987792969,404.80999755859375,201170.0
2024-11-19 14:30:00+00:00,,,,,,,,,,,400.69500732421875,401.0050048828125,397.75,399.510009765625,209935.0
2024-11-19 15:30:00+00:00,,,,,,,,,,,401.875,402.0,400.2799987792969,400.7799987792969,189361.0
2024-11-19 16:30:00+00:00,,,,,,,,,,,400.54998779296875,401.7850036621094,400.04998779296875,401.3999938964844,58258.0
2024-11-19 17:30:00+00:00,,,,,,,,,,,401.760009765625,402.32501220703125,400.44000244140625,400.44000244140625,60657.0
2024-11-19 18:30:00+00:00,,,,,,,,,,,402.5679931640625,402.6099853515625,401.0,401.5400085449219,97938.0
2024-11-19 19:30:00+00:00,,,,,,,,,,,401.7699890136719,402.6199951171875,401.19000244140625,402.5249938964844,82586.0
2024-11-19 20:30:00+00:00,,,,,,,,,,,400.05999755859375,401.7049865722656,399.2099914550781,401.69500732421875,166338.0
2024-11-20 14:30:00+00:00,,,,,,,,,,,403.57000732421875,408.94000244140625,402.8450012207031,406.0,183854.0
2024-11-20 15:30:00+00:00,,,,,,,,,,,402.4150085449219,404.5,401.4100036621094,403.70001220703125,138172.0
2024-11-20 16:30:00+00:00,,,,,,,,,,,401.306884765625,402.8399963378906,401.306884765625,402.4425048828125,143716.0
2024-11-20 17:30:00+00:00,,,,,,,,,,,402.0400085449219,403.5799865722656,401.260009765625,401.4100036621094,96116.0
2024-11-20 18:30:00+00:00,,,,,,,,,,,401.9800109863281,402.0098876953125,400.6400146484375,401.9700012207031,93876.0
2024-11-20 19:30:00+00:00,,,,,,,,,,,403.1199951171875,403.2900085449219,401.8450012207031,401.8450012207031,141057.0
2024-11-20 20:30:00+00:00,,,,,,,,,,,405.1000061035156,405.6400146484375,403.0899963378906,403.0899963378906,318843.0
2024-11-21 14:30:00+00:00,,,,,,,,,,,427.4800109863281,432.7698974609375,412.2349853515625,412.75,1324084.0
2024-11-21 15:30:00+00:00,,,,,,,,,,,437.29998779296875,437.8500061035156,422.2799987792969,426.8599853515625,637892.0
2024-11-21 16:30:00+00:00,,,,,,,,,,,438.7300109863281,439.0799865722656,434.7300109863281,437.3674011230469,251610.0
2024-11-21 17:30:00+00:00,,,,,,,,,,,440.20550537109375,441.5098876953125,438.260009765625,438.67999267578125,267084.0
2024-11-21 18:30:00+00:00,,,,,,,,,,,441.3699951171875,442.04998779296875,440.2049865722656,440.2250061035156,268751.0
2024-11-21 19:30:00+00:00,,,,,,,,,,,436.2900085449219,441.9100036621094,436.1000061035156,441.1492004394531,428559.0
2024-11-21 20:30:00+00:00,,,,,,,,,,,437.6700134277344,437.67999267578125,434.7349853515625,436.42999267578125,506243.0
2024-11-22 14:30:00+00:00,,,,,,,,,,,438.364990234375,439.1600036621094,432.2099914550781,435.92999267578125,340900.0
2024-11-22 15:30:00+00:00,,,,,,,,,,,444.9049987792969,445.32000732421875,438.239990234375,438.57000732421875,265423.0
2024-11-22 16:30:00+00:00,,,,,,,,,,,443.18499755859375,445.54998779296875,442.06500244140625,444.92498779296875,280703.0
2024-11-22 17:30:00+00:00,,,,,,,,,,,445.0150146484375,445.29998779296875,442.9700012207031,443.3699951171875,144006.0
2024-11-22 18:30:00+00:00,,,,,,,,,,,446.32000732421875,446.32000732421875,445.1099853515625,445.1099853515625,153788.0
2024-11-22 19:30:00+00:00,,,,,,,,,,,445.0249938964844,447.5,444.510009765625,446.04010009765625,217585.0
2024-11-22 20:30:00+00:00,,,,,,,,,,,446.4700012207031,447.0899963378906,444.7699890136719,445.05999755859375,395720.0
2024-11-25 14:30:00+00:00,,,,,,,,,,,463.0450134277344,463.79998779296875,446.70001220703125,448.0,812424.0
2024-11-25 15:30:00+00:00,,,,,,,,,,,464.8699951171875,467.0,460.3299865722656,462.739990234375,369311.0
2024-11-25 16:30:00+00:00,,,,,,,,,,,464.05999755859375,466.0437927246094,462.4599914550781,464.7070007324219,265705.0
2024-11-25 17:30:00+00:00,,,,,,,,,,,467.2900085449219,467.2900085449219,463.0321044921875,464.0899963378906,201525.0
2024-11-25 18:30:00+00:00,,,,,,,,,,,465.864990234375,469.3900146484375,465.7200012207031,467.30499267578125,305454.0
2024-11-25 19:30:00+00:00,,,,,,,,,,,465.8550109863281,466.989990234375,464.5350036621094,465.8800048828125,234421.0
2024-11-25 20:30:00+00:00,,,,,,,,,,,462.6300048828125,465.7200012207031,462.1000061035156,465.7200012207031,269143.0
2024-11-26 14:30:00+00:00,,,,,,,,,,,457.8222961425781,459.9999084472656,454.3900146484375,456.6400146484375,337952.0
2024-11-26 15:30:00+00:00,,,,,,,,,,,460.69000244140625,461.04998779296875,457.6199951171875,457.80999755859375,194420.0
2024-11-26 16:30:00+00:00,,,,,,,,,,,462.7099914550781,462.92999267578125,459.7500915527344,460.7099914550781,168176.0
2024-11-26 17:30:00+00:00,,,,,,,,,,,461.6099853515625,463.3445129394531,461.0050048828125,462.6700134277344,131201.0
2024-11-26 18:30:00+00:00,,,,,,,,,,,460.8999938964844,461.7900085449219,460.2699890136719,461.4700012207031,126533.0
2024-11-26 19:30:00+00:00,,,,,,,,,,,459.489990234375,461.0299987792969,459.489990234375,460.7900085449219,137693.0
2024-11-26 20:30:00+00:00,,,,,,,,,,,461.1400146484375,461.6449890136719,459.2099914550781,459.4200134277344,249545.0
2024-11-27 14:30:00+00:00,,,,,,,,,,,465.2900085449219,467.05999755859375,461.0950012207031,461.9100036621094,204295.0
2024-11-27 15:30:00+00:00,,,,,,,,,,,465.0799865722656,466.80999755859375,464.29998779296875,465.0,124704.0
2024-11-27 16:30:00+00:00,,,,,,,,,,,464.1650085449219,465.5799865722656,464.0,465.0799865722656,111008.0
2024-11-27 17:30:00+00:00,,,,,,,,,,,465.55999755859375,465.7900085449219,463.8900146484375,464.32000732421875,85912.0
2024-11-27 18:30:00+00:00,,,,,,,,,,,464.4100036621094,466.17999267578125,464.0,465.489990234375,95526.0
2024-11-27 19:30:00+00:00,,,,,,,,,,,464.4200134277344,464.9200134277344,463.7900085449219,464.3699951171875,150850.0
2024-11-27 20:30:00+00:00,,,,,,,,,,,466.0,466.0799865722656,464.1300048828125,464.44000244140625,193897.0
2024-11-29 14:30:00+00:00,,,,,,,,,,,467.80999755859375,468.4700012207031,464.1700134277344,466.0,127510.0
2024-11-29 15:30:00+00:00,,,,,,,,,,,467.70001220703125,468.95001220703125,466.57000732421875,467.802001953125,112328.0
2024-11-29 16:30:00+00:00,,,,,,,,,,,468.5,469.0899963378906,467.4849853515625,467.7250061035156,102063.0
2024-12-02 14:30:00+00:00,,,,,,,,,,,461.2950134277344,464.29998779296875,460.44000244140625,463.70001220703125,239633.0
2024-12-02 15:30:00+00:00,,,,,,,,,,,459.7250061035156,462.4700012207031,459.5299987792969,461.2950134277344,193084.0
2024-12-02 16:30:00+00:00,,,,,,,,,,,460.57000732421875,461.0899963378906,458.8500061035156,459.7099914550781,148523.0
2024-12-02 17:30:00+00:00,,,,,,,,,,,462.1449890136719,462.6700134277344,460.360107421875,460.6700134277344,84665.0
2024-12-02 18:30:00+00:00,,,,,,,,,,,461.6099853515625,462.91009521484375,461.239990234375,462.3399963378906,118732.0
2024-12-02 19:30:00+00:00,,,,,,,,,,,462.54998779296875,462.89990234375,461.3599853515625,461.3699951171875,105640.0
2024-12-02 20:30:00+00:00,,,,,,,,,,,462.7099914550781,463.7099914550781,462.3429870605469,462.489990234375,165276.0
2024-12-03 14:30:00+00:00,,,,,,,,,,,461.8800048828125,465.5400085449219,460.3599853515625,464.010009765625,207667.0
2024-12-03 15:30:00+00:00,,,,,,,,,,,461.43499755859375,462.5899963378906,460.2200012207031,462.0899963378906,134336.0
2024-12-03 16:30:00+00:00,,,,,,,,,,,460.0400085449219,461.6499938964844,459.6000061035156,461.43499755859375,105084.0
2024-12-03 17:30:00+00:00,,,,,,,,,,,460.5050048828125,461.44000244140625,459.8299865722656,459.9100036621094,76379.0
2024-12-03 18:30:00+00:00,,,,,,,,,,,461.1300048828125,461.2900085449219,460.0899963378906,460.4200134277344,82662.0
2024-12-03 19:30:00+00:00,,,,,,,,,,,461.2250061035156,461.5899963378906,460.8399963378906,461.1300048828125,77083.0
2024-12-03 20:30:00+00:00,,,,,,,,,,,459.1199951171875,461.9599914550781,458.95001220703125,461.1400146484375,174240.0
2024-12-04 14:30:00+00:00,,,,,,,,,,,455.82000732421875,462.2300109863281,455.2099914550781,459.0,189673.0
2024-12-04 15:30:00+00:00,,,,,,,,,,,456.3550109863281,456.3800048828125,454.7099914550781,455.6499938964844,91074.0
2024-12-04 16:30:00+00:00,,,,,,,,,,,455.0600891113281,457.5,454.9200134277344,456.5130920410156,72967.0
2024-12-04 17:30:00+00:00,,,,,,,,,,,454.3999938964844,456.2699890136719,454.3999938964844,455.3599853515625,79557.0
2024-12-04 18:30:00+00:00,,,,,,,,,,,454.0400085449219,454.80999755859375,453.29998779296875,454.3999938964844,113220.0
2024-12-04 19:30:00+00:00,,,,,,,,,,,454.75799560546875,455.0199890136719,453.8500061035156,454.0199890136719,138632.0
2024-12-04 20:30:00+00:00,,,,,,,,,,,456.260009765625,456.3699951171875,454.4599914550781,454.7099914550781,171712.0
2024-12-05 14:30:00+00:00,,,,,,,,,,,453.635009765625,458.364990234375,453.4100036621094,457.9800109863281,170699.0
2024-12-05 15:30:00+00:00,,,,,,,,,,,453.4949951171875,454.7401123046875,452.6400146484375,453.4100036621094,81190.0
2024-12-05 16:30:00+00:00,,,,,,,,,,,451.6300048828125,453.739990234375,451.5,453.3399963378906,79153.0
2024-12-05 17:30:00+00:00,,,,,,,,,,,451.375,452.45001220703125,451.1000061035156,451.7698974609375,69473.0
2024-12-05 18:30:00+00:00,,,,,,,,,,,451.3599853515625,452.4599914550781,451.2099914550781,451.3949890136719,77237.0
2024-12-05 19:30:00+00:00,,,,,,,,,,,451.05499267578125,451.80999755859375,450.2300109863281,451.2799987792969,130393.0
2024-12-05 20:30:00+00:00,,,,,,,,,,,448.2099914550781,450.9798889160156,447.92999267578125,450.94000244140625,277972.0
2024-12-06 14:30:00+00:00,,,,,,,,,,,445.510009765625,448.9599914550781,445.04998779296875,446.5,209158.0
2024-12-06 15:30:00+00:00,,,,,,,,,,,444.92999267578125,446.82000732421875,444.5150146484375,445.67999267578125,114693.0
2024-12-06 16:30:00+00:00,,,,,,,,,,,443.8699951171875,445.67999267578125,443.760009765625,444.977294921875,75234.0
2024-12-06 17:30:00+00:00,,,,,,,,,,,444.8699951171875,445.3800048828125,443.5199890136719,443.8599853515625,80392.0
2024-12-06 18:30:00+00:00,,,,,,,,,,,443.2950134277344,444.69000244140625,442.9700012207031,444.69000244140625,108800.0
2024-12-06 19:30:00+00:00,,,,,,,,,,,444.125,445.1661071777344,443.25,443.29998779296875,106233.0
2024-12-06 20:30:00+00:00,,,,,,,,,,,444.0299987792969,444.7699890136719,443.29998779296875,444.04998779296875,174873.0
2024-12-09 14:30:00+00:00,,,,,,,,,,,451.4599914550781,453.2533874511719,444.1199951171875,445.0,264253.0
2024-12-09 15:30:00+00:00,,,,,,,,,,,450.8999938964844,453.1199951171875,450.2300109863281,451.45001220703125,123802.0
2024-12-09 16:30:00+00:00,,,,,,,,,,,451.4700012207031,452.9649963378906,450.20001220703125,450.70001220703125,69414.0
2024-12-09 17:30:00+00:00,,,,,,,,,,,449.69000244140625,451.44000244140625,449.55999755859375,451.2099914550781,80867.0
2024-12-09 18:30:00+00:00,,,,,,,,,,,451.67999267578125,451.92999267578125,449.6400146484375,449.9800109863281,69820.0
2024-12-09 19:30:00+00:00,,,,,,,,,,,451.75,452.989990234375,451.3999938964844,451.8349914550781,91051.0
2024-12-09 20:30:00+00:00,,,,,,,,,,,449.4700012207031,451.6600036621094,448.68499755859375,451.6600036621094,248942.0
2024-12-10 14:30:00+00:00,,,,,,,,,,,443.5400085449219,448.1000061035156,441.0,447.1300048828125,191133.0
2024-12-10 15:30:00+00:00,,,,,,,,,,,447.3500061035156,447.6700134277344,443.32769775390625,443.67999267578125,130149.0
2024-12-10 16:30:00+00:00,,,,,,,,,,,447.2768859863281,448.4599914550781,444.8999938964844,447.05999755859375,97410.0
2024-12-10 17:30:00+00:00,,,,,,,,,,,447.7650146484375,448.69000244140625,447.1000061035156,447.3800048828125,71183.0
2024-12-10 18:30:00+00:00,,,,,,,,,,,445.3500061035156,447.489990234375,445.0400085449219,447.489990234375,79972.0
2024-12-10 19:30:00+00:00,,,,,,,,,,,446.1700134277344,447.3299865722656,445.3500061035156,445.3500061035156,76533.0
2024-12-10 20:30:00+00:00,,,,,,,,,,,444.260009765625,446.07000732421875,443.25,446.07000732421875,189045.0
2024-12-11 14:30:00+00:00,,,,,,,,,,,447.8399963378906,449.739990234375,446.08221435546875,447.5,210156.0
2024-12-11 15:30:00+00:00,,,,,,,,,,,447.4100036621094,448.9435119628906,446.4601135253906,447.6400146484375,108105.0
2024-12-11 16:30:00+00:00,,,,,,,,,,,447.0,448.1549987792969,446.7001037597656,447.42999267578125,102621.0
2024-12-11 17:30:00+00:00,,,,,,,,,,,448.9800109863281,448.9800109863281,446.8599853515625,446.9700012207031,58002.0
2024-12-11 18:30:00+00:00,,,,,,,,,,,448.6455993652344,448.94000244140625,447.8699951171875,448.9049987792969,84328.0
2024-12-11 19:30:00+00:00,,,,,,,,,,,449.1499938964844,449.760009765625,448.45001220703125,448.50628662109375,192787.0
2024-12-11 20:30:00+00:00,,,,,,,,,,,447.9200134277344,449.4800109863281,446.7300109863281,449.0400085449219,279705.0
2024-12-12 14:30:00+00:00,,,,,,,,,,,442.07000732421875,447.6300048828125,441.69000244140625,447.6300048828125,103377.0
2024-12-12 15:30:00+00:00,,,,,,,,,,,439.55999755859375,442.6000061035156,438.70001220703125,441.92999267578125,118766.0
2024-12-12 16:30:00+00:00,,,,,,,,,,,440.6188049316406,440.7799987792969,438.4599914550781,439.8299865722656,69976.0
2024-12-12 17:30:00+00:00,,,,,,,,,,,440.4200134277344,440.92498779296875,439.1600036621094,440.4599914550781,60770.0
2024-12-12 18:30:00+00:00,,,,,,,,,,,438.9764099121094,440.80999755859375,438.8500061035156,440.80999755859375,54105.0
2024-12-12 19:30:00+00:00,,,,,,,,,,,440.2799987792969,440.6700134277344,438.8399963378906,438.9100036621094,60794.0
2024-12-12 20:30:00+00:00,,,,,,,,,,,439.489990234375,440.5199890136719,439.20001220703125,440.2799987792969,126647.0
2024-12-13 14:30:00+00:00,,,,,,,,,,,439.6700134277344,442.1199951171875,438.8699951171875,440.0,138518.0
2024-12-13 15:30:00+00:00,,,,,,,,,,,440.54998779296875,440.54998779296875,437.0201110839844,439.6400146484375,104482.0
2024-12-13 16:30:00+00:00,,,,,,,,,,,440.29998779296875,441.406005859375,439.54559326171875,440.54998779296875,79134.0
2024-12-13 17:30:00+00:00,,,,,,,,,,,440.2900085449219,440.5899963378906,439.6000061035156,440.29998779296875,74203.0
2024-12-13 18:30:00+00:00,,,,,,,,,,,439.69500732421875,440.6400146484375,439.44000244140625,440.2900085449219,57509.0
2024-12-13 19:30:00+00:00,,,,,,,,,,,439.5199890136719,440.4599914550781,439.2200012207031,439.8500061035156,72943.0
2024-12-13 20:30:00+00:00,,,,,,,,,,,440.44000244140625,441.0,439.1099853515625,439.5249938964844,154281.0
2024-12-16 14:30:00+00:00,,,,,,,,,,,440.2156982421875,441.3999938964844,436.0,440.3299865722656,150069.0
2024-12-16 15:30:00+00:00,,,,,,,,,,,438.1000061035156,440.9800109863281,437.95001220703125,440.2250061035156,60548.0
2024-12-16 16:30:00+00:00,,,,,,,,,,,437.7149963378906,439.63519287109375,436.5133972167969,438.42999267578125,107029.0
2024-12-16 17:30:00+00:00,,,,,,,,,,,437.9200134277344,438.1199035644531,436.5799865722656,437.7149963378906,59159.0
2024-12-16 18:30:00+00:00,,,,,,,,,,,438.4100036621094,438.6400146484375,437.7200012207031,437.7200012207031,71289.0
2024-12-16 19:30:00+00:00,,,,,,,,,,,438.0,438.7799987792969,437.8500061035156,438.25,86764.0
2024-12-16 20:30:00+00:00,,,,,,,,,,,438.260009765625,438.57000732421875,437.0,438.0799865722656,166576.0
2024-12-17 14:30:00+00:00,,,,,,,,,,,439.6400146484375,440.0,435.0,436.57000732421875,151439.0
2024-12-17 15:30:00+00:00,,,,,,,,,,,439.4549865722656,439.8500061035156,437.989990234375,439.29998779296875,184695.0
2024-12-17 16:30:00+00:00,,,,,,,,,,,439.79998779296875,441.7699890136719,438.6499938964844,439.1400146484375,100361.0
2024-12-17 17:30:00+00:00,,,,,,,,,,,441.04998779296875,441.1000061035156,439.489990234375,439.8299865722656,58612.0
2024-12-17 18:30:00+00:00,,,,,,,,,,,443.1650085449219,443.95001220703125,441.0350036621094,441.05499267578125,117203.0
2024-12-17 19:30:00+00:00,,,,,,,,,,,443.17999267578125,443.75,441.8999938964844,443.1025085449219,161869.0
2024-12-17 20:30:00+00:00,,,,,,,,,,,443.5899963378906,444.94000244140625,442.94000244140625,443.1099853515625,310106.0
2024-12-18 14:30:00+00:00,,,,,,,,,,,441.3500061035156,445.30999755859375,441.32000732421875,443.20001220703125,127503.0
2024-12-18 15:30:00+00:00,,,,,,,,,,,440.4750061035156,442.3900146484375,439.65008544921875,441.32000732421875,73853.0
2024-12-18 16:30:00+00:00,,,,,,,,,,,439.9849853515625,440.8900146484375,439.68011474609375,440.1000061035156,66105.0
2024-12-18 17:30:00+00:00,,,,,,,,,,,438.5,440.30999755859375,438.09381103515625,439.9849853515625,66502.0
2024-12-18 18:30:00+00:00,,,,,,,,,,,435.17999267578125,439.5899963378906,434.4100036621094,438.5356140136719,91666.0
2024-12-18 19:30:00+00:00,,,,,,,,,,,430.54998779296875,436.20001220703125,430.20001220703125,435.1700134277344,158062.0
2024-12-18 20:30:00+00:00,,,,,,,,,,,425.8699951171875,430.6000061035156,424.510009765625,430.44000244140625,369624.0
2024-12-19 14:30:00+00:00,,,,,,,,,,,428.1050109863281,431.05999755859375,426.25,428.07000732421875,197306.0
2024-12-19 15:30:00+00:00,,,,,,,,,,,427.0950012207031,429.1700134277344,421.9700012207031,427.94000244140625,274669.0
2024-12-19 16:30:00+00:00,,,,,,,,,,,425.614990234375,427.4200134277344,424.8800048828125,427.04998779296875,121963.0
2024-12-19 17:30:00+00:00,,,,,,,,,,,425.9100036621094,426.260009765625,423.6600036621094,425.8900146484375,93402.0
2024-12-19 18:30:00+00:00,,,,,,,,,,,427.0899963378906,427.3500061035156,425.0799865722656,425.9100036621094,100287.0
2024-12-19 19:30:00+00:00,,,,,,,,,,,427.07501220703125,427.5199890136719,425.7799987792969,427.17999267578125,127833.0
2024-12-19 20:30:00+00:00,,,,,,,,,,,426.6400146484375,427.5199890136719,425.8399963378906,427.0899963378906,200279.0
2024-12-20 14:30:00+00:00,,,,,,,,,,,428.22601318359375,429.5899963378906,425.739990234375,426.010009765625,310553.0
2024-12-20 15:30:00+00:00,,,,,,,,,,,432.5799865722656,432.5799865722656,426.8999938964844,429.4429931640625,170711.0
2024-12-20 16:30:00+00:00,,,,,,,,,,,435.82000732421875,436.49749755859375,432.6000061035156,432.6000061035156,140333.0
2024-12-20 17:30:00+00:00,,,,,,,,,,,432.7961120605469,435.93499755859375,432.7961120605469,435.43011474609375,136186.0
2024-12-20 18:30:00+00:00,,,,,,,,,,,434.29998779296875,434.5,432.2239990234375,433.1199951171875,99702.0
2024-12-20 19:30:00+00:00,,,,,,,,,,,432.6199951171875,434.1700134277344,432.1099853515625,434.0299987792969,103388.0
2024-12-20 20:30:00+00:00,,,,,,,,,,,432.5299987792969,433.2200012207031,431.489990234375,432.3299865722656,197029.0
2024-12-23 14:30:00+00:00,,,,,,,,,,,431.2900085449219,432.6300048828125,429.4800109863281,432.6300048828125,115870.0
2024-12-23 15:30:00+00:00,,,,,,,,,,,428.3699951171875,431.67999267578125,428.04998779296875,431.4700012207031,57900.0
2024-12-23 16:30:00+00:00,,,,,,,,,,,427.6700134277344,428.82000732421875,427.3999938964844,428.3699951171875,54647.0
2024-12-23 17:30:00+00:00,,,,,,,,,,,428.25830078125,428.25830078125,427.0,427.3999938964844,56082.0
2024-12-23 18:30:00+00:00,,,,,,,,,,,428.01690673828125,428.889892578125,427.1048889160156,428.1199951171875,68562.0
2024-12-23 19:30:00+00:00,,,,,,,,,,,429.6499938964844,429.9093933105469,428.010009765625,428.1099853515625,77056.0
2024-12-23 20:30:00+00:00,,,,,,,,,,,432.2799987792969,432.6000061035156,429.1099853515625,429.6099853515625,172514.0
2024-12-24 14:30:00+00:00,,,,,,,,,,,431.0,431.7349853515625,428.7099914550781,430.6099853515625,69717.0
2024-12-24 15:30:00+00:00,,,,,,,,,,,431.25,432.0,430.6000061035156,430.8800048828125,49556.0
2024-12-24 16:30:00+00:00,,,,,,,,,,,432.4200134277344,432.8500061035156,430.8999938964844,431.260009765625,67169.0
2024-12-26 14:30:00+00:00,,,,,,,,,,,432.9549865722656,433.7279968261719,430.4425048828125,431.7900085449219,46601.0
2024-12-26 15:30:00+00:00,,,,,,,,,,,434.6400146484375,434.7099914550781,432.6950988769531,432.9100036621094,34406.0
2024-12-26 16:30:00+00:00,,,,,,,,,,,434.55999755859375,435.45001220703125,434.42999267578125,434.45001220703125,42147.0
2024-12-26 17:30:00+00:00,,,,,,,,,,,435.04998779296875,435.17999267578125,434.17010498046875,434.4700012207031,32885.0
2024-12-26 18:30:00+00:00,,,,,,,,,,,434.2300109863281,435.25,434.2200012207031,435.1600036621094,40489.0
2024-12-26 19:30:00+00:00,,,,,,,,,,,433.7300109863281,434.5400085449219,432.9460144042969,434.29998779296875,35281.0
2024-12-26 20:30:00+00:00,,,,,,,,,,,433.75,434.0799865722656,433.05999755859375,433.4599914550781,83608.0
2024-12-27 14:30:00+00:00,,,,,,,,,,,428.92999267578125,435.1700134277344,428.8800048828125,432.3299865722656,96434.0
2024-12-27 15:30:00+00:00,,,,,,,,,,,429.48748779296875,430.9762878417969,428.7250061035156,428.7300109863281,57771.0
2024-12-27 16:30:00+00:00,,,,,,,,,,,428.07501220703125,430.3399963378906,427.5899963378906,429.3399963378906,50471.0
2024-12-27 17:30:00+00:00,,,,,,,,,,,428.8800048828125,429.19000244140625,427.090087890625,427.79998779296875,33554.0
2024-12-27 18:30:00+00:00,,,,,,,,,,,429.2300109863281,429.67181396484375,428.55999755859375,428.92999267578125,37319.0
2024-12-27 19:30:00+00:00,,,,,,,,,,,428.17999267578125,429.8900146484375,427.7349853515625,429.0199890136719,51702.0
2024-12-27 20:30:00+00:00,,,,,,,,,,,430.2900085449219,430.30999755859375,427.67999267578125,428.239990234375,139433.0
2024-12-30 14:30:00+00:00,,,,,,,,,,,422.94500732421875,427.8949890136719,421.9800109863281,427.239990234375,121289.0
2024-12-30 15:30:00+00:00,,,,,,,,,,,425.0899963378906,425.489990234375,421.7300109863281,422.94000244140625,105337.0
2024-12-30 16:30:00+00:00,,,,,,,,,,,424.6600036621094,426.1600036621094,424.0199890136719,425.0,71352.0
2024-12-30 17:30:00+00:00,,,,,,,,,,,425.6199951171875,426.364990234375,424.6600036621094,424.6600036621094,46398.0
2024-12-30 18:30:00+00:00,,,,,,,,,,,424.95001220703125,426.19000244140625,424.6300048828125,425.55999755859375,49568.0
2024-12-30 19:30:00+00:00,,,,,,,,,,,425.05999755859375,425.7449951171875,424.69000244140625,425.1400146484375,71434.0
2024-12-30 20:30:00+00:00,,,,,,,,,,,424.7149963378906,426.07000732421875,424.3800048828125,425.1099853515625,146038.0
2024-12-31 14:30:00+00:00,,,,,,,,,,,425.272705078125,427.79998779296875,424.3590087890625,425.5,62310.0
2024-12-31 15:30:00+00:00,,,,,,,,,,,423.0376892089844,425.3598937988281,422.8450012207031,425.1034851074219,42588.0
2024-12-31 16:30:00+00:00,,,,,,,,,,,422.07000732421875,423.2799072265625,421.75,423.0307922363281,38177.0
2024-12-31 17:30:00+00:00,,,,,,,,,,,421.6700134277344,423.4100036621094,421.6499938964844,422.2200012207031,39257.0
2024-12-31 18:30:00+00:00,,,,,,,,,,,422.7349853515625,423.25,421.4599914550781,421.6650085449219,65985.0
2024-12-31 19:30:00+00:00,,,,,,,,,,,423.8800048828125,424.260009765625,421.7200012207031,422.5400085449219,85745.0
2024-12-31 20:30:00+00:00,,,,,,,,,,,423.92999267578125,424.29998779296875,422.6400146484375,423.82501220703125,204758.0
2025-01-02 14:30:00+00:00,,,,,,,,,,,424.4200134277344,428.8399963378906,424.4200134277344,426.0799865722656,122128.0
2025-01-02 15:30:00+00:00,,,,,,,,,,,422.4700012207031,424.7650146484375,420.30999755859375,424.5799865722656,92112.0
2025-01-02 16:30:00+00:00,,,,,,,,,,,420.5199890136719,424.0299987792969,420.5199890136719,422.1600036621094,122478.0
2025-01-02 17:30:00+00:00,,,,,,,,,,,419.385009765625,421.1499938964844,419.19000244140625,421.1499938964844,108319.0
2025-01-02 18:30:00+00:00,,,,,,,,,,,419.6000061035156,419.94989013671875,417.8800048828125,419.385009765625,149063.0
2025-01-02 19:30:00+00:00,,,,,,,,,,,420.18499755859375,420.2900085449219,418.30999755859375,419.6050109863281,99473.0
2025-01-02 20:30:00+00:00,,,,,,,,,,,418.19000244140625,421.7149963378906,417.8800048828125,420.1600036621094,177953.0
2025-01-03 14:30:00+00:00,,,,,,,,,,,419.9750061035156,420.6499938964844,416.67999267578125,419.8299865722656,137560.0
2025-01-03 15:30:00+00:00,,,,,,,,,,,419.4800109863281,421.25,418.42999267578125,419.9750061035156,79048.0
2025-01-03 16:30:00+00:00,,,,,,,,,,,420.8599853515625,421.42999267578125,419.1885986328125,419.1885986328125,46063.0
2025-01-03 17:30:00+00:00,,,,,,,,,,,421.1400146484375,421.1400146484375,419.8760986328125,420.9200134277344,67656.0
2025-01-03 18:30:00+00:00,,,,,,,,,,,422.6199951171875,422.6199951171875,420.79888916015625,421.1000061035156,74243.0
2025-01-03 19:30:00+00:00,,,,,,,,,,,422.0,422.6300048828125,421.5,422.6300048828125,85789.0
2025-01-03 20:30:00+00:00,,,,,,,,,,,422.2200012207031,422.94000244140625,421.8299865722656,421.94000244140625,197328.0
2025-01-06 14:30:00+00:00,,,,,,,,,,,425.5799865722656,429.1000061035156,424.0,424.0,170994.0
2025-01-06 15:30:00+00:00,,,,,,,,,,,424.5199890136719,425.3900146484375,422.8330078125,425.2799987792969,69280.0
2025-01-06 16:30:00+00:00,,,,,,,,,,,424.1099853515625,425.1099853515625,423.7099914550781,424.7200012207031,75052.0
2025-01-06 17:30:00+00:00,,,,,,,,,,,423.3500061035156,424.3999938964844,422.70001220703125,424.1099853515625,49118.0
2025-01-06 18:30:00+00:00,,,,,,,,,,,421.1700134277344,423.5,421.1499938964844,423.4700012207031,62588.0
2025-01-06 19:30:00+00:00,,,,,,,,,,,419.5,421.2799987792969,418.62298583984375,420.94500732421875,96012.0
2025-01-06 20:30:00+00:00,,,,,,,,,,,418.2799987792969,420.2099914550781,417.8800048828125,419.3316955566406,249973.0
2025-01-07 14:30:00+00:00,,,,,,,,,,,418.3399963378906,420.0994873046875,416.0,417.8500061035156,119937.0
2025-01-07 15:30:00+00:00,,,,,,,,,,,417.010009765625,419.3299865722656,416.1000061035156,418.614990234375,97310.0
2025-01-07 16:30:00+00:00,,,,,,,,,,,414.57501220703125,417.3949890136719,414.489990234375,417.3949890136719,59514.0
2025-01-07 17:30:00+00:00,,,,,,,,,,,414.8599853515625,414.95001220703125,413.0,414.4649963378906,69076.0
2025-01-07 18:30:00+00:00,,,,,,,,,,,415.42999267578125,415.75,414.6099853515625,414.7799987792969,92604.0
2025-01-07 19:30:00+00:00,,,,,,,,,,,413.3900146484375,415.6325988769531,412.8952941894531,415.42498779296875,101721.0
2025-01-07 20:30:00+00:00,,,,,,,,,,,413.260009765625,413.7799987792969,412.3450012207031,413.239990234375,148994.0
2025-01-08 14:30:00+00:00,,,,,,,,,,,408.67999267578125,411.9700012207031,408.2200012207031,411.0799865722656,96913.0
2025-01-08 15:30:00+00:00,,,,,,,,,,,410.1499938964844,410.9800109863281,408.2099914550781,408.4923095703125,94511.0
2025-01-08 16:30:00+00:00,,,,,,,,,,,409.4280090332031,411.1531982421875,408.6600036621094,410.1965026855469,67943.0
2025-01-08 17:30:00+00:00,,,,,,,,,,,410.2799987792969,410.8999938964844,409.04998779296875,409.3627014160156,59024.0
2025-01-08 18:30:00+00:00,,,,,,,,,,,410.6400146484375,411.0899963378906,408.6499938964844,410.18499755859375,81564.0
2025-01-08 19:30:00+00:00,,,,,,,,,,,409.9100036621094,410.5899963378906,409.32000732421875,410.5899963378906,75471.0
2025-01-08 20:30:00+00:00,,,,,,,,,,,409.95001220703125,410.67999267578125,408.7799987792969,409.9100036621094,196969.0
2025-01-10 14:30:00+00:00,,,,,,,,,,,405.57000732421875,406.8999938964844,403.9419860839844,405.8900146484375,153731.0
2025-01-10 15:30:00+00:00,,,,,,,,,,,404.0450134277344,406.1700134277344,403.94000244140625,405.30999755859375,81833.0
2025-01-10 16:30:00+00:00,,,,,,,,,,,407.29998779296875,407.3299865722656,403.010009765625,403.8500061035156,162207.0
2025-01-10 17:30:00+00:00,,,,,,,,,,,410.53851318359375,411.3900146484375,407.3800048828125,407.6099853515625,198539.0
2025-01-10 18:30:00+00:00,,,,,,,,,,,409.67999267578125,410.95001220703125,408.010009765625,410.4049987792969,162402.0
2025-01-10 19:30:00+00:00,,,,,,,,,,,409.05499267578125,410.70001220703125,408.79998779296875,409.510009765625,167676.0
2025-01-10 20:30:00+00:00,,,,,,,,,,,408.2799987792969,409.2900085449219,407.04998779296875,409.05499267578125,310178.0
2025-01-13 14:30:00+00:00,,,,,,,,,,,421.6000061035156,421.989990234375,406.0799865722656,408.010009765625,306993.0
2025-01-13 15:30:00+00:00,,,,,,,,,,,424.7049865722656,426.06988525390625,420.7799987792969,421.79998779296875,226223.0
2025-01-13 16:30:00+00:00,,,,,,,,,,,426.3699951171875,427.0,424.2491149902344,425.19000244140625,238673.0
2025-01-13 17:30:00+00:00,,,,,,,,,,,426.2950134277344,427.55999755859375,425.1199951171875,426.4849853515625,122116.0
2025-01-13 18:30:00+00:00,,,,,,,,,,,430.44500732421875,430.6050109863281,426.20001220703125,426.4700012207031,208735.0
2025-01-13 19:30:00+00:00,,,,,,,,,,,429.9800109863281,432.2699890136719,429.05999755859375,430.6199951171875,303744.0
2025-01-13 20:30:00+00:00,,,,,,,,,,,429.9599914550781,431.1300048828125,429.7799987792969,430.0,289315.0
2025-01-14 14:30:00+00:00,,,,,,,,,,,428.6099853515625,433.44000244140625,428.0096130371094,430.70001220703125,263351.0
2025-01-14 15:30:00+00:00,,,,,,,,,,,428.4949951171875,429.92999267578125,427.5820007324219,428.635009765625,113468.0
2025-01-14 16:30:00+00:00,,,,,,,,,,,428.5199890136719,429.0899963378906,427.360107421875,428.6050109863281,59718.0
2025-01-14 17:30:00+00:00,,,,,,,,,,,430.80499267578125,430.989990234375,428.10589599609375,428.5799865722656,68585.0
2025-01-14 18:30:00+00:00,,,,,,,,,,,431.2449951171875,431.5495910644531,430.6700134277344,430.9100036621094,96672.0
2025-01-14 19:30:00+00:00,,,,,,,,,,,431.2550048828125,431.7099914550781,430.010009765625,431.1199951171875,108653.0
2025-01-14 20:30:00+00:00,,,,,,,,,,,432.42999267578125,432.7300109863281,431.07000732421875,431.25,243554.0
2025-01-15 14:30:00+00:00,,,,,,,,,,,433.2550048828125,438.0,430.43218994140625,437.9800109863281,180526.0
2025-01-15 15:30:00+00:00,,,,,,,,,,,428.44500732421875,434.75,427.9599914550781,432.94000244140625,153569.0
2025-01-15 16:30:00+00:00,,,,,,,,,,,430.6199951171875,431.5400085449219,426.45001220703125,428.32000732421875,156414.0
2025-01-15 17:30:00+00:00,,,,,,,,,,,432.2699890136719,432.6300048828125,430.25,430.25,92470.0
2025-01-15 18:30:00+00:00,,,,,,,,,,,431.1099853515625,432.75,430.94000244140625,432.2550048828125,77838.0
2025-01-15 19:30:00+00:00,,,,,,,,,,,431.5150146484375,432.2650146484375,430.94000244140625,431.1400146484375,91449.0
2025-01-15 20:30:00+00:00,,,,,,,,,,,428.75,431.3500061035156,428.6600036621094,431.3500061035156,157208.0
2025-01-16 14:30:00+00:00,,,,,,,,,,,433.1000061035156,433.1000061035156,428.510009765625,431.8900146484375,118216.0
2025-01-16 15:30:00+00:00,,,,,,,,,,,435.6199951171875,435.6199951171875,432.2749938964844,433.2300109863281,105815.0
2025-01-16 16:30:00+00:00,,,,,,,,,,,437.7799987792969,437.7799987792969,435.44000244140625,435.5950012207031,109789.0
2025-01-16 17:30:00+00:00,,,,,,,,,,,436.6400146484375,438.20001220703125,436.4200134277344,437.6199951171875,105088.0
2025-01-16 18:30:00+00:00,,,,,,,,,,,436.4100036621094,437.8258972167969,435.05999755859375,436.4100036621094,148508.0
2025-01-16 19:30:00+00:00,,,,,,,,,,,438.2699890136719,438.55999755859375,435.87908935546875,436.4700012207031,132782.0
2025-01-16 20:30:00+00:00,,,,,,,,,,,439.3699951171875,439.8699951171875,438.0799865722656,438.3800048828125,219081.0
2025-01-17 14:30:00+00:00,,,,,,,,,,,448.7099914550781,450.2300109863281,443.6400146484375,447.80999755859375,552014.0
2025-01-17 15:30:00+00:00,,,,,,,,,,,450.5899963378906,451.3399963378906,447.2543029785156,448.9100036621094,238473.0
2025-01-17 16:30:00+00:00,,,,,,,,,,,452.6000061035156,452.94000244140625,449.77520751953125,449.77520751953125,173502.0
2025-01-17 17:30:00+00:00,,,,,,,,,,,453.25,453.4800109863281,452.0,452.57501220703125,229912.0
2025-01-17 18:30:00+00:00,,,,,,,,,,,454.29998779296875,455.6400146484375,453.0,453.2300109863281,194774.0
2025-01-17 19:30:00+00:00,,,,,,,,,,,454.92999267578125,455.260009765625,453.45001220703125,454.3900146484375,214943.0
2025-01-17 20:30:00+00:00,,,,,,,,,,,455.5400085449219,457.224609375,454.92999267578125,455.04998779296875,393338.0
2025-01-21 14:30:00+00:00,,,,,,,,,,,456.9599914550781,458.760009765625,453.54998779296875,458.4700012207031,325435.0
2025-01-21 15:30:00+00:00,,,,,,,,,,,463.614990234375,463.70001220703125,456.5,457.2300109863281,150385.0
2025-01-21 16:30:00+00:00,,,,,,,,,,,465.0799865722656,465.3399963378906,462.79998779296875,463.5,138227.0
2025-01-21 17:30:00+00:00,,,,,,,,,,,463.80499267578125,465.5899963378906,462.6000061035156,465.42999267578125,179304.0
2025-01-21 18:30:00+00:00,,,,,,,,,,,462.45001220703125,464.1400146484375,461.25,463.61761474609375,104450.0
2025-01-21 19:30:00+00:00,,,,,,,,,,,463.79998779296875,463.8276062011719,462.3800048828125,462.3800048828125,113642.0
2025-01-21 20:30:00+00:00,,,,,,,,,,,463.4599914550781,463.94000244140625,462.1610107421875,463.80999755859375,269038.0
2025-01-22 14:30:00+00:00,,,,,,,,,,,462.0899963378906,462.95001220703125,458.57000732421875,462.8399963378906,198958.0
2025-01-22 15:30:00+00:00,,,,,,,,,,,463.42999267578125,463.69000244140625,460.7900085449219,461.67999267578125,104385.0
2025-01-22 16:30:00+00:00,,,,,,,,,,,462.9200134277344,464.14581298828125,461.989990234375,463.3699951171875,83671.0
2025-01-22 17:30:00+00:00,,,,,,,,,,,463.6300048828125,463.6300048828125,462.010009765625,462.94000244140625,71474.0
2025-01-22 18:30:00+00:00,,,,,,,,,,,461.48291015625,464.32000732421875,461.260009765625,463.6700134277344,64263.0
2025-01-22 19:30:00+00:00,,,,,,,,,,,460.56500244140625,461.75,460.05499267578125,461.4800109863281,115896.0
2025-01-22 20:30:00+00:00,,,,,,,,,,,459.7799987792969,460.6499938964844,459.1400146484375,460.54998779296875,189508.0
2025-01-23 14:30:00+00:00,,,,,,,,,,,471.25,472.8999938964844,460.6449890136719,461.1600036621094,337320.0
2025-01-23 15:30:00+00:00,,,,,,,,,,,472.75,473.8399963378906,470.9909973144531,471.05999755859375,231720.0
2025-01-23 16:30:00+00:00,,,,,,,,,,,471.6000061035156,473.0799865722656,470.1000061035156,472.55999755859375,179790.0
2025-01-23 17:30:00+00:00,,,,,,,,,,,471.0,472.3800048828125,470.57000732421875,471.5899963378906,145477.0
2025-01-23 18:30:00+00:00,,,,,,,,,,,472.17999267578125,472.20001220703125,470.8500061035156,470.9649963378906,129156.0
2025-01-23 19:30:00+00:00,,,,,,,,,,,474.0,474.69000244140625,471.7401123046875,471.7401123046875,240837.0
2025-01-23 20:30:00+00:00,,,,,,,,,,,474.7200012207031,475.9200134277344,473.8974914550781,473.9700012207031,359470.0
2025-01-24 14:30:00+00:00,,,,,,,,,,,476.3949890136719,478.55999755859375,472.3599853515625,474.4599914550781,191682.0
2025-01-24 15:30:00+00:00,,,,,,,,,,,476.0400085449219,476.4336853027344,473.5899963378906,475.95001220703125,101505.0
2025-01-24 16:30:00+00:00,,,,,,,,,,,478.9150085449219,479.239990234375,475.8699951171875,476.4599914550781,133527.0
2025-01-24 17:30:00+00:00,,,,,,,,,,,476.18499755859375,479.1099853515625,476.03009033203125,478.8800048828125,88806.0
2025-01-24 18:30:00+00:00,,,,,,,,,,,478.3999938964844,478.3999938964844,476.1000061035156,476.18499755859375,180715.0
2025-01-24 19:30:00+00:00,,,,,,,,,,,477.6300964355469,478.7049865722656,477.3299865722656,478.07000732421875,138734.0
2025-01-24 20:30:00+00:00,,,,,,,,,,,479.010009765625,479.4800109863281,477.1199951171875,477.4750061035156,254022.0
2025-01-27 14:30:00+00:00,,,,,,,,,,,477.6400146484375,481.8399963378906,474.1099853515625,480.0,246413.0
2025-01-27 15:30:00+00:00,,,,,,,,,,,481.0,482.3900146484375,477.1199951171875,477.6400146484375,153580.0
2025-01-27 16:30:00+00:00,,,,,,,,,,,479.6499938964844,481.8900146484375,478.5199890136719,481.0299987792969,125285.0
2025-01-27 17:30:00+00:00,,,,,,,,,,,479.6199951171875,481.82989501953125,479.375,479.7799987792969,97376.0
2025-01-27 18:30:00+00:00,,,,,,,,,,,482.0249938964844,482.0249938964844,479.0799865722656,479.67999267578125,117676.0
2025-01-27 19:30:00+00:00,,,,,,,,,,,483.2699890136719,483.3299865722656,481.2300109863281,482.0199890136719,122130.0
2025-01-27 20:30:00+00:00,,,,,,,,,,,484.29998779296875,484.3900146484375,481.2001037597656,483.1499938964844,281201.0
2025-01-28 14:30:00+00:00,,,,,,,,,,,483.70001220703125,484.5,479.5,482.4100036621094,356984.0
2025-01-28 15:30:00+00:00,,,,,,,,,,,480.7149963378906,485.8399963378906,480.510009765625,483.6499938964844,167910.0
2025-01-28 16:30:00+00:00,,,,,,,,,,,476.3622131347656,480.7149963378906,476.32000732421875,480.7149963378906,243623.0
2025-01-28 17:30:00+00:00,,,,,,,,,,,478.1000061035156,479.6300048828125,476.3699951171875,476.57000732421875,133052.0
2025-01-28 18:30:00+00:00,,,,,,,,,,,477.31500244140625,479.05999755859375,476.3500061035156,478.1400146484375,93016.0
2025-01-28 19:30:00+00:00,,,,,,,,,,,478.82501220703125,480.65618896484375,477.30999755859375,477.30999755859375,107939.0
2025-01-28 20:30:00+00:00,,,,,,,,,,,480.5400085449219,480.7699890136719,477.69000244140625,478.71966552734375,258972.0
2025-01-29 14:30:00+00:00,,,,,,,,,,,480.6300048828125,482.4049987792969,479.8677062988281,481.0,125554.0
2025-01-29 15:30:00+00:00,,,,,,,,,,,481.0,482.2300109863281,479.53009033203125,480.4200134277344,62479.0
2025-01-29 16:30:00+00:00,,,,,,,,,,,482.2398986816406,482.2398986816406,480.57000732421875,481.06988525390625,72455.0
2025-01-29 17:30:00+00:00,,,,,,,,,,,482.4700012207031,482.80999755859375,481.2799987792969,481.7652893066406,64003.0
2025-01-29 18:30:00+00:00,,,,,,,,,,,477.5849914550781,482.8399963378906,477.5849914550781,482.4700012207031,87783.0
2025-01-29 19:30:00+00:00,,,,,,,,,,,479.4750061035156,481.07000732421875,477.32501220703125,477.3500061035156,123504.0
2025-01-29 20:30:00+00:00,,,,,,,,,,,477.92999267578125,480.04998779296875,477.9100036621094,479.6199951171875,197774.0
2025-01-30 14:30:00+00:00,,,,,,,,,,,477.9599914550781,479.3500061035156,474.4200134277344,475.75,200286.0
2025-01-30 15:30:00+00:00,,,,,,,,,,,481.45001220703125,481.7099914550781,477.7850036621094,477.7850036621094,111938.0
2025-01-30 16:30:00+00:00,,,,,,,,,,,480.8450012207031,482.5181884765625,480.5,481.29998779296875,74579.0
2025-01-30 17:30:00+00:00,,,,,,,,,,,483.1300048828125,483.2250061035156,480.7344970703125,480.8450012207031,58747.0
2025-01-30 18:30:00+00:00,,,,,,,,,,,482.7300109863281,483.5799865722656,482.5899963378906,483.1449890136719,92434.0
2025-01-30 19:30:00+00:00,,,,,,,,,,,482.79998779296875,482.8900146484375,481.8999938964844,482.7300109863281,95049.0
2025-01-30 20:30:00+00:00,,,,,,,,,,,479.82000732421875,482.82000732421875,477.04998779296875,482.82000732421875,275193.0
2025-01-31 14:30:00+00:00,,,,,,,,,,,477.6300048828125,479.5899963378906,475.29998779296875,479.0,154580.0
2025-01-31 15:30:00+00:00,,,,,,,,,,,477.875,478.8598937988281,476.9100036621094,477.20001220703125,91041.0
2025-01-31 16:30:00+00:00,,,,,,,,,,,477.7900085449219,478.10919189453125,475.8999938964844,477.8800048828125,100500.0
2025-01-31 17:30:00+00:00,,,,,,,,,,,478.20001220703125,479.0899963378906,477.3800048828125,477.92999267578125,110984.0
2025-01-31 18:30:00+00:00,,,,,,,,,,,477.0299987792969,478.6099853515625,474.760009765625,478.2850036621094,120538.0
2025-01-31 19:30:00+00:00,,,,,,,,,,,475.42999267578125,477.67999267578125,474.7950134277344,477.3500061035156,161371.0
2025-01-31 20:30:00+00:00,,,,,,,,,,,476.3299865722656,476.6499938964844,474.0625,475.510009765625,237715.0
2025-02-03 14:30:00+00:00,,,,,,,,,,,465.5899963378906,466.239990234375,459.1400146484375,464.1499938964844,417472.0
2025-02-03 15:30:00+00:00,,,,,,,,,,,469.1000061035156,469.1000061035156,464.1000061035156,465.0799865722656,185350.0
2025-02-03 16:30:00+00:00,,,,,,,,,,,467.2099914550781,469.4200134277344,466.3699951171875,469.4200134277344,111425.0
2025-02-03 17:30:00+00:00,,,,,,,,,,,467.0,468.0199890136719,466.3349914550781,467.19000244140625,80797.0
2025-02-03 18:30:00+00:00,,,,,,,,,,,469.1099853515625,469.364990234375,466.8699951171875,466.8699951171875,83704.0
2025-02-03 19:30:00+00:00,,,,,,,,,,,467.8399963378906,469.6700134277344,467.8399963378906,469.0799865722656,88505.0
2025-02-03 20:30:00+00:00,,,,,,,,,,,467.1499938964844,469.489990234375,466.6600036621094,468.0400085449219,216378.0
2025-02-04 14:30:00+00:00,,,,,,,,,,,470.55999755859375,471.2200012207031,465.0,468.6700134277344,202864.0
2025-02-04 15:30:00+00:00,,,,,,,,,,,473.8999938964844,474.25,468.6199951171875,470.55999755859375,114128.0
2025-02-04 16:30:00+00:00,,,,,,,,,,,473.1199951171875,474.6300048828125,473.1199951171875,473.8900146484375,94909.0
2025-02-04 17:30:00+00:00,,,,,,,,,,,472.4309997558594,473.68499755859375,472.2799987792969,473.260009765625,74617.0
2025-02-04 18:30:00+00:00,,,,,,,,,,,473.17498779296875,474.010009765625,471.94329833984375,472.989990234375,88482.0
2025-02-04 19:30:00+00:00,,,,,,,,,,,472.6400146484375,474.2007141113281,472.510009765625,473.2900085449219,108309.0
2025-02-04 20:30:00+00:00,,,,,,,,,,,472.3299865722656,474.0199890136719,472.0299987792969,472.8699951171875,150113.0
2025-02-05 14:30:00+00:00,,,,,,,,,,,468.7200012207031,473.6199951171875,468.3999938964844,472.510009765625,107868.0
2025-02-05 15:30:00+00:00,,,,,,,,,,,467.635009765625,469.1600036621094,466.6300048828125,468.42999267578125,129031.0
2025-02-05 16:30:00+00:00,,,,,,,,,,,467.4599914550781,468.239990234375,464.7099914550781,467.614990234375,151112.0
2025-02-05 17:30:00+00:00,,,,,,,,,,,468.3349914550781,469.0400085449219,466.29998779296875,467.22369384765625,81806.0
2025-02-05 18:30:00+00:00,,,,,,,,,,,467.4755859375,469.17999267578125,466.79998779296875,468.1700134277344,163970.0
2025-02-05 19:30:00+00:00,,,,,,,,,,,466.80999755859375,467.739990234375,466.7799987792969,467.30499267578125,93777.0
2025-02-05 20:30:00+00:00,,,,,,,,,,,467.739990234375,468.5249938964844,466.25,467.0899963378906,170612.0
2025-02-06 14:30:00+00:00,,,,,,,,,,,468.9100036621094,471.3599853515625,467.9010009765625,471.3500061035156,131076.0
2025-02-06 15:30:00+00:00,,,,,,,,,,,466.5445861816406,469.45989990234375,464.8674011230469,469.45989990234375,103091.0
2025-02-06 16:30:00+00:00,,,,,,,,,,,465.989990234375,466.5,465.44000244140625,465.8699951171875,56277.0
2025-02-06 17:30:00+00:00,,,,,,,,,,,466.44000244140625,466.9200134277344,465.6600036621094,465.9595031738281,45335.0
2025-02-06 18:30:00+00:00,,,,,,,,,,,464.614990234375,466.67999267578125,464.35009765625,466.3900146484375,60227.0
2025-02-06 19:30:00+00:00,,,,,,,,,,,464.8349914550781,465.32000732421875,463.46270751953125,464.5199890136719,106071.0
2025-02-06 20:30:00+00:00,,,,,,,,,,,464.9200134277344,466.45001220703125,464.3399963378906,465.010009765625,146031.0
2025-02-07 14:30:00+00:00,,,,,,,,,,,467.75,469.4700012207031,463.29998779296875,468.4200134277344,136068.0
2025-02-07 15:30:00+00:00,,,,,,,,,,,464.07000732421875,468.04998779296875,464.0,467.67999267578125,102375.0
2025-02-07 16:30:00+00:00,,,,,,,,,,,463.6499938964844,465.159912109375,463.0,464.1099853515625,61053.0
2025-02-07 17:30:00+00:00,,,,,,,,,,,464.5849914550781,465.260009765625,463.4200134277344,463.4649963378906,41075.0
2025-02-07 18:30:00+00:00,,,,,,,,,,,463.5849914550781,465.260009765625,463.4502868652344,464.7900085449219,49783.0
2025-02-07 19:30:00+00:00,,,,,,,,,,,464.9949951171875,465.30999755859375,463.30999755859375,463.44000244140625,94063.0
2025-02-07 20:30:00+00:00,,,,,,,,,,,465.6600036621094,466.04998779296875,464.69000244140625,465.17999267578125,149688.0
2025-02-10 14:30:00+00:00,,,,,,,,,,,467.4649963378906,468.8599853515625,464.4501037597656,467.5899963378906,203538.0
2025-02-10 15:30:00+00:00,,,,,,,,,,,464.55499267578125,467.9800109863281,464.0,467.6400146484375,88193.0
2025-02-10 16:30:00+00:00,,,,,,,,,,,466.12548828125,466.489990234375,464.260009765625,464.7900085449219,94130.0
2025-02-10 17:30:00+00:00,,,,,,,,,,,467.07000732421875,467.6000061035156,465.7799987792969,465.8800048828125,62899.0
2025-02-10 18:30:00+00:00,,,,,,,,,,,468.635009765625,469.6400146484375,466.5799865722656,467.2099914550781,101868.0
2025-02-10 19:30:00+00:00,,,,,,,,,,,469.7099914550781,471.8800048828125,468.3999938964844,468.6400146484375,173433.0
2025-02-10 20:30:00+00:00,,,,,,,,,,,469.989990234375,471.260009765625,469.1300048828125,469.7049865722656,188428.0
2025-02-11 14:30:00+00:00,,,,,,,,,,,474.9200134277344,476.70001220703125,468.875,469.5199890136719,211829.0
2025-02-11 15:30:00+00:00,,,,,,,,,,,475.8399963378906,476.489990234375,474.239990234375,474.5849914550781,177635.0
2025-02-11 16:30:00+00:00,,,,,,,,,,,475.489990234375,476.29998779296875,473.489990234375,475.8599853515625,164790.0
2025-02-11 17:30:00+00:00,,,,,,,,,,,474.7749938964844,475.67999267578125,474.3424987792969,475.3599853515625,122005.0
2025-02-11 18:30:00+00:00,,,,,,,,,,,474.635009765625,476.1700134277344,474.239990234375,474.7749938964844,119204.0
2025-02-11 19:30:00+00:00,,,,,,,,,,,473.6000061035156,474.8999938964844,472.0,474.44000244140625,250898.0
2025-02-11 20:30:00+00:00,,,,,,,,,,,474.42999267578125,474.8699951171875,472.93499755859375,473.79998779296875,285759.0
2025-02-12 14:30:00+00:00,,,,,,,,,,,470.3900146484375,472.5799865722656,463.9700012207031,468.80999755859375,357473.0
2025-02-12 15:30:00+00:00,,,,,,,,,,,469.8922119140625,471.989990234375,469.2900085449219,470.70001220703125,172621.0
2025-02-12 16:30:00+00:00,,,,,,,,,,,473.04998779296875,473.54998779296875,469.9601135253906,470.3599853515625,152349.0
2025-02-12 17:30:00+00:00,,,,,,,,,,,474.989990234375,475.75,472.82000732421875,473.0,153073.0
2025-02-12 18:30:00+00:00,,,,,,,,,,,473.79998779296875,476.1400146484375,473.3900146484375,475.0799865722656,176556.0
2025-02-12 19:30:00+00:00,,,,,,,,,,,475.3599853515625,476.4800109863281,473.19000244140625,473.6650085449219,259818.0
2025-02-12 20:30:00+00:00,,,,,,,,,,,476.5299987792969,477.7799987792969,473.55999755859375,475.3599853515625,489655.0
2025-02-13 14:30:00+00:00,,,,,,,,,,,464.4599914550781,467.9750061035156,451.2200012207031,454.5,937271.0
2025-02-13 15:30:00+00:00,,,,,,,,,,,469.010009765625,471.4457092285156,461.2601013183594,464.31500244140625,355593.0
2025-02-13 16:30:00+00:00,,,,,,,,,,,468.92999267578125,472.3500061035156,465.25,469.260009765625,305621.0
2025-02-13 17:30:00+00:00,,,,,,,,,,,470.0050048828125,470.3699951171875,468.010009765625,469.6000061035156,151496.0
2025-02-13 18:30:00+00:00,,,,,,,,,,,472.5199890136719,474.3800048828125,467.5799865722656,470.0050048828125,247784.0
2025-02-13 19:30:00+00:00,,,,,,,,,,,467.7349853515625,474.1000061035156,465.8299865722656,472.6600036621094,336682.0
2025-02-13 20:30:00+00:00,,,,,,,,,,,466.2300109863281,468.67999267578125,464.8999938964844,467.7149963378906,374106.0
2025-02-14 14:30:00+00:00,,,,,,,,,,,476.7900085449219,478.0,467.0950012207031,469.8999938964844,324066.0
2025-02-14 15:30:00+00:00,,,,,,,,,,,477.67999267578125,480.3399963378906,474.9715881347656,477.010009765625,306143.0
2025-02-14 16:30:00+00:00,,,,,,,,,,,478.9100036621094,481.1400146484375,476.6900939941406,477.44000244140625,233581.0
2025-02-14 17:30:00+00:00,,,,,,,,,,,478.6700134277344,480.0400085449219,476.6700134277344,478.9100036621094,154615.0
2025-02-14 18:30:00+00:00,,,,,,,,,,,477.6650085449219,480.25,477.4612121582031,479.1099853515625,173656.0
2025-02-14 19:30:00+00:00,,,,,,,,,,,479.7900085449219,480.3900146484375,476.7900085449219,477.95001220703125,198912.0
2025-02-14 20:30:00+00:00,,,,,,,,,,,480.4700012207031,480.989990234375,479.0299987792969,479.68499755859375,329958.0
2025-02-18 14:30:00+00:00,,,,,,,,,,,493.6968994140625,494.69000244140625,480.0,481.0,481640.0
2025-02-18 15:30:00+00:00,,,,,,,,,,,492.4800109863281,494.6000061035156,491.17999267578125,494.42999267578125,183909.0
2025-02-18 16:30:00+00:00,,,,,,,,,,,495.6000061035156,496.45001220703125,492.57000732421875,492.57000732421875,226371.0
2025-02-18 17:30:00+00:00,,,,,,,,,,,499.1650085449219,499.55999755859375,495.7699890136719,495.7749938964844,282282.0
2025-02-18 18:30:00+00:00,,,,,,,,,,,499.56500244140625,500.114990234375,496.8399963378906,499.1700134277344,317567.0
2025-02-18 19:30:00+00:00,,,,,,,,,,,500.0,500.6600036621094,498.989990234375,499.4100036621094,250205.0
2025-02-18 20:30:00+00:00,,,,,,,,,,,501.6199951171875,502.1000061035156,499.7099914550781,500.0799865722656,401074.0
2025-02-19 14:30:00+00:00,,,,,,,,,,,502.3399963378906,503.25,496.0,496.1600036621094,251210.0
2025-02-19 15:30:00+00:00,,,,,,,,,,,506.57501220703125,507.5180969238281,500.67999267578125,502.364990234375,213731.0
2025-02-19 16:30:00+00:00,,,,,,,,,,,510.1099853515625,511.7300109863281,506.5299987792969,506.5732116699219,387851.0
2025-02-19 17:30:00+00:00,,,,,,,,,,,513.5650024414062,513.9650268554688,509.85198974609375,510.1050109863281,261318.0
2025-02-19 18:30:00+00:00,,,,,,,,,,,514.260009765625,515.0499877929688,511.7864990234375,513.5399780273438,255958.0
2025-02-19 19:30:00+00:00,,,,,,,,,,,509.510009765625,514.1300048828125,508.8999938964844,514.0399780273438,193989.0
2025-02-19 20:30:00+00:00,,,,,,,,,,,509.3599853515625,510.5400085449219,508.42999267578125,509.29998779296875,316372.0
2025-02-20 14:30:00+00:00,,,,,,,,,,,500.1400146484375,509.260009765625,498.42999267578125,508.1400146484375,366511.0
2025-02-20 15:30:00+00:00,,,,,,,,,,,497.9100036621094,501.6700134277344,497.9100036621094,500.1600036621094,192512.0
2025-02-20 16:30:00+00:00,,,,,,,,,,,497.30999755859375,498.25,495.1499938964844,497.989990234375,129962.0
2025-02-20 17:30:00+00:00,,,,,,,,,,,494.2099914550781,497.9100036621094,494.2099914550781,497.1499938964844,127664.0
2025-02-20 18:30:00+00:00,,,,,,,,,,,494.4100036621094,495.82000732421875,493.7900085449219,494.1400146484375,129116.0
2025-02-20 19:30:00+00:00,,,,,,,,,,,493.9649963378906,495.4800109863281,493.1099853515625,494.4100036621094,127062.0
2025-02-20 20:30:00+00:00,,,,,,,,,,,495.7900085449219,497.1700134277344,493.4599914550781,493.9649963378906,240515.0
2025-02-21 14:30:00+00:00,,,,,,,,,,,495.7149963378906,498.7698974609375,493.8067932128906,497.2699890136719,129040.0
2025-02-21 15:30:00+00:00,,,,,,,,,,,493.3550109863281,495.7300109863281,493.0,495.7149963378906,63543.0
2025-02-21 16:30:00+00:00,,,,,,,,,,,493.32000732421875,493.80499267578125,491.19000244140625,493.3550109863281,107916.0
2025-02-21 17:30:00+00:00,,,,,,,,,,,488.9200134277344,493.3399963378906,488.901611328125,493.2872009277344,130818.0
2025-02-21 18:30:00+00:00,,,,,,,,,,,487.8999938964844,489.6700134277344,487.6400146484375,488.7300109863281,114581.0
2025-02-21 19:30:00+00:00,,,,,,,,,,,489.05999755859375,489.1400146484375,487.260009765625,488.239990234375,126317.0
2025-02-21 20:30:00+00:00,,,,,,,,,,,489.94000244140625,490.6000061035156,489.20001220703125,489.2699890136719,190909.0
2025-02-24 14:30:00+00:00,,,,,,,,,,,485.7850036621094,492.3500061035156,483.17999267578125,489.9800109863281,248155.0
2025-02-24 15:30:00+00:00,,,,,,,,,,,485.2099914550781,486.17999267578125,482.1499938964844,485.82000732421875,128582.0
2025-02-24 16:30:00+00:00,,,,,,,,,,,485.0345153808594,486.0799865722656,484.5400085449219,485.25,99279.0
2025-02-24 17:30:00+00:00,,,,,,,,,,,485.32000732421875,486.0,484.2601013183594,484.8900146484375,90947.0
2025-02-24 18:30:00+00:00,,,,,,,,,,,484.510009765625,485.4800109863281,483.5249938964844,485.4750061035156,105022.0
2025-02-24 19:30:00+00:00,,,,,,,,,,,483.7950134277344,485.6199951171875,483.0,484.6499938964844,150454.0
2025-02-24 20:30:00+00:00,,,,,,,,,,,484.54998779296875,485.5198974609375,482.8999938964844,483.8999938964844,214309.0
2025-02-25 14:30:00+00:00,,,,,,,,,,,484.3399963378906,490.75,482.8500061035156,486.67999267578125,201584.0
2025-02-25 15:30:00+00:00,,,,,,,,,,,485.5633850097656,487.010009765625,483.6199951171875,484.0450134277344,157415.0
2025-02-25 16:30:00+00:00,,,,,,,,,,,485.1737976074219,487.54998779296875,484.80999755859375,485.9100036621094,93683.0
2025-02-25 17:30:00+00:00,,,,,,,,,,,487.57501220703125,490.010009765625,485.52081298828125,485.635009765625,101068.0
2025-02-25 18:30:00+00:00,,,,,,,,,,,488.07501220703125,489.6099853515625,487.55999755859375,487.57000732421875,128056.0
2025-02-25 19:30:00+00:00,,,,,,,,,,,489.4100036621094,490.7200012207031,488.1600036621094,488.17999267578125,133170.0
2025-02-25 20:30:00+00:00,,,,,,,,,,,487.56500244140625,489.3800048828125,486.8299865722656,489.3800048828125,214450.0
2025-02-26 14:30:00+00:00,,,,,,,,,,,484.7149963378906,490.7300109863281,483.5799865722656,490.0,190278.0
2025-02-26 15:30:00+00:00,,,,,,,,,,,480.8399963378906,485.79998779296875,480.8399963378906,485.0,271392.0
2025-02-26 16:30:00+00:00,,,,,,,,,,,482.760009765625,482.7699890136719,479.5199890136719,480.7699890136719,156319.0
2025-02-26 17:30:00+00:00,,,,,,,,,,,479.2200012207031,483.2799987792969,479.0,482.7699890136719,137319.0
2025-02-26 18:30:00+00:00,,,,,,,,,,,479.95001220703125,480.30499267578125,477.4200134277344,479.2200012207031,102686.0
2025-02-26 19:30:00+00:00,,,,,,,,,,,478.6700134277344,480.5299987792969,477.67999267578125,479.9200134277344,159039.0
2025-02-26 20:30:00+00:00,,,,,,,,,,,478.30999755859375,480.3450012207031,477.95001220703125,478.6000061035156,327106.0
2025-02-27 14:30:00+00:00,,,,,,,,,,,486.4100036621094,486.75,479.5,482.32000732421875,174195.0
2025-02-27 15:30:00+00:00,,,,,,,,,,,485.2049865722656,487.45550537109375,484.4200134277344,486.55999755859375,89309.0
2025-02-27 16:30:00+00:00,,,,,,,,,,,484.8299865722656,486.4599914550781,482.4599914550781,485.4100036621094,50000.0
2025-02-27 17:30:00+00:00,,,,,,,,,,,485.7900085449219,486.0199890136719,484.3500061035156,485.2300109863281,85757.0
2025-02-27 18:30:00+00:00,,,,,,,,,,,482.4100036621094,485.7049865722656,482.260009765625,485.7049865722656,148713.0
2025-02-27 19:30:00+00:00,,,,,,,,,,,480.06500244140625,482.8699951171875,479.1600036621094,482.67498779296875,194849.0
2025-02-27 20:30:00+00:00,,,,,,,,,,,480.4599914550781,481.6499938964844,479.7799987792969,479.9200134277344,365914.0
2025-02-28 14:30:00+00:00,,,,,,,,,,,484.55999755859375,484.67999267578125,479.9150085449219,479.92999267578125,217243.0
2025-02-28 15:30:00+00:00,,,,,,,,,,,481.2284851074219,485.2099914550781,480.79998779296875,484.45001220703125,143500.0
2025-02-28 16:30:00+00:00,,,,,,,,,,,478.7749938964844,480.8800048828125,478.6700134277344,480.7099914550781,142350.0
2025-02-28 17:30:00+00:00,,,,,,,,,,,475.5,478.9700012207031,475.0,478.7174987792969,142822.0
2025-02-28 18:30:00+00:00,,,,,,,,,,,474.989990234375,476.8599853515625,472.55999755859375,475.4700012207031,212955.0
2025-02-28 19:30:00+00:00,,,,,,,,,,,478.4898986816406,478.760009765625,474.94000244140625,474.94500732421875,185207.0
2025-02-28 20:30:00+00:00,,,,,,,,,,,480.7900085449219,480.9200134277344,476.6400146484375,478.2799987792969,382516.0
2025-03-03 14:30:00+00:00,,,,,,,,,,,478.239990234375,484.6650085449219,477.54998779296875,484.07000732421875,246409.0
2025-03-03 15:30:00+00:00,,,,,,,,,,,476.57000732421875,479.4419860839844,476.0,478.6499938964844,110954.0
2025-03-03 16:30:00+00:00,,,,,,,,,,,477.2900085449219,477.5,474.95001220703125,476.0,90669.0
2025-03-03 17:30:00+00:00,,,,,,,,,,,473.30999755859375,477.6300048828125,473.30999755859375,477.2200012207031,100445.0
2025-03-03 18:30:00+00:00,,,,,,,,,,,472.44000244140625,474.45001220703125,471.92999267578125,473.70001220703125,131882.0
2025-03-03 19:30:00+00:00,,,,,,,,,,,464.3699951171875,473.1400146484375,463.5450134277344,472.20001220703125,292666.0
2025-03-03 20:30:00+00:00,,,,,,,,,,,465.989990234375,466.8999938964844,463.7099914550781,464.3949890136719,300900.0
2025-03-04 14:30:00+00:00,,,,,,,,,,,453.7300109863281,455.05999755859375,447.6499938964844,453.79998779296875,553086.0
2025-03-04 15:30:00+00:00,,,,,,,,,,,452.1600036621094,456.5,451.6199951171875,453.7250061035156,313691.0
2025-03-04 16:30:00+00:00,,,,,,,,,,,455.79998779296875,455.92999267578125,450.8399963378906,452.32000732421875,216057.0
2025-03-04 17:30:00+00:00,,,,,,,,,,,456.07000732421875,458.5,455.260009765625,455.79998779296875,206972.0
2025-03-04 18:30:00+00:00,,,,,,,,,,,460.5400085449219,462.45001220703125,456.0299987792969,456.260009765625,140670.0
2025-03-04 19:30:00+00:00,,,,,,,,,,,461.8450012207031,463.2900085449219,459.8900146484375,460.7799987792969,173877.0
2025-03-04 20:30:00+00:00,,,,,,,,,,,458.4200134277344,461.5,456.989990234375,461.4100036621094,425075.0
2025-03-05 14:30:00+00:00,,,,,,,,,,,463.6050109863281,466.6499938964844,459.4100036621094,460.3900146484375,173560.0
2025-03-05 15:30:00+00:00,,,,,,,,,,,460.1700134277344,465.19000244140625,458.6499938964844,463.635009765625,174216.0
2025-03-05 16:30:00+00:00,,,,,,,,,,,462.67999267578125,463.70001220703125,459.2200012207031,460.1700134277344,101512.0
2025-03-05 17:30:00+00:00,,,,,,,,,,,463.6650085449219,465.0150146484375,462.5899963378906,462.6400146484375,93719.0
2025-03-05 18:30:00+00:00,,,,,,,,,,,466.7099914550781,467.2349853515625,462.29998779296875,463.57000732421875,105394.0
2025-03-05 19:30:00+00:00,,,,,,,,,,,468.2991027832031,468.8399963378906,465.7200012207031,466.9700012207031,124676.0
2025-03-05 20:30:00+00:00,,,,,,,,,,,467.3500061035156,468.7099914550781,466.1679992675781,468.1400146484375,208575.0
2025-03-06 14:30:00+00:00,,,,,,,,,,,475.6099853515625,475.989990234375,465.29998779296875,468.0,260567.0
2025-03-06 15:30:00+00:00,,,,,,,,,,,480.9200134277344,481.510009765625,475.3900146484375,475.6099853515625,285938.0
2025-03-06 16:30:00+00:00,,,,,,,,,,,477.39990234375,482.92999267578125,475.3938903808594,480.75,174136.0
2025-03-06 17:30:00+00:00,,,,,,,,,,,479.2250061035156,479.7200012207031,475.0,477.2300109863281,152410.0
2025-03-06 18:30:00+00:00,,,,,,,,,,,480.5299987792969,481.44000244140625,477.05999755859375,479.2250061035156,174375.0
2025-03-06 19:30:00+00:00,,,,,,,,,,,484.135009765625,484.1400146484375,479.375,480.32000732421875,196597.0
2025-03-06 20:30:00+00:00,,,,,,,,,,,482.9100036621094,484.8900146484375,482.3550109863281,484.25,247902.0
2025-03-07 14:30:00+00:00,,,,,,,,,,,489.7699890136719,491.3699951171875,478.2699890136719,478.2699890136719,349714.0
2025-03-07 15:30:00+00:00,,,,,,,,,,,487.6300048828125,491.82000732421875,487.2200927734375,489.7900085449219,298941.0
2025-03-07 16:30:00+00:00,,,,,,,,,,,488.1000061035156,490.0199890136719,484.2099914550781,487.45001220703125,306790.0
2025-03-07 17:30:00+00:00,,,,,,,,,,,491.8700866699219,493.6099853515625,487.8349914550781,487.8500061035156,232944.0
2025-03-07 18:30:00+00:00,,,,,,,,,,,494.2650146484375,495.7200012207031,491.2200012207031,492.1099853515625,260064.0
2025-03-07 19:30:00+00:00,,,,,,,,,,,497.4200134277344,497.6600036621094,494.1300048828125,494.54998779296875,341667.0
2025-03-07 20:30:00+00:00,,,,,,,,,,,499.7099914550781,500.2699890136719,494.6199951171875,497.25,462945.0
2025-03-10 13:30:00+00:00,,,,,,,,,,,497.3599853515625,504.9800109863281,495.9049987792969,497.6199951171875,366499.0
2025-03-10 14:30:00+00:00,,,,,,,,,,,497.6400146484375,499.20001220703125,493.0350036621094,497.2099914550781,380633.0
2025-03-10 15:30:00+00:00,,,,,,,,,,,493.45001220703125,499.01739501953125,491.3299865722656,497.5799865722656,217888.0
2025-03-10 16:30:00+00:00,,,,,,,,,,,490.3900146484375,494.4200134277344,489.82000732421875,493.6300048828125,186701.0
2025-03-10 17:30:00+00:00,,,,,,,,,,,486.9649963378906,490.67999267578125,485.9200134277344,490.4549865722656,227558.0
2025-03-10 18:30:00+00:00,,,,,,,,,,,487.1050109863281,488.2449951171875,480.54998779296875,487.2149963378906,280668.0
2025-03-10 19:30:00+00:00,,,,,,,,,,,488.7799987792969,490.42498779296875,486.5199890136719,487.114990234375,251718.0
2025-03-11 13:30:00+00:00,,,,,,,,,,,478.0849914550781,488.5400085449219,477.6099853515625,483.95001220703125,249573.0
2025-03-11 14:30:00+00:00,,,,,,,,,,,477.3599853515625,479.510009765625,475.04119873046875,478.3500061035156,186569.0
2025-03-11 15:30:00+00:00,,,,,,,,,,,477.5249938964844,479.94000244140625,477.0299987792969,477.3599853515625,88998.0
2025-03-11 16:30:00+00:00,,,,,,,,,,,474.92999267578125,478.29998779296875,474.78460693359375,477.5799865722656,100902.0
2025-03-11 17:30:00+00:00,,,,,,,,,,,475.8599853515625,477.1199951171875,472.7099914550781,475.05999755859375,221366.0
2025-03-11 18:30:00+00:00,,,,,,,,,,,477.9100036621094,479.79998779296875,474.3699951171875,475.8599853515625,176234.0
2025-03-11 19:30:00+00:00,,,,,,,,,,,475.0899963378906,478.89959716796875,475.0199890136719,477.7749938964844,203062.0
2025-03-12 13:30:00+00:00,,,,,,,,,,,464.82000732421875,476.6239929199219,463.2099914550781,474.989990234375,419640.0
2025-03-12 14:30:00+00:00,,,,,,,,,,,468.8599853515625,470.0,463.260009765625,465.17999267578125,228724.0
2025-03-12 15:30:00+00:00,,,,,,,,,,,470.9800109863281,471.54998779296875,466.95001220703125,468.8500061035156,178521.0
2025-03-12 16:30:00+00:00,,,,,,,,,,,473.0249938964844,473.0249938964844,470.0404968261719,470.9849853515625,95731.0
2025-03-12 17:30:00+00:00,,,,,,,,,,,474.3999938964844,474.3999938964844,470.1000061035156,473.1300048828125,130857.0
2025-03-12 18:30:00+00:00,,,,,,,,,,,473.7099914550781,475.8800048828125,473.29998779296875,474.3999938964844,121601.0
2025-03-12 19:30:00+00:00,,,,,,,,,,,471.4800109863281,474.4700012207031,471.05999755859375,474.010009765625,250087.0
2025-03-13 13:30:00+00:00,,,,,,,,,,,475.7349853515625,480.0,470.0,473.5400085449219,205998.0
2025-03-13 14:30:00+00:00,,,,,,,,,,,473.5050048828125,477.42999267578125,473.260009765625,476.1199951171875,137193.0
2025-03-13 15:30:00+00:00,,,,,,,,,,,472.1499938964844,473.57000732421875,470.6000061035156,473.5050048828125,136421.0
2025-03-13 16:30:00+00:00,,,,,,,,,,,472.2200012207031,473.79998779296875,470.8026123046875,471.7699890136719,104075.0
2025-03-13 17:30:00+00:00,,,,,,,,,,,469.5299987792969,472.32000732421875,469.1000061035156,471.9100036621094,143422.0
2025-03-13 18:30:00+00:00,,,,,,,,,,,467.82501220703125,471.114990234375,467.3699951171875,469.79998779296875,96447.0
2025-03-13 19:30:00+00:00,,,,,,,,,,,467.0799865722656,469.4599914550781,465.5,467.80999755859375,264192.0
2025-03-14 13:30:00+00:00,,,,,,,,,,,476.32000732421875,478.6300048828125,470.45001220703125,471.8699951171875,142304.0
2025-03-14 14:30:00+00:00,,,,,,,,,,,479.75,481.0,476.5199890136719,476.6499938964844,110274.0
2025-03-14 15:30:00+00:00,,,,,,,,,,,476.9783935546875,481.32000732421875,476.29998779296875,480.04998779296875,126671.0
2025-03-14 16:30:00+00:00,,,,,,,,,,,477.05999755859375,479.7300109863281,476.42999267578125,476.70001220703125,94365.0
2025-03-14 17:30:00+00:00,,,,,,,,,,,474.54010009765625,477.2300109863281,474.4252014160156,477.1549987792969,91320.0
2025-03-14 18:30:00+00:00,,,,,,,,,,,476.1400146484375,477.0899963378906,474.1300048828125,474.7650146484375,101176.0
2025-03-14 19:30:00+00:00,,,,,,,,,,,477.510009765625,478.82000732421875,475.9407043457031,476.30999755859375,139103.0
2025-03-17 13:30:00+00:00,,,,,,,,,,,480.2304992675781,483.8900146484375,475.510009765625,477.3299865722656,141734.0
2025-03-17 14:30:00+00:00,,,,,,,,,,,482.07000732421875,483.0199890136719,479.2699890136719,479.8699951171875,92308.0
2025-03-17 15:30:00+00:00,,,,,,,,,,,481.6300048828125,482.70001220703125,480.9200134277344,481.8699951171875,62055.0
2025-03-17 16:30:00+00:00,,,,,,,,,,,483.8399963378906,484.6099853515625,481.3599853515625,481.54998779296875,66592.0
2025-03-17 17:30:00+00:00,,,,,,,,,,,484.7074890136719,486.0799865722656,483.7699890136719,483.82000732421875,59827.0
2025-03-17 18:30:00+00:00,,,,,,,,,,,484.44000244140625,484.67999267578125,482.30999755859375,484.32000732421875,116073.0
2025-03-17 19:30:00+00:00,,,,,,,,,,,482.70001220703125,485.1300048828125,482.1199951171875,484.5050048828125,178232.0
2025-03-18 13:30:00+00:00,,,,,,,,,,,484.20001220703125,485.31500244140625,479.625,482.1300048828125,104799.0
2025-03-18 14:30:00+00:00,,,,,,,,,,,479.9150085449219,486.0400085449219,479.9150085449219,484.5799865722656,130426.0
2025-03-18 15:30:00+00:00,,,,,,,,,,,481.3900146484375,482.0400085449219,479.7121887207031,479.8299865722656,69874.0
2025-03-18 16:30:00+00:00,,,,,,,,,,,481.19000244140625,481.4150085449219,478.94000244140625,481.4150085449219,48239.0
2025-03-18 17:30:00+00:00,,,,,,,,,,,482.5050048828125,484.010009765625,480.7200012207031,481.0899963378906,101959.0
2025-03-18 18:30:00+00:00,,,,,,,,,,,484.0199890136719,484.29998779296875,482.5050048828125,482.5050048828125,85447.0
2025-03-18 19:30:00+00:00,,,,,,,,,,,481.4599914550781,483.8599853515625,481.010009765625,483.80999755859375,160686.0
2025-03-19 13:30:00+00:00,,,,,,,,,,,481.55499267578125,482.7799987792969,478.760009765625,478.760009765625,67767.0
2025-03-19 14:30:00+00:00,,,,,,,,,,,481.4849853515625,482.3800048828125,480.55999755859375,481.70001220703125,69926.0
2025-03-19 15:30:00+00:00,,,,,,,,,,,479.1650085449219,482.5,479.1449890136719,481.55999755859375,56114.0
2025-03-19 16:30:00+00:00,,,,,,,,,,,480.2749938964844,482.35931396484375,479.3299865722656,479.5400085449219,63254.0
2025-03-19 17:30:00+00:00,,,,,,,,,,,478.8399963378906,480.80999755859375,477.17999267578125,480.239990234375,75062.0
2025-03-19 18:30:00+00:00,,,,,,,,,,,480.92999267578125,482.82000732421875,478.8500061035156,479.25,112577.0
2025-03-19 19:30:00+00:00,,,,,,,,,,,479.70001220703125,482.3900146484375,479.1499938964844,481.0400085449219,205538.0
2025-03-20 13:30:00+00:00,,,,,,,,,,,477.6000061035156,478.2900085449219,468.0899963378906,476.0,209109.0
2025-03-20 14:30:00+00:00,,,,,,,,,,,478.1400146484375,479.19500732421875,477.0,477.7300109863281,79044.0
2025-03-20 15:30:00+00:00,,,,,,,,,,,477.5199890136719,478.9949951171875,477.19610595703125,478.43499755859375,60224.0
2025-03-20 16:30:00+00:00,,,,,,,,,,,476.6700134277344,478.88629150390625,476.3399963378906,478.3900146484375,57374.0
2025-03-20 17:30:00+00:00,,,,,,,,,,,478.6400146484375,479.67498779296875,476.94500732421875,476.9800109863281,87466.0
2025-03-20 18:30:00+00:00,,,,,,,,,,,478.2900085449219,480.5400085449219,478.20001220703125,478.6499938964844,109590.0
2025-03-20 19:30:00+00:00,,,,,,,,,,,477.19000244140625,479.5799865722656,476.7699890136719,478.3949890136719,304025.0
2025-03-21 13:30:00+00:00,,,,,,,,,,,472.5165100097656,475.70001220703125,470.5,473.6000061035156,291486.0
2025-03-21 14:30:00+00:00,,,,,,,,,,,469.5400085449219,472.19000244140625,469.0899963378906,472.19000244140625,67756.0
2025-03-21 15:30:00+00:00,,,,,,,,,,,471.4200134277344,471.5899963378906,468.302490234375,469.67999267578125,64395.0
2025-03-21 16:30:00+00:00,,,,,,,,,,,470.95330810546875,473.1199951171875,470.56878662109375,471.4599914550781,86835.0
2025-03-21 17:30:00+00:00,,,,,,,,,,,470.55999755859375,472.8949890136719,470.3999938964844,470.6499938964844,60474.0
2025-03-21 18:30:00+00:00,,,,,,,,,,,471.7250061035156,472.375,470.29998779296875,470.6000061035156,104310.0
2025-03-21 19:30:00+00:00,,,,,,,,,,,472.19000244140625,472.42999267578125,470.3500061035156,471.68499755859375,277905.0
2025-03-24 13:30:00+00:00,,,,,,,,,,,478.0400085449219,483.2300109863281,474.1600036621094,476.6400146484375,152184.0
2025-03-24 14:30:00+00:00,,,,,,,,,,,478.2449951171875,479.0899963378906,476.3500061035156,478.0,126071.0
2025-03-24 15:30:00+00:00,,,,,,,,,,,478.43499755859375,479.70001220703125,478.1401062011719,478.739990234375,82905.0
2025-03-24 16:30:00+00:00,,,,,,,,,,,476.55499267578125,478.5299987792969,475.2799987792969,478.4750061035156,81548.0
2025-03-24 17:30:00+00:00,,,,,,,,,,,475.9399108886719,477.61248779296875,475.29998779296875,477.1700134277344,57774.0
2025-03-24 18:30:00+00:00,,,,,,,,,,,479.70001220703125,480.3999938964844,475.260009765625,475.67999267578125,115934.0
2025-03-24 19:30:00+00:00,,,,,,,,,,,480.010009765625,481.4200134277344,479.3599853515625,479.70001220703125,111255.0
2025-03-25 13:30:00+00:00,,,,,,,,,,,479.6499938964844,482.1600036621094,478.05999755859375,481.7099914550781,144281.0
2025-03-25 14:30:00+00:00,,,,,,,,,,,478.0799865722656,480.7449951171875,478.0799865722656,480.3599853515625,67401.0
2025-03-25 15:30:00+00:00,,,,,,,,,,,479.04998779296875,479.65618896484375,477.6099853515625,478.25030517578125,45462.0
2025-03-25 16:30:00+00:00,,,,,,,,,,,479.5799865722656,480.4200134277344,478.57000732421875,479.04998779296875,46976.0
2025-03-25 17:30:00+00:00,,,,,,,,,,,479.0199890136719,480.2900085449219,478.8699951171875,479.75,55107.0
2025-03-25 18:30:00+00:00,,,,,,,,,,,478.4200134277344,479.81689453125,478.1700134277344,479.0199890136719,97487.0
2025-03-25 19:30:00+00:00,,,,,,,,,,,479.32000732421875,480.54998779296875,477.1499938964844,478.4049987792969,180382.0
2025-03-26 13:30:00+00:00,,,,,,,,,,,481.510009765625,484.6319885253906,477.17999267578125,481.4700012207031,133665.0
2025-03-26 14:30:00+00:00,,,,,,,,,,,481.2200012207031,482.7099914550781,480.5400085449219,481.57000732421875,74589.0
2025-03-26 15:30:00+00:00,,,,,,,,,,,482.9949951171875,483.2336120605469,481.30999755859375,481.4800109863281,67643.0
2025-03-26 16:30:00+00:00,,,,,,,,,,,479.05999755859375,483.8599853515625,478.6724853515625,483.489990234375,61547.0
2025-03-26 17:30:00+00:00,,,,,,,,,,,481.260009765625,481.45001220703125,478.0520935058594,478.489990234375,75628.0
2025-03-26 18:30:00+00:00,,,,,,,,,,,481.4200134277344,482.1499938964844,479.8599853515625,480.83221435546875,92646.0
2025-03-26 19:30:00+00:00,,,,,,,,,,,483.6300048828125,484.8900146484375,481.32000732421875,481.4700012207031,144109.0
2025-03-27 13:30:00+00:00,,,,,,,,,,,487.1000061035156,487.29998779296875,480.5,481.9100036621094,196595.0
2025-03-27 14:30:00+00:00,,,,,,,,,,,485.5,490.5799865722656,485.4700012207031,487.3800048828125,153461.0
2025-03-27 15:30:00+00:00,,,,,,,,,,,484.0409851074219,485.0899963378906,480.812255859375,485.0,93475.0
2025-03-27 16:30:00+00:00,,,,,,,,,,,481.19500732421875,484.51251220703125,480.239990234375,484.4599914550781,70133.0
2025-03-27 17:30:00+00:00,,,,,,,,,,,483.5799865722656,484.1050109863281,480.1099853515625,481.20001220703125,78391.0
2025-03-27 18:30:00+00:00,,,,,,,,,,,483.5899963378906,483.6600036621094,480.5,483.0299987792969,112853.0
2025-03-27 19:30:00+00:00,,,,,,,,,,,479.5,483.42999267578125,478.80999755859375,483.42999267578125,237501.0
2025-03-28 13:30:00+00:00,,,,,,,,,,,470.29998779296875,479.5450134277344,469.6400146484375,477.5899963378906,173744.0
2025-03-28 14:30:00+00:00,,,,,,,,,,,468.2850036621094,471.5400085449219,467.5799865722656,470.7200012207031,137391.0
2025-03-28 15:30:00+00:00,,,,,,,,,,,466.6159973144531,469.7349853515625,466.42999267578125,468.30499267578125,83380.0
2025-03-28 16:30:00+00:00,,,,,,,,,,,464.8999938964844,468.19000244140625,464.739990234375,466.9649963378906,100771.0
2025-03-28 17:30:00+00:00,,,,,,,,,,,464.5199890136719,466.239990234375,463.7650146484375,464.9100036621094,106237.0
2025-03-28 18:30:00+00:00,,,,,,,,,,,464.135009765625,465.5470886230469,462.75,464.7579040527344,189142.0
2025-03-28 19:30:00+00:00,,,,,,,,,,,465.04998779296875,468.8800048828125,464.05999755859375,464.3399963378906,214938.0
2025-03-31 13:30:00+00:00,,,,,,,,,,,462.8500061035156,464.2449951171875,458.3800048828125,460.760009765625,283779.0
2025-03-31 14:30:00+00:00,,,,,,,,,,,464.4800109863281,466.6099853515625,462.8500061035156,462.8500061035156,147383.0
2025-03-31 15:30:00+00:00,,,,,,,,,,,465.0899963378906,465.4800109863281,463.2101135253906,464.4800109863281,80658.0
2025-03-31 16:30:00+00:00,,,,,,,,,,,464.8399963378906,467.1000061035156,464.5049133300781,464.82000732421875,51562.0
2025-03-31 17:30:00+00:00,,,,,,,,,,,467.67498779296875,468.44000244140625,464.4599914550781,465.29998779296875,91400.0
2025-03-31 18:30:00+00:00,,,,,,,,,,,469.875,471.3500061035156,467.6700134277344,467.7099914550781,119886.0
2025-03-31 19:30:00+00:00,,,,,,,,,,,469.3500061035156,472.904296875,469.1400146484375,469.67999267578125,247362.0
2025-04-01 13:30:00+00:00,,,,,,,,,,,468.0899963378906,472.3399963378906,466.010009765625,469.3599853515625,142427.0
2025-04-01 14:30:00+00:00,,,,,,,,,,,477.3599853515625,479.1400146484375,467.80499267578125,468.0899963378906,170105.0
2025-04-01 15:30:00+00:00,,,,,,,,,,,478.25,479.55230712890625,477.1199951171875,477.2799987792969,152652.0
2025-04-01 16:30:00+00:00,,,,,,,,,,,477.5350036621094,478.55999755859375,476.010009765625,477.9200134277344,101658.0
2025-04-01 17:30:00+00:00,,,,,,,,,,,475.9700012207031,478.0599060058594,475.6199951171875,477.79998779296875,157343.0
2025-04-01 18:30:00+00:00,,,,,,,,,,,477.1000061035156,477.5199890136719,474.2449951171875,476.0400085449219,133969.0
2025-04-01 19:30:00+00:00,,,,,,,,,,,478.6000061035156,478.82000732421875,476.45001220703125,477.18499755859375,180299.0
2025-04-02 13:30:00+00:00,,,,,,,,,,,473.25,474.3900146484375,464.7799987792969,473.44000244140625,188971.0
2025-04-02 14:30:00+00:00,,,,,,,,,,,472.30999755859375,473.5899963378906,470.8399963378906,472.67999267578125,115816.0
2025-04-02 15:30:00+00:00,,,,,,,,,,,471.9649963378906,472.5950012207031,469.29998779296875,472.29998779296875,118745.0
2025-04-02 16:30:00+00:00,,,,,,,,,,,472.94000244140625,474.489990234375,470.7401123046875,472.19000244140625,98424.0
2025-04-02 17:30:00+00:00,,,,,,,,,,,467.6300048828125,472.9700012207031,467.6300048828125,472.8500061035156,124643.0
2025-04-02 18:30:00+00:00,,,,,,,,,,,469.5364074707031,470.4599914550781,467.07000732421875,467.0799865722656,152810.0
2025-04-02 19:30:00+00:00,,,,,,,,,,,470.69000244140625,472.5299987792969,468.8599853515625,468.8800048828125,373353.0
2025-04-03 13:30:00+00:00,,,,,,,,,,,457.18499755859375,463.69000244140625,455.6474914550781,456.54998779296875,433060.0
2025-04-03 14:30:00+00:00,,,,,,,,,,,453.9800109863281,458.6300048828125,453.6700134277344,456.94500732421875,362102.0
2025-04-03 15:30:00+00:00,,,,,,,,,,,455.9112854003906,456.9800109863281,452.2099914550781,454.17999267578125,276781.0
2025-04-03 16:30:00+00:00,,,,,,,,,,,453.8800048828125,456.8800048828125,452.3800048828125,456.6199951171875,259539.0
2025-04-03 17:30:00+00:00,,,,,,,,,,,451.0899963378906,456.0400085449219,450.32000732421875,453.6300048828125,242796.0
2025-04-03 18:30:00+00:00,,,,,,,,,,,449.7799987792969,452.45001220703125,449.0707092285156,451.1000061035156,262996.0
2025-04-03 19:30:00+00:00,,,,,,,,,,,447.32000732421875,450.6600036621094,446.6000061035156,449.67999267578125,234707.0
2025-04-04 13:30:00+00:00,,,,,,,,,,,431.385009765625,433.6000061035156,420.0400085449219,426.4599914550781,810360.0
2025-04-04 14:30:00+00:00,,,,,,,,,,,432.25,438.7900085449219,424.1499938964844,431.1099853515625,897237.0
2025-04-04 15:30:00+00:00,,,,,,,,,,,428.3550109863281,433.20001220703125,426.44000244140625,432.32501220703125,246158.0
2025-04-04 16:30:00+00:00,,,,,,,,,,,430.55499267578125,432.57000732421875,427.25,427.7620849609375,205599.0
2025-04-04 17:30:00+00:00,,,,,,,,,,,429.2300109863281,433.8800048828125,427.8900146484375,430.55499267578125,278726.0
2025-04-04 18:30:00+00:00,,,,,,,,,,,430.260009765625,430.9779052734375,426.0849914550781,429.32501220703125,345657.0
2025-04-04 19:30:00+00:00,,,,,,,,,,,430.0199890136719,434.30499267578125,427.7650146484375,429.55999755859375,535735.0
2025-04-07 13:30:00+00:00,,,,,,,,,,,418.79998779296875,441.0400085449219,412.5,417.1300048828125,604711.0
2025-04-07 14:30:00+00:00,,,,,,,,,,,413.2699890136719,428.0899963378906,413.2699890136719,419.260009765625,438774.0
2025-04-07 15:30:00+00:00,,,,,,,,,,,415.45001220703125,421.94000244140625,412.29998779296875,414.614990234375,208641.0
2025-04-07 16:30:00+00:00,,,,,,,,,,,422.9800109863281,423.2449951171875,413.989990234375,415.1199951171875,210147.0
2025-04-07 17:30:00+00:00,,,,,,,,,,,421.3450012207031,428.3399963378906,420.6000061035156,423.1600036621094,353267.0
2025-04-07 18:30:00+00:00,,,,,,,,,,,418.6449890136719,424.7698974609375,417.5199890136719,421.364990234375,351413.0
2025-04-07 19:30:00+00:00,,,,,,,,,,,423.3500061035156,423.3699951171875,417.8699951171875,418.8800048828125,479207.0
2025-04-08 13:30:00+00:00,,,,,,,,,,,431.6499938964844,435.5899963378906,423.5,433.4599914550781,302752.0
2025-04-08 14:30:00+00:00,,,,,,,,,,,422.9833068847656,432.54998779296875,422.45001220703125,431.9700012207031,179243.0
2025-04-08 15:30:00+00:00,,,,,,,,,,,425.93499755859375,428.3699951171875,422.54998779296875,423.2699890136719,188447.0
2025-04-08 16:30:00+00:00,,,,,,,,,,,416.989990234375,427.135009765625,416.80999755859375,426.0400085449219,204944.0
2025-04-08 17:30:00+00:00,,,,,,,,,,,417.45001220703125,420.5450134277344,415.5199890136719,416.9800109863281,164162.0
2025-04-08 18:30:00+00:00,,,,,,,,,,,414.5299987792969,421.5,412.0199890136719,417.8500061035156,239986.0
2025-04-08 19:30:00+00:00,,,,,,,,,,,412.92999267578125,414.42498779296875,406.0799865722656,414.1300048828125,316683.0
2025-04-09 13:30:00+00:00,,,,,,,,,,,412.0,415.0,404.4200134277344,407.7200012207031,381502.0
2025-04-09 14:30:00+00:00,,,,,,,,,,,415.0,418.9599914550781,410.1199951171875,411.8699951171875,294921.0
2025-04-09 15:30:00+00:00,,,,,,,,,,,414.20001220703125,416.510009765625,412.3800048828125,414.989990234375,185833.0
2025-04-09 16:30:00+00:00,,,,,,,,,,,439.6000061035156,445.7099914550781,412.17999267578125,414.20001220703125,292829.0
2025-04-09 17:30:00+00:00,,,,,,,,,,,450.9100036621094,455.6700134277344,437.23748779296875,439.2950134277344,570182.0
2025-04-09 18:30:00+00:00,,,,,,,,,,,449.9200134277344,452.05999755859375,440.9700012207031,450.55999755859375,348616.0
2025-04-09 19:30:00+00:00,,,,,,,,,,,452.75,455.6700134277344,448.4200134277344,449.9049987792969,403467.0
2025-04-10 13:30:00+00:00,,,,,,,,,,,440.0899963378906,445.9849853515625,436.2650146484375,444.3599853515625,271260.0
2025-04-10 14:30:00+00:00,,,,,,,,,,,438.54998779296875,442.20001220703125,436.8800048828125,440.510009765625,191261.0
2025-04-10 15:30:00+00:00,,,,,,,,,,,430.1549987792969,438.7099914550781,428.5299987792969,438.43499755859375,139825.0
2025-04-10 16:30:00+00:00,,,,,,,,,,,436.8299865722656,443.94000244140625,430.1474914550781,430.1474914550781,231561.0
2025-04-10 17:30:00+00:00,,,,,,,,,,,446.3977966308594,446.3977966308594,436.3200988769531,436.8349914550781,166146.0
2025-04-10 18:30:00+00:00,,,,,,,,,,,444.9599914550781,449.2300109863281,443.2950134277344,445.6300048828125,292929.0
2025-04-10 19:30:00+00:00,,,,,,,,,,,444.19000244140625,447.5799865722656,439.239990234375,444.56500244140625,394265.0
2025-04-11 13:30:00+00:00,,,,,,,,,,,442.82501220703125,452.31500244140625,441.5,444.25,203854.0
2025-04-11 14:30:00+00:00,,,,,,,,,,,443.7749938964844,447.2622985839844,441.9800109863281,443.04998779296875,82974.0
2025-04-11 15:30:00+00:00,,,,,,,,,,,451.99249267578125,452.32000732421875,443.6300048828125,444.54949951171875,127441.0
2025-04-11 16:30:00+00:00,,,,,,,,,,,453.79998779296875,457.6199951171875,453.25,453.5,131264.0
2025-04-11 17:30:00+00:00,,,,,,,,,,,459.32501220703125,461.8124084472656,454.4200134277344,454.739990234375,111922.0
2025-04-11 18:30:00+00:00,,,,,,,,,,,461.5299987792969,463.010009765625,459.0201110839844,459.32501220703125,172908.0
2025-04-11 19:30:00+00:00,,,,,,,,,,,459.19000244140625,463.3800048828125,458.989990234375,461.8699951171875,212321.0
2025-04-14 13:30:00+00:00,,,,,,,,,,,470.30999755859375,470.45001220703125,461.4649963378906,465.0,212197.0
2025-04-14 14:30:00+00:00,,,,,,,,,,,469.1600036621094,472.7799987792969,468.94000244140625,470.45001220703125,139328.0
2025-04-14 15:30:00+00:00,,,,,,,,,,,466.55999755859375,471.1449890136719,465.0299987792969,469.0299987792969,129731.0
2025-04-14 16:30:00+00:00,,,,,,,,,,,468.32000732421875,469.3999938964844,466.19970703125,466.6000061035156,85660.0
2025-04-14 17:30:00+00:00,,,,,,,,,,,470.7449951171875,471.2349853515625,468.0350036621094,468.4649963378906,118033.0
2025-04-14 18:30:00+00:00,,,,,,,,,,,470.92498779296875,472.31500244140625,469.9866943359375,470.82000732421875,112411.0
2025-04-14 19:30:00+00:00,,,,,,,,,,,468.010009765625,471.4200134277344,467.6199951171875,470.6199951171875,302252.0
2025-04-15 13:30:00+00:00,,,,,,,,,,,463.2799987792969,467.1300048828125,460.95001220703125,464.67999267578125,139139.0
2025-04-15 14:30:00+00:00,,,,,,,,,,,464.8900146484375,466.8399963378906,463.19000244140625,463.7297058105469,70518.0
2025-04-15 15:30:00+00:00,,,,,,,,,,,465.1400146484375,467.0400085449219,464.625,464.625,58209.0
2025-04-15 16:30:00+00:00,,,,,,,,,,,464.25,465.95001220703125,464.0,465.3800048828125,64273.0
2025-04-15 17:30:00+00:00,,,,,,,,,,,462.05499267578125,464.260009765625,461.348388671875,464.260009765625,68282.0
2025-04-15 18:30:00+00:00,,,,,,,,,,,462.94000244140625,464.2099914550781,461.7101135253906,461.7101135253906,81698.0
2025-04-15 19:30:00+00:00,,,,,,,,,,,461.1300048828125,463.0849914550781,460.6499938964844,462.94000244140625,171984.0
2025-04-16 13:30:00+00:00,,,,,,,,,,,459.2940368652344,460.80999755859375,450.8399963378906,458.0299987792969,137938.0
2025-04-16 14:30:00+00:00,,,,,,,,,,,460.9200134277344,461.5849914550781,458.8699951171875,459.7099914550781,82667.0
2025-04-16 15:30:00+00:00,,,,,,,,,,,458.8999938964844,460.885009765625,457.68011474609375,460.885009765625,70975.0
2025-04-16 16:30:00+00:00,,,,,,,,,,,460.1300048828125,460.6700134277344,458.4984130859375,459.1199951171875,77326.0
2025-04-16 17:30:00+00:00,,,,,,,,,,,453.3999938964844,459.9750061035156,451.1400146484375,459.9750061035156,125244.0
2025-04-16 18:30:00+00:00,,,,,,,,,,,449.0,453.6400146484375,448.8500061035156,453.6400146484375,106681.0
2025-04-16 19:30:00+00:00,,,,,,,,,,,452.25,453.20001220703125,448.67999267578125,449.0,182929.0
2025-04-17 13:30:00+00:00,,,,,,,,,,,452.697998046875,456.67498779296875,451.7799987792969,455.30999755859375,183147.0
2025-04-17 14:30:00+00:00,,,,,,,,,,,454.04998779296875,456.05999755859375,452.010009765625,452.56500244140625,73058.0
2025-04-17 15:30:00+00:00,,,,,,,,,,,456.80999755859375,457.04998779296875,453.3699951171875,454.260009765625,91904.0
2025-04-17 16:30:00+00:00,,,,,,,,,,,455.7640075683594,458.07501220703125,455.3900146484375,457.0400085449219,62627.0
2025-04-17 17:30:00+00:00,,,,,,,,,,,457.42999267578125,458.8699951171875,455.7699890136719,456.010009765625,78138.0
2025-04-17 18:30:00+00:00,,,,,,,,,,,455.4700012207031,458.2300109863281,454.8299865722656,457.55999755859375,100933.0
2025-04-17 19:30:00+00:00,,,,,,,,,,,452.1199951171875,456.5400085449219,451.5249938964844,455.7950134277344,265822.0
2025-04-21 13:30:00+00:00,,,,,,,,,,,445.2650146484375,451.8599853515625,443.989990234375,450.4200134277344,119154.0
2025-04-21 14:30:00+00:00,,,,,,,,,,,440.9100036621094,445.95001220703125,440.0,445.2749938964844,137504.0
2025-04-21 15:30:00+00:00,,,,,,,,,,,439.260009765625,441.3900146484375,437.5299987792969,440.8584899902344,112826.0
2025-04-21 16:30:00+00:00,,,,,,,,,,,437.0299987792969,440.5899963378906,436.3999938964844,439.8699951171875,107236.0
2025-04-21 17:30:00+00:00,,,,,,,,,,,437.37750244140625,437.8800048828125,435.95001220703125,437.07000732421875,97384.0
2025-04-21 18:30:00+00:00,,,,,,,,,,,438.05999755859375,438.94140625,436.94000244140625,437.6199951171875,116302.0
2025-04-21 19:30:00+00:00,,,,,,,,,,,441.67999267578125,442.07000732421875,437.9599914550781,438.5400085449219,170277.0
2025-04-22 13:30:00+00:00,,,,,,,,,,,449.9224853515625,451.92999267578125,446.25,446.25,103124.0
2025-04-22 14:30:00+00:00,,,,,,,,,,,453.3949890136719,454.3399963378906,449.9700012207031,449.9849853515625,74028.0
2025-04-22 15:30:00+00:00,,,,,,,,,,,457.6600036621094,458.25,452.29998779296875,453.3399963378906,90035.0
2025-04-22 16:30:00+00:00,,,,,,,,,,,451.29998779296875,457.7149963378906,450.7650146484375,457.6300048828125,79752.0
2025-04-22 17:30:00+00:00,,,,,,,,,,,455.1600036621094,455.535400390625,450.7699890136719,451.2300109863281,53089.0
2025-04-22 18:30:00+00:00,,,,,,,,,,,454.8171081542969,456.5,454.0799865722656,455.1600036621094,70192.0
2025-04-22 19:30:00+00:00,,,,,,,,,,,454.7699890136719,456.5199890136719,454.239990234375,454.760009765625,107300.0
2025-04-23 13:30:00+00:00,,,,,,,,,,,467.19000244140625,471.9599914550781,462.7099914550781,462.95001220703125,151411.0
2025-04-23 14:30:00+00:00,,,,,,,,,,,459.875,468.0199890136719,459.19000244140625,467.4800109863281,90047.0
2025-04-23 15:30:00+00:00,,,,,,,,,,,456.4200134277344,461.1549987792969,454.3699951171875,459.875,89430.0
2025-04-23 16:30:00+00:00,,,,,,,,,,,459.1449890136719,460.0199890136719,456.5715026855469,456.94500732421875,46697.0
2025-04-23 17:30:00+00:00,,,,,,,,,,,459.17999267578125,460.7300109863281,457.0400085449219,458.43499755859375,91112.0
2025-04-23 18:30:00+00:00,,,,,,,,,,,455.57000732421875,459.9949951171875,455.1337890625,459.4209899902344,90199.0
2025-04-23 19:30:00+00:00,,,,,,,,,,,456.44000244140625,458.2300109863281,455.6300048828125,455.94000244140625,184704.0
2025-04-24 13:30:00+00:00,,,,,,,,,,,465.4700012207031,466.3299865722656,456.9700012207031,458.5199890136719,88933.0
2025-04-24 14:30:00+00:00,,,,,,,,,,,464.1099853515625,466.07000732421875,464.0474853515625,465.3450012207031,72254.0
2025-04-24 15:30:00+00:00,,,,,,,,,,,463.8299865722656,464.7950134277344,462.2900085449219,464.1099853515625,61228.0
2025-04-24 16:30:00+00:00,,,,,,,,,,,463.7300109863281,464.9999084472656,462.7903137207031,464.0450134277344,48224.0
2025-04-24 17:30:00+00:00,,,,,,,,,,,465.2699890136719,465.7919921875,463.92999267578125,464.1000061035156,42932.0
2025-04-24 18:30:00+00:00,,,,,,,,,,,465.0,466.510009765625,464.3999938964844,465.2200012207031,86021.0
2025-04-24 19:30:00+00:00,,,,,,,,,,,464.6000061035156,466.30999755859375,463.3800048828125,464.70001220703125,212311.0
2025-04-25 13:30:00+00:00,,,,,,,,,,,459.2149963378906,465.9617919921875,458.6499938964844,464.1499938964844,103167.0
2025-04-25 14:30:00+00:00,,,,,,,,,,,459.20001220703125,461.385009765625,458.4949951171875,458.9100036621094,72851.0
2025-04-25 15:30:00+00:00,,,,,,,,,,,460.25,461.1000061035156,458.7300109863281,459.2449951171875,49593.0
2025-04-25 16:30:00+00:00,,,,,,,,,,,460.0450134277344,460.6700134277344,459.3699951171875,460.2850036621094,79367.0
2025-04-25 17:30:00+00:00,,,,,,,,,,,458.8550109863281,461.57080078125,457.7349853515625,460.04998779296875,134374.0
2025-04-25 18:30:00+00:00,,,,,,,,,,,458.2300109863281,460.1000061035156,458.04998779296875,458.8599853515625,100317.0
2025-04-25 19:30:00+00:00,,,,,,,,,,,459.2900085449219,459.3599853515625,457.3399963378906,458.1600036621094,232953.0
2025-04-28 13:30:00+00:00,,,,,,,,,,,464.42498779296875,465.0199890136719,458.4200134277344,459.29998779296875,136489.0
2025-04-28 14:30:00+00:00,,,,,,,,,,,459.5249938964844,465.17498779296875,459.4700012207031,464.6099853515625,87200.0
2025-04-28 15:30:00+00:00,,,,,,,,,,,459.4100036621094,460.46990966796875,458.2699890136719,459.55499267578125,54947.0
2025-04-28 16:30:00+00:00,,,,,,,,,,,457.4800109863281,459.9200134277344,457.2200012207031,459.2099914550781,62778.0
2025-04-28 17:30:00+00:00,,,,,,,,,,,460.1050109863281,460.20001220703125,457.0799865722656,457.2699890136719,57027.0
2025-04-28 18:30:00+00:00,,,,,,,,,,,460.54998779296875,460.8699951171875,459.5899963378906,460.1099853515625,77369.0
2025-04-28 19:30:00+00:00,,,,,,,,,,,460.04998779296875,461.510009765625,459.70001220703125,460.3299865722656,117786.0
2025-04-29 13:30:00+00:00,,,,,,,,,,,455.0050048828125,462.8949890136719,452.4100036621094,457.4200134277344,217848.0
2025-04-29 14:30:00+00:00,,,,,,,,,,,458.1099853515625,459.0299987792969,454.885009765625,455.0050048828125,93381.0
2025-04-29 15:30:00+00:00,,,,,,,,,,,460.3500061035156,461.14990234375,456.3800964355469,458.1099853515625,75869.0
2025-04-29 16:30:00+00:00,,,,,,,,,,,459.79998779296875,460.6549987792969,457.6300048828125,460.2699890136719,47925.0
2025-04-29 17:30:00+00:00,,,,,,,,,,,461.739990234375,462.7200012207031,460.1199951171875,460.1199951171875,43512.0
2025-04-29 18:30:00+00:00,,,,,,,,,,,461.3500061035156,462.5199890136719,461.0,461.82000732421875,69654.0
2025-04-29 19:30:00+00:00,,,,,,,,,,,460.6400146484375,462.2900085449219,460.32000732421875,461.2699890136719,104995.0
2025-04-30 13:30:00+00:00,,,,,,,,,,,455.7200012207031,460.45001220703125,452.0,460.45001220703125,322715.0
2025-04-30 14:30:00+00:00,,,,,,,,,,,457.5199890136719,457.8699951171875,454.8599853515625,455.8900146484375,73563.0
2025-04-30 15:30:00+00:00,,,,,,,,,,,456.552490234375,458.3599853515625,456.552490234375,457.23748779296875,46302.0
2025-04-30 16:30:00+00:00,,,,,,,,,,,459.06500244140625,459.29998779296875,455.9200134277344,455.9700012207031,77654.0
2025-04-30 17:30:00+00:00,,,,,,,,,,,459.2850036621094,460.7850036621094,458.4901123046875,459.06500244140625,79743.0
2025-04-30 18:30:00+00:00,,,,,,,,,,,459.4849853515625,460.17999267578125,458.54998779296875,459.739990234375,109140.0
2025-04-30 19:30:00+00:00,,,,,,,,,,,463.5199890136719,465.2900085449219,458.80999755859375,459.5199890136719,216951.0
2025-05-01 13:30:00+00:00,,,,,,,,,,,482.8900146484375,483.6099853515625,464.2449951171875,465.0,433878.0
2025-05-01 14:30:00+00:00,,,,,,,,,,,483.3699951171875,483.989990234375,479.0,483.0799865722656,286163.0
2025-05-01 15:30:00+00:00,,,,,,,,,,,481.6700134277344,485.4700012207031,481.4200134277344,483.3699951171875,232889.0
2025-05-01 16:30:00+00:00,,,,,,,,,,,483.5299987792969,484.8500061035156,481.19000244140625,481.6499938964844,132114.0
2025-05-01 17:30:00+00:00,,,,,,,,,,,481.3299865722656,484.42999267578125,480.76251220703125,483.7699890136719,137889.0
2025-05-01 18:30:00+00:00,,,,,,,,,,,483.6199951171875,483.7900085449219,480.92999267578125,481.2149963378906,136262.0
2025-05-01 19:30:00+00:00,,,,,,,,,,,480.0199890136719,485.3800048828125,479.82000732421875,483.5450134277344,277085.0
2025-05-02 13:30:00+00:00,,,,,,,,,,,486.8349914550781,492.30999755859375,483.9100036621094,487.1300048828125,182842.0
2025-05-02 14:30:00+00:00,,,,,,,,,,,482.3699951171875,486.8299865722656,481.010009765625,486.7300109863281,109469.0
2025-05-02 15:30:00+00:00,,,,,,,,,,,484.95001220703125,486.8900146484375,482.6400146484375,482.6400146484375,87254.0
2025-05-02 16:30:00+00:00,,,,,,,,,,,483.8599853515625,485.7799987792969,482.9800109863281,484.8599853515625,101504.0
2025-05-02 17:30:00+00:00,,,,,,,,,,,483.67999267578125,484.25,482.79998779296875,483.8550109863281,112090.0
2025-05-02 18:30:00+00:00,,,,,,,,,,,482.66290283203125,484.04998779296875,482.3550109863281,483.79998779296875,115581.0
2025-05-02 19:30:00+00:00,,,,,,,,,,,481.5400085449219,482.8800048828125,480.67999267578125,482.7900085449219,204094.0
2025-05-05 13:30:00+00:00,,,,,,,,,,,482.8900146484375,482.8900146484375,477.25,480.0,123204.0
2025-05-05 14:30:00+00:00,,,,,,,,,,,483.81500244140625,484.5299987792969,481.6499938964844,482.8900146484375,87795.0
2025-05-05 15:30:00+00:00,,,,,,,,,,,485.1099853515625,485.20001220703125,482.9100036621094,483.7650146484375,101296.0
2025-05-05 16:30:00+00:00,,,,,,,,,,,483.2799987792969,485.1549987792969,483.07501220703125,485.1000061035156,75862.0
2025-05-05 17:30:00+00:00,,,,,,,,,,,484.3900146484375,484.8800048828125,483.1600036621094,483.45001220703125,47990.0
2025-05-05 18:30:00+00:00,,,,,,,,,,,484.05499267578125,485.1242980957031,483.70001220703125,484.385009765625,109272.0
2025-05-05 19:30:00+00:00,,,,,,,,,,,481.4700012207031,484.05999755859375,481.1700134277344,484.05499267578125,150978.0
2025-05-06 13:30:00+00:00,,,,,,,,,,,481.260009765625,481.7699890136719,477.3500061035156,478.04998779296875,116693.0
2025-05-06 14:30:00+00:00,,,,,,,,,,,480.42498779296875,481.32000732421875,478.8599853515625,480.8299865722656,64309.0
2025-05-06 15:30:00+00:00,,,,,,,,,,,477.94000244140625,480.9200134277344,477.4103088378906,480.42999267578125,59785.0
2025-05-06 16:30:00+00:00,,,,,,,,,,,476.1625061035156,478.94000244140625,475.7301025390625,478.4549865722656,53675.0
2025-05-06 17:30:00+00:00,,,,,,,,,,,479.5,479.5199890136719,475.3999938964844,476.7699890136719,59616.0
2025-05-06 18:30:00+00:00,,,,,,,,,,,478.5350036621094,480.1700134277344,477.875,479.4649963378906,88899.0
2025-05-06 19:30:00+00:00,,,,,,,,,,,475.04998779296875,478.7900085449219,475.010009765625,478.5350036621094,163782.0
2025-05-07 13:30:00+00:00,,,,,,,,,,,474.2200012207031,477.4049987792969,472.6000061035156,475.0899963378906,216686.0
2025-05-07 14:30:00+00:00,,,,,,,,,,,475.489990234375,475.57000732421875,473.6600036621094,474.2200012207031,47886.0
2025-05-07 15:30:00+00:00,,,,,,,,,,,474.7900085449219,476.73760986328125,474.5726013183594,475.5150146484375,70012.0
2025-05-07 16:30:00+00:00,,,,,,,,,,,476.30999755859375,477.3900146484375,474.75,474.75,43269.0
2025-05-07 17:30:00+00:00,,,,,,,,,,,470.010009765625,476.32000732421875,470.0,476.32000732421875,128411.0
2025-05-07 18:30:00+00:00,,,,,,,,,,,471.2950134277344,474.00299072265625,469.260009765625,470.30999755859375,121610.0
2025-05-07 19:30:00+00:00,,,,,,,,,,,472.17999267578125,473.635009765625,469.6499938964844,471.2099914550781,185919.0
2025-05-08 13:30:00+00:00,,,,,,,,,,,481.760009765625,481.8599853515625,476.510009765625,477.9100036621094,141770.0
2025-05-08 14:30:00+00:00,,,,,,,,,,,486.32000732421875,486.54998779296875,478.9100036621094,481.760009765625,160922.0
2025-05-08 15:30:00+00:00,,,,,,,,,,,491.2300109863281,491.8999938964844,485.9700012207031,486.1499938964844,180873.0
2025-05-08 16:30:00+00:00,,,,,,,,,,,491.9949951171875,493.5799865722656,491.0199890136719,491.4700012207031,117374.0
2025-05-08 17:30:00+00:00,,,,,,,,,,,491.1531982421875,492.5,489.8900146484375,492.1099853515625,216181.0
2025-05-08 18:30:00+00:00,,,,,,,,,,,493.7300109863281,494.0199890136719,491.1300048828125,491.1499938964844,164362.0
2025-05-08 19:30:00+00:00,,,,,,,,,,,490.05999755859375,494.1889953613281,489.9700012207031,493.7650146484375,330156.0
2025-05-09 13:30:00+00:00,,,,,,,,,,,490.2650146484375,492.8999938964844,489.12188720703125,490.7200012207031,103204.0
2025-05-09 14:30:00+00:00,,,,,,,,,,,490.96246337890625,492.17999267578125,489.8999938964844,490.55999755859375,55969.0
2025-05-09 15:30:00+00:00,,,,,,,,,,,491.7300109863281,492.8900146484375,490.0061950683594,490.7049865722656,66870.0
2025-05-09 16:30:00+00:00,,,,,,,,,,,492.4599914550781,492.6549987792969,490.6000061035156,491.3599853515625,41945.0
2025-05-09 17:30:00+00:00,,,,,,,,,,,492.0,493.25,491.94000244140625,492.6050109863281,37257.0
2025-05-09 18:30:00+00:00,,,,,,,,,,,492.72198486328125,493.92999267578125,492.0,492.1099853515625,74877.0
2025-05-09 19:30:00+00:00,,,,,,,,,,,492.5899963378906,492.79998779296875,491.25,492.6700134277344,135444.0
2025-05-12 13:30:00+00:00,,,,,,,,,,,503.05999755859375,514.0,501.80999755859375,507.739990234375,295900.0
2025-05-12 14:30:00+00:00,,,,,,,,,,,496.6449890136719,504.2749938964844,495.4200134277344,503.42999267578125,179635.0
2025-05-12 15:30:00+00:00,,,,,,,,,,,497.25,497.69500732421875,495.0799865722656,497.0199890136719,174326.0
2025-05-12 16:30:00+00:00,,,,,,,,,,,498.625,499.3598937988281,497.0,497.2300109863281,199804.0
2025-05-12 17:30:00+00:00,,,,,,,,,,,497.5,499.17999267578125,496.6199951171875,498.67999267578125,145923.0
2025-05-12 18:30:00+00:00,,,,,,,,,,,496.17999267578125,497.8999938964844,496.17999267578125,497.5249938964844,115673.0
2025-05-12 19:30:00+00:00,,,,,,,,,,,495.5799865722656,496.44000244140625,493.9599914550781,496.2149963378906,258042.0
2025-05-13 13:30:00+00:00,,,,,,,,,,,497.989990234375,499.31500244140625,492.9700012207031,496.0199890136719,326754.0
2025-05-13 14:30:00+00:00,,,,,,,,,,,499.45001220703125,500.239990234375,496.239990234375,498.4700012207031,200552.0
2025-05-13 15:30:00+00:00,,,,,,,,,,,498.3450012207031,500.2900085449219,497.80999755859375,499.1300048828125,107842.0
2025-05-13 16:30:00+00:00,,,,,,,,,,,498.3900146484375,498.5,496.3240051269531,498.3399963378906,95602.0
2025-05-13 17:30:00+00:00,,,,,,,,,,,499.2300109863281,499.6400146484375,497.69000244140625,498.2850036621094,97089.0
2025-05-13 18:30:00+00:00,,,,,,,,,,,500.30999755859375,500.8599853515625,498.82000732421875,498.8999938964844,119220.0
2025-05-13 19:30:00+00:00,,,,,,,,,,,498.3800048828125,501.6549987792969,498.3299865722656,500.489990234375,267636.0
2025-05-14 13:30:00+00:00,,,,,,,,,,,498.4750061035156,501.0199890136719,496.3999938964844,498.7699890136719,271403.0
2025-05-14 14:30:00+00:00,,,,,,,,,,,498.7349853515625,499.0899963378906,496.4599914550781,498.2200012207031,99419.0
2025-05-14 15:30:00+00:00,,,,,,,,,,,499.05999755859375,499.32000732421875,497.6499938964844,498.5400085449219,114035.0
2025-05-14 16:30:00+00:00,,,,,,,,,,,496.760009765625,499.19000244140625,496.05999755859375,498.8299865722656,117943.0
2025-05-14 17:30:00+00:00,,,,,,,,,,,498.2300109863281,499.0,496.4100036621094,496.8599853515625,153732.0
2025-05-14 18:30:00+00:00,,,,,,,,,,,497.6700134277344,499.45001220703125,497.44000244140625,498.4100036621094,170112.0
2025-05-14 19:30:00+00:00,,,,,,,,,,,496.9200134277344,498.67999267578125,496.20001220703125,497.6199951171875,393489.0
2025-05-15 13:30:00+00:00,,,,,,,,,,,519.8150024414062,531.5399780273438,517.3499755859375,517.3499755859375,981362.0
2025-05-15 14:30:00+00:00,,,,,,,,,,,523.219970703125,523.5999755859375,517.510009765625,519.3099975585938,395887.0
2025-05-15 15:30:00+00:00,,,,,,,,,,,516.75,523.75,514.6199951171875,523.260009765625,314936.0
2025-05-15 16:30:00+00:00,,,,,,,,,,,509.0400085449219,517.8699951171875,509.0400085449219,516.8499755859375,290685.0
2025-05-15 17:30:00+00:00,,,,,,,,,,,513.0599975585938,514.5700073242188,508.20001220703125,509.3500061035156,213583.0
2025-05-15 18:30:00+00:00,,,,,,,,,,,518.8699951171875,518.8699951171875,513.5650024414062,513.5650024414062,333945.0
2025-05-15 19:30:00+00:00,,,,,,,,,,,515.97998046875,519.9500122070312,514.489990234375,518.6199951171875,405678.0
2025-05-16 13:30:00+00:00,,,,,,,,,,,529.0850219726562,531.0,515.7999877929688,515.7999877929688,565732.0
2025-05-16 14:30:00+00:00,,,,,,,,,,,525.8400268554688,530.22998046875,525.2100219726562,528.72998046875,229675.0
2025-05-16 15:30:00+00:00,,,,,,,,,,,531.14501953125,531.3200073242188,525.6699829101562,526.0999755859375,192329.0
2025-05-16 16:30:00+00:00,,,,,,,,,,,532.239990234375,533.2000122070312,530.4600219726562,531.14501953125,215686.0
2025-05-16 17:30:00+00:00,,,,,,,,,,,531.4299926757812,533.5650024414062,531.067626953125,532.5499877929688,210736.0
2025-05-16 18:30:00+00:00,,,,,,,,,,,531.1900024414062,533.780029296875,530.489990234375,531.2100219726562,198506.0
2025-05-16 19:30:00+00:00,,,,,,,,,,,531.5700073242188,531.9600219726562,529.469970703125,531.0900268554688,377376.0
2025-05-19 13:30:00+00:00,,,,,,,,,,,526.5599975585938,529.219970703125,521.5499877929688,526.010009765625,250647.0
2025-05-19 14:30:00+00:00,,,,,,,,,,,529.0800170898438,530.2249755859375,526.3200073242188,526.9749755859375,189461.0
2025-05-19 15:30:00+00:00,,,,,,,,,,,532.469970703125,532.469970703125,529.022705078125,529.1900024414062,123168.0
2025-05-19 16:30:00+00:00,,,,,,,,,,,531.3049926757812,532.4000244140625,530.5250244140625,532.22998046875,96504.0
2025-05-19 17:30:00+00:00,,,,,,,,,,,529.75,531.2999877929688,529.1130981445312,531.2999877929688,85215.0
2025-05-19 18:30:00+00:00,,,,,,,,,,,529.4500122070312,530.4099731445312,528.9650268554688,529.760009765625,110941.0
2025-05-19 19:30:00+00:00,,,,,,,,,,,529.97998046875,530.1649780273438,529.1400146484375,529.5399780273438,174802.0
2025-05-20 13:30:00+00:00,,,,,,,,,,,529.25,529.3300170898438,525.219970703125,527.6900024414062,167915.0
2025-05-20 14:30:00+00:00,,,,,,,,,,,526.6130981445312,529.7449951171875,525.9301147460938,529.010009765625,117913.0
2025-05-20 15:30:00+00:00,,,,,,,,,,,526.7799072265625,526.8300170898438,524.0999755859375,526.2000122070312,112980.0
2025-05-20 16:30:00+00:00,,,,,,,,,,,527.260009765625,527.5,526.4299926757812,526.9000244140625,57367.0
2025-05-20 17:30:00+00:00,,,,,,,,,,,525.8049926757812,527.7791748046875,525.4550170898438,527.260009765625,83861.0
2025-05-20 18:30:00+00:00,,,,,,,,,,,524.4650268554688,526.469970703125,523.8099975585938,525.739990234375,98045.0
2025-05-20 19:30:00+00:00,,,,,,,,,,,526.25,526.3499755859375,524.3499755859375,524.3499755859375,161503.0
2025-05-21 13:30:00+00:00,,,,,,,,,,,521.719970703125,523.0050048828125,519.3865966796875,519.5700073242188,121233.0
2025-05-21 14:30:00+00:00,,,,,,,,,,,519.2100219726562,520.9299926757812,519.030029296875,520.9299926757812,78021.0
2025-05-21 15:30:00+00:00,,,,,,,,,,,519.4099731445312,520.0,518.7213134765625,518.830078125,78252.0
2025-05-21 16:30:00+00:00,,,,,,,,,,,514.4199829101562,519.9299926757812,514.4199829101562,519.5800170898438,99872.0
2025-05-21 17:30:00+00:00,,,,,,,,,,,516.3699951171875,517.0399780273438,514.0850219726562,514.1199951171875,74722.0
2025-05-21 18:30:00+00:00,,,,,,,,,,,515.4099731445312,517.2000122070312,514.8699951171875,516.1599731445312,112106.0
2025-05-21 19:30:00+00:00,,,,,,,,,,,514.6599731445312,516.760009765625,514.5900268554688,515.5499877929688,182906.0
2025-05-22 13:30:00+00:00,,,,,,,,,,,513.094970703125,515.260009765625,511.3500061035156,512.8200073242188,201935.0
2025-05-22 14:30:00+00:00,,,,,,,,,,,514.9500122070312,515.3699951171875,512.4299926757812,513.4199829101562,65786.0
2025-05-22 15:30:00+00:00,,,,,,,,,,,515.8350219726562,517.1900024414062,514.760009765625,514.760009765625,63101.0
2025-05-22 16:30:00+00:00,,,,,,,,,,,518.0700073242188,518.2899780273438,515.1900024414062,515.989990234375,47306.0
2025-05-22 17:30:00+00:00,,,,,,,,,,,518.47998046875,519.1599731445312,517.2150268554688,517.969970703125,69954.0
2025-05-22 18:30:00+00:00,,,,,,,,,,,518.7100219726562,518.8300170898438,517.7899780273438,518.3699951171875,85057.0
2025-05-22 19:30:00+00:00,,,,,,,,,,,515.3800048828125,518.9500122070312,515.0,518.6400146484375,181470.0
2025-05-23 13:30:00+00:00,,,,,,,,,,,512.5800170898438,516.77001953125,510.5199890136719,510.95001220703125,163004.0
2025-05-23 14:30:00+00:00,,,,,,,,,,,511.6000061035156,513.77001953125,510.0010070800781,512.6400146484375,102377.0
2025-05-23 15:30:00+00:00,,,,,,,,,,,510.8800048828125,512.77001953125,510.0,511.6000061035156,80181.0
2025-05-23 16:30:00+00:00,,,,,,,,,,,511.864990234375,512.1599731445312,509.67999267578125,510.510009765625,50315.0
2025-05-23 17:30:00+00:00,,,,,,,,,,,510.9950866699219,512.0399780273438,510.6000061035156,512.0399780273438,45324.0
2025-05-23 18:30:00+00:00,,,,,,,,,,,510.2950134277344,511.739990234375,510.1600036621094,511.1700134277344,61458.0
2025-05-23 19:30:00+00:00,,,,,,,,,,,510.05999755859375,510.6099853515625,508.6925048828125,510.2850036621094,152608.0
2025-05-27 13:30:00+00:00,,,,,,,,,,,511.56500244140625,514.9412231445312,508.375,512.7899780273438,176423.0
2025-05-27 14:30:00+00:00,,,,,,,,,,,507.7449951171875,512.4829711914062,505.79998779296875,511.55999755859375,178364.0
2025-05-27 15:30:00+00:00,,,,,,,,,,,509.04998779296875,509.7950134277344,507.3599853515625,507.7449951171875,107323.0
2025-05-27 16:30:00+00:00,,,,,,,,,,,509.1650085449219,509.95001220703125,508.32501220703125,508.9700012207031,78172.0
2025-05-27 17:30:00+00:00,,,,,,,,,,,510.7650146484375,510.9700012207031,509.010009765625,509.010009765625,66079.0
2025-05-27 18:30:00+00:00,,,,,,,,,,,509.43499755859375,511.239990234375,509.30999755859375,510.7650146484375,81460.0
2025-05-27 19:30:00+00:00,,,,,,,,,,,509.57000732421875,509.8900146484375,508.30999755859375,509.5199890136719,211795.0
2025-05-28 13:30:00+00:00,,,,,,,,,,,509.20001220703125,511.7200012207031,508.2900085449219,510.3699951171875,121258.0
2025-05-28 14:30:00+00:00,,,,,,,,,,,506.3999938964844,509.2699890136719,505.8450012207031,508.8299865722656,93972.0
2025-05-28 15:30:00+00:00,,,,,,,,,,,507.8500061035156,508.3900146484375,506.1099853515625,506.260009765625,56591.0
2025-05-28 16:30:00+00:00,,,,,,,,,,,508.55999755859375,509.239990234375,507.510009765625,507.82000732421875,49784.0
2025-05-28 17:30:00+00:00,,,,,,,,,,,509.1400146484375,509.4599914550781,508.1195068359375,508.5050048828125,39993.0
2025-05-28 18:30:00+00:00,,,,,,,,,,,509.1549987792969,510.2200012207031,507.42999267578125,509.375,90670.0
2025-05-28 19:30:00+00:00,,,,,,,,,,,507.94000244140625,509.25,507.4599914550781,509.1549987792969,139833.0
2025-05-29 13:30:00+00:00,,,,,,,,,,,507.94000244140625,510.5,506.7200927734375,510.5,98655.0
2025-05-29 14:30:00+00:00,,,,,,,,,,,507.2749938964844,508.2049865722656,505.8900146484375,507.9599914550781,80413.0
2025-05-29 15:30:00+00:00,,,,,,,,,,,504.4949951171875,507.4200134277344,502.7950134277344,507.4200134277344,90704.0
2025-05-29 16:30:00+00:00,,,,,,,,,,,504.82000732421875,505.489990234375,504.20001220703125,504.3450012207031,64435.0
2025-05-29 17:30:00+00:00,,,,,,,,,,,504.0,505.7900085449219,503.6400146484375,504.3800964355469,65038.0
2025-05-29 18:30:00+00:00,,,,,,,,,,,503.2229919433594,505.9100036621094,503.0199890136719,504.3800048828125,103164.0
2025-05-29 19:30:00+00:00,,,,,,,,,,,503.1700134277344,503.760009765625,502.0799865722656,503.2200012207031,284086.0
2025-05-30 13:30:00+00:00,,,,,,,,,,,507.0299987792969,513.8499755859375,503.1099853515625,505.17999267578125,293267.0
2025-05-30 14:30:00+00:00,,,,,,,,,,,506.6499938964844,508.0267028808594,505.8599853515625,507.20001220703125,95485.0
2025-05-30 15:30:00+00:00,,,,,,,,,,,505.17999267578125,508.1199951171875,505.1600036621094,506.7099914550781,85179.0
2025-05-30 16:30:00+00:00,,,,,,,,,,,508.3699951171875,508.3819885253906,504.68011474609375,505.3699951171875,82697.0
2025-05-30 17:30:00+00:00,,,,,,,,,,,510.05999755859375,510.489990234375,507.2699890136719,508.2950134277344,109408.0
2025-05-30 18:30:00+00:00,,,,,,,,,,,508.45001220703125,510.07989501953125,507.55999755859375,510.0050048828125,127427.0
2025-05-30 19:30:00+00:00,,,,,,,,,,,506.4800109863281,508.57000732421875,505.5299987792969,508.45001220703125,251050.0
2025-06-02 13:30:00+00:00,,,,,,,,,,,505.07000732421875,507.1300048828125,501.0199890136719,506.1600036621094,186089.0
2025-06-02 14:30:00+00:00,,,,,,,,,,,503.79998779296875,506.5,503.739990234375,505.260009765625,85883.0
2025-06-02 15:30:00+00:00,,,,,,,,,,,504.57000732421875,505.0899963378906,503.125,503.6099853515625,86299.0
2025-06-02 16:30:00+00:00,,,,,,,,,,,505.0799865722656,506.0400085449219,504.67999267578125,504.80999755859375,83872.0
2025-06-02 17:30:00+00:00,,,,,,,,,,,506.8699951171875,507.3699951171875,505.04998779296875,505.2699890136719,82389.0
2025-06-02 18:30:00+00:00,,,,,,,,,,,508.9750061035156,509.2774963378906,507.0899963378906,507.1199951171875,116027.0
2025-06-02 19:30:00+00:00,,,,,,,,,,,508.05999755859375,508.9750061035156,507.510009765625,508.9750061035156,199741.0
2025-06-03 13:30:00+00:00,,,,,,,,,,,512.2000122070312,512.2000122070312,506.0199890136719,506.6000061035156,167054.0
2025-06-03 14:30:00+00:00,,,,,,,,,,,512.4149780273438,512.9500122070312,510.19500732421875,512.0399780273438,113391.0
2025-06-03 15:30:00+00:00,,,,,,,,,,,512.77001953125,513.2999877929688,511.2650146484375,512.4299926757812,81014.0
2025-06-03 16:30:00+00:00,,,,,,,,,,,513.5800170898438,513.5999755859375,512.5,512.97998046875,77577.0
2025-06-03 17:30:00+00:00,,,,,,,,,,,514.0,514.0700073242188,512.6699829101562,513.7000122070312,102524.0
2025-06-03 18:30:00+00:00,,,,,,,,,,,513.3599853515625,514.6749877929688,513.0999755859375,514.0700073242188,156060.0
2025-06-03 19:30:00+00:00,,,,,,,,,,,513.1400146484375,514.1300048828125,512.5150146484375,513.2899780273438,206878.0
2025-06-04 13:30:00+00:00,,,,,,,,,,,515.885009765625,516.72998046875,512.6550903320312,514.4400024414062,180734.0
2025-06-04 14:30:00+00:00,,,,,,,,,,,512.3200073242188,516.0,511.5,515.8200073242188,168733.0
2025-06-04 15:30:00+00:00,,,,,,,,,,,509.8450012207031,512.239990234375,509.70001220703125,511.79998779296875,48771.0
2025-06-04 16:30:00+00:00,,,,,,,,,,,511.11749267578125,511.19000244140625,509.7799987792969,509.8500061035156,54853.0
2025-06-04 17:30:00+00:00,,,,,,,,,,,508.94000244140625,511.4599914550781,508.94000244140625,511.2200012207031,63274.0
2025-06-04 18:30:00+00:00,,,,,,,,,,,509.1199951171875,509.19000244140625,507.45001220703125,508.94000244140625,145087.0
2025-06-04 19:30:00+00:00,,,,,,,,,,,507.7799987792969,509.9200134277344,507.7799987792969,509.1700134277344,203086.0
2025-06-05 13:30:00+00:00,,,,,,,,,,,510.0899963378906,513.8599853515625,507.04998779296875,510.1000061035156,181467.0
2025-06-05 14:30:00+00:00,,,,,,,,,,,510.8500061035156,511.19989013671875,507.7650146484375,509.7550048828125,130218.0
2025-06-05 15:30:00+00:00,,,,,,,,,,,513.719970703125,514.0,510.1700134277344,510.4800109863281,116820.0
2025-06-05 16:30:00+00:00,,,,,,,,,,,514.3599853515625,514.6099853515625,511.7099914550781,513.72998046875,83628.0
2025-06-05 17:30:00+00:00,,,,,,,,,,,512.6849975585938,514.9035034179688,511.6499938964844,514.4299926757812,94001.0
2025-06-05 18:30:00+00:00,,,,,,,,,,,511.07000732421875,513.7150268554688,510.6400146484375,512.72998046875,168497.0
2025-06-05 19:30:00+00:00,,,,,,,,,,,511.07000732421875,512.27001953125,510.2049865722656,511.11749267578125,194577.0
2025-06-06 13:30:00+00:00,,,,,,,,,,,523.1950073242188,526.0,518.613525390625,520.89990234375,237258.0
2025-06-06 14:30:00+00:00,,,,,,,,,,,520.2000122070312,524.2849731445312,519.47998046875,523.1799926757812,134484.0
2025-06-06 15:30:00+00:00,,,,,,,,,,,522.02001953125,522.5299072265625,519.6699829101562,520.1849975585938,131762.0
2025-06-06 16:30:00+00:00,,,,,,,,,,,522.7899780273438,524.4998779296875,521.5836791992188,521.8900146484375,300318.0
2025-06-06 17:30:00+00:00,,,,,,,,,,,522.3200073242188,523.5455932617188,522.1599731445312,522.8099975585938,112290.0
2025-06-06 18:30:00+00:00,,,,,,,,,,,521.1599731445312,523.3099975585938,520.8800048828125,522.1199951171875,138395.0
2025-06-06 19:30:00+00:00,,,,,,,,,,,520.0,521.5050048828125,518.6699829101562,521.27001953125,251202.0
2025-06-09 13:30:00+00:00,,,,,,,,,,,519.6599731445312,523.0050048828125,518.6599731445312,520.0,179437.0
2025-06-09 14:30:00+00:00,,,,,,,,,,,520.5499877929688,520.6599731445312,517.5999755859375,519.5,132261.0
2025-06-09 15:30:00+00:00,,,,,,,,,,,523.9400024414062,523.9500122070312,520.6649780273438,520.6649780273438,109231.0
2025-06-09 16:30:00+00:00,,,,,,,,,,,524.8499755859375,525.4600219726562,523.030029296875,523.8900146484375,72998.0
2025-06-09 17:30:00+00:00,,,,,,,,,,,525.4000244140625,525.5650024414062,524.5753173828125,524.8099975585938,104029.0
2025-06-09 18:30:00+00:00,,,,,,,,,,,523.7899780273438,525.6004028320312,523.6500244140625,525.4000244140625,120598.0
2025-06-09 19:30:00+00:00,,,,,,,,,,,521.6900024414062,523.9276123046875,521.3400268554688,523.8049926757812,206050.0
2025-06-10 13:30:00+00:00,,,,,,,,,,,515.9644165039062,520.60498046875,508.9599914550781,519.9299926757812,257883.0
2025-06-10 14:30:00+00:00,,,,,,,,,,,515.3150024414062,516.155029296875,513.4400024414062,516.0,94046.0
2025-06-10 15:30:00+00:00,,,,,,,,,,,514.14501953125,515.7999877929688,513.75,515.0599975585938,71436.0
2025-06-10 16:30:00+00:00,,,,,,,,,,,515.1649780273438,516.6599731445312,513.8400268554688,514.14501953125,123190.0
2025-06-10 17:30:00+00:00,,,,,,,,,,,514.1849975585938,515.6699829101562,512.719970703125,515.280029296875,95272.0
2025-06-10 18:30:00+00:00,,,,,,,,,,,514.969970703125,515.760009765625,514.030029296875,514.510009765625,147306.0
2025-06-10 19:30:00+00:00,,,,,,,,,,,515.9299926757812,516.6099853515625,513.2999877929688,514.969970703125,312109.0
2025-06-11 13:30:00+00:00,,,,,,,,,,,516.9000244140625,518.4299926757812,512.6300048828125,518.2100219726562,143810.0
2025-06-11 14:30:00+00:00,,,,,,,,,,,518.760009765625,519.3499755859375,515.1699829101562,516.89501953125,133242.0
2025-06-11 15:30:00+00:00,,,,,,,,,,,518.52001953125,518.8400268554688,517.3250122070312,518.4149780273438,64152.0
2025-06-11 16:30:00+00:00,,,,,,,,,,,520.0850219726562,520.239990234375,517.97998046875,518.7000122070312,72264.0
2025-06-11 17:30:00+00:00,,,,,,,,,,,519.9650268554688,521.297119140625,518.0750122070312,520.27001953125,109941.0
2025-06-11 18:30:00+00:00,,,,,,,,,,,520.760009765625,521.39501953125,519.260009765625,519.719970703125,103945.0
2025-06-11 19:30:00+00:00,,,,,,,,,,,521.02001953125,521.6099853515625,520.1500244140625,520.9099731445312,193731.0
2025-06-12 13:30:00+00:00,,,,,,,,,,,518.6599731445312,518.8161010742188,515.0,518.5,134254.0
2025-06-12 14:30:00+00:00,,,,,,,,,,,518.3800048828125,520.1099853515625,517.22998046875,518.7000122070312,74320.0
2025-06-12 15:30:00+00:00,,,,,,,,,,,516.6414794921875,518.7050170898438,516.6414794921875,518.7050170898438,45210.0
2025-06-12 16:30:00+00:00,,,,,,,,,,,518.719970703125,519.469970703125,517.0800170898438,517.4149780273438,67122.0
2025-06-12 17:30:00+00:00,,,,,,,,,,,517.114990234375,519.3699951171875,517.114990234375,518.5399780273438,52887.0
2025-06-12 18:30:00+00:00,,,,,,,,,,,515.7849731445312,517.6799926757812,515.7249755859375,516.8699951171875,88422.0
2025-06-12 19:30:00+00:00,,,,,,,,,,,517.0700073242188,517.3300170898438,515.5,515.625,165496.0
2025-06-13 13:30:00+00:00,,,,,,,,,,,512.14501953125,515.0269165039062,510.989990234375,513.0,100915.0
2025-06-13 14:30:00+00:00,,,,,,,,,,,515.094970703125,515.8699951171875,511.1199951171875,512.125,56255.0
2025-06-13 15:30:00+00:00,,,,,,,,,,,515.342529296875,516.4000244140625,514.6699829101562,515.510009765625,48823.0
2025-06-13 16:30:00+00:00,,,,,,,,,,,513.97998046875,516.0349731445312,513.97998046875,515.4349975585938,41350.0
2025-06-13 17:30:00+00:00,,,,,,,,,,,512.1755981445312,514.6500244140625,511.7200012207031,513.6699829101562,42142.0
2025-06-13 18:30:00+00:00,,,,,,,,,,,508.3450012207031,512.02001953125,508.0400085449219,511.9649963378906,157924.0
2025-06-13 19:30:00+00:00,,,,,,,,,,,509.5799865722656,509.7099914550781,507.7300109863281,508.31500244140625,200059.0
2025-06-16 13:30:00+00:00,,,,,,,,,,,517.10498046875,517.8051147460938,512.8510131835938,515.280029296875,175942.0
2025-06-16 14:30:00+00:00,,,,,,,,,,,522.5599975585938,522.969970703125,517.0850219726562,517.0850219726562,144195.0
2025-06-16 15:30:00+00:00,,,,,,,,,,,524.9620971679688,526.22998046875,522.0,522.4949951171875,163632.0
2025-06-16 16:30:00+00:00,,,,,,,,,,,525.4265747070312,525.7000122070312,522.9299926757812,525.510009765625,109846.0
2025-06-16 17:30:00+00:00,,,,,,,,,,,526.135009765625,526.4400024414062,524.75,525.77001953125,110241.0
2025-06-16 18:30:00+00:00,,,,,,,,,,,524.2150268554688,526.25,524.2150268554688,526.030029296875,151478.0
2025-06-16 19:30:00+00:00,,,,,,,,,,,524.4400024414062,525.3200073242188,523.8499755859375,524.0750122070312,184633.0
2025-06-17 13:30:00+00:00,,,,,,,,,,,523.35498046875,524.989990234375,520.0499877929688,521.0399780273438,130826.0
2025-06-17 14:30:00+00:00,,,,,,,,,,,522.3350219726562,523.375,519.9000244140625,523.35498046875,75531.0
2025-06-17 15:30:00+00:00,,,,,,,,,,,524.3400268554688,524.72998046875,521.9650268554688,522.5776977539062,73236.0
2025-06-17 16:30:00+00:00,,,,,,,,,,,522.6199951171875,524.5700073242188,522.4600219726562,523.9000244140625,71338.0
2025-06-17 17:30:00+00:00,,,,,,,,,,,521.5650024414062,523.3300170898438,521.2055053710938,522.3099975585938,65961.0
2025-06-17 18:30:00+00:00,,,,,,,,,,,522.7750244140625,522.969970703125,521.3499755859375,521.64501953125,127637.0
2025-06-17 19:30:00+00:00,,,,,,,,,,,522.9400024414062,523.27001953125,522.02001953125,522.8800048828125,156392.0
2025-06-18 13:30:00+00:00,,,,,,,,,,,529.5050048828125,530.419921875,521.3400268554688,522.0,185543.0
2025-06-18 14:30:00+00:00,,,,,,,,,,,530.2100219726562,531.2000122070312,528.4199829101562,529.5050048828125,121290.0
2025-06-18 15:30:00+00:00,,,,,,,,,,,529.5,530.44091796875,528.9749755859375,530.2125244140625,72064.0
2025-06-18 16:30:00+00:00,,,,,,,,,,,529.3489990234375,529.6099853515625,528.875,529.52001953125,48578.0
2025-06-18 17:30:00+00:00,,,,,,,,,,,529.3250122070312,531.0399780273438,528.5900268554688,529.4949951171875,55115.0
2025-06-18 18:30:00+00:00,,,,,,,,,,,526.6799926757812,530.8599853515625,526.6799926757812,529.280029296875,133323.0
2025-06-18 19:30:00+00:00,,,,,,,,,,,525.0800170898438,527.72998046875,524.8400268554688,526.3800048828125,140304.0
2025-06-20 13:30:00+00:00,,,,,,,,,,,527.7750244140625,530.0,524.5399780273438,528.4500122070312,403348.0
2025-06-20 14:30:00+00:00,,,,,,,,,,,526.1799926757812,527.1599731445312,523.4700927734375,527.1599731445312,67678.0
2025-06-20 15:30:00+00:00,,,,,,,,,,,524.3250122070312,526.7625732421875,523.7899780273438,526.3499755859375,88282.0
2025-06-20 16:30:00+00:00,,,,,,,,,,,520.385009765625,524.6300048828125,520.3099975585938,524.5,47412.0
2025-06-20 17:30:00+00:00,,,,,,,,,,,520.2899780273438,520.8099975585938,519.110107421875,520.344970703125,53067.0
2025-06-20 18:30:00+00:00,,,,,,,,,,,519.6900024414062,520.7999877929688,519.2150268554688,520.4400024414062,72258.0
2025-06-20 19:30:00+00:00,,,,,,,,,,,521.219970703125,522.1199951171875,519.5380249023438,519.5380249023438,206551.0
2025-06-23 13:30:00+00:00,,,,,,,,,,,519.510009765625,522.919921875,517.3400268554688,518.4600219726562,127841.0
2025-06-23 14:30:00+00:00,,,,,,,,,,,515.0399780273438,520.2100219726562,515.0,519.130126953125,91523.0
2025-06-23 15:30:00+00:00,,,,,,,,,,,506.3399963378906,515.47998046875,505.94000244140625,514.989990234375,190326.0
2025-06-23 16:30:00+00:00,,,,,,,,,,,509.45001220703125,509.45001220703125,505.6600036621094,506.7449951171875,111150.0
2025-06-23 17:30:00+00:00,,,,,,,,,,,510.8900146484375,511.6000061035156,509.4549865722656,509.54998779296875,123852.0
2025-06-23 18:30:00+00:00,,,,,,,,,,,512.260009765625,512.9500122070312,510.25,510.8500061035156,171649.0
2025-06-23 19:30:00+00:00,,,,,,,,,,,513.969970703125,514.7899780273438,512.1900024414062,512.2100219726562,232264.0
2025-06-24 13:30:00+00:00,,,,,,,,,,,511.2799987792969,518.5999755859375,507.8800048828125,518.5999755859375,327922.0
2025-06-24 14:30:00+00:00,,,,,,,,,,,511.6650085449219,512.5499877929688,510.7900085449219,511.8500061035156,146549.0
2025-06-24 15:30:00+00:00,,,,,,,,,,,515.8056030273438,516.989990234375,511.6650085449219,511.6650085449219,69765.0
2025-06-24 16:30:00+00:00,,,,,,,,,,,513.780029296875,515.9949951171875,513.739990234375,515.8295288085938,67113.0
2025-06-24 17:30:00+00:00,,,,,,,,,,,514.1699829101562,514.5,512.6004028320312,513.969970703125,77624.0
2025-06-24 18:30:00+00:00,,,,,,,,,,,513.0700073242188,514.6900024414062,513.0700073242188,514.4500122070312,145847.0
2025-06-24 19:30:00+00:00,,,,,,,,,,,514.0800170898438,514.3200073242188,512.64501953125,512.8800048828125,206214.0
2025-06-25 13:30:00+00:00,,,,,,,,,,,505.6000061035156,514.0,505.5,513.1099853515625,411854.0
2025-06-25 14:30:00+00:00,,,,,,,,,,,505.67498779296875,508.6300048828125,504.8828125,505.6600036621094,91827.0
2025-06-25 15:30:00+00:00,,,,,,,,,,,504.3699951171875,505.8299865722656,503.25,505.1000061035156,86117.0
2025-06-25 16:30:00+00:00,,,,,,,,,,,503.8500061035156,504.69500732421875,503.6499938964844,504.44000244140625,63035.0
2025-06-25 17:30:00+00:00,,,,,,,,,,,506.8399963378906,507.3900146484375,502.92999267578125,504.0150146484375,89203.0
2025-06-25 18:30:00+00:00,,,,,,,,,,,508.1940002441406,508.4241027832031,506.7200012207031,506.7200012207031,97307.0
2025-06-25 19:30:00+00:00,,,,,,,,,,,506.7099914550781,508.114990234375,506.2099914550781,508.114990234375,120174.0
2025-06-26 13:30:00+00:00,,,,,,,,,,,505.45001220703125,509.20001220703125,503.3500061035156,509.20001220703125,228166.0
2025-06-26 14:30:00+00:00,,,,,,,,,,,505.8299865722656,507.3746032714844,505.260009765625,505.4800109863281,171300.0
2025-06-26 15:30:00+00:00,,,,,,,,,,,507.2250061035156,507.4800109863281,505.4700012207031,505.8299865722656,100879.0
2025-06-26 16:30:00+00:00,,,,,,,,,,,506.875,507.5799865722656,506.1600036621094,507.3900146484375,105290.0
2025-06-26 17:30:00+00:00,,,,,,,,,,,507.0,507.9049987792969,506.8500061035156,506.8949890136719,78814.0
2025-06-26 18:30:00+00:00,,,,,,,,,,,509.04119873046875,509.42999267578125,506.92999267578125,507.1050109863281,144215.0
2025-06-26 19:30:00+00:00,,,,,,,,,,,508.70001220703125,509.239990234375,507.9200134277344,509.0400085449219,185107.0
2025-06-27 13:30:00+00:00,,,,,,,,,,,512.010009765625,512.5999755859375,507.0899963378906,508.54998779296875,161077.0
2025-06-27 14:30:00+00:00,,,,,,,,,,,513.9349975585938,514.3699951171875,511.6099853515625,512.0150146484375,112046.0
2025-06-27 15:30:00+00:00,,,,,,,,,,,511.7049865722656,514.22998046875,511.7049865722656,513.8099975585938,109513.0
2025-06-27 16:30:00+00:00,,,,,,,,,,,511.18499755859375,512.2000122070312,510.3290100097656,511.739990234375,49385.0
2025-06-27 17:30:00+00:00,,,,,,,,,,,509.4800109863281,511.5299987792969,509.1600036621094,511.44500732421875,106176.0
2025-06-27 18:30:00+00:00,,,,,,,,,,,510.0799865722656,510.2799987792969,507.5199890136719,509.30999755859375,134952.0
2025-06-27 19:30:00+00:00,,,,,,,,,,,512.9199829101562,513.5800170898438,509.8699951171875,510.0799865722656,368254.0
2025-06-30 13:30:00+00:00,,,,,,,,,,,508.5,512.3699951171875,506.3699951171875,512.0,162908.0
2025-06-30 14:30:00+00:00,,,,,,,,,,,509.72601318359375,509.72601318359375,508.0350036621094,508.5,112960.0
2025-06-30 15:30:00+00:00,,,,,,,,,,,506.80999755859375,509.8800048828125,506.7799987792969,509.6600036621094,77821.0
2025-06-30 16:30:00+00:00,,,,,,,,,,,506.8900146484375,507.20849609375,505.69000244140625,506.7699890136719,106777.0
2025-06-30 17:30:00+00:00,,,,,,,,,,,506.44000244140625,507.0,504.4599914550781,506.95001220703125,116236.0
2025-06-30 18:30:00+00:00,,,,,,,,,,,508.19000244140625,508.4800109863281,505.6300048828125,506.44000244140625,120388.0
2025-06-30 19:30:00+00:00,,,,,,,,,,,508.3699951171875,508.7099914550781,507.0199890136719,507.9849853515625,306711.0
2025-07-01 13:30:00+00:00,,,,,,,,,,,504.8599853515625,506.010009765625,494.92999267578125,504.67999267578125,316371.0
2025-07-01 14:30:00+00:00,,,,,,,,,,,512.4349975585938,513.0900268554688,503.29998779296875,504.8599853515625,190556.0
2025-07-01 15:30:00+00:00,,,,,,,,,,,514.594970703125,514.8154907226562,512.090087890625,512.6500244140625,116018.0
2025-07-01 16:30:00+00:00,,,,,,,,,,,510.6199951171875,514.5750122070312,508.67999267578125,514.3900146484375,86227.0
2025-07-01 17:30:00+00:00,,,,,,,,,,,511.1050109863281,511.1050109863281,509.760009765625,510.625,59913.0
2025-07-01 18:30:00+00:00,,,,,,,,,,,511.8299865722656,513.3099975585938,510.989990234375,511.010009765625,104342.0
2025-07-01 19:30:00+00:00,,,,,,,,,,,508.5299987792969,512.0,507.9599914550781,511.8500061035156,248502.0
2025-07-02 13:30:00+00:00,,,,,,,,,,,510.0400085449219,513.739990234375,507.3900146484375,508.8800048828125,148037.0
2025-07-02 14:30:00+00:00,,,,,,,,,,,514.0999755859375,514.3699951171875,509.7799987792969,509.7799987792969,116031.0
2025-07-02 15:30:00+00:00,,,,,,,,,,,513.7000122070312,516.905029296875,513.3800048828125,514.0,126674.0
2025-07-02 16:30:00+00:00,,,,,,,,,,,514.989990234375,515.0549926757812,513.02001953125,513.6300048828125,56782.0
2025-07-02 17:30:00+00:00,,,,,,,,,,,516.6699829101562,516.6699829101562,514.839599609375,514.989990234375,77310.0
2025-07-02 18:30:00+00:00,,,,,,,,,,,516.8300170898438,517.9199829101562,516.489990234375,516.8099975585938,123536.0
2025-07-02 19:30:00+00:00,,,,,,,,,,,520.4149780273438,520.5800170898438,517.0999755859375,517.1799926757812,259315.0
2025-07-03 13:30:00+00:00,,,,,,,,,,,520.5800170898438,523.5800170898438,519.4349975585938,520.0,118578.0
2025-07-03 14:30:00+00:00,,,,,,,,,,,521.260009765625,522.3200073242188,519.9749755859375,520.5900268554688,84577.0
2025-07-03 15:30:00+00:00,,,,,,,,,,,521.7800903320312,522.72998046875,521.29052734375,521.29052734375,89440.0
2025-07-07 13:30:00+00:00,,,,,,,,,,,514.4500122070312,519.4600219726562,512.751708984375,519.0,164850.0
2025-07-07 14:30:00+00:00,,,,,,,,,,,511.5199890136719,515.260009765625,511.5199890136719,514.5650024414062,79282.0
2025-07-07 15:30:00+00:00,,,,,,,,,,,510.739990234375,512.9600219726562,509.2099914550781,511.6000061035156,85858.0
2025-07-07 16:30:00+00:00,,,,,,,,,,,509.55999755859375,511.0199890136719,508.3299865722656,510.760009765625,65536.0
2025-07-07 17:30:00+00:00,,,,,,,,,,,507.614990234375,509.989990234375,506.9599914550781,509.54998779296875,95891.0
2025-07-07 18:30:00+00:00,,,,,,,,,,,507.8550109863281,509.0199890136719,507.20001220703125,507.614990234375,92711.0
2025-07-07 19:30:00+00:00,,,,,,,,,,,510.2799987792969,510.4599914550781,508.0199890136719,508.0799865722656,168946.0
2025-07-08 13:30:00+00:00,,,,,,,,,,,510.3550109863281,512.9500122070312,507.3399963378906,507.3699951171875,149855.0
2025-07-08 14:30:00+00:00,,,,,,,,,,,513.0549926757812,514.72998046875,509.6099853515625,510.4200134277344,129478.0
2025-07-08 15:30:00+00:00,,,,,,,,,,,512.530029296875,514.2100219726562,511.2349853515625,513.0800170898438,144515.0
2025-07-08 16:30:00+00:00,,,,,,,,,,,511.8500061035156,512.969970703125,511.3500061035156,512.5900268554688,57996.0
2025-07-08 17:30:00+00:00,,,,,,,,,,,510.8299865722656,512.0800170898438,510.6499938964844,511.8500061035156,56929.0
2025-07-08 18:30:00+00:00,,,,,,,,,,,510.79998779296875,511.9599914550781,509.6700134277344,510.80010986328125,111986.0
2025-07-08 19:30:00+00:00,,,,,,,,,,,508.95001220703125,510.7749938964844,508.67999267578125,510.6400146484375,265565.0
2025-07-09 13:30:00+00:00,,,,,,,,,,,503.80999755859375,512.0650024414062,502.67999267578125,510.9800109863281,185722.0
2025-07-09 14:30:00+00:00,,,,,,,,,,,501.9049987792969,503.80999755859375,499.510009765625,503.80999755859375,132444.0
2025-07-09 15:30:00+00:00,,,,,,,,,,,505.57501220703125,506.0,501.8699951171875,502.0950012207031,114383.0
2025-07-09 16:30:00+00:00,,,,,,,,,,,507.1099853515625,508.3999938964844,504.3500061035156,505.7449951171875,127314.0
2025-07-09 17:30:00+00:00,,,,,,,,,,,508.3550109863281,509.0,507.18499755859375,507.4100036621094,68150.0
2025-07-09 18:30:00+00:00,,,,,,,,,,,509.19000244140625,509.5065002441406,508.2049865722656,508.3349914550781,107044.0
2025-07-09 19:30:00+00:00,,,,,,,,,,,509.3299865722656,510.989990234375,509.20001220703125,509.45001220703125,189371.0
2025-07-10 13:30:00+00:00,,,,,,,,,,,519.6699829101562,520.72021484375,510.5,511.7099914550781,165351.0
2025-07-10 14:30:00+00:00,,,,,,,,,,,527.1290283203125,528.97998046875,519.6699829101562,519.6699829101562,249830.0
2025-07-10 15:30:00+00:00,,,,,,,,,,,525.9299926757812,527.7000122070312,524.3499755859375,527.2249755859375,138319.0
2025-07-10 16:30:00+00:00,,,,,,,,,,,527.0800170898438,528.27001953125,525.5499877929688,525.6900024414062,110286.0
2025-07-10 17:30:00+00:00,,,,,,,,,,,523.8150024414062,527.8400268554688,523.7100219726562,527.0800170898438,141531.0
2025-07-10 18:30:00+00:00,,,,,,,,,,,520.5999755859375,523.969970703125,520.5999755859375,523.9400024414062,143831.0
2025-07-10 19:30:00+00:00,,,,,,,,,,,519.22998046875,521.4000244140625,518.02001953125,520.6599731445312,184092.0
2025-07-11 13:30:00+00:00,,,,,,,,,,,515.0800170898438,515.625,509.6600036621094,514.2000122070312,158732.0
2025-07-11 14:30:00+00:00,,,,,,,,,,,515.0,515.8800048828125,513.6300048828125,515.25,133907.0
2025-07-11 15:30:00+00:00,,,,,,,,,,,513.5900268554688,515.3400268554688,513.27001953125,514.6699829101562,103864.0
2025-07-11 16:30:00+00:00,,,,,,,,,,,512.52001953125,514.1099853515625,511.3529052734375,513.3699951171875,82050.0
2025-07-11 17:30:00+00:00,,,,,,,,,,,511.510009765625,513.0999755859375,510.9100036621094,512.6099853515625,84264.0
2025-07-11 18:30:00+00:00,,,,,,,,,,,513.5599975585938,513.594970703125,511.6099853515625,511.6099853515625,88539.0
2025-07-11 19:30:00+00:00,,,,,,,,,,,512.1599731445312,513.875,511.760009765625,513.7999877929688,142862.0
2025-07-14 13:30:00+00:00,,,,,,,,,,,509.760009765625,512.7785034179688,509.5450134277344,512.5,126552.0
2025-07-14 14:30:00+00:00,,,,,,,,,,,504.2200012207031,510.20001220703125,502.8599853515625,509.6300048828125,142904.0
2025-07-14 15:30:00+00:00,,,,,,,,,,,504.010009765625,504.8399963378906,502.1300048828125,504.44000244140625,112516.0
2025-07-14 16:30:00+00:00,,,,,,,,,,,505.260009765625,505.44000244140625,503.1239929199219,504.2300109863281,86555.0
2025-07-14 17:30:00+00:00,,,,,,,,,,,506.1600036621094,506.25,504.9200134277344,505.3900146484375,93268.0
2025-07-14 18:30:00+00:00,,,,,,,,,,,505.5150146484375,506.8900146484375,504.92999267578125,506.18499755859375,138072.0
2025-07-14 19:30:00+00:00,,,,,,,,,,,507.6099853515625,507.7099914550781,505.1199951171875,505.6300048828125,261842.0
2025-07-15 13:30:00+00:00,,,,,,,,,,,508.42999267578125,510.45001220703125,505.8299865722656,507.6499938964844,243684.0
2025-07-15 14:30:00+00:00,,,,,,,,,,,510.4100036621094,511.6199951171875,507.92999267578125,508.42999267578125,83237.0
2025-07-15 15:30:00+00:00,,,,,,,,,,,506.1499938964844,510.6600036621094,505.95001220703125,510.6600036621094,134548.0
2025-07-15 16:30:00+00:00,,,,,,,,,,,504.42999267578125,507.0,503.1099853515625,506.2900085449219,129154.0
2025-07-15 17:30:00+00:00,,,,,,,,,,,504.9800109863281,506.1199951171875,503.16729736328125,504.5,65204.0
2025-07-15 18:30:00+00:00,,,,,,,,,,,504.9800109863281,506.29998779296875,504.67999267578125,504.9800109863281,73463.0
2025-07-15 19:30:00+00:00,,,,,,,,,,,503.3999938964844,505.3500061035156,503.1499938964844,505.1400146484375,141151.0
2025-07-16 13:30:00+00:00,,,,,,,,,,,501.4200134277344,506.6505126953125,500.4049987792969,503.0,176825.0
2025-07-16 14:30:00+00:00,,,,,,,,,,,501.9800109863281,504.5799865722656,499.1099853515625,501.29998779296875,191130.0
2025-07-16 15:30:00+00:00,,,,,,,,,,,506.2200012207031,506.55999755859375,500.0,501.9800109863281,129114.0
2025-07-16 16:30:00+00:00,,,,,,,,,,,506.8299865722656,507.0375061035156,505.3699951171875,505.802490234375,81868.0
2025-07-16 17:30:00+00:00,,,,,,,,,,,505.5950012207031,506.80999755859375,505.1600036621094,506.75,87203.0
2025-07-16 18:30:00+00:00,,,,,,,,,,,507.864990234375,507.8800048828125,505.4599914550781,505.4599914550781,101804.0
2025-07-16 19:30:00+00:00,,,,,,,,,,,508.0,508.6700134277344,506.8500061035156,507.8800048828125,192233.0
2025-07-17 13:30:00+00:00,,,,,,,,,,,503.6400146484375,512.9400024414062,503.3800048828125,505.79998779296875,265553.0
2025-07-17 14:30:00+00:00,,,,,,,,,,,495.6000061035156,503.8800048828125,492.05999755859375,503.3999938964844,368067.0
2025-07-17 15:30:00+00:00,,,,,,,,,,,496.6499938964844,497.7799987792969,494.3999938964844,495.5299987792969,221094.0
2025-07-17 16:30:00+00:00,,,,,,,,,,,495.9649963378906,498.4599914550781,495.25,496.6549987792969,172621.0
2025-07-17 17:30:00+00:00,,,,,,,,,,,499.2049865722656,499.30999755859375,495.8349914550781,495.9750061035156,141629.0
2025-07-17 18:30:00+00:00,,,,,,,,,,,499.57000732421875,501.0400085449219,498.8800048828125,499.2049865722656,154694.0
2025-07-17 19:30:00+00:00,,,,,,,,,,,499.3999938964844,500.32000732421875,498.0400085449219,499.7550048828125,261538.0
2025-07-18 13:30:00+00:00,,,,,,,,,,,501.3349914550781,503.1969909667969,499.55010986328125,502.3699951171875,203751.0
2025-07-18 14:30:00+00:00,,,,,,,,,,,500.7300109863281,501.510009765625,497.6400146484375,501.2200012207031,147731.0
2025-07-18 15:30:00+00:00,,,,,,,,,,,499.0150146484375,501.46990966796875,499.0150146484375,500.70001220703125,60986.0
2025-07-18 16:30:00+00:00,,,,,,,,,,,497.9898986816406,499.32000732421875,497.0950012207031,498.9800109863281,90963.0
2025-07-18 17:30:00+00:00,,,,,,,,,,,497.57000732421875,498.44000244140625,496.8999938964844,498.0799865722656,74794.0
2025-07-18 18:30:00+00:00,,,,,,,,,,,498.69000244140625,498.8500061035156,497.07000732421875,497.68499755859375,90681.0
2025-07-18 19:30:00+00:00,,,,,,,,,,,499.75,500.2300109863281,498.45001220703125,498.6700134277344,198005.0
2025-07-21 13:30:00+00:00,,,,,,,,,,,504.1300048828125,505.8399963378906,501.2099914550781,504.7699890136719,200680.0
2025-07-21 14:30:00+00:00,,,,,,,,,,,504.99749755859375,505.6600036621094,503.7099914550781,504.0299987792969,133369.0
2025-07-21 15:30:00+00:00,,,,,,,,,,,503.3500061035156,506.2489929199219,503.3500061035156,505.42999267578125,110525.0
2025-07-21 16:30:00+00:00,,,,,,,,,,,502.9200134277344,504.0,502.5600891113281,503.20001220703125,98132.0
2025-07-21 17:30:00+00:00,,,,,,,,,,,502.3349914550781,503.10699462890625,501.4849853515625,502.80999755859375,70321.0
2025-07-21 18:30:00+00:00,,,,,,,,,,,499.30999755859375,502.3900146484375,499.29998779296875,502.3800048828125,119393.0
2025-07-21 19:30:00+00:00,,,,,,,,,,,496.2300109863281,499.6499938964844,496.0299987792969,499.3800048828125,209085.0
2025-07-22 13:30:00+00:00,,,,,,,,,,,503.6600036621094,503.7300109863281,496.17498779296875,497.1000061035156,157731.0
2025-07-22 14:30:00+00:00,,,,,,,,,,,503.6700134277344,504.75,502.9800109863281,503.489990234375,101692.0
2025-07-22 15:30:00+00:00,,,,,,,,,,,504.2300109863281,504.88299560546875,503.0400085449219,503.5,93763.0
2025-07-22 16:30:00+00:00,,,,,,,,,,,506.0846862792969,506.3500061035156,504.0400085449219,504.5299987792969,85532.0
2025-07-22 17:30:00+00:00,,,,,,,,,,,505.94000244140625,506.8299865722656,505.2900085449219,506.2900085449219,74713.0
2025-07-22 18:30:00+00:00,,,,,,,,,,,507.6000061035156,508.19000244140625,505.94500732421875,505.94500732421875,115490.0
2025-07-22 19:30:00+00:00,,,,,,,,,,,505.6199951171875,507.6300048828125,505.6000061035156,507.552001953125,195079.0
2025-07-23 13:30:00+00:00,,,,,,,,,,,507.1199951171875,511.69000244140625,506.2200012207031,508.7799987792969,147844.0
2025-07-23 14:30:00+00:00,,,,,,,,,,,507.8699951171875,508.239990234375,505.8999938964844,507.0799865722656,82939.0
2025-07-23 15:30:00+00:00,,,,,,,,,,,512.1400146484375,514.7299194335938,507.7900085449219,507.7900085449219,204751.0
2025-07-23 16:30:00+00:00,,,,,,,,,,,512.4713745117188,513.1400146484375,511.55999755859375,511.8699951171875,46517.0
2025-07-23 17:30:00+00:00,,,,,,,,,,,513.4099731445312,513.7899780273438,511.75,512.9000244140625,79176.0
2025-07-23 18:30:00+00:00,,,,,,,,,,,513.7442016601562,514.135009765625,512.6799926757812,513.4099731445312,98542.0
2025-07-23 19:30:00+00:00,,,,,,,,,,,515.1799926757812,515.7999877929688,514.030029296875,514.1240234375,186957.0
2025-07-24 13:30:00+00:00,,,,,,,,,,,514.6199951171875,515.7098999023438,511.4100036621094,512.72998046875,144207.0
2025-07-24 14:30:00+00:00,,,,,,,,,,,515.489990234375,517.4949951171875,514.0599975585938,514.1799926757812,141257.0
2025-07-24 15:30:00+00:00,,,,,,,,,,,513.3200073242188,515.469970703125,512.989990234375,515.469970703125,91886.0
2025-07-24 16:30:00+00:00,,,,,,,,,,,514.0399780273438,514.2000122070312,513.2999877929688,513.385009765625,63343.0
2025-07-24 17:30:00+00:00,,,,,,,,,,,514.4400024414062,514.8099975585938,513.469970703125,513.8599853515625,58061.0
2025-07-24 18:30:00+00:00,,,,,,,,,,,514.0499877929688,514.527587890625,513.3200073242188,514.3599853515625,74010.0
2025-07-24 19:30:00+00:00,,,,,,,,,,,514.6599731445312,515.2550048828125,513.6099853515625,514.1300048828125,144511.0
2025-07-25 13:30:00+00:00,,,,,,,,,,,511.18499755859375,514.6699829101562,508.7695007324219,514.6699829101562,128969.0
2025-07-25 14:30:00+00:00,,,,,,,,,,,512.3099975585938,512.9589233398438,510.4200134277344,511.1400146484375,54926.0
2025-07-25 15:30:00+00:00,,,,,,,,,,,512.5399780273438,513.3218994140625,510.7200012207031,512.3099975585938,140458.0
2025-07-25 16:30:00+00:00,,,,,,,,,,,515.510009765625,515.5700073242188,512.3400268554688,512.64501953125,65485.0
2025-07-25 17:30:00+00:00,,,,,,,,,,,517.7100219726562,518.3099975585938,515.1300048828125,515.4000244140625,87238.0
2025-07-25 18:30:00+00:00,,,,,,,,,,,518.8499755859375,518.9099731445312,517.4299926757812,517.739990234375,57853.0
2025-07-25 19:30:00+00:00,,,,,,,,,,,517.3900146484375,519.0,517.2999877929688,518.7100219726562,152089.0
2025-07-28 13:30:00+00:00,,,,,,,,,,,513.5800170898438,516.510009765625,513.2550048828125,516.4199829101562,134477.0
2025-07-28 14:30:00+00:00,,,,,,,,,,,510.8399963378906,513.3499755859375,509.7200012207031,513.3400268554688,116813.0
2025-07-28 15:30:00+00:00,,,,,,,,,,,511.30499267578125,512.6099853515625,510.7300109863281,510.8399963378906,58371.0
2025-07-28 16:30:00+00:00,,,,,,,,,,,511.4200134277344,512.4500122070312,511.0,511.30999755859375,50429.0
2025-07-28 17:30:00+00:00,,,,,,,,,,,510.9700012207031,512.3599853515625,510.5400085449219,511.4100036621094,66030.0
2025-07-28 18:30:00+00:00,,,,,,,,,,,510.6400146484375,511.6099853515625,509.0481872558594,511.1300048828125,79220.0
2025-07-28 19:30:00+00:00,,,,,,,,,,,510.54998779296875,511.8299865722656,510.5299987792969,510.739990234375,202522.0
2025-07-29 13:30:00+00:00,,,,,,,,,,,512.9500122070312,513.0800170898438,509.7699890136719,511.67999267578125,157262.0
2025-07-29 14:30:00+00:00,,,,,,,,,,,509.2749938964844,514.7999877929688,509.2749938964844,513.5900268554688,134424.0
2025-07-29 15:30:00+00:00,,,,,,,,,,,506.5849914550781,510.1300048828125,505.9601135253906,508.92999267578125,75044.0
2025-07-29 16:30:00+00:00,,,,,,,,,,,508.0950012207031,509.0,506.5849914550781,506.5849914550781,84417.0
2025-07-29 17:30:00+00:00,,,,,,,,,,,509.989990234375,510.0799865722656,507.07659912109375,508.20001220703125,96802.0
2025-07-29 18:30:00+00:00,,,,,,,,,,,512.1950073242188,512.9500122070312,510.0580139160156,510.0580139160156,122898.0
2025-07-29 19:30:00+00:00,,,,,,,,,,,512.5999755859375,512.8499755859375,510.8999938964844,512.2100219726562,297246.0
2025-07-30 13:30:00+00:00,,,,,,,,,,,512.0750122070312,512.489990234375,507.8900146484375,510.44000244140625,200640.0
2025-07-30 14:30:00+00:00,,,,,,,,,,,510.8349914550781,512.719970703125,510.29998779296875,511.69000244140625,122257.0
2025-07-30 15:30:00+00:00,,,,,,,,,,,511.8699951171875,511.8699951171875,510.010009765625,510.55999755859375,78918.0
2025-07-30 16:30:00+00:00,,,,,,,,,,,511.75,511.8900146484375,510.94500732421875,511.5950012207031,52417.0
2025-07-30 17:30:00+00:00,,,,,,,,,,,511.6400146484375,512.22998046875,510.5299987792969,511.7650146484375,85631.0
2025-07-30 18:30:00+00:00,,,,,,,,,,,506.0400085449219,512.3834228515625,505.6700134277344,511.8500061035156,140453.0
2025-07-30 19:30:00+00:00,,,,,,,,,,,507.9100036621094,508.81500244140625,504.7349853515625,506.04998779296875,210506.0
2025-07-31 13:30:00+00:00,,,,,,,,,,,521.375,522.7000122070312,512.0,512.0,291176.0
2025-07-31 14:30:00+00:00,,,,,,,,,,,522.635009765625,524.7899780273438,519.8699951171875,521.364990234375,165977.0
2025-07-31 15:30:00+00:00,,,,,,,,,,,523.0599975585938,524.5599975585938,522.6300048828125,522.97998046875,140774.0
2025-07-31 16:30:00+00:00,,,,,,,,,,,523.3499755859375,525.1500244140625,522.7100219726562,523.0549926757812,139401.0
2025-07-31 17:30:00+00:00,,,,,,,,,,,524.5700073242188,524.6900024414062,521.5399780273438,523.6300048828125,105780.0
2025-07-31 18:30:00+00:00,,,,,,,,,,,524.0770263671875,526.5556030273438,523.9299926757812,524.5955810546875,155201.0
2025-07-31 19:30:00+00:00,,,,,,,,,,,524.3699951171875,525.2100219726562,522.4500122070312,524.4099731445312,250036.0
2025-08-01 13:30:00+00:00,,,,,,,,,,,516.8400268554688,520.1699829101562,511.80999755859375,519.0,283831.0
2025-08-01 14:30:00+00:00,,,,,,,,,,,511.5899963378906,517.0800170898438,511.04998779296875,516.5900268554688,105037.0
2025-08-01 15:30:00+00:00,,,,,,,,,,,507.6000061035156,512.1845092773438,505.8800048828125,511.7699890136719,141746.0
2025-08-01 16:30:00+00:00,,,,,,,,,,,500.05999755859375,508.25,500.0,507.67999267578125,171989.0
2025-08-01 17:30:00+00:00,,,,,,,,,,,501.44000244140625,503.1300048828125,500.0,500.0899963378906,303045.0
2025-08-01 18:30:00+00:00,,,,,,,,,,,502.67999267578125,504.4599914550781,501.45001220703125,501.510009765625,124239.0
2025-08-01 19:30:00+00:00,,,,,,,,,,,500.9800109863281,502.7049865722656,500.0,502.7049865722656,298618.0
2025-08-04 13:30:00+00:00,,,,,,,,,,,507.8349914550781,508.17999267578125,493.2900085449219,501.5,228024.0
2025-08-04 14:30:00+00:00,,,,,,,,,,,508.2099914550781,509.0,506.20001220703125,507.8349914550781,94913.0
2025-08-04 15:30:00+00:00,,,,,,,,,,,511.0,511.1499938964844,508.20001220703125,508.75,85635.0
2025-08-04 16:30:00+00:00,,,,,,,,,,,510.7149963378906,512.1699829101562,510.5555114746094,510.9750061035156,68195.0
2025-08-04 17:30:00+00:00,,,,,,,,,,,509.8900146484375,511.375,508.17999267578125,510.989990234375,82570.0
2025-08-04 18:30:00+00:00,,,,,,,,,,,510.1300048828125,510.45001220703125,508.8800048828125,509.80999755859375,131849.0
2025-08-04 19:30:00+00:00,,,,,,,,,,,510.57000732421875,511.6785888671875,509.5899963378906,510.239990234375,210543.0
2025-08-05 13:30:00+00:00,,,,,,,,,,,505.94000244140625,512.10498046875,504.32000732421875,511.0199890136719,229023.0
2025-08-05 14:30:00+00:00,,,,,,,,,,,506.6099853515625,507.0050048828125,504.0,505.7699890136719,119611.0
2025-08-05 15:30:00+00:00,,,,,,,,,,,507.635009765625,508.0050048828125,505.8999938964844,506.6600036621094,67036.0
2025-08-05 16:30:00+00:00,,,,,,,,,,,507.8800048828125,508.260009765625,505.739990234375,507.7900085449219,65686.0
2025-08-05 17:30:00+00:00,,,,,,,,,,,505.510009765625,508.6400146484375,505.20001220703125,507.8800048828125,57562.0
2025-08-05 18:30:00+00:00,,,,,,,,,,,508.2300109863281,508.4800109863281,505.510009765625,505.510009765625,87232.0
2025-08-05 19:30:00+00:00,,,,,,,,,,,508.7099914550781,508.8349914550781,507.70001220703125,507.9200134277344,174339.0
2025-08-06 13:30:00+00:00,,,,,,,,,,,509.94000244140625,512.0599975585938,507.375,509.8399963378906,211369.0
2025-08-06 14:30:00+00:00,,,,,,,,,,,513.0700073242188,514.030029296875,509.7950134277344,509.7950134277344,78555.0
2025-08-06 15:30:00+00:00,,,,,,,,,,,511.57000732421875,513.739990234375,511.57000732421875,512.826416015625,123332.0
2025-08-06 16:30:00+00:00,,,,,,,,,,,509.0950012207031,512.0399780273438,508.50250244140625,511.510009765625,49970.0
2025-08-06 17:30:00+00:00,,,,,,,,,,,509.2749938964844,510.1099853515625,508.3949890136719,509.30999755859375,91621.0
2025-08-06 18:30:00+00:00,,,,,,,,,,,511.364990234375,511.5299987792969,508.6099853515625,508.8900146484375,92341.0
2025-08-06 19:30:00+00:00,,,,,,,,,,,509.7099914550781,511.364990234375,509.4700012207031,511.364990234375,163382.0
2025-08-07 13:30:00+00:00,,,,,,,,,,,505.70001220703125,514.0499877929688,505.25,513.2100219726562,182643.0
2025-08-07 14:30:00+00:00,,,,,,,,,,,504.6199951171875,507.3299865722656,503.625,505.70001220703125,107294.0
2025-08-07 15:30:00+00:00,,,,,,,,,,,505.2650146484375,506.0,504.1099853515625,504.614990234375,81896.0
2025-08-07 16:30:00+00:00,,,,,,,,,,,503.1199951171875,506.45001220703125,501.6300048828125,505.6400146484375,86899.0
2025-08-07 17:30:00+00:00,,,,,,,,,,,504.3450012207031,504.3450012207031,502.3900146484375,502.8999938964844,79334.0
2025-08-07 18:30:00+00:00,,,,,,,,,,,503.3900146484375,504.2900085449219,502.8599853515625,504.2900085449219,82903.0
2025-08-07 19:30:00+00:00,,,,,,,,,,,506.80999755859375,507.3500061035156,503.5400085449219,503.5400085449219,163056.0
2025-08-08 13:30:00+00:00,,,,,,,,,,,516.280029296875,516.280029296875,507.32501220703125,508.760009765625,142509.0
2025-08-08 14:30:00+00:00,,,,,,,,,,,512.9600219726562,516.0700073242188,512.5050048828125,515.969970703125,102688.0
2025-08-08 15:30:00+00:00,,,,,,,,,,,512.2999877929688,513.1900024414062,511.7460021972656,512.8099975585938,62524.0
2025-08-08 16:30:00+00:00,,,,,,,,,,,511.9949951171875,512.5800170898438,510.510009765625,512.2100219726562,58767.0
2025-08-08 17:30:00+00:00,,,,,,,,,,,512.344970703125,512.9600219726562,511.19000244140625,511.9949951171875,58277.0
2025-08-08 18:30:00+00:00,,,,,,,,,,,512.260009765625,512.7799072265625,511.0664978027344,512.2750244140625,93707.0
2025-08-08 19:30:00+00:00,,,,,,,,,,,510.3599853515625,512.3699951171875,509.739990234375,512.1799926757812,218910.0
2025-08-11 13:30:00+00:00,,,,,,,,,,,508.25,515.2899780273438,506.8399963378906,512.469970703125,175388.0
2025-08-11 14:30:00+00:00,,,,,,,,,,,503.6449890136719,508.760009765625,503.3999938964844,507.8500061035156,126806.0
2025-08-11 15:30:00+00:00,,,,,,,,,,,505.510009765625,505.8599853515625,502.3699951171875,503.8699951171875,102199.0
2025-08-11 16:30:00+00:00,,,,,,,,,,,506.07000732421875,506.4849853515625,505.25,505.4100036621094,84990.0
2025-08-11 17:30:00+00:00,,,,,,,,,,,506.7099914550781,507.5,505.55999755859375,506.29998779296875,78106.0
2025-08-11 18:30:00+00:00,,,,,,,,,,,508.0740051269531,508.20001220703125,506.6675109863281,506.6675109863281,103250.0
2025-08-11 19:30:00+00:00,,,,,,,,,,,507.2049865722656,508.0,506.04998779296875,507.94000244140625,207228.0
2025-08-12 13:30:00+00:00,,,,,,,,,,,509.739990234375,513.47998046875,507.5299987792969,509.19000244140625,162936.0
2025-08-12 14:30:00+00:00,,,,,,,,,,,511.19000244140625,511.739990234375,508.0,509.5400085449219,104869.0
2025-08-12 15:30:00+00:00,,,,,,,,,,,506.92999267578125,511.5450134277344,501.7699890136719,511.3599853515625,232385.0
2025-08-12 16:30:00+00:00,,,,,,,,,,,506.4750061035156,508.239990234375,505.3999938964844,506.92999267578125,118847.0
2025-08-12 17:30:00+00:00,,,,,,,,,,,507.5199890136719,508.1050109863281,505.69000244140625,506.2799987792969,87808.0
2025-08-12 18:30:00+00:00,,,,,,,,,,,507.07000732421875,508.6199951171875,506.67999267578125,507.1000061035156,160017.0
2025-08-12 19:30:00+00:00,,,,,,,,,,,505.8599853515625,507.75,505.54998779296875,507.0299987792969,237767.0
2025-08-13 13:30:00+00:00,,,,,,,,,,,508.8999938964844,512.75,500.54998779296875,507.05499267578125,284475.0
2025-08-13 14:30:00+00:00,,,,,,,,,,,510.17999267578125,510.3500061035156,507.3500061035156,508.9100036621094,124525.0
2025-08-13 15:30:00+00:00,,,,,,,,,,,510.6300048828125,511.4750061035156,509.8800048828125,510.1700134277344,186593.0
2025-08-13 16:30:00+00:00,,,,,,,,,,,509.1499938964844,510.9700012207031,509.0,510.55999755859375,231413.0
2025-08-13 17:30:00+00:00,,,,,,,,,,,510.3500061035156,510.5299987792969,508.0,509.30499267578125,223744.0
2025-08-13 18:30:00+00:00,,,,,,,,,,,511.239990234375,511.6099853515625,508.4599914550781,510.44500732421875,295345.0
2025-08-13 19:30:00+00:00,,,,,,,,,,,513.4199829101562,514.5250244140625,511.25,511.25,298890.0
2025-08-14 13:30:00+00:00,,,,,,,,,,,475.05499267578125,485.3599853515625,471.7349853515625,485.0,1902295.0
2025-08-14 14:30:00+00:00,,,,,,,,,,,471.8699951171875,477.4700012207031,471.3699951171875,475.07000732421875,756063.0
2025-08-14 15:30:00+00:00,,,,,,,,,,,478.0249938964844,479.2994079589844,470.4949951171875,471.9700012207031,661215.0
2025-08-14 16:30:00+00:00,,,,,,,,,,,478.739990234375,479.3900146484375,475.8901062011719,478.2300109863281,246777.0
2025-08-14 17:30:00+00:00,,,,,,,,,,,479.5,481.9700012207031,477.1400146484375,478.8450012207031,368743.0
2025-08-14 18:30:00+00:00,,,,,,,,,,,480.7799987792969,481.6000061035156,477.6549987792969,479.55999755859375,397841.0
2025-08-14 19:30:00+00:00,,,,,,,,,,,478.6000061035156,481.3500061035156,478.6000061035156,480.8900146484375,521568.0
2025-08-15 13:30:00+00:00,,,,,,,,,,,486.0899963378906,486.5199890136719,474.2200012207031,476.1499938964844,586975.0
2025-08-15 14:30:00+00:00,,,,,,,,,,,484.7900085449219,487.8883056640625,484.6600036621094,486.0899963378906,243486.0
2025-08-15 15:30:00+00:00,,,,,,,,,,,488.6953125,490.1600036621094,484.5,484.5,263042.0
2025-08-15 16:30:00+00:00,,,,,,,,,,,489.2250061035156,490.9700012207031,488.2099914550781,489.0899963378906,226718.0
2025-08-15 17:30:00+00:00,,,,,,,,,,,487.8599853515625,489.4800109863281,486.25,489.44000244140625,197250.0
2025-08-15 18:30:00+00:00,,,,,,,,,,,490.1867980957031,490.3699951171875,487.2349853515625,487.5400085449219,180989.0
2025-08-15 19:30:00+00:00,,,,,,,,,,,488.989990234375,492.3890075683594,488.1499938964844,490.2099914550781,588462.0
2025-08-18 13:30:00+00:00,,,,,,,,,,,491.05218505859375,492.1400146484375,480.0,486.3500061035156,275704.0
2025-08-18 14:30:00+00:00,,,,,,,,,,,489.4700012207031,492.25,488.1600036621094,490.9100036621094,146895.0
2025-08-18 15:30:00+00:00,,,,,,,,,,,490.3550109863281,490.60009765625,488.95001220703125,489.4700012207031,99355.0
2025-08-18 16:30:00+00:00,,,,,,,,,,,489.43121337890625,491.1000061035156,489.2200012207031,490.364990234375,119659.0
2025-08-18 17:30:00+00:00,,,,,,,,,,,488.17279052734375,490.0,487.1400146484375,489.4800109863281,168257.0
2025-08-18 18:30:00+00:00,,,,,,,,,,,488.8800048828125,489.6199951171875,487.6099853515625,488.125,147709.0
2025-08-18 19:30:00+00:00,,,,,,,,,,,491.1000061035156,491.9800109863281,488.8500061035156,488.9200134277344,259388.0
2025-08-19 13:30:00+00:00,,,,,,,,,,,497.29998779296875,499.20001220703125,491.0,491.3399963378906,249244.0
2025-08-19 14:30:00+00:00,,,,,,,,,,,493.2025146484375,497.6300048828125,491.5299987792969,497.1300048828125,186667.0
2025-08-19 15:30:00+00:00,,,,,,,,,,,490.54534912109375,493.7684020996094,490.2799987792969,492.8599853515625,95139.0
2025-08-19 16:30:00+00:00,,,,,,,,,,,489.7950134277344,491.260009765625,489.44000244140625,490.5199890136719,139280.0
2025-08-19 17:30:00+00:00,,,,,,,,,,,487.1199951171875,489.6499938964844,487.04998779296875,489.6300048828125,126999.0
2025-08-19 18:30:00+00:00,,,,,,,,,,,489.5299987792969,489.6933898925781,487.1199951171875,487.1199951171875,144062.0
2025-08-19 19:30:00+00:00,,,,,,,,,,,489.7099914550781,489.9800109863281,488.4100036621094,489.5199890136719,285646.0
2025-08-20 13:30:00+00:00,,,,,,,,,,,490.05999755859375,492.489990234375,487.4049987792969,488.3949890136719,132863.0
2025-08-20 14:30:00+00:00,,,,,,,,,,,492.2550048828125,492.67999267578125,489.17999267578125,489.5799865722656,131972.0
2025-08-20 15:30:00+00:00,,,,,,,,,,,494.55999755859375,496.2900085449219,491.4599914550781,491.95001220703125,468773.0
2025-08-20 16:30:00+00:00,,,,,,,,,,,494.19000244140625,495.45159912109375,493.50250244140625,494.0899963378906,103975.0
2025-08-20 17:30:00+00:00,,,,,,,,,,,492.02801513671875,495.0,491.79998779296875,494.5899963378906,120599.0
2025-08-20 18:30:00+00:00,,,,,,,,,,,492.8900146484375,493.0,491.5150146484375,492.0,102893.0
2025-08-20 19:30:00+00:00,,,,,,,,,,,492.7200012207031,494.2099914550781,491.9700012207031,492.8299865722656,237736.0
2025-08-21 13:30:00+00:00,,,,,,,,,,,485.54998779296875,493.2550048828125,485.3299865722656,491.20001220703125,129645.0
2025-08-21 14:30:00+00:00,,,,,,,,,,,486.6300048828125,487.3599853515625,485.010009765625,485.9200134277344,105374.0
2025-08-21 15:30:00+00:00,,,,,,,,,,,485.32501220703125,487.0,484.6199951171875,486.7300109863281,86253.0
2025-08-21 16:30:00+00:00,,,,,,,,,,,485.79998779296875,487.29998779296875,485.32501220703125,485.32501220703125,95414.0
2025-08-21 17:30:00+00:00,,,,,,,,,,,486.1499938964844,487.1199951171875,485.4599914550781,485.739990234375,50996.0
2025-08-21 18:30:00+00:00,,,,,,,,,,,485.6700134277344,487.4049987792969,485.6700134277344,486.20001220703125,101665.0
2025-08-21 19:30:00+00:00,,,,,,,,,,,486.8599853515625,487.25,485.5400085449219,486.010009765625,150951.0
2025-08-22 13:30:00+00:00,,,,,,,,,,,496.2149963378906,496.67999267578125,489.29998779296875,490.3599853515625,157284.0
2025-08-22 14:30:00+00:00,,,,,,,,,,,497.2349853515625,498.70001220703125,495.5400085449219,496.3999938964844,172854.0
2025-08-22 15:30:00+00:00,,,,,,,,,,,497.9800109863281,499.1000061035156,497.17999267578125,497.4150085449219,109523.0
2025-08-22 16:30:00+00:00,,,,,,,,,,,497.29998779296875,498.29998779296875,496.9049072265625,497.9200134277344,63163.0
2025-08-22 17:30:00+00:00,,,,,,,,,,,494.79998779296875,497.45001220703125,494.7799987792969,497.3399963378906,99590.0
2025-08-22 18:30:00+00:00,,,,,,,,,,,495.40301513671875,496.489990234375,494.82000732421875,494.82000732421875,115824.0
2025-08-22 19:30:00+00:00,,,,,,,,,,,496.0,496.0,494.32000732421875,495.5199890136719,272114.0
2025-08-25 13:30:00+00:00,,,,,,,,,,,492.20001220703125,496.3599853515625,491.010009765625,496.25,106763.0
2025-08-25 14:30:00+00:00,,,,,,,,,,,491.75,493.2799987792969,491.0899963378906,492.1099853515625,72758.0
2025-08-25 15:30:00+00:00,,,,,,,,,,,492.80999755859375,492.9599914550781,490.6300048828125,491.239990234375,54285.0
2025-08-25 16:30:00+00:00,,,,,,,,,,,491.8550109863281,493.0799865722656,491.54998779296875,492.8699951171875,36954.0
2025-08-25 17:30:00+00:00,,,,,,,,,,,490.82000732421875,492.5224914550781,490.5798034667969,492.0997009277344,81891.0
2025-08-25 18:30:00+00:00,,,,,,,,,,,488.94000244140625,491.0033874511719,488.55999755859375,490.625,84401.0
2025-08-25 19:30:00+00:00,,,,,,,,,,,487.8800048828125,488.9599914550781,487.6600036621094,488.760009765625,173647.0
2025-08-26 13:30:00+00:00,,,,,,,,,,,488.95001220703125,490.38128662109375,487.3800048828125,488.010009765625,110135.0
2025-08-26 14:30:00+00:00,,,,,,,,,,,482.6000061035156,489.3511962890625,482.55999755859375,488.9100036621094,186120.0
2025-08-26 15:30:00+00:00,,,,,,,,,,,481.68499755859375,483.3800048828125,480.010009765625,482.635009765625,183331.0
2025-08-26 16:30:00+00:00,,,,,,,,,,,483.95001220703125,484.0450134277344,481.70001220703125,482.0137023925781,141072.0
2025-08-26 17:30:00+00:00,,,,,,,,,,,485.5,485.5,483.04998779296875,484.29998779296875,94057.0
2025-08-26 18:30:00+00:00,,,,,,,,,,,487.0299987792969,487.6000061035156,485.4100036621094,485.4100036621094,164116.0
2025-08-26 19:30:00+00:00,,,,,,,,,,,487.9150085449219,489.17999267578125,486.6700134277344,487.2550048828125,268671.0
2025-08-27 13:30:00+00:00,,,,,,,,,,,486.67999267578125,488.31500244140625,485.4599914550781,486.1000061035156,87712.0
2025-08-27 14:30:00+00:00,,,,,,,,,,,488.6099853515625,489.0299987792969,486.3900146484375,486.6700134277344,73632.0
2025-08-27 15:30:00+00:00,,,,,,,,,,,491.0,491.0,488.5,488.54998779296875,77852.0
2025-08-27 16:30:00+00:00,,,,,,,,,,,490.5799865722656,491.2200012207031,489.489990234375,490.8999938964844,82447.0
2025-08-27 17:30:00+00:00,,,,,,,,,,,490.6600036621094,491.9100036621094,490.29998779296875,490.5899963378906,125754.0
2025-08-27 18:30:00+00:00,,,,,,,,,,,492.239990234375,492.32000732421875,490.239990234375,490.57000732421875,114856.0
2025-08-27 19:30:00+00:00,,,,,,,,,,,493.0400085449219,493.6600036621094,491.989990234375,492.3500061035156,231976.0
2025-08-28 13:30:00+00:00,,,,,,,,,,,493.5249938964844,495.0,490.5633850097656,495.0,111066.0
2025-08-28 14:30:00+00:00,,,,,,,,,,,490.55499267578125,493.5249938964844,490.0899963378906,493.5249938964844,90005.0
2025-08-28 15:30:00+00:00,,,,,,,,,,,491.9849853515625,492.5799865722656,490.55499267578125,490.55499267578125,32988.0
2025-08-28 16:30:00+00:00,,,,,,,,,,,491.7659912109375,492.29998779296875,491.3800048828125,491.7900085449219,48015.0
2025-08-28 17:30:00+00:00,,,,,,,,,,,490.739990234375,492.0199890136719,489.6099853515625,491.7950134277344,116389.0
2025-08-28 18:30:00+00:00,,,,,,,,,,,492.1000061035156,492.3800048828125,490.7699890136719,490.80999755859375,108413.0
2025-08-28 19:30:00+00:00,,,,,,,,,,,491.5,492.3999938964844,491.1400146484375,492.1099853515625,283736.0
2025-08-29 13:30:00+00:00,,,,,,,,,,,480.9150085449219,487.7900085449219,480.54998779296875,482.70001220703125,263998.0
2025-08-29 14:30:00+00:00,,,,,,,,,,,479.5050048828125,482.05999755859375,478.19000244140625,480.9150085449219,196940.0
2025-08-29 15:30:00+00:00,,,,,,,,,,,476.8999938964844,479.7799987792969,476.5,479.5799865722656,168282.0
2025-08-29 16:30:00+00:00,,,,,,,,,,,475.2200012207031,477.7218933105469,474.8800048828125,476.8599853515625,126725.0
2025-08-29 17:30:00+00:00,,,,,,,,,,,476.5450134277344,476.8949890136719,474.6199951171875,475.2200012207031,82546.0
2025-08-29 18:30:00+00:00,,,,,,,,,,,476.6099853515625,476.7900085449219,475.5400085449219,476.6700134277344,121702.0
2025-08-29 19:30:00+00:00,,,,,,,,,,,478.6400146484375,479.07000732421875,476.6199951171875,476.67498779296875,282475.0
2025-09-02 13:30:00+00:00,,,,,,,,,,,479.92999267578125,481.889892578125,470.8500061035156,472.9200134277344,258287.0
2025-09-02 14:30:00+00:00,,,,,,,,,,,478.0,480.6099853515625,477.4100036621094,480.6099853515625,160534.0
2025-09-02 15:30:00+00:00,,,,,,,,,,,476.2250061035156,477.989990234375,475.1099853515625,477.9800109863281,193985.0
2025-09-02 16:30:00+00:00,,,,,,,,,,,474.739990234375,476.55999755859375,474.010009765625,476.32501220703125,119116.0
2025-09-02 17:30:00+00:00,,,,,,,,,,,474.2900085449219,475.5199890136719,473.75,474.7550048828125,109103.0
2025-09-02 18:30:00+00:00,,,,,,,,,,,474.9739990234375,476.0,474.25,474.25,121989.0
2025-09-02 19:30:00+00:00,,,,,,,,,,,476.57000732421875,476.79998779296875,475.07000732421875,475.1476135253906,276408.0
2025-09-03 13:30:00+00:00,,,,,,,,,,,471.2349853515625,477.8439025878906,471.2349853515625,475.2099914550781,109267.0
2025-09-03 14:30:00+00:00,,,,,,,,,,,468.4150085449219,472.2619934082031,468.1199951171875,471.739990234375,270105.0
2025-09-03 15:30:00+00:00,,,,,,,,,,,467.80999755859375,470.50299072265625,467.5899963378906,468.6650085449219,163242.0
2025-09-03 16:30:00+00:00,,,,,,,,,,,470.05499267578125,470.3699951171875,467.79998779296875,467.79998779296875,111327.0
2025-09-03 17:30:00+00:00,,,,,,,,,,,468.989990234375,470.1499938964844,468.1700134277344,470.05499267578125,149955.0
2025-09-03 18:30:00+00:00,,,,,,,,,,,466.7900085449219,469.260009765625,466.760009765625,468.989990234375,184280.0
2025-09-03 19:30:00+00:00,,,,,,,,,,,469.1300048828125,469.5,466.79998779296875,466.87750244140625,261567.0
2025-09-04 13:30:00+00:00,,,,,,,,,,,469.80999755859375,470.5299987792969,467.8800048828125,470.0799865722656,196822.0
2025-09-04 14:30:00+00:00,,,,,,,,,,,469.7200012207031,471.6499938964844,468.6300048828125,469.9800109863281,148914.0
2025-09-04 15:30:00+00:00,,,,,,,,,,,469.3599853515625,470.3299865722656,469.3599853515625,469.71600341796875,74804.0
2025-09-04 16:30:00+00:00,,,,,,,,,,,469.1700134277344,469.55999755859375,468.32000732421875,469.3599853515625,113963.0
2025-09-04 17:30:00+00:00,,,,,,,,,,,466.9599914550781,469.3900146484375,466.9599914550781,469.1099853515625,146249.0
2025-09-04 18:30:00+00:00,,,,,,,,,,,471.2799987792969,471.5400085449219,466.9750061035156,467.239990234375,223621.0
2025-09-04 19:30:00+00:00,,,,,,,,,,,474.79998779296875,474.8399963378906,470.5299987792969,471.44000244140625,268894.0
2025-09-05 13:30:00+00:00,,,,,,,,,,,472.6499938964844,478.3900146484375,472.04998779296875,475.3399963378906,242229.0
2025-09-05 14:30:00+00:00,,,,,,,,,,,472.9100036621094,473.30499267578125,470.239990234375,472.75,198310.0
2025-09-05 15:30:00+00:00,,,,,,,,,,,474.05999755859375,475.260009765625,472.29998779296875,472.7699890136719,79041.0
2025-09-05 16:30:00+00:00,,,,,,,,,,,473.2699890136719,474.6499938964844,473.07000732421875,474.1549987792969,89290.0
2025-09-05 17:30:00+00:00,,,,,,,,,,,473.9700012207031,474.5473937988281,472.44000244140625,473.4100036621094,95348.0
2025-09-05 18:30:00+00:00,,,,,,,,,,,473.9364013671875,475.3399963378906,473.760009765625,474.30999755859375,149155.0
2025-09-05 19:30:00+00:00,,,,,,,,,,,473.07000732421875,474.0199890136719,472.07000732421875,474.0199890136719,230103.0
2025-09-08 13:30:00+00:00,,,,,,,,,,,474.6600036621094,476.7799072265625,471.4595031738281,473.8699951171875,193064.0
2025-09-08 14:30:00+00:00,,,,,,,,,,,476.5150146484375,476.6099853515625,474.07000732421875,474.6000061035156,153296.0
2025-09-08 15:30:00+00:00,,,,,,,,,,,476.0849914550781,476.5950012207031,475.3500061035156,476.3900146484375,104360.0
2025-09-08 16:30:00+00:00,,,,,,,,,,,476.5400085449219,476.9549865722656,475.6600036621094,476.0849914550781,89994.0
2025-09-08 17:30:00+00:00,,,,,,,,,,,477.260009765625,477.302001953125,474.9800109863281,476.55499267578125,102753.0
2025-09-08 18:30:00+00:00,,,,,,,,,,,478.0299987792969,478.9200134277344,477.260009765625,477.260009765625,132367.0
2025-09-08 19:30:00+00:00,,,,,,,,,,,481.6300048828125,481.739990234375,477.70001220703125,478.0299987792969,268149.0
2025-09-09 13:30:00+00:00,,,,,,,,,,,471.1600036621094,483.3800048828125,470.68499755859375,481.010009765625,235471.0
2025-09-09 14:30:00+00:00,,,,,,,,,,,472.4200134277344,472.510009765625,469.79998779296875,471.0299987792969,168335.0
2025-09-09 15:30:00+00:00,,,,,,,,,,,474.04998779296875,474.04998779296875,471.4700012207031,471.9100036621094,80978.0
2025-09-09 16:30:00+00:00,,,,,,,,,,,474.8699951171875,475.1400146484375,473.6499938964844,473.8999938964844,59989.0
2025-09-09 17:30:00+00:00,,,,,,,,,,,476.17498779296875,476.635009765625,474.0299987792969,474.7900085449219,94115.0
2025-09-09 18:30:00+00:00,,,,,,,,,,,474.32000732421875,476.3299865722656,474.1099853515625,476.3299865722656,110895.0
2025-09-09 19:30:00+00:00,,,,,,,,,,,475.4800109863281,476.19000244140625,474.010009765625,474.32000732421875,280892.0
2025-09-10 13:30:00+00:00,,,,,,,,,,,476.9849853515625,479.489990234375,471.5150146484375,473.6600036621094,197919.0
2025-09-10 14:30:00+00:00,,,,,,,,,,,475.57000732421875,478.54998779296875,474.5199890136719,477.0899963378906,149100.0
2025-09-10 15:30:00+00:00,,,,,,,,,,,475.70001220703125,477.55999755859375,474.3500061035156,475.7850036621094,99689.0
2025-09-10 16:30:00+00:00,,,,,,,,,,,474.95001220703125,475.760009765625,474.04998779296875,475.44500732421875,55158.0
2025-09-10 17:30:00+00:00,,,,,,,,,,,475.7049865722656,476.0400085449219,474.57000732421875,475.181396484375,87591.0
2025-09-10 18:30:00+00:00,,,,,,,,,,,473.30499267578125,476.3999938964844,472.9639892578125,475.7099914550781,108801.0
2025-09-10 19:30:00+00:00,,,,,,,,,,,471.32000732421875,473.79998779296875,471.2200012207031,473.29998779296875,389874.0
2025-09-11 13:30:00+00:00,,,,,,,,,,,474.864990234375,477.6099853515625,471.0849914550781,471.5,346949.0
2025-09-11 14:30:00+00:00,,,,,,,,,,,477.05999755859375,478.614990234375,474.010009765625,474.6600036621094,205123.0
2025-09-11 15:30:00+00:00,,,,,,,,,,,474.80999755859375,477.1900939941406,474.1099853515625,476.739013671875,101198.0
2025-09-11 16:30:00+00:00,,,,,,,,,,,473.95001220703125,475.7862854003906,473.82000732421875,474.80999755859375,88442.0
2025-09-11 17:30:00+00:00,,,,,,,,,,,473.75,475.80999755859375,473.54998779296875,473.95001220703125,107989.0
2025-09-11 18:30:00+00:00,,,,,,,,,,,474.7449951171875,475.0,473.3999938964844,473.6400146484375,120834.0
2025-09-11 19:30:00+00:00,,,,,,,,,,,476.4700012207031,477.2300109863281,474.7799987792969,474.92999267578125,191702.0
2025-09-12 13:30:00+00:00,,,,,,,,,,,470.68499755859375,474.3699951171875,470.2449951171875,473.9599914550781,307901.0
2025-09-12 14:30:00+00:00,,,,,,,,,,,471.010009765625,473.125,469.29998779296875,471.0799865722656,187696.0
2025-09-12 15:30:00+00:00,,,,,,,,,,,470.4849853515625,472.32000732421875,470.25,471.2200012207031,101499.0
2025-09-12 16:30:00+00:00,,,,,,,,,,,471.3800048828125,472.0400085449219,470.2900085449219,470.45001220703125,113632.0
2025-09-12 17:30:00+00:00,,,,,,,,,,,472.70001220703125,473.25,471.25,471.54998779296875,228523.0
2025-09-12 18:30:00+00:00,,,,,,,,,,,472.42999267578125,474.0,472.1612854003906,472.9100036621094,209176.0
2025-09-12 19:30:00+00:00,,,,,,,,,,,470.510009765625,473.2650146484375,470.25,472.5,305764.0
2025-09-15 13:30:00+00:00,,,,,,,,,,,467.2149963378906,473.04998779296875,464.3800048828125,472.2550048828125,253978.0
2025-09-15 14:30:00+00:00,,,,,,,,,,,465.42498779296875,468.5400085449219,465.2900085449219,467.2099914550781,185908.0
2025-09-15 15:30:00+00:00,,,,,,,,,,,466.3500061035156,466.6940002441406,462.8299865722656,465.32501220703125,232969.0
2025-09-15 16:30:00+00:00,,,,,,,,,,,466.9599914550781,468.1400146484375,466.4100036621094,466.5199890136719,152396.0
2025-09-15 17:30:00+00:00,,,,,,,,,,,469.2550048828125,470.0450134277344,466.6449890136719,466.68499755859375,275253.0
2025-09-15 18:30:00+00:00,,,,,,,,,,,469.2900085449219,469.80499267578125,467.95001220703125,469.25250244140625,162059.0
2025-09-15 19:30:00+00:00,,,,,,,,,,,469.0899963378906,470.5299987792969,468.8699951171875,469.17999267578125,284943.0
2025-09-16 13:30:00+00:00,,,,,,,,,,,467.69000244140625,475.5,466.8800048828125,471.9800109863281,244170.0
2025-09-16 14:30:00+00:00,,,,,,,,,,,469.5419921875,470.6099853515625,467.3699951171875,467.6099853515625,141215.0
2025-09-16 15:30:00+00:00,,,,,,,,,,,469.0,470.0199890136719,468.010009765625,469.6650085449219,196512.0
2025-09-16 16:30:00+00:00,,,,,,,,,,,469.9200134277344,471.0,468.8500061035156,469.03399658203125,134944.0
2025-09-16 17:30:00+00:00,,,,,,,,,,,470.29998779296875,471.0299987792969,469.17999267578125,470.17999267578125,103201.0
2025-09-16 18:30:00+00:00,,,,,,,,,,,470.2619934082031,471.29998779296875,469.75,470.2300109863281,177079.0
2025-09-16 19:30:00+00:00,,,,,,,,,,,468.7099914550781,470.7699890136719,468.4599914550781,470.5,346812.0
2025-09-17 13:30:00+00:00,,,,,,,,,,,471.8800048828125,475.25,470.4901123046875,471.5799865722656,183335.0
2025-09-17 14:30:00+00:00,,,,,,,,,,,471.30999755859375,473.19000244140625,470.8450012207031,471.8800048828125,175836.0
2025-09-17 15:30:00+00:00,,,,,,,,,,,470.489990234375,471.7300109863281,469.54998779296875,471.0199890136719,126096.0
2025-09-17 16:30:00+00:00,,,,,,,,,,,471.3599853515625,471.4800109863281,469.5,470.9599914550781,126268.0
2025-09-17 17:30:00+00:00,,,,,,,,,,,471.30999755859375,473.9599914550781,469.2300109863281,471.1700134277344,155022.0
2025-09-17 18:30:00+00:00,,,,,,,,,,,467.80499267578125,470.8299865722656,464.3299865722656,470.8299865722656,209647.0
2025-09-17 19:30:00+00:00,,,,,,,,,,,469.1199951171875,470.1400146484375,466.7349853515625,467.510009765625,278536.0
2025-09-18 13:30:00+00:00,,,,,,,,,,,476.1167907714844,476.30499267578125,466.0,467.25,354115.0
2025-09-18 14:30:00+00:00,,,,,,,,,,,473.375,476.0,472.3999938964844,475.6199951171875,172659.0
2025-09-18 15:30:00+00:00,,,,,,,,,,,476.6650085449219,476.67999267578125,473.0199890136719,473.5,155378.0
2025-09-18 16:30:00+00:00,,,,,,,,,,,476.239990234375,477.989990234375,474.8900146484375,476.5950012207031,128718.0
2025-09-18 17:30:00+00:00,,,,,,,,,,,474.5249938964844,478.1300048828125,474.3800048828125,476.0849914550781,120405.0
2025-09-18 18:30:00+00:00,,,,,,,,,,,473.5400085449219,475.5849914550781,473.5,474.4599914550781,177334.0
2025-09-18 19:30:00+00:00,,,,,,,,,,,475.9700012207031,476.510009765625,473.2200012207031,473.5,427122.0
2025-09-19 13:30:00+00:00,,,,,,,,,,,474.4599914550781,477.7300109863281,473.0899963378906,476.0,341898.0
2025-09-19 14:30:00+00:00,,,,,,,,,,,469.260009765625,475.3800048828125,469.239990234375,474.260009765625,129908.0
2025-09-19 15:30:00+00:00,,,,,,,,,,,471.2200012207031,472.92999267578125,468.8550109863281,469.3074951171875,143769.0
2025-09-19 16:30:00+00:00,,,,,,,,,,,470.8949890136719,471.75,470.6000061035156,471.4383850097656,82143.0
2025-09-19 17:30:00+00:00,,,,,,,,,,,470.54998779296875,472.32000732421875,470.260009765625,470.8949890136719,131134.0
2025-09-19 18:30:00+00:00,,,,,,,,,,,472.7500915527344,472.9800109863281,469.7699890136719,470.42999267578125,121451.0
2025-09-19 19:30:00+00:00,,,,,,,,,,,469.7099914550781,472.85650634765625,469.2799987792969,472.85650634765625,405822.0
2025-09-22 13:30:00+00:00,,,,,,,,,,,466.760009765625,469.3367614746094,466.04400634765625,467.94000244140625,190166.0
2025-09-22 14:30:00+00:00,,,,,,,,,,,465.9200134277344,467.2449951171875,464.75,466.8599853515625,192167.0
2025-09-22 15:30:00+00:00,,,,,,,,,,,468.2049865722656,468.2049865722656,465.6700134277344,465.760009765625,124440.0
2025-09-22 16:30:00+00:00,,,,,,,,,,,469.760009765625,470.07000732421875,467.70001220703125,468.0,153324.0
2025-09-22 17:30:00+00:00,,,,,,,,,,,469.8999938964844,472.1990051269531,469.6099853515625,470.0,146508.0
2025-09-22 18:30:00+00:00,,,,,,,,,,,469.81500244140625,471.3599853515625,468.80999755859375,469.8399963378906,150352.0
2025-09-22 19:30:00+00:00,,,,,,,,,,,469.1000061035156,470.0350036621094,468.2099914550781,469.6499938964844,408700.0
2025-09-23 13:30:00+00:00,,,,,,,,,,,473.4599914550781,474.430908203125,469.0400085449219,471.3500061035156,136833.0
2025-09-23 14:30:00+00:00,,,,,,,,,,,470.82000732421875,474.8999938964844,470.760009765625,473.70001220703125,89587.0
2025-09-23 15:30:00+00:00,,,,,,,,,,,469.5140075683594,471.2524108886719,468.2250061035156,470.8699951171875,99346.0
2025-09-23 16:30:00+00:00,,,,,,,,,,,470.2699890136719,471.9599914550781,468.8699951171875,469.3399963378906,114486.0
2025-09-23 17:30:00+00:00,,,,,,,,,,,469.9700012207031,470.8008117675781,469.0299987792969,469.7950134277344,88560.0
2025-09-23 18:30:00+00:00,,,,,,,,,,,471.260009765625,471.3800048828125,470.0050048828125,470.2149963378906,86099.0
2025-09-23 19:30:00+00:00,,,,,,,,,,,471.7300109863281,472.2799987792969,471.0950012207031,471.260009765625,155217.0
2025-09-24 13:30:00+00:00,,,,,,,,,,,476.9750061035156,477.2200012207031,470.5,471.25,161649.0
2025-09-24 14:30:00+00:00,,,,,,,,,,,471.2300109863281,476.889892578125,471.2300109863281,476.8450012207031,95302.0
2025-09-24 15:30:00+00:00,,,,,,,,,,,470.8299865722656,472.6300048828125,470.7300109863281,471.4700012207031,93971.0
2025-09-24 16:30:00+00:00,,,,,,,,,,,469.9949951171875,471.57000732421875,469.29998779296875,470.8299865722656,70245.0
2025-09-24 17:30:00+00:00,,,,,,,,,,,468.9100036621094,470.5350036621094,468.5101013183594,469.9849853515625,66017.0
2025-09-24 18:30:00+00:00,,,,,,,,,,,469.3999938964844,469.8699951171875,468.29998779296875,469.04998779296875,106381.0
2025-09-24 19:30:00+00:00,,,,,,,,,,,468.94000244140625,470.4800109863281,468.94000244140625,469.3800048828125,152638.0
2025-09-25 13:30:00+00:00,,,,,,,,,,,468.3900146484375,469.80999755859375,464.0199890136719,469.32000732421875,165071.0
2025-09-25 14:30:00+00:00,,,,,,,,,,,466.30999755859375,470.19000244140625,466.30999755859375,468.57000732421875,78360.0
2025-09-25 15:30:00+00:00,,,,,,,,,,,467.7149963378906,470.739990234375,466.8900146484375,466.8900146484375,139303.0
2025-09-25 16:30:00+00:00,,,,,,,,,,,466.44000244140625,469.1700134277344,465.07000732421875,467.7200012207031,138139.0
2025-09-25 17:30:00+00:00,,,,,,,,,,,466.0150146484375,466.614990234375,464.1499938964844,466.4800109863281,170668.0
2025-09-25 18:30:00+00:00,,,,,,,,,,,466.6300048828125,466.989990234375,465.7799987792969,466.1099853515625,171018.0
2025-09-25 19:30:00+00:00,,,,,,,,,,,466.75,467.739990234375,465.9599914550781,466.8500061035156,214238.0
2025-09-26 13:30:00+00:00,,,,,,,,,,,466.7300109863281,471.0199890136719,466.489990234375,467.05999755859375,198755.0
2025-09-26 14:30:00+00:00,,,,,,,,,,,466.94000244140625,467.04998779296875,464.92999267578125,466.5299987792969,113798.0
2025-09-26 15:30:00+00:00,,,,,,,,,,,466.0,467.69000244140625,464.739990234375,467.1000061035156,94420.0
2025-09-26 16:30:00+00:00,,,,,,,,,,,465.5849914550781,467.0400085449219,465.5849914550781,466.06500244140625,87590.0
2025-09-26 17:30:00+00:00,,,,,,,,,,,464.9800109863281,465.57000732421875,464.0,465.460205078125,97732.0
2025-09-26 18:30:00+00:00,,,,,,,,,,,463.92498779296875,465.20001220703125,463.760009765625,464.8299865722656,108140.0
2025-09-26 19:30:00+00:00,,,,,,,,,,,463.6499938964844,464.7900085449219,463.32000732421875,463.7449951171875,230760.0
2025-09-29 13:30:00+00:00,,,,,,,,,,,468.0,469.2349853515625,463.25,465.8299865722656,164516.0
2025-09-29 14:30:00+00:00,,,,,,,,,,,465.55999755859375,468.1700134277344,464.55499267578125,467.4599914550781,91481.0
2025-09-29 15:30:00+00:00,,,,,,,,,,,465.4599914550781,465.69000244140625,464.1499938964844,465.5400085449219,84163.0
2025-09-29 16:30:00+00:00,,,,,,,,,,,464.7749938964844,465.45001220703125,463.29998779296875,465.44000244140625,59237.0
2025-09-29 17:30:00+00:00,,,,,,,,,,,466.010009765625,466.0899963378906,464.0914001464844,465.0350036621094,65289.0
2025-09-29 18:30:00+00:00,,,,,,,,,,,465.489990234375,466.760009765625,464.7699890136719,465.94500732421875,99874.0
2025-09-29 19:30:00+00:00,,,,,,,,,,,465.7200012207031,466.097900390625,464.510009765625,465.5799865722656,201917.0
2025-09-30 13:30:00+00:00,,,,,,,,,,,455.989990234375,463.6499938964844,453.67999267578125,463.0,446114.0
2025-09-30 14:30:00+00:00,,,,,,,,,,,455.9649963378906,458.1000061035156,454.9849853515625,455.6700134277344,168316.0
2025-09-30 15:30:00+00:00,,,,,,,,,,,458.80999755859375,459.25,455.70001220703125,455.9700012207031,128448.0
2025-09-30 16:30:00+00:00,,,,,,,,,,,457.6650085449219,459.20001220703125,457.3599853515625,458.82000732421875,86014.0
2025-09-30 17:30:00+00:00,,,,,,,,,,,455.9849853515625,457.8299865722656,455.1199951171875,457.5299987792969,120444.0
2025-09-30 18:30:00+00:00,,,,,,,,,,,456.510009765625,457.6925048828125,455.5,456.1400146484375,206092.0
2025-09-30 19:30:00+00:00,,,,,,,,,,,457.05999755859375,457.42999267578125,456.0675048828125,456.5199890136719,413298.0
2025-10-01 13:30:00+00:00,,,,,,,,,,,452.2699890136719,456.8324890136719,451.9200134277344,455.0,233397.0
2025-10-01 14:30:00+00:00,,,,,,,,,,,451.239990234375,452.5,450.0,452.1300048828125,284043.0
2025-10-01 15:30:00+00:00,,,,,,,,,,,449.8500061035156,451.69000244140625,449.70001220703125,451.0799865722656,159635.0
2025-10-01 16:30:00+00:00,,,,,,,,,,,448.6650085449219,449.8699951171875,447.5400085449219,449.864990234375,128151.0
2025-10-01 17:30:00+00:00,,,,,,,,,,,451.6499938964844,453.5799865722656,447.44000244140625,448.760009765625,286603.0
2025-10-01 18:30:00+00:00,,,,,,,,,,,452.5350036621094,453.30999755859375,451.3599853515625,451.57000732421875,193964.0
2025-10-01 19:30:00+00:00,,,,,,,,,,,451.7799987792969,452.3800048828125,450.3599853515625,452.3800048828125,337045.0
2025-10-02 13:30:00+00:00,,,,,,,,,,,456.79998779296875,461.3999938964844,453.3450012207031,454.5199890136719,285668.0
2025-10-02 14:30:00+00:00,,,,,,,,,,,461.5350036621094,462.2900085449219,456.5,457.17999267578125,200461.0
2025-10-02 15:30:00+00:00,,,,,,,,,,,458.6401062011719,461.95001220703125,457.92999267578125,461.3399963378906,110667.0
2025-10-02 16:30:00+00:00,,,,,,,,,,,458.0574951171875,459.17999267578125,457.6300048828125,458.9700012207031,84598.0
2025-10-02 17:30:00+00:00,,,,,,,,,,,460.9800109863281,461.447509765625,457.5199890136719,457.9700012207031,107012.0
2025-10-02 18:30:00+00:00,,,,,,,,,,,461.2850036621094,461.4100036621094,459.6400146484375,460.9599914550781,173219.0
2025-10-02 19:30:00+00:00,,,,,,,,,,,461.8999938964844,462.3349914550781,460.8705139160156,461.2799987792969,281470.0
2025-10-03 13:30:00+00:00,,,,,,,,,,,463.7300109863281,464.07000732421875,459.5,461.0,131815.0
2025-10-03 14:30:00+00:00,,,,,,,,,,,461.82000732421875,464.3599853515625,461.7200012207031,463.75,107570.0
2025-10-03 15:30:00+00:00,,,,,,,,,,,463.5799865722656,464.7611083984375,461.55999755859375,461.55999755859375,107497.0
2025-10-03 16:30:00+00:00,,,,,,,,,,,463.8399963378906,464.5,463.44000244140625,463.44000244140625,67975.0
2025-10-03 17:30:00+00:00,,,,,,,,,,,463.8399963378906,464.114990234375,462.6300048828125,463.8599853515625,85025.0
2025-10-03 18:30:00+00:00,,,,,,,,,,,463.4800109863281,463.9800109863281,462.5849914550781,463.92999267578125,116222.0
2025-10-03 19:30:00+00:00,,,,,,,,,,,462.94000244140625,464.2398986816406,462.3599853515625,463.4949951171875,190568.0
2025-10-06 13:30:00+00:00,,,,,,,,,,,459.0150146484375,465.4700012207031,457.92999267578125,464.7099914550781,302992.0
2025-10-06 14:30:00+00:00,,,,,,,,,,,459.0150146484375,460.739990234375,458.2300109863281,459.0150146484375,113218.0
2025-10-06 15:30:00+00:00,,,,,,,,,,,457.5400085449219,459.2799987792969,457.4800109863281,459.260009765625,97204.0
2025-10-06 16:30:00+00:00,,,,,,,,,,,457.44000244140625,458.30999755859375,456.4700012207031,457.68499755859375,102573.0
2025-10-06 17:30:00+00:00,,,,,,,,,,,456.2200012207031,457.3599853515625,456.1300048828125,457.2699890136719,107919.0
2025-10-06 18:30:00+00:00,,,,,,,,,,,456.94000244140625,457.6099853515625,456.2200012207031,456.2200012207031,108427.0
2025-10-06 19:30:00+00:00,,,,,,,,,,,457.19000244140625,458.010009765625,456.79998779296875,456.8900146484375,166439.0
2025-10-07 13:30:00+00:00,,,,,,,,,,,460.38751220703125,462.7650146484375,458.5,459.760009765625,154008.0
2025-10-07 14:30:00+00:00,,,,,,,,,,,463.9849853515625,465.9700012207031,460.69000244140625,460.69000244140625,180789.0
2025-10-07 15:30:00+00:00,,,,,,,,,,,463.5050048828125,465.1625061035156,463.0400085449219,464.07501220703125,118861.0
2025-10-07 16:30:00+00:00,,,,,,,,,,,463.75,464.30499267578125,462.17999267578125,463.55999755859375,71283.0
2025-10-07 17:30:00+00:00,,,,,,,,,,,463.4100036621094,464.3349914550781,463.1000061035156,464.0299987792969,88065.0
2025-10-07 18:30:00+00:00,,,,,,,,,,,462.010009765625,463.4599914550781,461.1199951171875,463.4100036621094,123556.0
2025-10-07 19:30:00+00:00,,,,,,,,,,,461.489990234375,462.2799987792969,460.25,462.135009765625,281066.0
2025-10-08 13:30:00+00:00,,,,,,,,,,,459.6000061035156,462.510009765625,455.5899963378906,462.3800048828125,212299.0
2025-10-08 14:30:00+00:00,,,,,,,,,,,463.7677917480469,463.8799133300781,459.4100036621094,459.68499755859375,103032.0
2025-10-08 15:30:00+00:00,,,,,,,,,,,464.9649963378906,464.9649963378906,462.4700012207031,463.3349914550781,81900.0
2025-10-08 16:30:00+00:00,,,,,,,,,,,464.19000244140625,466.6300048828125,464.19000244140625,465.0,121180.0
2025-10-08 17:30:00+00:00,,,,,,,,,,,464.0899963378906,464.71551513671875,463.6502990722656,464.24530029296875,63127.0
2025-10-08 18:30:00+00:00,,,,,,,,,,,461.7300109863281,464.2200012207031,461.7300109863281,463.9750061035156,78280.0
2025-10-08 19:30:00+00:00,,,,,,,,,,,460.8349914550781,461.739990234375,460.7099914550781,461.739990234375,127066.0
2025-10-09 13:30:00+00:00,,,,,,,,,,,458.8949890136719,462.6000061035156,456.54998779296875,461.8900146484375,108147.0
2025-10-09 14:30:00+00:00,,,,,,,,,,,459.5,460.5375061035156,457.93499755859375,458.69500732421875,82052.0
2025-10-09 15:30:00+00:00,,,,,,,,,,,460.04998779296875,460.45001220703125,459.2699890136719,459.5249938964844,78503.0
2025-10-09 16:30:00+00:00,,,,,,,,,,,457.2200012207031,460.0899963378906,457.05999755859375,460.0899963378906,75118.0
2025-10-09 17:30:00+00:00,,,,,,,,,,,456.99249267578125,458.5199890136719,456.2701110839844,457.2699890136719,112983.0
2025-10-09 18:30:00+00:00,,,,,,,,,,,457.4599914550781,457.9599914550781,455.010009765625,456.9949951171875,129677.0
2025-10-09 19:30:00+00:00,,,,,,,,,,,456.239990234375,458.6300048828125,455.4800109863281,457.3399963378906,251053.0
2025-10-10 13:30:00+00:00,,,,,,,,,,,460.010009765625,460.6199951171875,456.8699951171875,456.8699951171875,164258.0
2025-10-10 14:30:00+00:00,,,,,,,,,,,447.2850036621094,460.0199890136719,445.42498779296875,459.80999755859375,341273.0
2025-10-10 15:30:00+00:00,,,,,,,,,,,444.9200134277344,447.3500061035156,441.8900146484375,446.8399963378906,296449.0
2025-10-10 16:30:00+00:00,,,,,,,,,,,445.4049987792969,446.2149963378906,443.8299865722656,444.82501220703125,112913.0
2025-10-10 17:30:00+00:00,,,,,,,,,,,445.80999755859375,446.760009765625,444.6122131347656,445.6000061035156,75812.0
2025-10-10 18:30:00+00:00,,,,,,,,,,,444.8999938964844,445.9386901855469,443.8399963378906,445.5299987792969,143711.0
2025-10-10 19:30:00+00:00,,,,,,,,,,,446.3999938964844,447.8949890136719,444.8500061035156,444.95001220703125,269207.0
2025-10-13 13:30:00+00:00,,,,,,,,,,,445.2449951171875,450.0,441.760009765625,449.3699951171875,290941.0
2025-10-13 14:30:00+00:00,,,,,,,,,,,445.0150146484375,446.42999267578125,443.3900146484375,445.364990234375,163410.0
2025-10-13 15:30:00+00:00,,,,,,,,,,,442.30999755859375,445.2174987792969,440.9599914550781,444.9200134277344,151391.0
2025-10-13 16:30:00+00:00,,,,,,,,,,,440.68499755859375,443.1099853515625,440.4049987792969,442.27099609375,148650.0
2025-10-13 17:30:00+00:00,,,,,,,,,,,437.69000244140625,440.69500732421875,437.4549865722656,440.54998779296875,198244.0
2025-10-13 18:30:00+00:00,,,,,,,,,,,439.5450134277344,440.0,437.5899963378906,437.5899963378906,237087.0
2025-10-13 19:30:00+00:00,,,,,,,,,,,438.9200134277344,439.9599914550781,438.5299987792969,439.5799865722656,263606.0
2025-10-14 13:30:00+00:00,,,,,,,,,,,441.7799987792969,443.6050109863281,433.0,436.0799865722656,215656.0
2025-10-14 14:30:00+00:00,,,,,,,,,,,445.94500732421875,446.3999938964844,441.6300048828125,441.79998779296875,154889.0
2025-10-14 15:30:00+00:00,,,,,,,,,,,447.4800109863281,447.7300109863281,445.32000732421875,445.8599853515625,118788.0
2025-10-14 16:30:00+00:00,,,,,,,,,,,448.0320129394531,448.92999267578125,447.42999267578125,447.7099914550781,99716.0
2025-10-14 17:30:00+00:00,,,,,,,,,,,448.17498779296875,448.8999938964844,446.9956970214844,448.0799865722656,125406.0
2025-10-14 18:30:00+00:00,,,,,,,,,,,449.25,449.82501220703125,447.8550109863281,448.0033874511719,127176.0
2025-10-14 19:30:00+00:00,,,,,,,,,,,447.9599914550781,449.2250061035156,445.7900085449219,449.0799865722656,223405.0
2025-10-15 13:30:00+00:00,,,,,,,,,,,450.17999267578125,452.3550109863281,446.30999755859375,449.44000244140625,133809.0
2025-10-15 14:30:00+00:00,,,,,,,,,,,449.07501220703125,450.32501220703125,447.9639892578125,450.32501220703125,58401.0
2025-10-15 15:30:00+00:00,,,,,,,,,,,451.30999755859375,452.0625,447.7699890136719,448.80999755859375,94206.0
2025-10-15 16:30:00+00:00,,,,,,,,,,,448.2250061035156,452.1099853515625,447.6600036621094,451.17999267578125,107220.0
2025-10-15 17:30:00+00:00,,,,,,,,,,,449.95001220703125,451.04998779296875,447.69000244140625,448.3800048828125,105853.0
2025-10-15 18:30:00+00:00,,,,,,,,,,,448.17999267578125,450.6199951171875,447.8900146484375,449.739990234375,81534.0
2025-10-15 19:30:00+00:00,,,,,,,,,,,448.6600036621094,449.1499938964844,446.7099914550781,448.1700134277344,213492.0
2025-10-16 13:30:00+00:00,,,,,,,,,,,447.1600036621094,452.4100036621094,445.5459899902344,450.3500061035156,166476.0
2025-10-16 14:30:00+00:00,,,,,,,,,,,451.67999267578125,453.7799987792969,447.3772888183594,447.44000244140625,185323.0
2025-10-16 15:30:00+00:00,,,,,,,,,,,452.95001220703125,454.1099853515625,451.7200012207031,451.8999938964844,136995.0
2025-10-16 16:30:00+00:00,,,,,,,,,,,454.70001220703125,454.70001220703125,450.3900146484375,452.739990234375,127511.0
2025-10-16 17:30:00+00:00,,,,,,,,,,,453.7099914550781,455.739990234375,452.70001220703125,454.7699890136719,185777.0
2025-10-16 18:30:00+00:00,,,,,,,,,,,455.56500244140625,456.760009765625,453.57000732421875,453.57000732421875,190984.0
2025-10-16 19:30:00+00:00,,,,,,,,,,,457.1700134277344,457.739990234375,454.8900146484375,455.739990234375,374621.0
2025-10-17 13:30:00+00:00,,,,,,,,,,,455.760009765625,465.7049865722656,454.6199951171875,462.5199890136719,276054.0
2025-10-17 14:30:00+00:00,,,,,,,,,,,457.1449890136719,457.5199890136719,454.6099853515625,455.760009765625,96342.0
2025-10-17 15:30:00+00:00,,,,,,,,,,,459.0150146484375,460.0050048828125,457.20001220703125,457.20001220703125,72747.0
2025-10-17 16:30:00+00:00,,,,,,,,,,,456.8349914550781,459.3900146484375,456.8349914550781,459.0350036621094,78243.0
2025-10-17 17:30:00+00:00,,,,,,,,,,,458.8699951171875,458.8800048828125,456.7452087402344,456.82501220703125,76710.0
2025-10-17 18:30:00+00:00,,,,,,,,,,,458.3900146484375,459.0877990722656,457.8599853515625,458.7550048828125,104032.0
2025-10-17 19:30:00+00:00,,,,,,,,,,,458.5,459.6099853515625,457.8399963378906,458.4599914550781,213183.0
2025-10-20 13:30:00+00:00,,,,,,,,,,,460.05999755859375,461.67999267578125,455.8934020996094,457.6099853515625,164767.0
2025-10-20 14:30:00+00:00,,,,,,,,,,,460.9800109863281,461.70001220703125,458.8999938964844,459.4649963378906,88720.0
2025-10-20 15:30:00+00:00,,,,,,,,,,,462.2099914550781,462.3900146484375,459.6000061035156,461.2699890136719,88467.0
2025-10-20 16:30:00+00:00,,,,,,,,,,,463.29998779296875,463.7200012207031,462.4100036621094,462.57501220703125,70040.0
2025-10-20 17:30:00+00:00,,,,,,,,,,,462.81500244140625,463.8900146484375,462.07000732421875,463.0799865722656,54563.0
2025-10-20 18:30:00+00:00,,,,,,,,,,,462.614990234375,462.92999267578125,461.8500061035156,462.80999755859375,67758.0
2025-10-20 19:30:00+00:00,,,,,,,,,,,462.5199890136719,463.260009765625,462.0400085449219,462.44000244140625,130091.0
2025-10-21 13:30:00+00:00,,,,,,,,,,,464.375,464.739990234375,458.75,461.1099853515625,99090.0
2025-10-21 14:30:00+00:00,,,,,,,,,,,465.6000061035156,466.7799987792969,463.7650146484375,464.375,90064.0
2025-10-21 15:30:00+00:00,,,,,,,,,,,464.7250061035156,466.54998779296875,463.6199951171875,465.94000244140625,129110.0
2025-10-21 16:30:00+00:00,,,,,,,,,,,461.1000061035156,464.760009765625,461.0899963378906,464.7099914550781,121860.0
2025-10-21 17:30:00+00:00,,,,,,,,,,,460.95001220703125,461.7900085449219,459.1400146484375,461.30499267578125,116572.0
2025-10-21 18:30:00+00:00,,,,,,,,,,,459.8599853515625,460.9674987792969,459.5,460.6400146484375,93520.0
2025-10-21 19:30:00+00:00,,,,,,,,,,,459.7799987792969,460.739990234375,459.6000061035156,459.9100036621094,160356.0
2025-10-22 13:30:00+00:00,,,,,,,,,,,464.9599914550781,467.0,460.1300048828125,460.1300048828125,265095.0
2025-10-22 14:30:00+00:00,,,,,,,,,,,469.79998779296875,470.5299987792969,464.92498779296875,465.2300109863281,242243.0
2025-10-22 15:30:00+00:00,,,,,,,,,,,467.42999267578125,472.2200012207031,466.7900085449219,470.2300109863281,149406.0
2025-10-22 16:30:00+00:00,,,,,,,,,,,466.5199890136719,468.8500061035156,464.6499938964844,467.260009765625,95262.0
2025-10-22 17:30:00+00:00,,,,,,,,,,,464.68499755859375,466.75,463.6400146484375,466.4800109863281,87473.0
2025-10-22 18:30:00+00:00,,,,,,,,,,,463.6000061035156,465.1300048828125,462.7699890136719,464.67999267578125,99706.0
2025-10-22 19:30:00+00:00,,,,,,,,,,,462.3500061035156,463.9100036621094,462.17999267578125,463.5249938964844,158156.0
2025-10-23 13:30:00+00:00,,,,,,,,,,,462.5150146484375,468.4999084472656,460.7099914550781,465.55999755859375,171980.0
2025-10-23 14:30:00+00:00,,,,,,,,,,,463.375,464.7699890136719,461.5199890136719,462.0299987792969,121410.0
2025-10-23 15:30:00+00:00,,,,,,,,,,,462.510009765625,464.0199890136719,462.0,463.5199890136719,74808.0
2025-10-23 16:30:00+00:00,,,,,,,,,,,462.6200866699219,463.5899963378906,461.2099914550781,462.489990234375,122651.0
2025-10-23 17:30:00+00:00,,,,,,,,,,,467.5799865722656,467.7300109863281,462.8500061035156,462.8500061035156,159164.0
2025-10-23 18:30:00+00:00,,,,,,,,,,,469.4700012207031,469.73760986328125,467.3599853515625,467.5799865722656,166621.0
2025-10-23 19:30:00+00:00,,,,,,,,,,,469.5299987792969,469.989990234375,468.3599853515625,469.57000732421875,189114.0
2025-10-24 13:30:00+00:00,,,,,,,,,,,471.94500732421875,477.6000061035156,471.6499938964844,473.45001220703125,283591.0
2025-10-24 14:30:00+00:00,,,,,,,,,,,472.3699951171875,474.1700134277344,470.8299865722656,471.94500732421875,145150.0
2025-10-24 15:30:00+00:00,,,,,,,,,,,471.5,472.80999755859375,470.6700134277344,472.55999755859375,106795.0
2025-10-24 16:30:00+00:00,,,,,,,,,,,471.6921081542969,472.2449951171875,470.5462951660156,471.70001220703125,82458.0
2025-10-24 17:30:00+00:00,,,,,,,,,,,471.7099914550781,472.1300048828125,471.2650146484375,471.80999755859375,71721.0
2025-10-24 18:30:00+00:00,,,,,,,,,,,473.5849914550781,473.79638671875,471.5799865722656,471.7200012207031,92171.0
2025-10-24 19:30:00+00:00,,,,,,,,,,,473.010009765625,474.2099914550781,472.6650085449219,473.4800109863281,251944.0
2025-10-27 13:30:00+00:00,,,,,,,,,,,481.0299987792969,483.0,478.5799865722656,480.55999755859375,225286.0
2025-10-27 14:30:00+00:00,,,,,,,,,,,477.3800048828125,481.0050048828125,476.6000061035156,480.4649963378906,155754.0
2025-10-27 15:30:00+00:00,,,,,,,,,,,476.760009765625,477.889892578125,475.6199951171875,477.5799865722656,133256.0
2025-10-27 16:30:00+00:00,,,,,,,,,,,475.25,476.5849914550781,474.16009521484375,476.5849914550781,56679.0
2025-10-27 17:30:00+00:00,,,,,,,,,,,475.8900146484375,476.1799011230469,475.17498779296875,475.4200134277344,49077.0
2025-10-27 18:30:00+00:00,,,,,,,,,,,475.8900146484375,476.70001220703125,475.5,475.7626037597656,73316.0
2025-10-27 19:30:00+00:00,,,,,,,,,,,478.2099914550781,478.5299987792969,475.7099914550781,476.0,286525.0
2025-10-28 13:30:00+00:00,,,,,,,,,,,474.1199951171875,476.5,472.0,475.45001220703125,137456.0
2025-10-28 14:30:00+00:00,,,,,,,,,,,472.1724853515625,474.9100036621094,472.0,474.1199951171875,66096.0
2025-10-28 15:30:00+00:00,,,,,,,,,,,470.6285095214844,472.32000732421875,470.1600036621094,472.2749938964844,92851.0
2025-10-28 16:30:00+00:00,,,,,,,,,,,471.2699890136719,472.3832092285156,470.05999755859375,470.4100036621094,98268.0
2025-10-28 17:30:00+00:00,,,,,,,,,,,470.70001220703125,471.2879943847656,469.0,471.2250061035156,93939.0
2025-10-28 18:30:00+00:00,,,,,,,,,,,469.20001220703125,471.0589904785156,467.8800048828125,470.7099914550781,86941.0
2025-10-28 19:30:00+00:00,,,,,,,,,,,468.3399963378906,469.7200012207031,468.05999755859375,469.20001220703125,204436.0
2025-10-29 13:30:00+00:00,,,,,,,,,,,473.81500244140625,477.8919982910156,469.0299987792969,471.8399963378906,163058.0
2025-10-29 14:30:00+00:00,,,,,,,,,,,475.04998779296875,475.4891052246094,472.4013977050781,473.9049987792969,88457.0
2025-10-29 15:30:00+00:00,,,,,,,,,,,474.4800109863281,475.89990234375,474.0700988769531,474.7900085449219,71346.0
2025-10-29 16:30:00+00:00,,,,,,,,,,,472.43499755859375,474.9898986816406,472.2099914550781,474.4100036621094,68575.0
2025-10-29 17:30:00+00:00,,,,,,,,,,,474.6099853515625,475.5050048828125,471.6600036621094,472.510009765625,104250.0
2025-10-29 18:30:00+00:00,,,,,,,,,,,473.3800048828125,476.0450134277344,472.67999267578125,474.6199951171875,177937.0
2025-10-29 19:30:00+00:00,,,,,,,,,,,473.55999755859375,474.3900146484375,472.29998779296875,473.1199951171875,211030.0
2025-10-30 13:30:00+00:00,,,,,,,,,,,477.8599853515625,478.5899963378906,470.0,472.1400146484375,128985.0
2025-10-30 14:30:00+00:00,,,,,,,,,,,476.2650146484375,479.8099060058594,476.2650146484375,478.25,81890.0
2025-10-30 15:30:00+00:00,,,,,,,,,,,473.55999755859375,476.75360107421875,472.91900634765625,476.510009765625,151859.0
2025-10-30 16:30:00+00:00,,,,,,,,,,,473.45001220703125,474.1099853515625,471.7950134277344,473.55999755859375,63992.0
2025-10-30 17:30:00+00:00,,,,,,,,,,,470.6300048828125,473.5011901855469,470.4049987792969,473.5011901855469,71054.0
2025-10-30 18:30:00+00:00,,,,,,,,,,,468.9750061035156,471.3074951171875,467.57000732421875,470.760009765625,122856.0
2025-10-30 19:30:00+00:00,,,,,,,,,,,465.4100036621094,469.19000244140625,465.2699890136719,469.0,232236.0
2025-10-31 13:30:00+00:00,,,,,,,,,,,463.18499755859375,464.05499267578125,458.7200012207031,463.57000732421875,211388.0
2025-10-31 14:30:00+00:00,,,,,,,,,,,462.22198486328125,464.5400085449219,461.79998779296875,462.9849853515625,101175.0
2025-10-31 15:30:00+00:00,,,,,,,,,,,461.92999267578125,462.4700012207031,460.05999755859375,462.1650085449219,104927.0
2025-10-31 16:30:00+00:00,,,,,,,,,,,459.2049865722656,461.8999938964844,458.8800048828125,461.7900085449219,62023.0
2025-10-31 17:30:00+00:00,,,,,,,,,,,461.8399963378906,462.1000061035156,458.8900146484375,459.2200012207031,84293.0
2025-10-31 18:30:00+00:00,,,,,,,,,,,463.45001220703125,463.5,461.63751220703125,461.8900146484375,91846.0
2025-10-31 19:30:00+00:00,,,,,,,,,,,461.6700134277344,464.0,461.1099853515625,463.5400085449219,217805.0
2025-11-03 14:30:00+00:00,,,,,,,,,,,457.9599914550781,460.9200134277344,454.5,459.79998779296875,151018.0
2025-11-03 15:30:00+00:00,,,,,,,,,,,460.1700134277344,461.25,457.4100036621094,457.9574890136719,62666.0
2025-11-03 16:30:00+00:00,,,,,,,,,,,461.98748779296875,463.6000061035156,460.0899963378906,460.0899963378906,65937.0
2025-11-03 17:30:00+00:00,,,,,,,,,,,461.0975036621094,462.25,460.5199890136719,461.9750061035156,73410.0
2025-11-03 18:30:00+00:00,,,,,,,,,,,463.79998779296875,463.79998779296875,460.25250244140625,461.1600036621094,125689.0
2025-11-03 19:30:00+00:00,,,,,,,,,,,461.6449890136719,463.79998779296875,461.5975036621094,463.79998779296875,117756.0
2025-11-03 20:30:00+00:00,,,,,,,,,,,462.05999755859375,462.5,460.8800048828125,461.6099853515625,217624.0
2025-11-04 14:30:00+00:00,,,,,,,,,,,465.5400085449219,466.2099914550781,456.0,457.2900085449219,264655.0
2025-11-04 15:30:00+00:00,,,,,,,,,,,466.4049987792969,466.6300048828125,464.5400085449219,465.5400085449219,220889.0
2025-11-04 16:30:00+00:00,,,,,,,,,,,467.05499267578125,468.5799865722656,465.9599914550781,466.4049987792969,200209.0
2025-11-04 17:30:00+00:00,,,,,,,,,,,466.8800048828125,467.6700134277344,465.8500061035156,467.05499267578125,123122.0
2025-11-04 18:30:00+00:00,,,,,,,,,,,467.6700134277344,468.2298889160156,466.8450012207031,466.8475036621094,107825.0
2025-11-04 19:30:00+00:00,,,,,,,,,,,468.2900085449219,468.3349914550781,465.85009765625,467.70001220703125,124662.0
2025-11-04 20:30:00+00:00,,,,,,,,,,,468.3399963378906,469.6700134277344,467.49609375,468.2699890136719,244437.0
2025-11-05 14:30:00+00:00,,,,,,,,,,,469.17999267578125,471.7703857421875,467.20001220703125,468.0,95274.0
2025-11-05 15:30:00+00:00,,,,,,,,,,,468.3500061035156,469.67999267578125,466.3999938964844,469.1300048828125,48699.0
2025-11-05 16:30:00+00:00,,,,,,,,,,,473.3999938964844,473.7149963378906,467.8089904785156,468.010009765625,69350.0
2025-11-05 17:30:00+00:00,,,,,,,,,,,473.7049865722656,474.8299865722656,473.0,473.44000244140625,86861.0
2025-11-05 18:30:00+00:00,,,,,,,,,,,475.1449890136719,475.5400085449219,473.45001220703125,473.7049865722656,110582.0
2025-11-05 19:30:00+00:00,,,,,,,,,,,475.3299865722656,476.2900085449219,474.70001220703125,475.0299987792969,109699.0
2025-11-05 20:30:00+00:00,,,,,,,,,,,473.7300109863281,475.5400085449219,473.7300109863281,475.32000732421875,157442.0
2025-11-06 14:30:00+00:00,,,,,,,,,,,474.6700134277344,478.1050109863281,472.8599853515625,475.1400146484375,144464.0
2025-11-06 15:30:00+00:00,,,,,,,,,,,470.80999755859375,475.44000244140625,470.0,474.0799865722656,119423.0
2025-11-06 16:30:00+00:00,,,,,,,,,,,471.3568115234375,471.80999755859375,470.17010498046875,470.8800048828125,69089.0
2025-11-06 17:30:00+00:00,,,,,,,,,,,470.79998779296875,472.6499938964844,469.5199890136719,471.1925048828125,55147.0
2025-11-06 18:30:00+00:00,,,,,,,,,,,472.364990234375,472.6199951171875,470.6300048828125,470.7900085449219,81318.0
2025-11-06 19:30:00+00:00,,,,,,,,,,,478.5799865722656,481.2799987792969,471.489990234375,472.3699951171875,270466.0
2025-11-06 20:30:00+00:00,,,,,,,,,,,475.29998779296875,478.5799865722656,474.29998779296875,478.5799865722656,267909.0
2025-11-07 14:30:00+00:00,,,,,,,,,,,467.9549865722656,471.25,457.6499938964844,463.9200134277344,329275.0
2025-11-07 15:30:00+00:00,,,,,,,,,,,466.2950134277344,470.67999267578125,465.3450012207031,468.3999938964844,274198.0
2025-11-07 16:30:00+00:00,,,,,,,,,,,464.9700012207031,466.6700134277344,463.2349853515625,466.0899963378906,190289.0
2025-11-07 17:30:00+00:00,,,,,,,,,,,463.6700134277344,464.82989501953125,462.82000732421875,464.6499938964844,121076.0
2025-11-07 18:30:00+00:00,,,,,,,,,,,464.7850036621094,465.79998779296875,462.8900146484375,463.7099914550781,153049.0
2025-11-07 19:30:00+00:00,,,,,,,,,,,467.2300109863281,468.239990234375,464.8999938964844,464.9700012207031,150101.0
2025-11-07 20:30:00+00:00,,,,,,,,,,,467.70001220703125,468.4200134277344,466.3800048828125,467.44000244140625,265065.0
2025-11-10 14:30:00+00:00,,,,,,,,,,,466.8800048828125,470.43218994140625,463.67999267578125,468.8999938964844,113755.0
2025-11-10 15:30:00+00:00,,,,,,,,,,,469.1000061035156,469.3800048828125,465.6300048828125,467.2799072265625,87886.0
2025-11-10 16:30:00+00:00,,,,,,,,,,,471.6499938964844,472.0,468.8299865722656,469.1199951171875,65389.0
2025-11-10 17:30:00+00:00,,,,,,,,,,,473.32000732421875,474.3800048828125,471.501708984375,471.501708984375,62598.0
2025-11-10 18:30:00+00:00,,,,,,,,,,,474.7431945800781,475.55499267578125,473.1400146484375,473.3599853515625,89555.0
2025-11-10 19:30:00+00:00,,,,,,,,,,,476.1000061035156,476.2699890136719,474.310791015625,474.8900146484375,71412.0
2025-11-10 20:30:00+00:00,,,,,,,,,,,474.3999938964844,476.54998779296875,474.3500061035156,475.8800048828125,156451.0
2025-11-11 14:30:00+00:00,,,,,,,,,,,476.54998779296875,476.54998779296875,472.0101013183594,474.55999755859375,205575.0
2025-11-11 15:30:00+00:00,,,,,,,,,,,476.6549987792969,478.1650085449219,475.7900085449219,476.44000244140625,80986.0
2025-11-11 16:30:00+00:00,,,,,,,,,,,477.1199951171875,478.27520751953125,476.6199951171875,476.67498779296875,50439.0
2025-11-11 17:30:00+00:00,,,,,,,,,,,478.9049987792969,479.07000732421875,477.29998779296875,477.5950012207031,51109.0
2025-11-11 18:30:00+00:00,,,,,,,,,,,479.989990234375,480.2200012207031,478.7900085449219,478.8450012207031,91451.0
2025-11-11 19:30:00+00:00,,,,,,,,,,,477.8550109863281,480.0,477.48309326171875,479.9049987792969,122207.0
2025-11-11 20:30:00+00:00,,,,,,,,,,,478.010009765625,478.3515930175781,477.1050109863281,477.8550109863281,175860.0
2025-11-12 14:30:00+00:00,,,,,,,,,,,480.68499755859375,483.3299865722656,478.4200134277344,479.0,122113.0
2025-11-12 15:30:00+00:00,,,,,,,,,,,483.7300109863281,484.92999267578125,479.3900146484375,480.68499755859375,80140.0
2025-11-12 16:30:00+00:00,,,,,,,,,,,481.3399963378906,484.1400146484375,480.8999938964844,483.6650085449219,77599.0
2025-11-12 17:30:00+00:00,,,,,,,,,,,479.0849914550781,482.5150146484375,478.8699951171875,481.4700012207031,75165.0
2025-11-12 18:30:00+00:00,,,,,,,,,,,479.1440124511719,479.6400146484375,477.7699890136719,479.0775146484375,84430.0
2025-11-12 19:30:00+00:00,,,,,,,,,,,479.44000244140625,479.8500061035156,478.04998779296875,479.06500244140625,77173.0
2025-11-12 20:30:00+00:00,,,,,,,,,,,480.55999755859375,482.6600036621094,478.7799987792969,479.3999938964844,356758.0
2025-11-13 14:30:00+00:00,,,,,,,,,,,482.29998779296875,482.7850036621094,478.2900085449219,481.32000732421875,146049.0
2025-11-13 15:30:00+00:00,,,,,,,,,,,477.1050109863281,482.75,476.4200134277344,482.5,110220.0
2025-11-13 16:30:00+00:00,,,,,,,,,,,477.5249938964844,479.489990234375,476.05999755859375,476.9800109863281,90249.0
2025-11-13 17:30:00+00:00,,,,,,,,,,,477.4800109863281,478.8900146484375,476.9949951171875,477.760009765625,66093.0
2025-11-13 18:30:00+00:00,,,,,,,,,,,479.010009765625,479.4100036621094,476.55999755859375,477.29998779296875,102628.0
2025-11-13 19:30:00+00:00,,,,,,,,,,,474.2099914550781,479.0899963378906,473.25,479.010009765625,137199.0
2025-11-13 20:30:00+00:00,,,,,,,,,,,473.57000732421875,474.80999755859375,472.8900146484375,474.2149963378906,194270.0
2025-11-14 14:30:00+00:00,,,,,,,,,,,475.4800109863281,479.6499938964844,471.0,473.2900085449219,220946.0
2025-11-14 15:30:00+00:00,,,,,,,,,,,478.4399108886719,478.4399108886719,474.5400085449219,475.489990234375,116150.0
2025-11-14 16:30:00+00:00,,,,,,,,,,,477.3999938964844,479.2900085449219,476.760009765625,478.2099914550781,116202.0
2025-11-14 17:30:00+00:00,,,,,,,,,,,476.3699951171875,477.8699951171875,475.45001220703125,477.1400146484375,131586.0
2025-11-14 18:30:00+00:00,,,,,,,,,,,475.69000244140625,476.5,474.2099914550781,476.3699951171875,78922.0
2025-11-14 19:30:00+00:00,,,,,,,,,,,475.7200012207031,476.5,474.30999755859375,475.39801025390625,111604.0
2025-11-14 20:30:00+00:00,,,,,,,,,,,476.05999755859375,477.04998779296875,475.510009765625,475.6600036621094,183814.0
2025-11-17 14:30:00+00:00,,,,,,,,,,,477.0740051269531,478.3399963378906,473.32000732421875,475.2699890136719,162578.0
2025-11-17 15:30:00+00:00,,,,,,,,,,,474.67999267578125,477.5899963378906,473.1077880859375,477.5400085449219,100921.0
2025-11-17 16:30:00+00:00,,,,,,,,,,,477.6000061035156,477.79998779296875,474.510009765625,474.7900085449219,89139.0
2025-11-17 17:30:00+00:00,,,,,,,,,,,478.1000061035156,478.2900085449219,476.9100036621094,477.67999267578125,99053.0
2025-11-17 18:30:00+00:00,,,,,,,,,,,478.6400146484375,479.760009765625,477.30999755859375,477.8999938964844,162672.0
2025-11-17 19:30:00+00:00,,,,,,,,,,,476.0,478.82501220703125,475.04998779296875,478.4949951171875,202271.0
2025-11-17 20:30:00+00:00,,,,,,,,,,,475.8399963378906,476.57989501953125,474.57000732421875,475.9750061035156,313559.0
2025-11-18 14:30:00+00:00,,,,,,,,,,,473.42999267578125,476.32000732421875,470.0,471.4700012207031,194442.0
2025-11-18 15:30:00+00:00,,,,,,,,,,,473.0799865722656,475.3800048828125,471.54998779296875,473.6099853515625,124283.0
2025-11-18 16:30:00+00:00,,,,,,,,,,,472.1650085449219,474.4880065917969,471.9822998046875,473.1499938964844,94146.0
2025-11-18 17:30:00+00:00,,,,,,,,,,,475.9599914550781,476.510009765625,471.54998779296875,472.1600036621094,81500.0
2025-11-18 18:30:00+00:00,,,,,,,,,,,475.8299865722656,477.0799865722656,474.8999938964844,475.9599914550781,75116.0
2025-11-18 19:30:00+00:00,,,,,,,,,,,474.17498779296875,477.1199951171875,473.9547119140625,475.8399963378906,76823.0
2025-11-18 20:30:00+00:00,,,,,,,,,,,473.8699951171875,474.92999267578125,473.760009765625,474.17498779296875,214631.0
2025-11-19 14:30:00+00:00,,,,,,,,,,,473.8550109863281,476.2200012207031,468.1600036621094,474.3599853515625,152714.0
2025-11-19 15:30:00+00:00,,,,,,,,,,,472.05499267578125,474.7900085449219,471.67999267578125,473.75,90608.0
2025-11-19 16:30:00+00:00,,,,,,,,,,,474.6700134277344,474.6700134277344,470.7349853515625,472.45989990234375,114250.0
2025-11-19 17:30:00+00:00,,,,,,,,,,,474.7149963378906,475.760009765625,473.57000732421875,474.6700134277344,79036.0
2025-11-19 18:30:00+00:00,,,,,,,,,,,471.5799865722656,476.1000061035156,471.07000732421875,474.8900146484375,212254.0
2025-11-19 19:30:00+00:00,,,,,,,,,,,475.25,476.3949890136719,471.18499755859375,471.18499755859375,121381.0
2025-11-19 20:30:00+00:00,,,,,,,,,,,474.7799987792969,475.32720947265625,473.9200134277344,475.25,251138.0
2025-11-20 14:30:00+00:00,,,,,,,,,,,483.57000732421875,484.2099914550781,477.5,478.0,219552.0
2025-11-20 15:30:00+00:00,,,,,,,,,,,477.75,484.05999755859375,477.2900085449219,484.05999755859375,156608.0
2025-11-20 16:30:00+00:00,,,,,,,,,,,476.114990234375,478.239990234375,475.3529357910156,477.75,211706.0
2025-11-20 17:30:00+00:00,,,,,,,,,,,476.7149963378906,478.1099853515625,473.7099914550781,476.3399963378906,166538.0
2025-11-20 18:30:00+00:00,,,,,,,,,,,478.55999755859375,478.5899963378906,474.6600036621094,476.7149963378906,126153.0
2025-11-20 19:30:00+00:00,,,,,,,,,,,477.8800048828125,479.0199890136719,476.8500061035156,478.3800048828125,141912.0
2025-11-20 20:30:00+00:00,,,,,,,,,,,476.5299987792969,478.20001220703125,475.7449951171875,478.0400085449219,295367.0
2025-11-21 14:30:00+00:00,,,,,,,,,,,485.4674987792969,487.6000061035156,476.510009765625,477.6400146484375,255200.0
2025-11-21 15:30:00+00:00,,,,,,,,,,,486.0,486.70001220703125,484.0299987792969,485.3999938964844,215013.0
2025-11-21 16:30:00+00:00,,,,,,,,,,,489.5126037597656,490.42999267578125,484.9599914550781,485.9200134277344,348991.0
2025-11-21 17:30:00+00:00,,,,,,,,,,,486.1700134277344,490.0,484.44500732421875,489.5849914550781,167239.0
2025-11-21 18:30:00+00:00,,,,,,,,,,,490.489990234375,490.9299011230469,486.1549987792969,486.1549987792969,89411.0
2025-11-21 19:30:00+00:00,,,,,,,,,,,486.7300109863281,491.0400085449219,486.7149963378906,490.6499938964844,200265.0
2025-11-21 20:30:00+00:00,,,,,,,,,,,487.2900085449219,487.7699890136719,485.82000732421875,486.7200012207031,302245.0
2025-11-24 14:30:00+00:00,,,,,,,,,,,486.760009765625,489.8900146484375,484.1000061035156,488.6199951171875,355365.0
2025-11-24 15:30:00+00:00,,,,,,,,,,,490.7650146484375,492.05999755859375,486.3999938964844,486.8599853515625,151441.0
2025-11-24 16:30:00+00:00,,,,,,,,,,,491.55999755859375,491.8699951171875,489.7601013183594,490.7850036621094,113672.0
2025-11-24 17:30:00+00:00,,,,,,,,,,,492.9700012207031,493.9200134277344,490.8699951171875,491.55999755859375,118298.0
2025-11-24 18:30:00+00:00,,,,,,,,,,,491.6000061035156,494.30999755859375,491.2362976074219,492.7699890136719,122879.0
2025-11-24 19:30:00+00:00,,,,,,,,,,,491.2799987792969,491.7699890136719,490.5299987792969,491.7550048828125,178620.0
2025-11-24 20:30:00+00:00,,,,,,,,,,,487.2200012207031,491.6099853515625,487.19000244140625,491.1300048828125,349551.0
2025-11-25 14:30:00+00:00,,,,,,,,,,,493.67999267578125,493.80999755859375,488.2149963378906,490.05999755859375,297951.0
2025-11-25 15:30:00+00:00,,,,,,,,,,,497.4100036621094,498.1300048828125,493.5400085449219,493.6400146484375,262484.0
2025-11-25 16:30:00+00:00,,,,,,,,,,,499.8800048828125,500.5199890136719,497.44500732421875,497.4700012207031,318182.0
2025-11-25 17:30:00+00:00,,,,,,,,,,,499.29998779296875,500.3500061035156,498.5299987792969,499.7950134277344,153691.0
2025-11-25 18:30:00+00:00,,,,,,,,,,,498.3450012207031,499.3800048828125,497.79998779296875,499.1650085449219,186962.0
2025-11-25 19:30:00+00:00,,,,,,,,,,,499.010009765625,499.94000244140625,497.92999267578125,498.4700012207031,228799.0
2025-11-25 20:30:00+00:00,,,,,,,,,,,498.2300109863281,500.260009765625,498.04998779296875,499.0,419942.0
2025-11-26 14:30:00+00:00,,,,,,,,,,,480.8299865722656,487.82000732421875,470.5,477.1300048828125,1760153.0
2025-11-26 15:30:00+00:00,,,,,,,,,,,472.9800109863281,481.29998779296875,469.92999267578125,481.0,908597.0
2025-11-26 16:30:00+00:00,,,,,,,,,,,474.739990234375,474.9800109863281,469.7699890136719,472.6600036621094,545482.0
2025-11-26 17:30:00+00:00,,,,,,,,,,,474.92999267578125,477.71990966796875,471.7799987792969,474.75,315778.0
2025-11-26 18:30:00+00:00,,,,,,,,,,,475.92498779296875,476.19000244140625,473.0799865722656,474.9800109863281,247424.0
2025-11-26 19:30:00+00:00,,,,,,,,,,,472.30999755859375,479.239990234375,471.260009765625,476.0799865722656,459483.0
2025-11-26 20:30:00+00:00,,,,,,,,,,,469.67999267578125,472.95001220703125,469.4100036621094,472.0539855957031,888665.0
2025-11-28 14:30:00+00:00,,,,,,,,,,,469.3599853515625,469.7298889160156,463.010009765625,466.9100036621094,527187.0
2025-11-28 15:30:00+00:00,,,,,,,,,,,472.8599853515625,473.42999267578125,469.25,469.25,280833.0
2025-11-28 16:30:00+00:00,,,,,,,,,,,467.56500244140625,473.6700134277344,466.7699890136719,472.92498779296875,237365.0
2025-12-01 14:30:00+00:00,,,,,,,,,,,469.07501220703125,469.4100036621094,461.4100036621094,463.7200012207031,410796.0
2025-12-01 15:30:00+00:00,,,,,,,,,,,471.2900085449219,473.4999084472656,469.07501220703125,469.07501220703125,215651.0
2025-12-01 16:30:00+00:00,,,,,,,,,,,473.489990234375,474.3500061035156,470.66009521484375,471.1099853515625,129508.0
2025-12-01 17:30:00+00:00,,,,,,,,,,,473.2799987792969,474.5,472.9599914550781,473.4849853515625,126399.0
2025-12-01 18:30:00+00:00,,,,,,,,,,,471.1099853515625,473.8399963378906,471.010009765625,473.2699890136719,126906.0
2025-12-01 19:30:00+00:00,,,,,,,,,,,470.8399963378906,471.260009765625,469.9700012207031,471.010009765625,169985.0
2025-12-01 20:30:00+00:00,,,,,,,,,,,468.1499938964844,471.239990234375,467.4200134277344,470.94000244140625,359175.0
2025-12-02 14:30:00+00:00,,,,,,,,,,,470.4100036621094,472.6400146484375,468.1000061035156,471.7200012207031,187605.0
2025-12-02 15:30:00+00:00,,,,,,,,,,,472.3399963378906,473.7699890136719,469.2099914550781,470.2200012207031,135329.0
2025-12-02 16:30:00+00:00,,,,,,,,,,,472.8399963378906,473.2699890136719,470.5199890136719,472.3399963378906,131747.0
2025-12-02 17:30:00+00:00,,,,,,,,,,,468.489990234375,473.54998779296875,467.760009765625,473.05999755859375,112704.0
2025-12-02 18:30:00+00:00,,,,,,,,,,,468.3699951171875,471.79998779296875,466.8800048828125,468.6000061035156,105818.0
2025-12-02 19:30:00+00:00,,,,,,,,,,,469.43499755859375,469.75,466.42999267578125,468.42999267578125,141178.0
2025-12-02 20:30:00+00:00,,,,,,,,,,,469.1099853515625,470.80999755859375,468.6700134277344,469.5799865722656,214129.0
2025-12-03 14:30:00+00:00,,,,,,,,,,,472.29998779296875,474.1719970703125,468.55999755859375,471.0,140857.0
2025-12-03 15:30:00+00:00,,,,,,,,,,,476.1700134277344,476.80999755859375,471.9700012207031,472.25,123104.0
2025-12-03 16:30:00+00:00,,,,,,,,,,,477.0350036621094,477.34991455078125,474.760009765625,476.1050109863281,93336.0
2025-12-03 17:30:00+00:00,,,,,,,,,,,477.7300109863281,477.8599853515625,476.6600036621094,476.8999938964844,57406.0
2025-12-03 18:30:00+00:00,,,,,,,,,,,480.56500244140625,481.4100036621094,477.75,477.8399963378906,124551.0
2025-12-03 19:30:00+00:00,,,,,,,,,,,480.5899963378906,481.20001220703125,480.0899963378906,480.57000732421875,104836.0
2025-12-03 20:30:00+00:00,,,,,,,,,,,481.92498779296875,482.45001220703125,480.75,480.82000732421875,218423.0
2025-12-04 14:30:00+00:00,,,,,,,,,,,480.45001220703125,483.5,475.2099914550781,480.989990234375,213976.0
2025-12-04 15:30:00+00:00,,,,,,,,,,,481.4649963378906,482.4800109863281,479.5700988769531,480.54998779296875,213623.0
2025-12-04 16:30:00+00:00,,,,,,,,,,,482.1700134277344,482.7300109863281,480.7799987792969,481.2799987792969,114752.0
2025-12-04 17:30:00+00:00,,,,,,,,,,,481.4700012207031,483.05499267578125,481.0273132324219,482.2200012207031,77951.0
2025-12-04 18:30:00+00:00,,,,,,,,,,,482.6300048828125,483.19989013671875,481.2699890136719,481.5799865722656,106467.0
2025-12-04 19:30:00+00:00,,,,,,,,,,,481.2950134277344,483.4100036621094,479.0299987792969,482.75,130637.0
2025-12-04 20:30:00+00:00,,,,,,,,,,,483.010009765625,483.010009765625,481.18499755859375,481.42999267578125,242951.0
2025-12-05 14:30:00+00:00,,,,,,,,,,,483.989990234375,484.79998779296875,480.010009765625,481.3900146484375,125303.0
2025-12-05 15:30:00+00:00,,,,,,,,,,,484.4599914550781,485.44000244140625,483.67999267578125,484.20001220703125,94936.0
2025-12-05 16:30:00+00:00,,,,,,,,,,,480.67498779296875,484.6199951171875,479.55999755859375,484.44000244140625,148387.0
2025-12-05 17:30:00+00:00,,,,,,,,,,,478.49749755859375,482.25,478.3399963378906,480.67498779296875,104201.0
2025-12-05 18:30:00+00:00,,,,,,,,,,,479.0600891113281,480.2799987792969,477.0249938964844,478.5799865722656,155422.0
2025-12-05 19:30:00+00:00,,,,,,,,,,,477.260009765625,480.3699951171875,477.260009765625,479.5,55511.0
2025-12-05 20:30:00+00:00,,,,,,,,,,,474.989990234375,477.2550048828125,473.69000244140625,477.2550048828125,291692.0
2025-12-08 14:30:00+00:00,,,,,,,,,,,479.4100036621094,479.4100036621094,472.5,479.0199890136719,131498.0
2025-12-08 15:30:00+00:00,,,,,,,,,,,479.9800109863281,488.989990234375,473.96099853515625,479.4100036621094,366384.0
2025-12-08 16:30:00+00:00,,,,,,,,,,,472.8550109863281,479.9800109863281,471.29998779296875,479.9800109863281,162192.0
2025-12-08 17:30:00+00:00,,,,,,,,,,,475.8800048828125,477.4100036621094,472.8699951171875,472.8999938964844,128620.0
2025-12-08 18:30:00+00:00,,,,,,,,,,,475.3800048828125,476.0465087890625,474.6099853515625,475.8900146484375,79175.0
2025-12-08 19:30:00+00:00,,,,,,,,,,,465.4049987792969,475.8999938964844,465.260009765625,475.5199890136719,526362.0
2025-12-08 20:30:00+00:00,,,,,,,,,,,466.42999267578125,467.0498962402344,464.9150085449219,465.2799987792969,263472.0
2025-12-09 14:30:00+00:00,,,,,,,,,,,465.5400085449219,469.32000732421875,463.822998046875,464.8900146484375,124213.0
2025-12-09 15:30:00+00:00,,,,,,,,,,,466.38751220703125,467.489990234375,465.1000061035156,465.989990234375,74715.0
2025-12-09 16:30:00+00:00,,,,,,,,,,,465.17999267578125,468.0,463.875,466.2699890136719,138732.0
2025-12-09 17:30:00+00:00,,,,,,,,,,,463.32501220703125,465.19000244140625,463.1400146484375,465.19000244140625,69526.0
2025-12-09 18:30:00+00:00,,,,,,,,,,,463.1499938964844,464.3399963378906,461.92999267578125,463.32501220703125,126809.0
2025-12-09 19:30:00+00:00,,,,,,,,,,,462.760009765625,463.989990234375,461.79998779296875,463.1099853515625,126080.0
2025-12-09 20:30:00+00:00,,,,,,,,,,,462.8399963378906,463.739990234375,462.2099914550781,462.9849853515625,178033.0
2025-12-10 14:30:00+00:00,,,,,,,,,,,458.1549987792969,462.6499938964844,455.9049987792969,462.6499938964844,202570.0
2025-12-10 15:30:00+00:00,,,,,,,,,,,462.3299865722656,463.3699951171875,457.0799865722656,458.1549987792969,147412.0
2025-12-10 16:30:00+00:00,,,,,,,,,,,461.3500061035156,462.4599914550781,460.8699951171875,462.2550048828125,81456.0
2025-12-10 17:30:00+00:00,,,,,,,,,,,462.2300109863281,462.5799865722656,460.9100036621094,461.2449951171875,67133.0
2025-12-10 18:30:00+00:00,,,,,,,,,,,462.44000244140625,464.30999755859375,461.3505859375,462.2200012207031,137029.0
2025-12-10 19:30:00+00:00,,,,,,,,,,,468.6300048828125,469.9700012207031,462.7250061035156,463.010009765625,198761.0
2025-12-10 20:30:00+00:00,,,,,,,,,,,469.05999755859375,469.55999755859375,467.6199951171875,468.3399963378906,224209.0
2025-12-11 14:30:00+00:00,,,,,,,,,,,477.875,478.95001220703125,470.1300048828125,471.8800048828125,218121.0
2025-12-11 15:30:00+00:00,,,,,,,,,,,478.4750061035156,480.3500061035156,477.5,477.989990234375,110981.0
2025-12-11 16:30:00+00:00,,,,,,,,,,,480.20001220703125,480.4200134277344,477.864501953125,478.2200012207031,91141.0
2025-12-11 17:30:00+00:00,,,,,,,,,,,479.81451416015625,480.743896484375,478.6050109863281,480.06500244140625,58001.0
2025-12-11 18:30:00+00:00,,,,,,,,,,,477.79998779296875,480.239990234375,477.49200439453125,479.8450012207031,95960.0
2025-12-11 19:30:00+00:00,,,,,,,,,,,476.79998779296875,478.2099914550781,476.3800964355469,477.8999938964844,123592.0
2025-12-11 20:30:00+00:00,,,,,,,,,,,476.010009765625,477.4200134277344,475.239990234375,476.7099914550781,221916.0
2025-12-12 14:30:00+00:00,,,,,,,,,,,484.25,485.69000244140625,477.6000061035156,478.2200012207031,403060.0
2025-12-12 15:30:00+00:00,,,,,,,,,,,486.7699890136719,487.1650085449219,484.0557861328125,484.25,229148.0
2025-12-12 16:30:00+00:00,,,,,,,,,,,480.125,486.7298889160156,480.0,486.5150146484375,206940.0
2025-12-12 17:30:00+00:00,,,,,,,,,,,483.3599853515625,483.7699890136719,480.125,480.125,130961.0
2025-12-12 18:30:00+00:00,,,,,,,,,,,483.4649963378906,484.7099914550781,482.9200134277344,483.3900146484375,88112.0
2025-12-12 19:30:00+00:00,,,,,,,,,,,485.2200012207031,485.75,483.510009765625,483.5199890136719,159994.0
2025-12-12 20:30:00+00:00,,,,,,,,,,,484.82000732421875,485.3500061035156,480.6300048828125,485.1099853515625,361499.0
2025-12-15 14:30:00+00:00,,,,,,,,,,,486.30999755859375,488.989990234375,484.79998779296875,484.79998779296875,300088.0
2025-12-15 15:30:00+00:00,,,,,,,,,,,488.6549987792969,488.9299011230469,485.6400146484375,486.4599914550781,141069.0
2025-12-15 16:30:00+00:00,,,,,,,,,,,486.7850036621094,488.7200012207031,485.9800109863281,488.5950012207031,139391.0
2025-12-15 17:30:00+00:00,,,,,,,,,,,485.6700134277344,487.32000732421875,485.1300048828125,486.7799987792969,190713.0
2025-12-15 18:30:00+00:00,,,,,,,,,,,486.7749938964844,486.9200134277344,485.3915100097656,485.70001220703125,159425.0
2025-12-15 19:30:00+00:00,,,,,,,,,,,488.2699890136719,488.3900146484375,486.8800048828125,486.8800048828125,135643.0
2025-12-15 20:30:00+00:00,,,,,,,,,,,488.07000732421875,488.3900146484375,487.125,488.239990234375,194493.0
2025-12-16 14:30:00+00:00,,,,,,,,,,,487.489990234375,489.1499938964844,485.70001220703125,487.0,152027.0
2025-12-16 15:30:00+00:00,,,,,,,,,,,486.93499755859375,488.70001220703125,486.739990234375,487.375,125854.0
2025-12-16 16:30:00+00:00,,,,,,,,,,,485.8599853515625,487.3599853515625,484.55999755859375,486.93499755859375,187996.0
2025-12-16 17:30:00+00:00,,,,,,,,,,,485.19000244140625,486.2799072265625,484.2049865722656,485.8500061035156,163041.0
2025-12-16 18:30:00+00:00,,,,,,,,,,,485.1199951171875,486.29998779296875,484.24200439453125,485.0,163188.0
2025-12-16 19:30:00+00:00,,,,,,,,,,,487.3800048828125,487.3900146484375,484.989990234375,485.1099853515625,138073.0
2025-12-16 20:30:00+00:00,,,,,,,,,,,485.44000244140625,487.44000244140625,485.44000244140625,487.4280090332031,362371.0
2025-12-17 14:30:00+00:00,,,,,,,,,,,489.0400085449219,490.4200134277344,483.4800109863281,484.95001220703125,229951.0
2025-12-17 15:30:00+00:00,,,,,,,,,,,484.3500061035156,489.1973876953125,483.0090026855469,488.8599853515625,180709.0
2025-12-17 16:30:00+00:00,,,,,,,,,,,484.4549865722656,485.5199890136719,483.4100036621094,484.07501220703125,156709.0
2025-12-17 17:30:00+00:00,,,,,,,,,,,483.17999267578125,485.2200012207031,481.90008544921875,484.4549865722656,69791.0
2025-12-17 18:30:00+00:00,,,,,,,,,,,485.239990234375,485.8299865722656,482.7101135253906,483.0400085449219,114490.0
2025-12-17 19:30:00+00:00,,,,,,,,,,,482.43798828125,485.8900146484375,482.1650085449219,485.3699951171875,212780.0
2025-12-17 20:30:00+00:00,,,,,,,,,,,481.2300109863281,483.6400146484375,479.68499755859375,482.2850036621094,301970.0
2025-12-18 14:30:00+00:00,,,,,,,,,,,477.5450134277344,487.1300048828125,477.0700988769531,483.0400085449219,157788.0
2025-12-18 15:30:00+00:00,,,,,,,,,,,476.9624938964844,479.3775939941406,474.3399963378906,477.5450134277344,279800.0
2025-12-18 16:30:00+00:00,,,,,,,,,,,470.9549865722656,478.3399963378906,469.7749938964844,476.8999938964844,158345.0
2025-12-18 17:30:00+00:00,,,,,,,,,,,473.2699890136719,473.6799011230469,470.5386047363281,470.6600036621094,81234.0
2025-12-18 18:30:00+00:00,,,,,,,,,,,476.5299987792969,476.5299987792969,473.3699951171875,473.43499755859375,140325.0
2025-12-18 19:30:00+00:00,,,,,,,,,,,474.964599609375,476.92999267578125,473.2699890136719,476.5450134277344,338722.0
2025-12-18 20:30:00+00:00,,,,,,,,,,,474.6099853515625,477.32000732421875,473.510009765625,474.989990234375,528514.0
2025-12-19 14:30:00+00:00,,,,,,,,,,,473.489990234375,476.5,471.9200134277344,475.1000061035156,493723.0
2025-12-19 15:30:00+00:00,,,,,,,,,,,471.54998779296875,474.6499938964844,470.760009765625,473.3399963378906,161118.0
2025-12-19 16:30:00+00:00,,,,,,,,,,,470.06500244140625,472.489990234375,469.42999267578125,471.55999755859375,89756.0
2025-12-19 17:30:00+00:00,,,,,,,,,,,471.260009765625,472.0845947265625,470.0000915527344,470.1700134277344,70496.0
2025-12-19 18:30:00+00:00,,,,,,,,,,,470.1400146484375,471.6499938964844,469.9700012207031,471.1700134277344,102810.0
2025-12-19 19:30:00+00:00,,,,,,,,,,,469.7699890136719,470.6499938964844,468.9200134277344,470.1400146484375,130329.0
2025-12-19 20:30:00+00:00,,,,,,,,,,,470.54998779296875,470.94000244140625,469.5299987792969,469.7099914550781,243298.0
2025-12-22 14:30:00+00:00,,,,,,,,,,,471.3299865722656,472.739990234375,469.4049987792969,471.5,129952.0
2025-12-22 15:30:00+00:00,,,,,,,,,,,470.8970947265625,472.1099853515625,468.8800048828125,471.385009765625,125673.0
2025-12-22 16:30:00+00:00,,,,,,,,,,,469.1549987792969,471.010009765625,468.5400085449219,470.7650146484375,81756.0
2025-12-22 17:30:00+00:00,,,,,,,,,,,469.1000061035156,469.7300109863281,467.8900146484375,468.9400939941406,88396.0
2025-12-22 18:30:00+00:00,,,,,,,,,,,468.04998779296875,469.42999267578125,467.6499938964844,469.1050109863281,108869.0
2025-12-22 19:30:00+00:00,,,,,,,,,,,469.4049987792969,469.489990234375,467.9750061035156,468.0450134277344,150718.0
2025-12-22 20:30:00+00:00,,,,,,,,,,,468.75,469.5299987792969,468.5199890136719,469.3800048828125,196691.0
2025-12-23 14:30:00+00:00,,,,,,,,,,,470.1700134277344,471.0,467.7012023925781,470.3900146484375,112059.0
2025-12-23 15:30:00+00:00,,,,,,,,,,,467.375,471.17999267578125,467.16009521484375,470.239990234375,79053.0
2025-12-23 16:30:00+00:00,,,,,,,,,,,467.17999267578125,467.989990234375,466.25,467.4700012207031,226827.0
2025-12-23 17:30:00+00:00,,,,,,,,,,,466.25,468.1499938964844,466.05999755859375,467.239990234375,81977.0
2025-12-23 18:30:00+00:00,,,,,,,,,,,467.1600036621094,467.5899963378906,465.4100036621094,466.17169189453125,112123.0
2025-12-23 19:30:00+00:00,,,,,,,,,,,466.17999267578125,467.3500061035156,465.5101013183594,467.260009765625,91707.0
2025-12-23 20:30:00+00:00,,,,,,,,,,,466.1000061035156,466.9849853515625,465.9100036621094,466.32000732421875,174407.0
2025-12-24 14:30:00+00:00,,,,,,,,,,,464.760009765625,467.5,464.3999938964844,466.0299987792969,58229.0
2025-12-24 15:30:00+00:00,,,,,,,,,,,466.79998779296875,466.79998779296875,464.5400085449219,464.5450134277344,104549.0
2025-12-24 16:30:00+00:00,,,,,,,,,,,467.510009765625,468.3949890136719,466.6000061035156,466.7200012207031,67277.0
2025-12-26 14:30:00+00:00,,,,,,,,,,,468.2200012207031,468.9898986816406,466.1300048828125,467.7300109863281,78693.0
2025-12-26 15:30:00+00:00,,,,,,,,,,,467.9700012207031,468.94000244140625,466.760009765625,468.2300109863281,62403.0
2025-12-26 16:30:00+00:00,,,,,,,,,,,467.7200012207031,468.1698913574219,466.44500732421875,467.8900146484375,47198.0
2025-12-26 17:30:00+00:00,,,,,,,,,,,467.75,467.9100036621094,467.17999267578125,467.7200012207031,44486.0
2025-12-26 18:30:00+00:00,,,,,,,,,,,467.3800048828125,468.35400390625,467.260009765625,467.6199951171875,42781.0
2025-12-26 19:30:00+00:00,,,,,,,,,,,468.3399963378906,468.54998779296875,467.25,467.3500061035156,51790.0
2025-12-26 20:30:00+00:00,,,,,,,,,,,469.07000732421875,469.4100036621094,468.20001220703125,468.2699890136719,107102.0
2025-12-29 14:30:00+00:00,,,,,,,,,,,466.57000732421875,471.75,465.94000244140625,469.489990234375,158425.0
2025-12-29 15:30:00+00:00,,,,,,,,,,,467.0199890136719,468.1799011230469,466.010009765625,466.6400146484375,88595.0
2025-12-29 16:30:00+00:00,,,,,,,,,,,465.8900146484375,467.1499938964844,465.7850036621094,467.0199890136719,77515.0
2025-12-29 17:30:00+00:00,,,,,,,,,,,468.260009765625,468.8949890136719,465.7900085449219,465.82000732421875,94921.0
2025-12-29 18:30:00+00:00,,,,,,,,,,,468.6499938964844,469.114990234375,467.6199951171875,468.2850036621094,73650.0
2025-12-29 19:30:00+00:00,,,,,,,,,,,469.79998779296875,470.0,468.54998779296875,468.6700134277344,89444.0
2025-12-29 20:30:00+00:00,,,,,,,,,,,470.2699890136719,470.6199951171875,469.42999267578125,469.8900146484375,181676.0
2025-12-30 14:30:00+00:00,,,,,,,,,,,470.2200012207031,473.20001220703125,468.3728942871094,469.8800048828125,97817.0
2025-12-30 15:30:00+00:00,,,,,,,,,,,472.7066955566406,472.7066955566406,469.1099853515625,470.2200012207031,109423.0
2025-12-30 16:30:00+00:00,,,,,,,,,,,470.5950012207031,472.7900085449219,469.0,472.739990234375,96486.0
2025-12-30 17:30:00+00:00,,,,,,,,,,,471.4466857910156,471.8399963378906,470.510009765625,470.54998779296875,50348.0
2025-12-30 18:30:00+00:00,,,,,,,,,,,471.83599853515625,473.1300048828125,471.2900085449219,471.5400085449219,70934.0
2025-12-30 19:30:00+00:00,,,,,,,,,,,471.69000244140625,472.45001220703125,471.4200134277344,471.79998779296875,77763.0
2025-12-30 20:30:00+00:00,,,,,,,,,,,470.07000732421875,471.7200012207031,469.9599914550781,471.6099853515625,170514.0
2025-12-31 14:30:00+00:00,,,,,,,,,,,468.8500061035156,470.2300109863281,466.989990234375,466.989990234375,109530.0
2025-12-31 15:30:00+00:00,,,,,,,,,,,469.0400085449219,469.30999755859375,467.1499938964844,468.760009765625,82382.0
2025-12-31 16:30:00+00:00,,,,,,,,,,,469.0050964355469,470.0,468.70001220703125,469.1000061035156,46777.0
2025-12-31 17:30:00+00:00,,,,,,,,,,,468.79998779296875,469.7099914550781,468.510009765625,469.05999755859375,56660.0
2025-12-31 18:30:00+00:00,,,,,,,,,,,468.9750061035156,469.3900146484375,468.7200927734375,468.79998779296875,53654.0
2025-12-31 19:30:00+00:00,,,,,,,,,,,467.3900146484375,468.9800109863281,467.1875,468.9750061035156,76826.0
2025-12-31 20:30:00+00:00,,,,,,,,,,,465.6000061035156,468.1499938964844,465.6000061035156,467.3599853515625,154612.0
2026-01-02 14:30:00+00:00,,,,,,,,,,,462.8299865722656,467.9700012207031,458.9200134277344,466.0,218317.0
2026-01-02 15:30:00+00:00,,,,,,,,,,,467.3999938964844,468.4200134277344,462.4599914550781,462.8299865722656,190549.0
2026-01-02 16:30:00+00:00,,,,,,,,,,,469.0199890136719,469.20001220703125,465.9599914550781,467.3599853515625,109486.0
2026-01-02 17:30:00+00:00,,,,,,,,,,,469.4849853515625,470.239990234375,468.7200012207031,469.1499938964844,107454.0
2026-01-02 18:30:00+00:00,,,,,,,,,,,469.19500732421875,469.54998779296875,468.30999755859375,469.2799987792969,99172.0
2026-01-02 19:30:00+00:00,,,,,,,,,,,468.0199890136719,470.4750061035156,467.489990234375,469.19500732421875,107008.0
2026-01-02 20:30:00+00:00,,,,,,,,,,,466.9800109863281,468.239990234375,466.32000732421875,468.0299987792969,175896.0
2026-01-05 14:30:00+00:00,,,,,,,,,,,464.4599914550781,464.6099853515625,458.9549865722656,462.30999755859375,231280.0
2026-01-05 15:30:00+00:00,,,,,,,,,,,461.07000732421875,465.2699890136719,459.25,464.57000732421875,171396.0
2026-01-05 16:30:00+00:00,,,,,,,,,,,463.875,466.0,459.2200012207031,460.94500732421875,224749.0
2026-01-05 17:30:00+00:00,,,,,,,,,,,465.19000244140625,465.19000244140625,463.2200012207031,463.9100036621094,103425.0
2026-01-05 18:30:00+00:00,,,,,,,,,,,467.30999755859375,467.4800109863281,464.95001220703125,465.1549987792969,96101.0
2026-01-05 19:30:00+00:00,,,,,,,,,,,465.4750061035156,467.885009765625,465.04998779296875,467.30999755859375,116656.0
2026-01-05 20:30:00+00:00,,,,,,,,,,,466.0899963378906,466.1400146484375,465.0,465.4949951171875,163866.0
2026-01-06 14:30:00+00:00,,,,,,,,,,,480.3900146484375,482.25,464.30999755859375,465.82000732421875,288697.0
2026-01-06 15:30:00+00:00,,,,,,,,,,,483.6650085449219,483.8299865722656,478.25,479.30999755859375,177425.0
2026-01-06 16:30:00+00:00,,,,,,,,,,,483.5849914550781,484.9599914550781,482.42999267578125,483.510009765625,179122.0
2026-01-06 17:30:00+00:00,,,,,,,,,,,486.1400146484375,486.19500732421875,483.9549865722656,484.1400146484375,129573.0
2026-01-06 18:30:00+00:00,,,,,,,,,,,485.6499938964844,487.0400085449219,485.2510070800781,485.8900146484375,145335.0
2026-01-06 19:30:00+00:00,,,,,,,,,,,485.4100036621094,485.739990234375,484.05999755859375,485.62750244140625,151399.0
2026-01-06 20:30:00+00:00,,,,,,,,,,,486.0,486.9906005859375,485.30999755859375,485.3999938964844,255507.0
2026-01-07 14:30:00+00:00,,,,,,,,,,,482.4150085449219,489.1000061035156,482.1499938964844,487.1400146484375,184615.0
2026-01-07 15:30:00+00:00,,,,,,,,,,,478.989990234375,483.7998962402344,478.2799987792969,482.385009765625,145076.0
2026-01-07 16:30:00+00:00,,,,,,,,,,,479.260009765625,480.010009765625,478.5050048828125,478.9849853515625,96265.0
2026-01-07 17:30:00+00:00,,,,,,,,,,,475.42999267578125,479.6199951171875,474.4200134277344,479.42999267578125,83960.0
2026-01-07 18:30:00+00:00,,,,,,,,,,,475.9599914550781,476.5799865722656,474.5899963378906,475.44000244140625,97521.0
2026-01-07 19:30:00+00:00,,,,,,,,,,,474.4200134277344,476.4179992675781,473.69000244140625,475.9700012207031,159880.0
2026-01-07 20:30:00+00:00,,,,,,,,,,,475.2699890136719,476.0299987792969,474.1600036621094,474.44500732421875,213926.0
2026-01-08 14:30:00+00:00,,,,,,,,,,,492.1099853515625,493.8999938964844,472.7200012207031,473.9200134277344,279526.0
2026-01-08 15:30:00+00:00,,,,,,,,,,,499.5400085449219,499.5400085449219,490.45001220703125,492.0899963378906,205069.0
2026-01-08 16:30:00+00:00,,,,,,,,,,,500.67999267578125,501.8599853515625,499.30999755859375,499.42999267578125,241486.0
2026-01-08 17:30:00+00:00,,,,,,,,,,,502.4200134277344,503.5799865722656,500.4700012207031,500.4700012207031,195059.0
2026-01-08 18:30:00+00:00,,,,,,,,,,,502.9700012207031,503.8800048828125,501.9599914550781,502.56439208984375,148726.0
2026-01-08 19:30:00+00:00,,,,,,,,,,,500.45001220703125,503.8500061035156,499.67999267578125,502.9800109863281,198983.0
2026-01-08 20:30:00+00:00,,,,,,,,,,,500.75,501.8800048828125,500.4024963378906,500.54998779296875,317965.0
2026-01-09 14:30:00+00:00,,,,,,,,,,,492.31500244140625,503.54998779296875,484.8599853515625,500.70001220703125,358566.0
2026-01-09 15:30:00+00:00,,,,,,,,,,,489.4599914550781,494.4049987792969,487.8599853515625,491.739990234375,216278.0
2026-01-09 16:30:00+00:00,,,,,,,,,,,489.4700012207031,489.67999267578125,487.3800048828125,489.1400146484375,167683.0
2026-01-09 17:30:00+00:00,,,,,,,,,,,489.57000732421875,490.9399108886719,487.7149963378906,489.4700012207031,109637.0
2026-01-09 18:30:00+00:00,,,,,,,,,,,488.7149963378906,490.5599060058594,488.0899963378906,489.57000732421875,95274.0
2026-01-09 19:30:00+00:00,,,,,,,,,,,488.3399963378906,489.25,487.0199890136719,488.7149963378906,151941.0
2026-01-09 20:30:00+00:00,,,,,,,,,,,488.03948974609375,488.7300109863281,486.80999755859375,488.1199951171875,419264.0
2026-01-12 14:30:00+00:00,,,,,,,,,,,494.3949890136719,494.80999755859375,484.3299865722656,486.32000732421875,210369.0
2026-01-12 15:30:00+00:00,,,,,,,,,,,495.70001220703125,495.9800109863281,493.05999755859375,494.4800109863281,129427.0
2026-01-12 16:30:00+00:00,,,,,,,,,,,493.75,497.0199890136719,492.69000244140625,495.7300109863281,121852.0
2026-01-12 17:30:00+00:00,,,,,,,,,,,489.68499755859375,495.5,489.0150146484375,493.7200012207031,126745.0
2026-01-12 18:30:00+00:00,,,,,,,,,,,485.8800048828125,490.70001220703125,484.7300109863281,489.68499755859375,184162.0
2026-01-12 19:30:00+00:00,,,,,,,,,,,489.1400146484375,489.9200134277344,485.6199951171875,485.9200134277344,253366.0
2026-01-12 20:30:00+00:00,,,,,,,,,,,490.760009765625,492.92999267578125,488.760009765625,489.1499938964844,285336.0
2026-01-13 14:30:00+00:00,,,,,,,,,,,493.6400146484375,495.3399963378906,490.0,492.3299865722656,95683.0
2026-01-13 15:30:00+00:00,,,,,,,,,,,492.2900085449219,495.5199890136719,491.8399963378906,493.6400146484375,70578.0
2026-01-13 16:30:00+00:00,,,,,,,,,,,494.0356140136719,494.3500061035156,490.7799987792969,492.1600036621094,51959.0
2026-01-13 17:30:00+00:00,,,,,,,,,,,494.4599914550781,495.1000061035156,493.82000732421875,494.0400085449219,57429.0
2026-01-13 18:30:00+00:00,,,,,,,,,,,498.32000732421875,499.409912109375,494.4649963378906,494.5199890136719,98156.0
2026-01-13 19:30:00+00:00,,,,,,,,,,,497.2749938964844,498.659912109375,496.70001220703125,498.32000732421875,115306.0
2026-01-13 20:30:00+00:00,,,,,,,,,,,499.5799865722656,499.5799865722656,496.9599914550781,497.20001220703125,166692.0
2026-01-14 14:30:00+00:00,,,,,,,,,,,506.5799865722656,509.8900146484375,501.2200012207031,503.2300109863281,248658.0
2026-01-14 15:30:00+00:00,,,,,,,,,,,514.6300048828125,514.9500122070312,504.1099853515625,506.6499938964844,203190.0
2026-01-14 16:30:00+00:00,,,,,,,,,,,513.0,514.8800048828125,510.5350036621094,514.5,148052.0
2026-01-14 17:30:00+00:00,,,,,,,,,,,515.125,515.5900268554688,511.54998779296875,512.8800048828125,197331.0
2026-01-14 18:30:00+00:00,,,,,,,,,,,514.3400268554688,516.0,512.6099853515625,515.0900268554688,212120.0
2026-01-14 19:30:00+00:00,,,,,,,,,,,515.6749877929688,516.0900268554688,513.8200073242188,514.385009765625,261453.0
2026-01-14 20:30:00+00:00,,,,,,,,,,,512.3400268554688,515.8300170898438,510.32000732421875,515.6749877929688,375682.0
2026-01-15 14:30:00+00:00,,,,,,,,,,,518.3350219726562,519.1799926757812,508.1499938964844,513.7999877929688,221072.0
2026-01-15 15:30:00+00:00,,,,,,,,,,,517.7050170898438,518.75,514.8499755859375,518.3350219726562,125691.0
2026-01-15 16:30:00+00:00,,,,,,,,,,,516.2999877929688,518.1799926757812,515.9400024414062,517.7100219726562,102699.0
2026-01-15 17:30:00+00:00,,,,,,,,,,,514.3699951171875,517.3200073242188,514.0499877929688,516.385009765625,80441.0
2026-01-15 18:30:00+00:00,,,,,,,,,,,515.0499877929688,515.1099853515625,513.3599853515625,514.3699951171875,95371.0
2026-01-15 19:30:00+00:00,,,,,,,,,,,514.9949951171875,516.8599853515625,514.6500244140625,514.9600219726562,117076.0
2026-01-15 20:30:00+00:00,,,,,,,,,,,515.3099975585938,515.52001953125,513.7600708007812,514.9949951171875,244844.0
2026-01-16 14:30:00+00:00,,,,,,,,,,,516.0499877929688,516.5999145507812,510.0,516.260009765625,302676.0
2026-01-16 15:30:00+00:00,,,,,,,,,,,515.0700073242188,516.8099975585938,513.280029296875,516.4600219726562,186814.0
2026-01-16 16:30:00+00:00,,,,,,,,,,,512.760009765625,516.0999755859375,512.760009765625,514.947509765625,79907.0
2026-01-16 17:30:00+00:00,,,,,,,,,,,514.1099853515625,514.14501953125,511.9599914550781,512.77001953125,76825.0
2026-01-16 18:30:00+00:00,,,,,,,,,,,514.1699829101562,514.510009765625,513.47998046875,513.9119873046875,107813.0
2026-01-16 19:30:00+00:00,,,,,,,,,,,513.739990234375,516.02001953125,513.7000122070312,514.14208984375,88969.0
2026-01-16 20:30:00+00:00,,,,,,,,,,,514.5700073242188,515.739990234375,513.22998046875,513.52001953125,233584.0
2026-01-20 14:30:00+00:00,,,,,,,,,,,510.70001220703125,515.2550048828125,507.0899963378906,514.5599975585938,238347.0
2026-01-20 15:30:00+00:00,,,,,,,,,,,513.169921875,513.260009765625,510.0299987792969,510.489990234375,140866.0
2026-01-20 16:30:00+00:00,,,,,,,,,,,511.3349914550781,513.0549926757812,509.5,512.9349975585938,119487.0
2026-01-20 17:30:00+00:00,,,,,,,,,,,512.405029296875,513.510009765625,510.9200134277344,511.5,152830.0
2026-01-20 18:30:00+00:00,,,,,,,,,,,511.17999267578125,512.3267822265625,508.7200012207031,512.3267822265625,118892.0
2026-01-20 19:30:00+00:00,,,,,,,,,,,510.5199890136719,511.3900146484375,509.2799987792969,511.17498779296875,118360.0
2026-01-20 20:30:00+00:00,,,,,,,,,,,508.6700134277344,511.385009765625,508.30999755859375,510.4700012207031,234744.0
2026-01-21 14:30:00+00:00,,,,,,,,,,,514.60498046875,515.989990234375,511.5199890136719,512.6900024414062,267448.0
2026-01-21 15:30:00+00:00,,,,,,,,,,,513.7899780273438,515.7399291992188,512.4500122070312,514.9500122070312,86910.0
2026-01-21 16:30:00+00:00,,,,,,,,,,,512.25,514.3699951171875,511.239990234375,513.7899780273438,72658.0
2026-01-21 17:30:00+00:00,,,,,,,,,,,518.239990234375,518.760009765625,511.1300048828125,512.4199829101562,125708.0
2026-01-21 18:30:00+00:00,,,,,,,,,,,525.0850219726562,525.5800170898438,519.5,520.3200073242188,164582.0
2026-01-21 19:30:00+00:00,,,,,,,,,,,525.8900146484375,528.1400146484375,524.7999877929688,525.0850219726562,211686.0
2026-01-21 20:30:00+00:00,,,,,,,,,,,529.7100219726562,530.2000122070312,525.4500122070312,526.0700073242188,427606.0
2026-01-22 14:30:00+00:00,,,,,,,,,,,529.739990234375,532.6099853515625,525.5,529.260009765625,222606.0
2026-01-22 15:30:00+00:00,,,,,,,,,,,526.1599731445312,530.52001953125,524.3400268554688,529.6500244140625,130477.0
2026-01-22 16:30:00+00:00,,,,,,,,,,,527.0700073242188,527.530029296875,525.2800903320312,526.2025146484375,64064.0
2026-01-22 17:30:00+00:00,,,,,,,,,,,524.5499877929688,527.6400146484375,524.344970703125,527.2000122070312,67650.0
2026-01-22 18:30:00+00:00,,,,,,,,,,,525.330078125,525.6699829101562,523.5999755859375,524.5499877929688,78487.0
2026-01-22 19:30:00+00:00,,,,,,,,,,,524.8524780273438,526.22998046875,524.1699829101562,525.5150146484375,103777.0
2026-01-22 20:30:00+00:00,,,,,,,,,,,521.1599731445312,524.9099731445312,521.1599731445312,524.8699951171875,247603.0
2026-01-23 14:30:00+00:00,,,,,,,,,,,513.5900268554688,521.6300048828125,511.2099914550781,518.260009765625,232306.0
2026-01-23 15:30:00+00:00,,,,,,,,,,,510.9599914550781,514.5499877929688,510.489990234375,513.47998046875,158183.0
2026-01-23 16:30:00+00:00,,,,,,,,,,,513.3900146484375,513.8099975585938,509.04998779296875,510.8900146484375,136994.0
2026-01-23 17:30:00+00:00,,,,,,,,,,,508.1199951171875,513.530029296875,507.6600036621094,513.4600219726562,108205.0
2026-01-23 18:30:00+00:00,,,,,,,,,,,507.739990234375,509.1000061035156,506.42010498046875,508.2950134277344,175657.0
2026-01-23 19:30:00+00:00,,,,,,,,,,,511.5899963378906,511.760009765625,506.6700134277344,507.9549865722656,200010.0
2026-01-23 20:30:00+00:00,,,,,,,,,,,514.530029296875,515.010009765625,511.4825134277344,511.7799987792969,357645.0
2026-01-26 14:30:00+00:00,,,,,,,,,,,514.3555908203125,518.6599731445312,512.5700073242188,515.719970703125,100410.0
2026-01-26 15:30:00+00:00,,,,,,,,,,,515.1749877929688,515.4299926757812,513.8258056640625,514.5599975585938,56830.0
2026-01-26 16:30:00+00:00,,,,,,,,,,,516.1099853515625,516.6898803710938,514.9299926757812,515.1799926757812,75122.0
2026-01-26 17:30:00+00:00,,,,,,,,,,,515.5499877929688,516.14501953125,514.1599731445312,516.1099853515625,44472.0
2026-01-26 18:30:00+00:00,,,,,,,,,,,515.659912109375,515.9650268554688,513.77001953125,515.7899780273438,42140.0
2026-01-26 19:30:00+00:00,,,,,,,,,,,515.2199096679688,516.0750122070312,514.7933959960938,515.7586059570312,55740.0
2026-01-26 20:30:00+00:00,,,,,,,,,,,516.3900146484375,518.030029296875,514.7050170898438,514.97900390625,239078.0
2026-01-27 14:30:00+00:00,,,,,,,,,,,516.3800048828125,521.489990234375,513.8499755859375,517.3300170898438,160612.0
2026-01-27 15:30:00+00:00,,,,,,,,,,,517.7899780273438,518.1099853515625,515.2800903320312,516.375,63856.0
2026-01-27 16:30:00+00:00,,,,,,,,,,,518.469970703125,520.219970703125,516.9500122070312,517.780029296875,75143.0
2026-01-27 17:30:00+00:00,,,,,,,,,,,517.9398193359375,518.530029296875,516.77001953125,518.4949951171875,42856.0
2026-01-27 18:30:00+00:00,,,,,,,,,,,518.47998046875,518.510009765625,517.3599853515625,517.9450073242188,51945.0
2026-01-27 19:30:00+00:00,,,,,,,,,,,520.77001953125,521.22998046875,518.3499755859375,518.3499755859375,89528.0
2026-01-27 20:30:00+00:00,,,,,,,,,,,519.1099853515625,520.989990234375,519.1099853515625,520.6900024414062,284978.0
2026-01-28 14:30:00+00:00,,,,,,,,,,,521.6950073242188,523.3900146484375,519.0900268554688,519.9400024414062,119312.0
2026-01-28 15:30:00+00:00,,,,,,,,,,,525.6799926757812,525.72998046875,521.9600219726562,521.9600219726562,94436.0
2026-01-28 16:30:00+00:00,,,,,,,,,,,526.7550048828125,527.9400024414062,525.14501953125,525.510009765625,94205.0
2026-01-28 17:30:00+00:00,,,,,,,,,,,524.3099975585938,526.8900146484375,523.974609375,526.8900146484375,59239.0
2026-01-28 18:30:00+00:00,,,,,,,,,,,524.0700073242188,524.4398803710938,521.6099853515625,524.1500244140625,83770.0
2026-01-28 19:30:00+00:00,,,,,,,,,,,523.5499877929688,528.77001953125,521.860107421875,523.8800048828125,126735.0
2026-01-28 20:30:00+00:00,,,,,,,,,,,525.030029296875,525.1699829101562,521.0399780273438,523.6300048828125,338004.0
2026-01-29 14:30:00+00:00,,,,,,,,,,,527.1300048828125,537.260009765625,524.6799926757812,530.0,295780.0
2026-01-29 15:30:00+00:00,,,,,,,,,,,525.1799926757812,526.9149780273438,521.5399780273438,526.7501220703125,128412.0
2026-01-29 16:30:00+00:00,,,,,,,,,,,524.0599975585938,526.7100219726562,523.989990234375,525.2000122070312,75872.0
2026-01-29 17:30:00+00:00,,,,,,,,,,,528.1400146484375,528.6799926757812,523.7150268554688,524.0700073242188,91334.0
2026-01-29 18:30:00+00:00,,,,,,,,,,,527.0050048828125,528.1599731445312,524.239990234375,528.1400146484375,60447.0
2026-01-29 19:30:00+00:00,,,,,,,,,,,527.4669189453125,528.3200073242188,525.7100830078125,527.4299926757812,112903.0
2026-01-29 20:30:00+00:00,,,,,,,,,,,530.0,530.1099853515625,525.22998046875,527.6699829101562,358601.0
2026-01-30 14:30:00+00:00,,,,,,,,,,,525.510009765625,529.989990234375,523.81298828125,524.9299926757812,128684.0
2026-02-02 18:30:00+00:00,,,,,,,,,,,529.6649780273438,532.030029296875,528.489990234375,531.4400024414062,570910.0
2026-02-02 19:30:00+00:00,,,,,,,,,,,531.9000244140625,532.719970703125,529.3200073242188,529.52001953125,124016.0
2026-02-02 20:30:00+00:00,,,,,,,,,,,532.27001953125,534.0,530.8250122070312,532.010009765625,353475.0
2026-02-03 14:30:00+00:00,,,,,,,,,,,544.5750122070312,545.22998046875,533.0,533.260009765625,274585.0
2026-02-03 15:30:00+00:00,,,,,,,,,,,540.280029296875,545.3200073242188,539.6400146484375,544.469970703125,193753.0
2026-02-03 16:30:00+00:00,,,,,,,,,,,537.4249877929688,539.9349975585938,537.010009765625,539.8900146484375,101919.0
2026-02-03 17:30:00+00:00,,,,,,,,,,,536.5150146484375,538.3699951171875,535.2750244140625,537.344970703125,169919.0
2026-02-03 18:30:00+00:00,,,,,,,,,,,538.1900024414062,539.2899780273438,534.0599975585938,536.5150146484375,225122.0
2026-02-03 19:30:00+00:00,,,,,,,,,,,541.89501953125,543.8900146484375,538.1799926757812,538.5499877929688,137503.0
2026-02-03 20:30:00+00:00,,,,,,,,,,,545.010009765625,545.010009765625,540.2100219726562,542.02001953125,293173.0
2026-02-04 14:30:00+00:00,,,,,,,,,,,560.52001953125,563.0700073242188,548.0,548.0,507108.0
2026-02-04 15:30:00+00:00,,,,,,,,,,,566.72998046875,566.739990234375,554.85498046875,560.5150146484375,436046.0
2026-02-04 16:30:00+00:00,,,,,,,,,,,565.8400268554688,568.1998901367188,564.969970703125,566.47998046875,358603.0
2026-02-04 17:30:00+00:00,,,,,,,,,,,563.2954711914062,568.2249755859375,560.9500122070312,565.5349731445312,382266.0
2026-02-04 18:30:00+00:00,,,,,,,,,,,565.510009765625,566.3499755859375,561.2000122070312,563.14501953125,179918.0
2026-02-04 19:30:00+00:00,,,,,,,,,,,567.010009765625,571.5587768554688,565.02001953125,565.6300048828125,349377.0
2026-02-04 20:30:00+00:00,,,,,,,,,,,567.3499755859375,569.0999755859375,566.0499877929688,567.010009765625,420875.0
2026-02-05 14:30:00+00:00,,,,,,,,,,,570.0150146484375,574.9400024414062,561.2000122070312,563.8300170898438,458271.0
2026-02-05 15:30:00+00:00,,,,,,,,,,,567.7100219726562,573.5150146484375,566.76611328125,569.510009765625,242881.0
2026-02-05 16:30:00+00:00,,,,,,,,,,,569.5900268554688,570.0,567.47998046875,567.9000244140625,114661.0
2026-02-05 17:30:00+00:00,,,,,,,,,,,567.97998046875,570.010009765625,567.6699829101562,569.8400268554688,79031.0
2026-02-05 18:30:00+00:00,,,,,,,,,,,569.385009765625,569.385009765625,564.0,567.97998046875,235448.0
2026-02-05 19:30:00+00:00,,,,,,,,,,,566.4400024414062,570.530029296875,566.3200073242188,569.1500244140625,151928.0
2026-02-05 20:30:00+00:00,,,,,,,,,,,565.7999877929688,566.7100219726562,562.5499877929688,566.7100219726562,387606.0
2026-02-06 14:30:00+00:00,,,,,,,,,,,573.9949951171875,580.0,567.5499877929688,569.094970703125,280034.0
2026-02-06 15:30:00+00:00,,,,,,,,,,,579.010009765625,579.88720703125,574.6799926757812,577.030029296875,194191.0
2026-02-06 16:30:00+00:00,,,,,,,,,,,580.8499755859375,581.344970703125,577.0900268554688,579.0850219726562,106136.0
2026-02-06 17:30:00+00:00,,,,,,,,,,,581.8900146484375,582.1599731445312,579.5700073242188,581.0,108783.0
2026-02-06 18:30:00+00:00,,,,,,,,,,,583.4400024414062,583.6099853515625,581.77001953125,581.8800048828125,127162.0
2026-02-06 19:30:00+00:00,,,,,,,,,,,580.780029296875,583.739990234375,579.5399780273438,583.4349975585938,124151.0
2026-02-06 20:30:00+00:00,,,,,,,,,,,582.905029296875,584.0599975585938,580.719970703125,580.8699951171875,298189.0
2026-02-09 14:30:00+00:00,,,,,,,,,,,582.8001098632812,582.9000244140625,574.2999877929688,580.0,161047.0
2026-02-09 15:30:00+00:00,,,,,,,,,,,583.4000244140625,587.7399291992188,583.0,583.0,111730.0
2026-02-09 16:30:00+00:00,,,,,,,,,,,583.135009765625,585.0,582.944091796875,583.8099975585938,67361.0
2026-02-09 17:30:00+00:00,,,,,,,,,,,584.4550170898438,584.6799926757812,582.469970703125,582.97998046875,93995.0
2026-02-09 18:30:00+00:00,,,,,,,,,,,583.5,585.1400146484375,582.1199951171875,584.6599731445312,116649.0
2026-02-09 19:30:00+00:00,,,,,,,,,,,585.2000122070312,585.4000244140625,583.0650024414062,583.2999877929688,106988.0
2026-02-09 20:30:00+00:00,,,,,,,,,,,585.719970703125,586.5499877929688,584.3400268554688,585.1900024414062,241983.0
2026-02-10 14:30:00+00:00,,,,,,,,,,,587.1400146484375,587.6099853515625,583.5900268554688,586.1099853515625,168894.0
2026-02-10 15:30:00+00:00,,,,,,,,,,,591.1500244140625,591.1500244140625,586.7254028320312,587.1300048828125,138482.0
2026-02-10 16:30:00+00:00,,,,,,,,,,,590.4249877929688,591.7999877929688,588.6849975585938,591.0750122070312,93737.0
2026-02-10 17:30:00+00:00,,,,,,,,,,,591.0499877929688,591.239990234375,588.3699951171875,590.5,146586.0
2026-02-10 18:30:00+00:00,,,,,,,,,,,590.9400024414062,592.6799926757812,590.469970703125,590.7899780273438,196070.0
2026-02-10 19:30:00+00:00,,,,,,,,,,,591.0850219726562,592.0499877929688,589.3800048828125,591.22998046875,196965.0
2026-02-10 20:30:00+00:00,,,,,,,,,,,593.4199829101562,593.75,590.469970703125,591.0800170898438,314780.0
2026-02-11 14:30:00+00:00,,,,,,,,,,,598.969970703125,603.4500122070312,590.5001220703125,592.5,254654.0
2026-02-11 15:30:00+00:00,,,,,,,,,,,605.219970703125,605.780029296875,598.27001953125,598.6400146484375,158379.0
2026-02-11 16:30:00+00:00,,,,,,,,,,,605.9099731445312,607.97998046875,604.7330932617188,605.0,198075.0
2026-02-11 17:30:00+00:00,,,,,,,,,,,604.7999877929688,607.1649780273438,603.4500122070312,606.0599975585938,126088.0
2026-02-11 18:30:00+00:00,,,,,,,,,,,607.7949829101562,608.7100219726562,605.1400146484375,605.1599731445312,181749.0
2026-02-11 19:30:00+00:00,,,,,,,,,,,611.4199829101562,612.0599975585938,606.8051147460938,607.7899780273438,221146.0
2026-02-11 20:30:00+00:00,,,,,,,,,,,612.4500122070312,614.3400268554688,611.0349731445312,611.3200073242188,342345.0
2026-02-12 14:30:00+00:00,,,,,,,,,,,620.2249755859375,626.25,612.5900268554688,612.8699951171875,380181.0
2026-02-12 15:30:00+00:00,,,,,,,,,,,615.6799926757812,623.6199951171875,615.4099731445312,620.47998046875,279117.0
2026-02-12 16:30:00+00:00,,,,,,,,,,,604.8198852539062,617.9299926757812,601.110107421875,615.780029296875,441156.0
2026-02-12 17:30:00+00:00,,,,,,,,,,,601.594970703125,607.8049926757812,600.8099975585938,604.8200073242188,255600.0
2026-02-12 18:30:00+00:00,,,,,,,,,,,604.1699829101562,605.9199829101562,600.1640014648438,602.0650024414062,216959.0
2026-02-12 19:30:00+00:00,,,,,,,,,,,599.5,607.3900146484375,597.9400024414062,604.1500244140625,345205.0
2026-02-12 20:30:00+00:00,,,,,,,,,,,598.0900268554688,599.9000244140625,596.780029296875,599.2100219726562,483388.0
2026-02-13 14:30:00+00:00,,,,,,,,,,,604.6199951171875,607.3399047851562,597.2000122070312,598.8599853515625,231862.0
2026-02-13 15:30:00+00:00,,,,,,,,,,,608.9400024414062,609.989990234375,602.9500122070312,604.5999755859375,267617.0
2026-02-13 16:30:00+00:00,,,,,,,,,,,609.0,610.9580078125,607.22998046875,608.9400024414062,148421.0
2026-02-13 17:30:00+00:00,,,,,,,,,,,607.5499877929688,610.4849853515625,606.6699829101562,609.4650268554688,113891.0
2026-02-13 18:30:00+00:00,,,,,,,,,,,607.1099853515625,609.8350219726562,607.1099853515625,607.7050170898438,74317.0
2026-02-13 19:30:00+00:00,,,,,,,,,,,605.6013793945312,608.2000122070312,604.469970703125,607.3200073242188,145260.0
2026-02-13 20:30:00+00:00,,,,,,,,,,,603.0800170898438,606.0999755859375,600.8300170898438,605.6749877929688,291203.0
2026-02-17 14:30:00+00:00,,,,,,,,,,,601.6300048828125,604.5700073242188,593.0499877929688,593.0499877929688,307407.0
2026-02-17 15:30:00+00:00,,,,,,,,,,,604.8800048828125,606.7999877929688,597.6179809570312,601.7050170898438,175623.0
2026-02-17 16:30:00+00:00,,,,,,,,,,,604.52001953125,607.0399780273438,603.780029296875,604.7899780273438,146274.0
2026-02-17 17:30:00+00:00,,,,,,,,,,,604.7949829101562,605.239990234375,602.280029296875,604.0429077148438,133143.0
2026-02-17 18:30:00+00:00,,,,,,,,,,,605.1799926757812,605.780029296875,604.0700073242188,605.3499755859375,114990.0
2026-02-17 19:30:00+00:00,,,,,,,,,,,605.219970703125,605.4498901367188,603.9099731445312,605.0800170898438,149871.0
2026-02-17 20:30:00+00:00,,,,,,,,,,,600.8499755859375,605.3599853515625,599.4400024414062,605.0800170898438,493713.0
2026-02-18 14:30:00+00:00,,,,,,,,,,,596.4149780273438,603.8099975585938,593.0499877929688,603.8099975585938,467427.0
2026-02-18 15:30:00+00:00,,,,,,,,,,,596.85498046875,597.9398803710938,591.510009765625,596.4149780273438,429883.0
2026-02-18 16:30:00+00:00,,,,,,,,,,,597.7999877929688,598.75,595.6699829101562,596.85498046875,230927.0
2026-02-18 17:30:00+00:00,,,,,,,,,,,596.844970703125,598.3499755859375,595.4199829101562,597.7999877929688,230681.0
2026-02-18 18:30:00+00:00,,,,,,,,,,,595.3699951171875,597.5089721679688,593.1500244140625,596.8699951171875,242733.0
2026-02-18 19:30:00+00:00,,,,,,,,,,,591.780029296875,595.780029296875,590.9199829101562,595.3800048828125,229378.0
2026-02-18 20:30:00+00:00,,,,,,,,,,,593.1900024414062,593.969970703125,591.5599975585938,591.780029296875,408029.0
2026-02-19 14:30:00+00:00,,,,,,,,,,,655.1801147460938,658.1699829101562,628.7160034179688,633.6099853515625,1467939.0
2026-02-19 15:30:00+00:00,,,,,,,,,,,665.22998046875,667.239990234375,655.7899780273438,655.7899780273438,998424.0
2026-02-19 16:30:00+00:00,,,,,,,,,,,671.5200805664062,671.8099975585938,662.0599975585938,664.9299926757812,880712.0
2026-02-19 17:30:00+00:00,,,,,,,,,,,668.7899780273438,672.9500122070312,667.8099975585938,671.7899780273438,528476.0
2026-02-19 18:30:00+00:00,,,,,,,,,,,671.8099975585938,674.1898803710938,668.1400146484375,668.5800170898438,522337.0
2026-02-19 19:30:00+00:00,,,,,,,,,,,662.7899780273438,672.9299926757812,662.7899780273438,671.7999877929688,614673.0
2026-02-19 20:30:00+00:00,,,,,,,,,,,662.1749877929688,663.5700073242188,649.5399780273438,662.9970092773438,1119881.0
2026-02-20 14:30:00+00:00,,,,,,,,,,,661.3499755859375,666.5800170898438,646.4000244140625,664.25,803437.0
2026-02-20 15:30:00+00:00,,,,,,,,,,,657.2000122070312,662.3699951171875,655.3900146484375,661.0900268554688,293944.0
2026-02-20 16:30:00+00:00,,,,,,,,,,,658.280029296875,660.4598999023438,656.4400024414062,657.1900024414062,176503.0
2026-02-20 17:30:00+00:00,,,,,,,,,,,656.89501953125,661.010009765625,654.280029296875,658.0999755859375,220650.0
2026-02-20 18:30:00+00:00,,,,,,,,,,,663.8250122070312,664.510009765625,656.5100708007812,656.89501953125,241564.0
2026-02-20 19:30:00+00:00,,,,,,,,,,,666.4949951171875,666.7000122070312,662.3200073242188,663.9299926757812,226020.0
2026-02-20 20:30:00+00:00,,,,,,,,,,,662.5800170898438,666.9199829101562,661.4099731445312,666.6300048828125,485066.0
2026-02-23 14:30:00+00:00,,,,,,,,,,,655.5650024414062,669.7999877929688,650.5,652.1799926757812,481287.0
2026-02-23 15:30:00+00:00,,,,,,,,,,,652.4199829101562,658.2999877929688,652.260009765625,656.10498046875,152187.0
2026-02-23 16:30:00+00:00,,,,,,,,,,,647.6400146484375,654.3800048828125,647.6400146484375,652.885009765625,196855.0
2026-02-23 17:30:00+00:00,,,,,,,,,,,649.1099853515625,649.1199951171875,645.010009765625,647.3099975585938,218687.0
2026-02-23 18:30:00+00:00,,,,,,,,,,,645.3250122070312,648.9500122070312,645.260009765625,648.9500122070312,147071.0
2026-02-23 19:30:00+00:00,,,,,,,,,,,649.14501953125,649.3699951171875,644.4400024414062,645.0001220703125,130596.0
2026-02-23 20:30:00+00:00,,,,,,,,,,,646.6799926757812,649.8400268554688,645.4400024414062,648.9500122070312,460913.0
2026-02-24 14:30:00+00:00,,,,,,,,,,,637.7000122070312,647.8099975585938,635.4099731445312,643.2999877929688,249492.0
2026-02-24 15:30:00+00:00,,,,,,,,,,,637.489990234375,643.1300048828125,634.760009765625,638.2899780273438,275174.0
2026-02-24 16:30:00+00:00,,,,,,,,,,,640.510009765625,641.8200073242188,635.7999877929688,637.4099731445312,106700.0
2026-02-24 17:30:00+00:00,,,,,,,,,,,643.6099853515625,643.9500122070312,639.8800048828125,641.0,96690.0
2026-02-24 18:30:00+00:00,,,,,,,,,,,644.8400268554688,646.280029296875,642.3400268554688,643.8099975585938,93427.0
2026-02-24 19:30:00+00:00,,,,,,,,,,,644.27001953125,645.6345825195312,642.1699829101562,645.1699829101562,104540.0
2026-02-24 20:30:00+00:00,,,,,,,,,,,644.6699829101562,646.3099975585938,643.97998046875,644.3049926757812,239842.0
2026-02-25 14:30:00+00:00,,,,,,,,,,,631.9749755859375,646.9299926757812,630.3599853515625,645.27001953125,253525.0
2026-02-25 15:30:00+00:00,,,,,,,,,,,630.47998046875,632.8599853515625,628.3300170898438,631.7000122070312,199696.0
2026-02-25 16:30:00+00:00,,,,,,,,,,,628.626220703125,630.8200073242188,627.5700073242188,630.52001953125,158092.0
2026-02-25 17:30:00+00:00,,,,,,,,,,,629.4500122070312,630.280029296875,626.5800170898438,628.47998046875,184859.0
2026-02-25 18:30:00+00:00,,,,,,,,,,,626.6099853515625,629.6199951171875,625.5499877929688,629.4550170898438,355559.0
2026-02-25 19:30:00+00:00,,,,,,,,,,,626.7034301757812,629.780029296875,626.5,626.510009765625,274520.0
2026-02-25 20:30:00+00:00,,,,,,,,,,,623.6199951171875,627.02001953125,623.5,626.6799926757812,385463.0
2026-02-26 14:30:00+00:00,,,,,,,,,,,617.760009765625,626.9998779296875,614.5999755859375,624.9600219726562,248602.0
2026-02-26 15:30:00+00:00,,,,,,,,,,,620.47998046875,621.7999877929688,617.02001953125,617.6699829101562,197568.0
2026-02-26 16:30:00+00:00,,,,,,,,,,,619.6951293945312,621.6199951171875,617.590087890625,620.4901123046875,109873.0
2026-02-26 17:30:00+00:00,,,,,,,,,,,623.1400146484375,623.1400146484375,618.0900268554688,619.7000122070312,82124.0
2026-02-26 18:30:00+00:00,,,,,,,,,,,622.3455200195312,623.989990234375,621.5,623.1500244140625,92202.0
2026-02-26 19:30:00+00:00,,,,,,,,,,,621.6500244140625,623.2498779296875,621.3800048828125,622.489990234375,135857.0
2026-02-26 20:30:00+00:00,,,,,,,,,,,619.489990234375,621.9699096679688,619.1199951171875,621.6500244140625,292694.0
2026-02-27 14:30:00+00:00,,,,,,,,,,,624.8099975585938,627.719970703125,613.489990234375,615.0,280911.0
2026-02-27 15:30:00+00:00,,,,,,,,,,,624.4400024414062,626.9998779296875,622.6300048828125,624.8049926757812,110330.0
2026-02-27 16:30:00+00:00,,,,,,,,,,,621.6649780273438,626.10498046875,621.3049926757812,624.989990234375,128433.0
2026-02-27 17:30:00+00:00,,,,,,,,,,,624.9299926757812,625.4453735351562,621.4700927734375,621.9000244140625,95074.0
2026-02-27 18:30:00+00:00,,,,,,,,,,,625.2100219726562,626.1400146484375,623.5700073242188,624.6849975585938,92088.0
2026-02-27 19:30:00+00:00,,,,,,,,,,,627.3900146484375,627.5499877929688,624.6500244140625,625.2000122070312,166796.0
2026-02-27 20:30:00+00:00,,,,,,,,,,,629.75,631.5050048828125,626.9099731445312,627.3300170898438,294626.0
2026-03-02 14:30:00+00:00,,,,,,,,,,,629.3018798828125,636.4500122070312,619.7899780273438,625.760009765625,188195.0
2026-03-02 15:30:00+00:00,,,,,,,,,,,629.6199951171875,633.7498779296875,628.02001953125,628.969970703125,112209.0
2026-03-02 16:30:00+00:00,,,,,,,,,,,630.9400024414062,631.9199829101562,628.030029296875,629.7949829101562,64131.0
2026-03-02 17:30:00+00:00,,,,,,,,,,,634.3599853515625,634.4088745117188,629.8699951171875,631.239990234375,85784.0
2026-03-02 18:30:00+00:00,,,,,,,,,,,632.8200073242188,634.3599853515625,630.7100219726562,634.23681640625,57025.0
2026-03-02 19:30:00+00:00,,,,,,,,,,,631.1500244140625,633.3574829101562,629.25,632.8800048828125,65530.0
2026-03-02 20:30:00+00:00,,,,,,,,,,,630.6500244140625,631.5700073242188,629.5499877929688,631.3800048828125,136729.0
2026-03-03 14:30:00+00:00,,,,,,,,,,,610.5250244140625,623.551025390625,609.2100219726562,620.0,262301.0
2026-03-03 15:30:00+00:00,,,,,,,,,,,617.219970703125,618.3300170898438,609.489990234375,610.5250244140625,139993.0
2026-03-03 16:30:00+00:00,,,,,,,,,,,620.4650268554688,621.0,615.489990234375,616.8900146484375,90907.0
2026-03-03 17:30:00+00:00,,,,,,,,,,,616.8099975585938,620.4600219726562,616.6799926757812,620.4299926757812,62503.0
2026-03-03 18:30:00+00:00,,,,,,,,,,,616.4099731445312,619.614990234375,616.27001953125,616.780029296875,87593.0
2026-03-03 19:30:00+00:00,,,,,,,,,,,617.27001953125,618.260986328125,614.8599853515625,616.27001953125,74037.0
2026-03-03 20:30:00+00:00,,,,,,,,,,,619.3699951171875,619.3800048828125,616.3400268554688,617.1699829101562,190047.0
2026-03-04 14:30:00+00:00,,,,,,,,,,,619.8599853515625,622.719970703125,614.6699829101562,619.22998046875,158347.0
2026-03-04 15:30:00+00:00,,,,,,,,,,,615.4450073242188,620.2550048828125,614.4949951171875,620.030029296875,102295.0
2026-03-04 16:30:00+00:00,,,,,,,,,,,616.77001953125,618.1699829101562,615.4400024414062,615.4400024414062,73559.0
2026-03-04 17:30:00+00:00,,,,,,,,,,,617.989990234375,618.6900024414062,615.6599731445312,616.635009765625,79797.0
2026-03-04 18:30:00+00:00,,,,,,,,,,,616.087890625,618.1599731445312,612.9500122070312,617.7449951171875,114275.0
2026-03-04 19:30:00+00:00,,,,,,,,,,,615.7949829101562,616.510009765625,614.5700073242188,616.1799926757812,124130.0
2026-03-04 20:30:00+00:00,,,,,,,,,,,613.969970703125,616.0900268554688,613.9299926757812,615.7449951171875,254995.0
2026-03-05 14:30:00+00:00,,,,,,,,,,,598.5700073242188,610.3599853515625,598.0999755859375,607.6099853515625,201199.0
2026-03-05 15:30:00+00:00,,,,,,,,,,,593.6699829101562,599.2000122070312,592.864990234375,598.3300170898438,221484.0
2026-03-05 16:30:00+00:00,,,,,,,,,,,589.2999877929688,594.5250244140625,588.9299926757812,593.2449951171875,167726.0
2026-03-05 17:30:00+00:00,,,,,,,,,,,588.9400024414062,590.155029296875,587.010009765625,589.375,125255.0
2026-03-05 18:30:00+00:00,,,,,,,,,,,587.0625,591.3737182617188,587.0,588.6799926757812,149707.0
2026-03-05 19:30:00+00:00,,,,,,,,,,,589.3900146484375,589.8825073242188,586.2999877929688,587.010009765625,171230.0
2026-03-05 20:30:00+00:00,,,,,,,,,,,590.6799926757812,590.7100219726562,587.5900268554688,589.3599853515625,264951.0
2026-03-06 14:30:00+00:00,,,,,,,,,,,586.0150146484375,589.5900268554688,580.5399780273438,585.239990234375,210673.0
2026-03-06 15:30:00+00:00,,,,,,,,,,,581.0,587.5599975585938,581.0,586.5499877929688,159771.0
2026-03-06 16:30:00+00:00,,,,,,,,,,,579.4400024414062,582.5,578.6799926757812,580.969970703125,127087.0
2026-03-06 17:30:00+00:00,,,,,,,,,,,581.4949951171875,582.6400146484375,577.6300048828125,579.989990234375,109979.0
2026-03-06 18:30:00+00:00,,,,,,,,,,,583.8900146484375,584.4600219726562,581.4349975585938,582.3099975585938,121856.0
2026-03-06 19:30:00+00:00,,,,,,,,,,,587.4000244140625,588.22998046875,583.9099731445312,583.9099731445312,153204.0
2026-03-06 20:30:00+00:00,,,,,,,,,,,589.6099853515625,589.8400268554688,586.1900024414062,587.469970703125,266281.0
2026-03-09 13:30:00+00:00,,,,,,,,,,,581.75,586.469970703125,578.3200073242188,586.469970703125,189618.0
2026-03-09 14:30:00+00:00,,,,,,,,,,,586.8499755859375,587.8599853515625,581.6199951171875,582.2000122070312,113564.0
2026-03-09 15:30:00+00:00,,,,,,,,,,,589.8046875,590.3300170898438,585.0,587.0999755859375,113182.0
2026-03-09 16:30:00+00:00,,,,,,,,,,,590.9000244140625,594.3400268554688,589.2000122070312,589.5999755859375,151084.0
2026-03-09 17:30:00+00:00,,,,,,,,,,,590.844970703125,593.0800170898438,590.0800170898438,591.2999877929688,153347.0
2026-03-09 18:30:00+00:00,,,,,,,,,,,596.969970703125,597.0399780273438,590.967529296875,591.2999877929688,108199.0
2026-03-09 19:30:00+00:00,,,,,,,,,,,599.6300048828125,600.7100219726562,595.760009765625,596.8900146484375,328301.0
2026-03-10 13:30:00+00:00,,,,,,,,,,,598.625,599.9949951171875,593.401611328125,597.0800170898438,137104.0
2026-03-10 14:30:00+00:00,,,,,,,,,,,599.614990234375,601.0,597.780029296875,599.030029296875,87370.0
2026-03-10 15:30:00+00:00,,,,,,,,,,,596.9199829101562,601.1300048828125,596.8800048828125,599.6099853515625,80444.0
2026-03-10 16:30:00+00:00,,,,,,,,,,,602.0800170898438,602.3099975585938,597.0399780273438,597.0399780273438,68047.0
2026-03-10 17:30:00+00:00,,,,,,,,,,,597.218994140625,603.030029296875,595.7849731445312,602.0800170898438,118813.0
2026-03-10 18:30:00+00:00,,,,,,,,,,,592.5800170898438,598.280029296875,592.1599731445312,597.6400146484375,120330.0
2026-03-10 19:30:00+00:00,,,,,,,,,,,592.8499755859375,594.3099975585938,591.4299926757812,592.2999877929688,254291.0
2026-03-11 13:30:00+00:00,,,,,,,,,,,590.6300048828125,595.3200073242188,585.2999877929688,590.760009765625,145110.0
2026-03-11 14:30:00+00:00,,,,,,,,,,,593.6300048828125,596.0,590.6300048828125,590.6300048828125,128510.0
2026-03-11 15:30:00+00:00,,,,,,,,,,,593.3099975585938,594.5700073242188,590.9099731445312,593.5050048828125,74216.0
2026-03-11 16:30:00+00:00,,,,,,,,,,,597.3900756835938,598.0,593.9500122070312,593.9500122070312,97514.0
2026-03-11 17:30:00+00:00,,,,,,,,,,,595.4500122070312,597.8150024414062,593.7650146484375,597.7999877929688,75674.0
2026-03-11 18:30:00+00:00,,,,,,,,,,,592.7650146484375,595.510009765625,591.5499877929688,595.4400024414062,96104.0
2026-03-11 19:30:00+00:00,,,,,,,,,,,594.22998046875,594.6500244140625,592.5800170898438,592.5900268554688,173461.0
2026-03-12 13:30:00+00:00,,,,,,,,,,,587.125,593.6649780273438,586.02001953125,591.4600219726562,157812.0
2026-03-12 14:30:00+00:00,,,,,,,,,,,584.780029296875,588.405029296875,582.3099975585938,587.0599975585938,236361.0
2026-03-12 15:30:00+00:00,,,,,,,,,,,587.4849853515625,590.0900268554688,583.530029296875,584.780029296875,116323.0
2026-03-12 16:30:00+00:00,,,,,,,,,,,587.9299926757812,590.2650146484375,585.5900268554688,587.2100219726562,188424.0
2026-03-12 17:30:00+00:00,,,,,,,,,,,586.5050048828125,588.2899780273438,585.6599731445312,587.719970703125,115464.0
2026-03-12 18:30:00+00:00,,,,,,,,,,,587.125,588.0798950195312,585.3300170898438,586.5050048828125,135031.0
2026-03-12 19:30:00+00:00,,,,,,,,,,,585.6500244140625,587.5999755859375,583.9099731445312,587.1400146484375,369308.0
2026-03-13 13:30:00+00:00,,,,,,,,,,,576.405029296875,589.6680297851562,571.5999755859375,585.0,260063.0
2026-03-13 14:30:00+00:00,,,,,,,,,,,573.6699829101562,578.614990234375,571.7855224609375,576.405029296875,217333.0
2026-03-13 15:30:00+00:00,,,,,,,,,,,577.6400146484375,580.0,573.47998046875,574.02001953125,163226.0
2026-03-13 16:30:00+00:00,,,,,,,,,,,575.22998046875,578.5900268554688,574.7650146484375,577.4749755859375,112743.0
2026-03-13 17:30:00+00:00,,,,,,,,,,,575.8150024414062,577.219970703125,574.8099975585938,575.4149169921875,114369.0
2026-03-13 18:30:00+00:00,,,,,,,,,,,576.25,578.510009765625,575.4099731445312,575.8150024414062,142404.0
2026-03-13 19:30:00+00:00,,,,,,,,,,,577.739990234375,577.739990234375,574.2999877929688,576.0399780273438,218548.0
2026-03-16 13:30:00+00:00,,,,,,,,,,,576.2249755859375,582.9400024414062,575.6259765625,581.969970703125,186378.0
2026-03-16 14:30:00+00:00,,,,,,,,,,,576.8250122070312,577.6900024414062,574.614990234375,576.2249755859375,92354.0
2026-03-16 15:30:00+00:00,,,,,,,,,,,575.6699829101562,577.239990234375,574.8001098632812,577.030029296875,79322.0
2026-03-16 16:30:00+00:00,,,,,,,,,,,575.3800048828125,576.1325073242188,573.010009765625,575.5900268554688,109234.0
2026-03-16 17:30:00+00:00,,,,,,,,,,,575.697509765625,576.1300048828125,574.1400146484375,575.6799926757812,81702.0
2026-03-16 18:30:00+00:00,,,,,,,,,,,574.1749877929688,575.7550048828125,573.6900024414062,575.7550048828125,104059.0
2026-03-16 19:30:00+00:00,,,,,,,,,,,572.6500244140625,574.469970703125,570.72998046875,574.0599975585938,270319.0
2026-03-17 13:30:00+00:00,,,,,,,,,,,567.8499755859375,576.8499755859375,562.1901245117188,576.3699951171875,302049.0
2026-03-17 14:30:00+00:00,,,,,,,,,,,573.22998046875,575.760009765625,568.1400146484375,568.25,127468.0
2026-03-17 15:30:00+00:00,,,,,,,,,,,573.4199829101562,574.8775024414062,571.3900146484375,573.625,80410.0
2026-03-17 16:30:00+00:00,,,,,,,,,,,576.0599975585938,576.52001953125,572.7800903320312,573.1500244140625,67851.0
2026-03-17 17:30:00+00:00,,,,,,,,,,,574.5374755859375,576.7999877929688,574.0850219726562,576.0499877929688,76582.0
2026-03-17 18:30:00+00:00,,,,,,,,,,,575.5599975585938,576.7750244140625,574.0,574.3400268554688,108695.0
2026-03-17 19:30:00+00:00,,,,,,,,,,,574.4000244140625,576.8099975585938,573.4400024414062,575.3699951171875,389216.0
2026-03-18 13:30:00+00:00,,,,,,,,,,,574.5800170898438,577.780029296875,570.8200073242188,573.75,105767.0
2026-03-18 14:30:00+00:00,,,,,,,,,,,576.7899780273438,577.3300170898438,574.279296875,575.3900146484375,116966.0
2026-03-18 15:30:00+00:00,,,,,,,,,,,575.6599731445312,578.4099731445312,575.5900268554688,576.7899780273438,79166.0
2026-03-18 16:30:00+00:00,,,,,,,,,,,575.405029296875,576.5900268554688,574.3201293945312,575.8499755859375,80448.0
2026-03-18 17:30:00+00:00,,,,,,,,,,,573.844970703125,576.75,573.4600219726562,575.3699951171875,71813.0
2026-03-18 18:30:00+00:00,,,,,,,,,,,571.9849853515625,574.2899169921875,569.1300048828125,573.8499755859375,213061.0
2026-03-18 19:30:00+00:00,,,,,,,,,,,570.4299926757812,572.47998046875,570.0499877929688,571.9249877929688,350944.0
2026-03-19 13:30:00+00:00,,,,,,,,,,,558.10498046875,565.2750244140625,557.9400024414062,563.1900024414062,240454.0
2026-03-19 14:30:00+00:00,,,,,,,,,,,562.760009765625,564.0700073242188,558.010009765625,558.0599975585938,178040.0
2026-03-19 15:30:00+00:00,,,,,,,,,,,565.4400024414062,565.4400024414062,560.8499755859375,562.5499877929688,149449.0
2026-03-19 16:30:00+00:00,,,,,,,,,,,563.9099731445312,565.9299926757812,562.0700073242188,565.510009765625,98350.0
2026-03-19 17:30:00+00:00,,,,,,,,,,,564.1900024414062,565.5499877929688,562.030029296875,563.9149780273438,132993.0
2026-03-19 18:30:00+00:00,,,,,,,,,,,566.6649780273438,570.0050048828125,562.489990234375,564.0,173744.0
2026-03-19 19:30:00+00:00,,,,,,,,,,,567.5800170898438,567.9500122070312,566.1680297851562,566.6649780273438,275774.0
2026-03-20 13:30:00+00:00,,,,,,,,,,,566.5700073242188,573.7100219726562,565.0,568.5700073242188,337807.0
2026-03-20 14:30:00+00:00,,,,,,,,,,,568.8499755859375,572.1500244140625,566.6400146484375,566.6400146484375,223291.0
2026-03-20 15:30:00+00:00,,,,,,,,,,,565.1699829101562,569.72998046875,563.9299926757812,568.989990234375,142715.0
2026-03-20 16:30:00+00:00,,,,,,,,,,,564.880126953125,567.7899780273438,563.9500122070312,565.02001953125,150196.0
2026-03-20 17:30:00+00:00,,,,,,,,,,,562.0,566.72998046875,561.4500122070312,565.39990234375,124766.0
2026-03-20 18:30:00+00:00,,,,,,,,,,,554.6199951171875,562.0750122070312,554.3800048828125,562.0700073242188,215714.0
2026-03-20 19:30:00+00:00,,,,,,,,,,,559.9000244140625,559.9199829101562,551.2750244140625,554.3800048828125,326055.0
2026-03-23 13:30:00+00:00,,,,,,,,,,,568.260009765625,571.9400024414062,564.030029296875,570.25,165519.0
2026-03-23 14:30:00+00:00,,,,,,,,,,,567.6599731445312,570.5499877929688,566.780029296875,568.4099731445312,101847.0
2026-03-23 15:30:00+00:00,,,,,,,,,,,565.594970703125,568.5499877929688,564.3400268554688,567.8800048828125,85333.0
2026-03-23 16:30:00+00:00,,,,,,,,,,,566.7899780273438,568.0,565.125,565.125,79829.0
2026-03-23 17:30:00+00:00,,,,,,,,,,,569.760009765625,570.6799926757812,566.239990234375,566.6699829101562,82834.0
2026-03-23 18:30:00+00:00,,,,,,,,,,,568.4600219726562,571.3809814453125,567.9400024414062,569.8200073242188,105240.0
2026-03-23 19:30:00+00:00,,,,,,,,,,,569.27001953125,570.3200073242188,568.2000122070312,568.6199951171875,244630.0
2026-03-24 13:30:00+00:00,,,,,,,,,,,573.02001953125,574.6799926757812,560.0001220703125,560.5499877929688,101424.0
2026-03-24 14:30:00+00:00,,,,,,,,,,,579.3200073242188,579.6950073242188,571.0001220703125,573.1475219726562,124336.0
2026-03-24 15:30:00+00:00,,,,,,,,,,,581.10498046875,581.3355102539062,578.5700073242188,579.3900146484375,79889.0
2026-03-24 16:30:00+00:00,,,,,,,,,,,581.5449829101562,583.5399780273438,580.47998046875,581.0900268554688,114049.0
2026-03-24 17:30:00+00:00,,,,,,,,,,,581.3300170898438,582.5800170898438,579.72998046875,581.5260009765625,70751.0
2026-03-24 18:30:00+00:00,,,,,,,,,,,582.7150268554688,582.9860229492188,581.280029296875,581.6500244140625,110704.0
2026-03-24 19:30:00+00:00,,,,,,,,,,,583.25,584.5,581.780029296875,582.760009765625,260228.0
2026-03-25 13:30:00+00:00,,,,,,,,,,,578.010009765625,590.6900024414062,578.010009765625,588.5800170898438,110537.0
2026-03-25 14:30:00+00:00,,,,,,,,,,,581.4000244140625,583.1300048828125,577.5968017578125,578.364990234375,98671.0
2026-03-25 15:30:00+00:00,,,,,,,,,,,579.5,582.2899780273438,577.60498046875,581.239990234375,65924.0
2026-03-25 16:30:00+00:00,,,,,,,,,,,580.8400268554688,580.97998046875,578.2000122070312,579.4899291992188,64511.0
2026-03-25 17:30:00+00:00,,,,,,,,,,,579.0399780273438,581.239990234375,578.4600219726562,580.75,65291.0
2026-03-25 18:30:00+00:00,,,,,,,,,,,578.260009765625,579.530029296875,577.4299926757812,579.3200073242188,88186.0
2026-03-25 19:30:00+00:00,,,,,,,,,,,577.9500122070312,579.3099975585938,577.1099853515625,578.1199951171875,150497.0
2026-03-26 13:30:00+00:00,,,,,,,,,,,580.6500244140625,582.4650268554688,573.9600219726562,573.9600219726562,150996.0
2026-03-26 14:30:00+00:00,,,,,,,,,,,583.3150024414062,587.844970703125,580.0800170898438,581.0900268554688,208231.0
2026-03-26 15:30:00+00:00,,,,,,,,,,,582.0499877929688,583.2000122070312,577.8699951171875,583.0499877929688,92883.0
2026-03-26 16:30:00+00:00,,,,,,,,,,,583.0900268554688,583.2098999023438,580.3499755859375,581.739990234375,90394.0
2026-03-26 17:30:00+00:00,,,,,,,,,,,584.1950073242188,585.5549926757812,582.6699829101562,583.114990234375,121856.0
2026-03-26 18:30:00+00:00,,,,,,,,,,,580.7349853515625,584.97998046875,579.5499877929688,584.1900024414062,180590.0
2026-03-26 19:30:00+00:00,,,,,,,,,,,581.6500244140625,581.9000244140625,579.9199829101562,580.7349853515625,436084.0
2026-03-27 13:30:00+00:00,,,,,,,,,,,578.02001953125,581.4400024414062,573.0501098632812,580.719970703125,114295.0
2026-03-27 14:30:00+00:00,,,,,,,,,,,579.7999877929688,580.6199951171875,575.4199829101562,578.0999755859375,148518.0
2026-03-27 15:30:00+00:00,,,,,,,,,,,572.4749755859375,581.9199829101562,571.97998046875,580.4199829101562,97745.0
2026-03-27 16:30:00+00:00,,,,,,,,,,,569.4299926757812,573.47998046875,569.219970703125,572.5850219726562,155762.0
2026-03-27 17:30:00+00:00,,,,,,,,,,,565.155029296875,570.64501953125,564.0999755859375,569.6749877929688,195191.0
2026-03-27 18:30:00+00:00,,,,,,,,,,,566.2899780273438,567.3099975585938,564.0501098632812,565.1749877929688,126260.0
2026-03-27 19:30:00+00:00,,,,,,,,,,,566.4000244140625,567.4400024414062,564.8200073242188,566.2899780273438,282498.0
2026-03-30 13:30:00+00:00,,,,,,,,,,,561.6900024414062,573.2899780273438,557.9000244140625,572.2999877929688,137080.0
2026-03-30 14:30:00+00:00,,,,,,,,,,,565.1160278320312,568.1199951171875,560.6400146484375,561.6900024414062,98623.0
2026-03-30 15:30:00+00:00,,,,,,,,,,,564.3300170898438,567.0700073242188,563.3599853515625,565.5599975585938,55854.0
2026-03-30 16:30:00+00:00,,,,,,,,,,,563.9299926757812,566.5700073242188,563.469970703125,564.4400024414062,199422.0
2026-03-30 17:30:00+00:00,,,,,,,,,,,562.97998046875,564.8200073242188,561.2100219726562,563.9349975585938,127221.0
2026-03-30 18:30:00+00:00,,,,,,,,,,,557.5800170898438,563.856201171875,556.9349975585938,562.6920166015625,134687.0
2026-03-30 19:30:00+00:00,,,,,,,,,,,555.510009765625,558.5,555.0399780273438,557.9099731445312,270593.0
2026-03-31 13:30:00+00:00,,,,,,,,,,,558.5399780273438,562.6567993164062,553.9199829101562,560.0,181066.0
2026-03-31 14:30:00+00:00,,,,,,,,,,,558.6500244140625,560.0599975585938,554.3300170898438,558.6099853515625,113923.0
2026-03-31 15:30:00+00:00,,,,,,,,,,,553.22998046875,559.4600219726562,549.6799926757812,558.6400146484375,162162.0
2026-03-31 16:30:00+00:00,,,,,,,,,,,554.5250244140625,565.2000122070312,551.4000244140625,553.0700073242188,138320.0
2026-03-31 17:30:00+00:00,,,,,,,,,,,559.0650024414062,560.9000244140625,554.1300048828125,554.219970703125,81162.0
2026-03-31 18:30:00+00:00,,,,,,,,,,,565.239990234375,565.239990234375,558.4000854492188,559.0650024414062,99555.0
2026-03-31 19:30:00+00:00,,,,,,,,,,,563.3300170898438,566.5198974609375,562.3200073242188,564.9249877929688,262360.0
2026-04-01 13:30:00+00:00,,,,,,,,,,,566.5900268554688,569.6099853515625,564.1699829101562,565.4400024414062,143777.0
2026-04-01 14:30:00+00:00,,,,,,,,,,,566.8699951171875,568.4500122070312,565.0,566.3200073242188,116776.0
2026-04-01 15:30:00+00:00,,,,,,,,,,,566.0700073242188,566.9400024414062,564.1500244140625,566.4849853515625,147186.0
2026-04-01 16:30:00+00:00,,,,,,,,,,,573.27001953125,574.1799926757812,566.0,566.1799926757812,176138.0
2026-04-01 17:30:00+00:00,,,,,,,,,,,574.969970703125,576.0,573.1799926757812,573.719970703125,192111.0
2026-04-01 18:30:00+00:00,,,,,,,,,,,578.5499877929688,579.3699951171875,573.6599731445312,575.0750122070312,181122.0
2026-04-01 19:30:00+00:00,,,,,,,,,,,569.7999877929688,578.9500122070312,569.77001953125,578.6849975585938,346916.0
2026-04-02 13:30:00+00:00,,,,,,,,,,,569.77001953125,570.7000122070312,556.4500122070312,560.6950073242188,283954.0
2026-04-02 14:30:00+00:00,,,,,,,,,,,574.864990234375,580.6900024414062,569.8599853515625,569.8599853515625,201609.0
2026-04-02 15:30:00+00:00,,,,,,,,,,,572.1900024414062,575.2299194335938,569.8900146484375,574.864990234375,74533.0
2026-04-02 16:30:00+00:00,,,,,,,,,,,573.9199829101562,574.219970703125,571.719970703125,571.719970703125,90760.0
2026-04-02 17:30:00+00:00,,,,,,,,,,,572.4249877929688,574.2849731445312,571.280029296875,573.9199829101562,107709.0
2026-04-02 18:30:00+00:00,,,,,,,,,,,574.0850219726562,574.9400024414062,572.1300048828125,572.4249877929688,99164.0
2026-04-02 19:30:00+00:00,,,,,,,,,,,575.6500244140625,575.8499755859375,573.3099975585938,573.9500122070312,256596.0
2026-04-06 13:30:00+00:00,,,,,,,,,,,569.5750122070312,574.0,567.7080078125,572.3900146484375,122538.0
2026-04-06 14:30:00+00:00,,,,,,,,,,,568.2000122070312,570.8200073242188,566.6599731445312,570.010009765625,110973.0
2026-04-06 15:30:00+00:00,,,,,,,,,,,569.0599975585938,569.280029296875,567.6699829101562,568.3699951171875,78821.0
2026-04-06 16:30:00+00:00,,,,,,,,,,,569.4400024414062,569.989990234375,567.9149780273438,568.8599853515625,58979.0
2026-04-06 17:30:00+00:00,,,,,,,,,,,570.719970703125,571.1649780273438,568.52001953125,569.280029296875,79951.0
2026-04-06 18:30:00+00:00,,,,,,,,,,,571.4299926757812,572.6400146484375,570.375,570.6500244140625,98859.0
2026-04-06 19:30:00+00:00,,,,,,,,,,,575.0800170898438,575.2100219726562,571.3236083984375,571.4299926757812,297851.0
2026-04-07 13:30:00+00:00,,,,,,,,,,,574.5399780273438,574.9500122070312,569.3099975585938,573.3099975585938,114070.0
2026-04-07 14:30:00+00:00,,,,,,,,,,,572.3200073242188,576.1300048828125,571.760009765625,575.0,92558.0
2026-04-07 15:30:00+00:00,,,,,,,,,,,574.260009765625,575.3300170898438,569.75,572.0499877929688,69088.0
2026-04-07 16:30:00+00:00,,,,,,,,,,,573.4500122070312,574.7999877929688,572.97998046875,574.2550048828125,62190.0
2026-04-07 17:30:00+00:00,,,,,,,,,,,572.75,575.75,572.0382080078125,573.6099853515625,43907.0
2026-04-07 18:30:00+00:00,,,,,,,,,,,574.6599731445312,575.5599975585938,571.60498046875,572.989990234375,75089.0
2026-04-07 19:30:00+00:00,,,,,,,,,,,576.1099853515625,576.1199951171875,572.9199829101562,574.6649780273438,239641.0
2026-04-08 13:30:00+00:00,,,,,,,,,,,600.50732421875,603.6199951171875,590.0,592.239990234375,415725.0
2026-04-08 14:30:00+00:00,,,,,,,,,,,603.27001953125,603.719970703125,596.719970703125,600.9500122070312,247669.0
2026-04-08 15:30:00+00:00,,,,,,,,,,,604.3499755859375,607.0700073242188,603.1900024414062,603.4199829101562,103682.0
2026-04-08 16:30:00+00:00,,,,,,,,,,,605.4400024414062,606.0999755859375,604.0800170898438,604.621826171875,54496.0
2026-04-08 17:30:00+00:00,,,,,,,,,,,608.0399780273438,608.7999877929688,605.0050048828125,605.2349853515625,137506.0
2026-04-08 18:30:00+00:00,,,,,,,,,,,608.3800048828125,608.619873046875,607.1300048828125,608.114990234375,140433.0
2026-04-08 19:30:00+00:00,,,,,,,,,,,609.4099731445312,609.6799926757812,607.760009765625,608.1900024414062,177173.0
2026-04-09 13:30:00+00:00,,,,,,,,,,,611.219970703125,613.989990234375,607.4450073242188,607.6900024414062,118137.0
2026-04-09 14:30:00+00:00,,,,,,,,,,,611.155029296875,612.2849731445312,608.8400268554688,611.3400268554688,90540.0
2026-04-09 15:30:00+00:00,,,,,,,,,,,616.27001953125,616.7999877929688,610.5,610.969970703125,106953.0
2026-04-09 16:30:00+00:00,,,,,,,,,,,615.6749877929688,618.9498901367188,615.0800170898438,616.25,81480.0
2026-04-09 17:30:00+00:00,,,,,,,,,,,615.2100219726562,617.4199829101562,614.340087890625,615.6749877929688,106872.0
2026-04-09 18:30:00+00:00,,,,,,,,,,,617.719970703125,617.9600219726562,614.8350219726562,615.510009765625,144854.0
2026-04-09 19:30:00+00:00,,,,,,,,,,,618.0599975585938,618.3599853515625,616.0499877929688,617.844970703125,329641.0
2026-04-10 13:30:00+00:00,,,,,,,,,,,617.3300170898438,619.0,611.6389770507812,618.4500122070312,102261.0
2026-04-10 14:30:00+00:00,,,,,,,,,,,618.3900146484375,618.4199829101562,614.859619140625,617.489990234375,75459.0
2026-04-10 15:30:00+00:00,,,,,,,,,,,613.8499755859375,619.239990234375,613.030029296875,618.5999755859375,112742.0
2026-04-10 16:30:00+00:00,,,,,,,,,,,613.0,613.9949951171875,611.1699829101562,613.9949951171875,105781.0
2026-04-10 17:30:00+00:00,,,,,,,,,,,613.1900024414062,616.1799926757812,612.6500244140625,613.0,106131.0
2026-04-10 18:30:00+00:00,,,,,,,,,,,608.3588256835938,613.5900268554688,607.3699951171875,613.032470703125,131845.0
2026-04-10 19:30:00+00:00,,,,,,,,,,,605.0999755859375,608.3200073242188,601.0599975585938,608.3200073242188,391354.0
2026-04-13 13:30:00+00:00,,,,,,,,,,,600.0700073242188,607.92822265625,599.0,606.0499877929688,161226.0
2026-04-13 14:30:00+00:00,,,,,,,,,,,599.8900146484375,601.6599731445312,598.8499755859375,600.3200073242188,73260.0
2026-04-13 15:30:00+00:00,,,,,,,,,,,602.114990234375,602.4600219726562,598.8499755859375,599.989990234375,105512.0
2026-04-13 16:30:00+00:00,,,,,,,,,,,602.3350219726562,603.39501953125,602.0549926757812,602.114990234375,108672.0
2026-04-13 17:30:00+00:00,,,,,,,,,,,602.0150146484375,602.5399780273438,600.780029296875,602.3900146484375,76520.0
2026-04-13 18:30:00+00:00,,,,,,,,,,,601.219970703125,603.8200073242188,600.8699951171875,601.9500122070312,83931.0
2026-04-13 19:30:00+00:00,,,,,,,,,,,603.0399780273438,604.6199951171875,600.25,601.3300170898438,204187.0
2026-04-14 13:30:00+00:00,,,,,,,,,,,597.280029296875,602.4400024414062,593.6799926757812,599.4600219726562,95821.0
2026-04-14 14:30:00+00:00,,,,,,,,,,,601.1500244140625,601.510009765625,596.5,596.9600219726562,88030.0
2026-04-14 15:30:00+00:00,,,,,,,,,,,599.9000244140625,601.7899780273438,598.1599731445312,601.239990234375,56609.0
2026-04-14 16:30:00+00:00,,,,,,,,,,,598.1849975585938,600.25,597.0,599.9400024414062,49024.0
2026-04-14 17:30:00+00:00,,,,,,,,,,,597.2849731445312,598.969970703125,596.6900024414062,597.7501220703125,46709.0
2026-04-14 18:30:00+00:00,,,,,,,,,,,597.1950073242188,598.0850219726562,596.5360107421875,597.2849731445312,71215.0
2026-04-14 19:30:00+00:00,,,,,,,,,,,596.02001953125,598.635009765625,595.0900268554688,597.0800170898438,230527.0
2026-04-15 13:30:00+00:00,,,,,,,,,,,582.5349731445312,593.8599853515625,579.7999877929688,590.780029296875,296891.0
2026-04-15 14:30:00+00:00,,,,,,,,,,,578.969970703125,582.739990234375,575.3099975585938,582.375,137537.0
2026-04-15 15:30:00+00:00,,,,,,,,,,,572.7999877929688,579.4099731445312,572.4600219726562,578.7249755859375,154941.0
2026-04-15 16:30:00+00:00,,,,,,,,,,,575.6199951171875,576.7598876953125,572.0999755859375,572.9199829101562,109308.0
2026-04-15 17:30:00+00:00,,,,,,,,,,,574.5499877929688,575.6199951171875,572.2100219726562,575.6099853515625,85951.0
2026-04-15 18:30:00+00:00,,,,,,,,,,,575.2999877929688,576.3200073242188,572.11767578125,574.510009765625,134429.0
2026-04-15 19:30:00+00:00,,,,,,,,,,,576.7999877929688,579.030029296875,572.6300048828125,575.155029296875,299946.0
2026-04-16 13:30:00+00:00,,,,,,,,,,,566.719970703125,575.3699951171875,565.5900268554688,571.8499755859375,167393.0
2026-04-16 14:30:00+00:00,,,,,,,,,,,582.4149780273438,584.77001953125,564.8200073242188,566.6099853515625,268867.0
2026-04-16 15:30:00+00:00,,,,,,,,,,,582.5599975585938,582.9699096679688,579.030029296875,582.1099853515625,108507.0
2026-04-16 16:30:00+00:00,,,,,,,,,,,578.489990234375,582.5700073242188,577.469970703125,582.5700073242188,74662.0
2026-04-16 17:30:00+00:00,,,,,,,,,,,579.2100219726562,579.8499755859375,577.5811157226562,578.6799926757812,96003.0
2026-04-16 18:30:00+00:00,,,,,,,,,,,581.4400024414062,581.72998046875,578.5800170898438,578.9749755859375,162299.0
2026-04-16 19:30:00+00:00,,,,,,,,,,,584.0499877929688,585.5250244140625,581.4000244140625,581.4299926757812,371200.0
2026-04-17 13:30:00+00:00,,,,,,,,,,,589.02001953125,590.572509765625,582.030029296875,586.0,258180.0
2026-04-17 14:30:00+00:00,,,,,,,,,,,588.1699829101562,592.9199829101562,586.4099731445312,588.760009765625,276898.0
2026-04-17 15:30:00+00:00,,,,,,,,,,,591.5499877929688,591.6599731445312,587.9199829101562,588.4199829101562,72460.0
2026-04-17 16:30:00+00:00,,,,,,,,,,,589.0599975585938,593.6998901367188,588.45751953125,591.6699829101562,75653.0
2026-04-17 17:30:00+00:00,,,,,,,,,,,590.4600219726562,590.6400146484375,588.0001220703125,589.4500122070312,68311.0
2026-04-17 18:30:00+00:00,,,,,,,,,,,589.0750122070312,591.3200073242188,588.8800048828125,590.219970703125,87472.0
2026-04-17 19:30:00+00:00,,,,,,,,,,,590.5,591.7150268554688,589.10498046875,589.10498046875,189730.0
2026-04-20 13:30:00+00:00,,,,,,,,,,,593.1500244140625,595.0,587.5499877929688,590.5,63258.0
2026-04-20 14:30:00+00:00,,,,,,,,,,,593.52001953125,594.5700073242188,591.3099975585938,592.9149780273438,94723.0
2026-04-20 15:30:00+00:00,,,,,,,,,,,593.0250244140625,594.780029296875,591.8759765625,593.5150146484375,50010.0
2026-04-20 16:30:00+00:00,,,,,,,,,,,591.780029296875,593.3300170898438,590.8900756835938,593.3300170898438,45746.0
2026-04-20 17:30:00+00:00,,,,,,,,,,,591.7000122070312,593.2449951171875,591.22998046875,591.5,73135.0
2026-04-20 18:30:00+00:00,,,,,,,,,,,592.8599853515625,593.8200073242188,590.7999877929688,591.8900146484375,91084.0
2026-04-20 19:30:00+00:00,,,,,,,,,,,594.6599731445312,595.6400146484375,592.02001953125,592.9450073242188,288985.0
2026-04-21 13:30:00+00:00,,,,,,,,,,,595.6849975585938,598.6599731445312,592.0399780273438,592.5599975585938,84529.0
2026-04-21 14:30:00+00:00,,,,,,,,,,,591.0349731445312,595.1950073242188,589.8300170898438,595.02001953125,91900.0
2026-04-21 15:30:00+00:00,,,,,,,,,,,591.4199829101562,592.6900024414062,590.760009765625,591.3200073242188,46716.0
2026-04-21 16:30:00+00:00,,,,,,,,,,,589.9600219726562,592.219970703125,589.4199829101562,591.4199829101562,48367.0
2026-04-21 17:30:00+00:00,,,,,,,,,,,588.0499877929688,591.77001953125,587.3200073242188,589.95751953125,45690.0
2026-04-21 18:30:00+00:00,,,,,,,,,,,590.8099975585938,591.0,587.239990234375,588.1599731445312,53496.0
2026-04-21 19:30:00+00:00,,,,,,,,,,,587.4600219726562,591.114990234375,586.6099853515625,590.8099975585938,122330.0
2026-04-22 13:30:00+00:00,,,,,,,,,,,587.9000244140625,593.0999755859375,586.4149780273438,589.489990234375,105792.0
2026-04-22 14:30:00+00:00,,,,,,,,,,,588.7650146484375,589.889892578125,586.85498046875,587.5999755859375,71007.0
2026-04-22 15:30:00+00:00,,,,,,,,,,,583.8200073242188,588.7650146484375,583.239990234375,588.7650146484375,130201.0
2026-04-22 16:30:00+00:00,,,,,,,,,,,583.8900146484375,585.469970703125,582.8250122070312,583.5900268554688,31950.0
2026-04-22 17:30:00+00:00,,,,,,,,,,,582.5700073242188,584.27001953125,582.0,583.9600219726562,54284.0
2026-04-22 18:30:00+00:00,,,,,,,,,,,582.9199829101562,583.3499755859375,580.2449951171875,582.9000244140625,73824.0
2026-04-22 19:30:00+00:00,,,,,,,,,,,580.030029296875,582.7999877929688,579.8099975585938,582.6500244140625,153890.0
2026-04-23 13:30:00+00:00,,,,,,,,,,,587.10498046875,588.4600219726562,580.0,584.3699951171875,124738.0
2026-04-23 14:30:00+00:00,,,,,,,,,,,586.9299926757812,589.5900268554688,585.989990234375,587.1599731445312,87026.0
2026-04-23 15:30:00+00:00,,,,,,,,,,,586.9299926757812,588.2000122070312,586.5250244140625,586.9600219726562,49733.0
2026-04-23 16:30:00+00:00,,,,,,,,,,,587.530029296875,590.6992797851562,586.6300048828125,586.8599853515625,69010.0
2026-04-23 17:30:00+00:00,,,,,,,,,,,592.6500244140625,592.6500244140625,584.5499877929688,587.5399780273438,119492.0
2026-04-23 18:30:00+00:00,,,,,,,,,,,593.7000122070312,594.58251953125,592.0,592.72998046875,80529.0
2026-04-23 19:30:00+00:00,,,,,,,,,,,591.989990234375,594.969970703125,591.8499755859375,593.7000122070312,161699.0
2026-04-24 13:30:00+00:00,,,,,,,,,,,576.219970703125,588.1749877929688,573.7000122070312,585.3699951171875,133628.0
2026-04-24 14:30:00+00:00,,,,,,,,,,,573.6300048828125,576.47998046875,571.0,575.5,110896.0
2026-04-24 15:30:00+00:00,,,,,,,,,,,572.8099975585938,577.0598754882812,572.5401000976562,573.6699829101562,73935.0
2026-04-24 16:30:00+00:00,,,,,,,,,,,571.1649780273438,573.0700073242188,567.1500244140625,572.8499755859375,112192.0
2026-04-24 17:30:00+00:00,,,,,,,,,,,565.4600219726562,571.8099975585938,565.4199829101562,571.47998046875,112269.0
2026-04-24 18:30:00+00:00,,,,,,,,,,,564.6799926757812,566.7999877929688,564.1199951171875,565.9498901367188,104592.0
2026-04-24 19:30:00+00:00,,,,,,,,,,,562.5900268554688,565.4199829101562,561.614990234375,564.7449951171875,276345.0
2026-04-27 13:30:00+00:00,,,,,,,,,,,567.2449951171875,577.989990234375,566.6199951171875,566.6300048828125,246954.0
2026-04-27 14:30:00+00:00,,,,,,,,,,,566.0800170898438,570.72998046875,565.010009765625,567.25,99286.0
2026-04-27 15:30:00+00:00,,,,,,,,,,,566.219970703125,566.9400024414062,565.35009765625,566.0700073242188,67055.0
2026-04-27 16:30:00+00:00,,,,,,,,,,,566.0549926757812,566.385009765625,564.1599731445312,566.2249755859375,72521.0
2026-04-27 17:30:00+00:00,,,,,,,,,,,567.52001953125,567.8499755859375,565.9400024414062,566.2550048828125,91139.0
2026-04-27 18:30:00+00:00,,,,,,,,,,,568.7899780273438,569.280029296875,566.9299926757812,567.52001953125,148677.0
2026-04-27 19:30:00+00:00,,,,,,,,,,,567.8300170898438,569.4000244140625,567.6099853515625,568.875,147093.0
2026-04-28 13:30:00+00:00,,,,,,,,,,,566.0599975585938,574.4600219726562,564.489990234375,574.4500122070312,180093.0
2026-04-28 14:30:00+00:00,,,,,,,,,,,564.8499755859375,566.5650024414062,563.6099853515625,566.0399780273438,84635.0
2026-04-28 15:30:00+00:00,,,,,,,,,,,564.1099853515625,566.7050170898438,564.0499877929688,564.8099975585938,50108.0
2026-04-28 16:30:00+00:00,,,,,,,,,,,562.1099853515625,564.4600219726562,561.8900146484375,564.0999755859375,51038.0
2026-04-28 17:30:00+00:00,,,,,,,,,,,561.260009765625,564.6500244140625,560.9099731445312,562.0,87307.0
2026-04-28 18:30:00+00:00,,,,,,,,,,,561.1500244140625,562.2100219726562,559.760009765625,561.1400146484375,87404.0
2026-04-28 19:30:00+00:00,,,,,,,,,,,564.030029296875,564.4000244140625,560.1699829101562,561.1400146484375,176521.0
2026-04-29 13:30:00+00:00,,,,,,,,,,,561.0800170898438,563.4000244140625,557.760009765625,558.27001953125,80568.0
2026-04-29 14:30:00+00:00,,,,,,,,,,,561.5449829101562,562.1500244140625,559.6099853515625,561.614990234375,51856.0
2026-04-29 15:30:00+00:00,,,,,,,,,,,562.6199951171875,563.5599975585938,560.9299926757812,561.5399780273438,75714.0
2026-04-29 16:30:00+00:00,,,,,,,,,,,561.9099731445312,563.8599853515625,560.8400268554688,562.6199951171875,73094.0
2026-04-29 17:30:00+00:00,,,,,,,,,,,560.89501953125,563.4199829101562,559.6400146484375,561.875,86755.0
2026-04-29 18:30:00+00:00,,,,,,,,,,,559.3250122070312,561.0499877929688,558.8599853515625,560.635009765625,91302.0
2026-04-29 19:30:00+00:00,,,,,,,,,,,560.2000122070312,560.9400024414062,558.4099731445312,559.3699951171875,174924.0
2026-04-30 13:30:00+00:00,,,,,,,,,,,587.6799926757812,587.989990234375,562.4600219726562,562.4600219726562,250429.0
2026-04-30 14:30:00+00:00,,,,,,,,,,,590.4099731445312,590.6199951171875,584.489990234375,588.4500122070312,195872.0
2026-04-30 15:30:00+00:00,,,,,,,,,,,593.9450073242188,594.409912109375,590.2899780273438,591.0,137819.0
2026-04-30 16:30:00+00:00,,,,,,,,,,,590.0800170898438,594.0800170898438,589.4400024414062,593.9349975585938,157459.0
2026-04-30 17:30:00+00:00,,,,,,,,,,,590.0900268554688,592.1599731445312,589.8350219726562,590.1599731445312,101349.0
2026-04-30 18:30:00+00:00,,,,,,,,,,,592.02001953125,592.280029296875,589.0349731445312,590.0900268554688,142605.0
2026-04-30 19:30:00+00:00,,,,,,,,,,,590.030029296875,592.27001953125,589.0599975585938,592.0750122070312,237813.0
2026-05-01 13:30:00+00:00,,,,,,,,,,,584.1099243164062,590.0650024414062,581.5399780273438,588.2999877929688,122910.0
2026-05-01 14:30:00+00:00,,,,,,,,,,,576.905029296875,585.2100219726562,575.7000122070312,582.8900146484375,123286.0
2026-05-01 15:30:00+00:00,,,,,,,,,,,579.1950073242188,580.1400146484375,576.52001953125,577.2210083007812,79153.0
2026-05-01 16:30:00+00:00,,,,,,,,,,,579.1500244140625,579.72998046875,577.8099975585938,578.3499755859375,55945.0
2026-05-01 17:30:00+00:00,,,,,,,,,,,578.0499877929688,580.0700073242188,577.4401245117188,578.989990234375,59869.0
2026-05-01 18:30:00+00:00,,,,,,,,,,,578.3400268554688,580.0599975585938,577.1400146484375,578.0700073242188,89147.0
2026-05-01 19:30:00+00:00,,,,,,,,,,,577.4099731445312,579.1599731445312,576.719970703125,578.4099731445312,146420.0
