Date,Open,High,Low,Close,Volume
2019-01-02 00:00:00+00:00,131.84829816706713,134.94096534949162,131.84829816706713,133.53439331054688,1987700
2019-01-03 00:00:00+00:00,132.92126226400123,133.137663250963,128.66547249371177,129.88270568847656,2047200
2019-01-04 00:00:00+00:00,132.55156413516258,136.83440171878513,132.40731058849227,136.76226806640625,2549100
2019-01-07 00:00:00+00:00,136.9787565789852,140.6033958188537,136.05005756788424,138.9984588623047,2947400
2019-01-08 00:00:00+00:00,139.7828353353811,142.36155556710216,138.87217354766042,141.48695373535156,3124800
2019-01-09 00:00:00+00:00,142.33449636218992,142.37055631542427,138.4033010713384,139.15167236328125,3134300
2019-01-10 00:00:00+00:00,138.53855316638752,143.75009042636782,136.59099911406665,143.4705810546875,2693600
2019-01-11 00:00:00+00:00,142.2533743508603,144.07469808518846,141.2074566813048,142.7132110595703,2039000
2019-01-14 00:00:00+00:00,140.84677926032467,142.76728476898347,140.51315934156582,141.9287567138672,1364900
2019-01-15 00:00:00+00:00,141.79346475963203,143.1369281245467,140.44098984821898,141.6041259765625,1369100
2019-01-16 00:00:00+00:00,141.78448938457092,143.08286783205784,141.48694317718102,141.9287567138672,1457300
2019-01-17 00:00:00+00:00,141.32466668005475,145.74274745002867,140.8828530998209,144.32716369628906,2155100
2019-01-18 00:00:00+00:00,146.0673314805753,149.84524799608954,145.92306414754174,148.42063903808594,3879800
2019-01-22 00:00:00+00:00,146.86984199998824,146.96902410031836,141.9017529480386,143.21815490722656,2076500
2019-01-23 00:00:00+00:00,143.84923243111942,144.8951497147716,140.8828100365481,142.1090545654297,1780800
2019-01-24 00:00:00+00:00,142.2353037234028,143.44351155927046,141.62218825735252,142.84841918945312,1602100
2019-01-25 00:00:00+00:00,144.83202408803137,146.806639519177,144.14676137660678,145.616455078125,1826400
2019-01-28 00:00:00+00:00,141.64024034041637,142.83943687358442,139.93612184761787,141.09925842285156,2199400
2019-01-29 00:00:00+00:00,141.99188743988884,145.11160357644937,141.38778338114597,144.69683837890625,2199700
2019-01-30 00:00:00+00:00,145.9861673055866,147.58207803645286,144.32713446543215,146.8878173828125,1988800
2019-01-31 00:00:00+00:00,146.45502342522803,148.6640772413485,144.42631064085631,147.87062072753906,3118800
2019-02-01 00:00:00+00:00,147.94279375230408,148.19525475421867,146.93294974464575,147.76246643066406,1704300
2019-02-04 00:00:00+00:00,147.92476543445153,148.66412538138965,146.373925614229,148.33050537109375,1907900
2019-02-05 00:00:00+00:00,148.43867372491587,148.7632683404526,146.97799107595563,148.0599822998047,1574600
2019-02-06 00:00:00+00:00,147.97885115834802,148.69116263995235,146.96900716812598,147.58212280273438,1660500
2019-02-07 00:00:00+00:00,146.68943078606,147.69026276873387,144.3631722923292,145.886962890625,2488100
2019-02-08 00:00:00+00:00,144.48948050643992,146.7796665307967,144.48948050643992,146.7436065673828,1628300
2019-02-11 00:00:00+00:00,147.53705118056735,148.08705844441894,146.00423457901567,146.0132598876953,1843900
2019-02-12 00:00:00+00:00,147.36570051788567,149.59277745579405,146.887827046165,148.94358825683594,1894400
2019-02-13 00:00:00+00:00,147.77145227868124,148.32145945677772,146.1304560516643,146.698486328125,2777700
2019-02-14 00:00:00+00:00,145.4902674551258,147.338652997738,144.7689445899492,146.44601440429688,2029700
2019-02-15 00:00:00+00:00,143.7861206493538,147.32959839880775,141.8385534280225,143.35333251953125,7578600
2019-02-19 00:00:00+00:00,141.450900315541,143.18206720200544,140.71154048212742,141.79351806640625,2971500
2019-02-20 00:00:00+00:00,142.36151902860723,144.8230196949981,138.70082220215747,144.1558074951172,3349200
2019-02-21 00:00:00+00:00,144.23693829496747,148.1410840857853,144.23693829496747,146.8336944580078,2838500
2019-02-22 00:00:00+00:00,146.96896398918452,149.67391424665416,146.96896398918452,149.64686584472656,1967200
2019-02-25 00:00:00+00:00,150.5575512095551,151.3149478571756,148.57392345969998,148.64605712890625,2502700
2019-02-26 00:00:00+00:00,147.38373461964196,148.81735500802282,146.7976537869839,147.69029235839844,1623700
2019-02-27 00:00:00+00:00,147.42882763263822,147.65424019545634,146.3829237973114,147.50096130371094,1850500
2019-02-28 00:00:00+00:00,147.17635804540953,148.79933115428918,146.51815725278533,147.9066925048828,1778000
2019-03-01 00:00:00+00:00,148.63706917343424,149.637901635641,146.73458634016168,147.24851989746094,1668900
2019-03-04 00:00:00+00:00,148.41164326022601,150.59363531139303,148.00588962318992,149.51165771484375,2663100
2019-03-05 00:00:00+00:00,149.11491893777435,149.45753666851877,145.5263411286353,145.57142639160156,1965900
2019-03-06 00:00:00+00:00,145.3911171074413,145.44521392646556,142.29846304975337,142.67715454101562,2229700
2019-03-07 00:00:00+00:00,142.35252929564817,142.7582691092816,140.24265750019342,142.478759765625,2051300
2019-03-08 00:00:00+00:00,140.54922808707815,144.24598540257617,140.54922808707815,143.3713836669922,1757300
2019-03-11 00:00:00+00:00,143.47055237200703,144.85910116145888,143.02875265016255,144.6427001953125,1340300
2019-03-12 00:00:00+00:00,144.76897401296267,145.1657023573458,143.1099407165351,143.48863220214844,1553100
2019-03-13 00:00:00+00:00,144.04765858312763,145.14767313841932,143.1910934807199,143.97552490234375,1661800
2019-03-14 00:00:00+00:00,143.41650245454144,143.57880667173237,141.52304497459713,142.24435424804688,1596800
2019-03-15 00:00:00+00:00,142.11808905626793,143.66892838016867,141.91972492706512,142.59596252441406,2386300
2019-03-18 00:00:00+00:00,142.44269555978113,144.70584637992434,142.07302943181188,144.53453063964844,1962400
2019-03-19 00:00:00+00:00,145.55342337128874,147.11328853237896,144.32719198532632,145.138671875,1685400
2019-03-20 00:00:00+00:00,144.73287813364624,145.6164913807818,142.47875288007376,143.95745849609375,2017100
2019-03-21 00:00:00+00:00,142.92962534391714,144.8771797529061,142.9115884836405,144.02061462402344,1082200
2019-03-22 00:00:00+00:00,142.74929535293012,143.31732573916446,139.99023362197786,140.60336303710938,2177400
2019-03-25 00:00:00+00:00,140.9820417830957,142.6861603036977,140.64843557391654,141.8566436767578,1137200
2019-03-26 00:00:00+00:00,142.8574652921635,143.24516828894315,141.11727318614254,142.10008239746094,1036700
2019-03-27 00:00:00+00:00,142.5779778721386,142.96568092860886,140.7295918560378,142.70420837402344,1068200
2019-03-28 00:00:00+00:00,143.1480993454493,143.60109965983364,141.9974746760608,143.2205810546875,1123300
2019-03-29 00:00:00+00:00,143.97259614647226,146.04733197785242,143.58300859831948,144.81517028808594,1862600
2019-04-01 00:00:00+00:00,146.44600390619476,147.75064758322645,145.57623684668084,146.6906280517578,1371400
2019-04-02 00:00:00+00:00,146.68153807390405,147.41541040492623,145.7121243135524,146.880859375,1184300
2019-04-03 00:00:00+00:00,147.71435782725788,148.63848247330841,146.9261415898917,148.03146362304688,1356100
2019-04-04 00:00:00+00:00,148.10395022796914,149.29080905079857,147.98616570145248,148.80157470703125,1197200
2019-04-05 00:00:00+00:00,149.34519159390226,149.89785272014137,148.77442040249133,149.517333984375,1294600
2019-04-08 00:00:00+00:00,148.5660029040494,149.52636151163216,147.85026837605983,149.49012756347656,1133300
2019-04-09 00:00:00+00:00,146.93519492427447,147.14358505028966,143.56488485451064,143.9001007080078,2451000
2019-04-10 00:00:00+00:00,144.05416432281106,144.63400443125707,141.1187159975339,143.7189483642578,2746800
2019-04-11 00:00:00+00:00,143.72797734692918,145.2319421077803,143.057531726863,145.1051025390625,1162200
2019-04-12 00:00:00+00:00,146.49124370515995,147.0620285244438,144.8694948398676,146.28286743164062,1220200
2019-04-15 00:00:00+00:00,146.6181310435852,147.30668676832656,146.21043339308733,147.21609497070312,1062500
2019-04-16 00:00:00+00:00,147.21609227032747,149.70759476314035,147.107362760906,149.0915069580078,1310200
2019-04-17 00:00:00+00:00,149.36332041178852,150.20589467782676,148.4482644092398,149.89785766601562,1350700
2019-04-18 00:00:00+00:00,150.38703388348148,154.01103602594,150.14240986801363,153.15939331054688,2215500
2019-04-22 00:00:00+00:00,152.42561064566664,153.98393344533878,152.1175598042595,153.25006103515625,1376600
2019-04-23 00:00:00+00:00,152.86952938445773,153.3859565379303,151.73702824909864,151.99070739746094,1891200
2019-04-24 00:00:00+00:00,151.57394273548337,151.95446142793688,149.72569328702266,149.77099609375,1463400
2019-04-25 00:00:00+00:00,148.58415032279115,149.06432970263225,146.08359276978024,146.60000610351562,1256600
2019-04-26 00:00:00+00:00,147.52410106253933,149.5172999109094,146.41877906195268,149.49917602539062,988500
2019-04-29 00:00:00+00:00,149.8615879903008,150.9669100157942,149.54448219670988,150.6588592529297,889700
2019-04-30 00:00:00+00:00,151.0031324564459,151.0031324564459,147.98614851752936,150.06089782714844,1573700
2019-05-01 00:00:00+00:00,150.0427917411624,151.5920591785102,149.0733642578125,149.0733642578125,1327400
2019-05-02 00:00:00+00:00,149.48105529976263,150.9850059031461,146.90800289415594,148.6928253173828,1702400
2019-05-03 00:00:00+00:00,149.59884714548016,151.51050937972883,148.99182827055427,151.22059631347656,1050800
2019-05-06 00:00:00+00:00,146.0926269409756,146.3191271377833,143.2659089086473,145.12319946289062,2913100
2019-05-07 00:00:00+00:00,143.45616143720437,143.94540960437288,140.70192512477666,142.93067932128906,2182200
2019-05-08 00:00:00+00:00,142.37798885194826,142.95782868334297,140.74719883047513,140.96463012695312,1806400
2019-05-09 00:00:00+00:00,139.29761283559793,141.60791747191243,137.5218453144048,140.864990234375,2026000
2019-05-10 00:00:00+00:00,140.26703172733656,141.6441428054896,137.68492426297144,141.38140869140625,1753700
2019-05-13 00:00:00+00:00,135.90010896452821,136.38934327403197,131.53317882738722,132.52978515625,3172500
2019-05-14 00:00:00+00:00,132.47545902988122,134.9307138444168,131.77783443271505,133.28179931640625,2325400
2019-05-15 00:00:00+00:00,132.0949102229284,132.82876860800164,130.48223001698443,131.2251434326172,2330500
2019-05-16 00:00:00+00:00,132.4482567179306,134.14247375881067,131.37011357392518,132.26705932617188,2893400
2019-05-17 00:00:00+00:00,126.84011116890784,128.081327832943,120.65212408651627,122.14703369140625,7817500
2019-05-20 00:00:00+00:00,121.37694420917012,123.21612496855137,120.20819528209958,122.64533996582031,3715300
2019-05-21 00:00:00+00:00,124.17646665555094,126.38711080557155,123.72346625839835,125.8344497680664,3567300
2019-05-22 00:00:00+00:00,124.9556409287195,126.91260616647014,124.77444351584847,125.73480224609375,2626800
2019-05-23 00:00:00+00:00,123.82312702060919,124.85596737415455,122.7178049445111,123.64192962646484,2584400
2019-05-24 00:00:00+00:00,125.1911847127654,126.29650680182652,124.51168410839875,125.88880920410156,2597200
2019-05-28 00:00:00+00:00,127.2659624517663,127.2659624517663,124.62044117249796,124.63856506347656,2054400
2019-05-29 00:00:00+00:00,124.28517754225192,128.08132293616097,123.70533760919852,127.8638916015625,3013000
2019-05-30 00:00:00+00:00,128.0269515367623,130.1922925693707,128.0269515367623,128.36216735839844,3110600
2019-05-31 00:00:00+00:00,126.38708373479686,127.52863951430122,124.84688547926721,126.99410247802734,2206600
2019-06-03 00:00:00+00:00,126.42334360973912,130.28291580619253,126.42334360973912,129.8208465576172,2213600
2019-06-04 00:00:00+00:00,131.3701076938166,132.80159052624475,130.36444631642289,131.93182373046875,1872000
2019-06-05 00:00:00+00:00,132.53886148071012,133.1368253740981,130.60908902401434,132.47544860839844,1634100
2019-06-06 00:00:00+00:00,132.22175905063753,133.3361361645154,131.22515264019384,132.72006225585938,1391300
2019-06-07 00:00:00+00:00,133.44486609627577,135.17533112819712,132.78348931202228,134.7313995361328,1555800
2019-06-10 00:00:00+00:00,135.6011115156289,137.01447027486535,135.58298763232597,135.7279510498047,1708500
2019-06-11 00:00:00+00:00,137.21379891662394,138.21946021484212,134.85820546570235,135.9001007080078,2019800
2019-06-12 00:00:00+00:00,135.22059939692963,135.7642053263045,133.82536445409463,134.8038330078125,1344100
2019-06-13 00:00:00+00:00,135.5467807752601,137.92956731248427,134.99411973210266,137.2863006591797,1192500
2019-06-14 00:00:00+00:00,137.40403580778485,137.80267823000972,135.465195337894,137.26812744140625,1013500
2019-06-17 00:00:00+00:00,138.88991562462348,140.61131149361717,137.94766711726814,139.8593292236328,1742200
2019-06-18 00:00:00+00:00,141.23644439724094,144.93292880296644,140.89215971758117,144.3983917236328,2617000
2019-06-19 00:00:00+00:00,144.38933465709954,146.28288672534364,144.11754549251958,144.90576171875,1671100
2019-06-20 00:00:00+00:00,146.9986226917401,147.79590778101866,145.73022716286465,147.46067810058594,1945100
2019-06-21 00:00:00+00:00,148.09488566112518,149.21831772057766,146.8717791437497,148.83779907226562,2380800
2019-06-24 00:00:00+00:00,149.60791898412518,152.55242163246862,149.3995288430817,151.19342041015625,2582200
2019-06-25 00:00:00+00:00,151.6554691903768,151.6554691903768,150.31459191408734,150.67698669433594,2084800
2019-06-26 00:00:00+00:00,150.49581252137395,150.92163405731912,150.06093595309179,150.50486755371094,2025700
2019-06-27 00:00:00+00:00,150.38652370660034,150.60496825493132,148.99397269502,150.01336669921875,2072100
2019-06-28 00:00:00+00:00,150.02247577077426,152.0521395230477,150.02247577077426,150.82342529296875,6514900
2019-07-01 00:00:00+00:00,153.18073524383175,153.699521946639,148.3113481158738,150.3046112060547,2409200
2019-07-02 00:00:00+00:00,150.56854000921822,150.78698453741652,149.34892264146973,150.29550170898438,1371000
2019-07-03 00:00:00+00:00,150.9235623215034,150.9326589715378,148.1657496794019,150.441162109375,918600
2019-07-05 00:00:00+00:00,148.90297263433484,149.26703301330835,147.04622859273553,148.7391357421875,1291700
2019-07-08 00:00:00+00:00,148.39327022008882,149.87684336162326,147.45580154076717,149.1669158935547,1384000
2019-07-09 00:00:00+00:00,147.44671735679486,148.91208343666383,146.63667113177502,148.67544555664062,1486000
2019-07-10 00:00:00+00:00,147.6378407584347,148.47519072171033,146.19066814763056,146.3636016845703,1753200
2019-07-11 00:00:00+00:00,146.2817104020506,146.80960773429672,145.05298217671736,146.773193359375,2012800
2019-07-12 00:00:00+00:00,147.55589601357246,150.55034563952603,147.5467993663,150.51393127441406,2268500
2019-07-15 00:00:00+00:00,151.90649933091655,152.7347526307644,150.44113344965217,151.0873565673828,1983700
2019-07-16 00:00:00+00:00,150.36833370146422,151.633462226212,149.9496517800023,151.223876953125,1345100
2019-07-17 00:00:00+00:00,151.1510388239456,151.61521776115887,148.4296417236328,148.4296417236328,1368200
2019-07-18 00:00:00+00:00,148.1293468128023,149.13963047100933,147.474026932451,148.57533264160156,1404400
2019-07-19 00:00:00+00:00,149.31253650776324,151.60615566614163,148.83924692853952,150.73239135742188,2690300
2019-07-22 00:00:00+00:00,150.7232931155589,151.6152507112702,149.77671396711997,150.3046112060547,970300
2019-07-23 00:00:00+00:00,151.16016418285577,153.76323593777775,150.5958664788976,153.2262420654297,2176800
2019-07-24 00:00:00+00:00,150.90529817455507,153.34453271255532,150.24088188442965,152.16131591796875,1775600
2019-07-25 00:00:00+00:00,151.9975304001037,152.30698311689684,150.49576394836197,151.91561889648438,1180600
2019-07-26 00:00:00+00:00,152.01572641097982,155.63817836977316,151.85188952777148,155.08297729492188,1950000
2019-07-29 00:00:00+00:00,154.9919492172101,155.83840965675176,153.93616866175563,154.9646453857422,1459600
2019-07-30 00:00:00+00:00,153.963516718913,155.39246856557514,152.60736585173598,154.75535583496094,1400700
2019-07-31 00:00:00+00:00,154.81904343992895,155.03747411122623,149.8404406990852,150.768798828125,2000300
2019-08-01 00:00:00+00:00,150.9872567745142,152.1431701019981,146.22709817092797,146.72769165039062,2193800
2019-08-02 00:00:00+00:00,145.48071766246198,145.48071766246198,142.9868753525412,144.44313049316406,2270200
2019-08-05 00:00:00+00:00,140.71147772836918,141.45780561127296,134.44044307513738,137.48948669433594,3243300
2019-08-06 00:00:00+00:00,138.7273023097325,140.48392740759232,136.8978762571114,139.05496215820312,1824800
2019-08-07 00:00:00+00:00,136.92518574271136,137.96277299105634,135.25048595380576,137.6533203125,1747100
2019-08-08 00:00:00+00:00,138.4361072641988,141.2576105375552,137.84449165912838,141.13018798828125,1661300
2019-08-09 00:00:00+00:00,140.09256642002134,141.99480754701364,139.66478784665773,140.92991638183594,1742900
2019-08-12 00:00:00+00:00,140.11991644264907,140.47488028138557,133.63044862738823,133.83978271484375,3738300
2019-08-13 00:00:00+00:00,132.88408327979053,136.57935077083107,132.41990415295066,133.948974609375,2890500
2019-08-14 00:00:00+00:00,131.16383032191504,131.77363898040744,129.10686318037307,130.3082733154297,3001000
2019-08-15 00:00:00+00:00,130.89989284169388,132.27423652873586,128.56076291393484,130.79977416992188,2402700
2019-08-16 00:00:00+00:00,130.8634878991643,137.4257819203332,130.5995462298579,135.82388305664062,3493000
2019-08-19 00:00:00+00:00,136.69765244065047,139.48275448429067,135.9422139961316,138.70001220703125,1993600
2019-08-20 00:00:00+00:00,138.39060041950356,138.8820834421312,137.54413969029017,138.4361114501953,1582900
2019-08-21 00:00:00+00:00,140.48394107337177,141.30308383022603,139.81041412821628,140.9481201171875,1855200
2019-08-22 00:00:00+00:00,141.53966917207845,142.18589204482313,139.30067239362643,141.41224670410156,1716400
2019-08-23 00:00:00+00:00,137.4348754756436,140.00154670375224,133.15710398347426,133.8124237060547,2983000
2019-08-26 00:00:00+00:00,136.83421470982518,138.25407001166823,134.9592768682623,137.26199340820312,1864100
2019-08-27 00:00:00+00:00,137.9718745378115,138.96395080676862,136.2061526569815,136.61573791503906,1240700
2019-08-28 00:00:00+00:00,136.06053786233198,139.68298979543803,135.5872482884348,139.0003662109375,1477800
2019-08-29 00:00:00+00:00,141.30309328368506,143.5967125995423,141.07555207066787,142.42259216308594,1611800
2019-08-30 00:00:00+00:00,144.00623369434152,144.2519820071875,140.85705829567547,140.99359130859375,1629100
2019-09-03 00:00:00+00:00,139.9469454401105,139.9469454401105,136.57933819802517,137.2710723876953,2030600
2019-09-04 00:00:00+00:00,137.8171425040522,138.3450397169018,137.4803859962735,138.09019470214844,1562300
2019-09-05 00:00:00+00:00,139.05494478566789,143.07787060217686,138.64537349825133,142.25872802734375,1672900
2019-09-06 00:00:00+00:00,142.92317868617462,143.64221666176658,142.09492537778908,142.45899963378906,1083200
2019-09-09 00:00:00+00:00,142.62282061675344,144.8800254199925,142.60461343220763,144.13369750976562,1725700
2019-09-10 00:00:00+00:00,144.61607806482596,149.3034210205078,144.09729137373682,149.3034210205078,2702900
2019-09-11 00:00:00+00:00,149.35805871289253,150.35013507472283,148.15663443440866,150.313720703125,2213300
2019-09-12 00:00:00+00:00,147.5468218550561,148.98488395992047,145.29871360312396,148.593505859375,2732800
2019-09-13 00:00:00+00:00,150.11346252399716,151.624339311651,148.49337041270965,150.5594482421875,1789300
2019-09-16 00:00:00+00:00,149.39449039572705,150.61410822669882,148.26588073672866,149.80406188964844,1164700
2019-09-17 00:00:00+00:00,148.34773941432317,149.49454185903758,147.71972359173782,149.25790405273438,1347800
2019-09-18 00:00:00+00:00,148.784622881673,150.75058194382584,148.19302138878962,150.52304077148438,1215900
2019-09-19 00:00:00+00:00,150.3137049314544,151.08735053457724,148.9939688037849,149.66749572753906,986000
2019-09-20 00:00:00+00:00,150.02251576747935,151.72452006789132,148.2476965921811,149.33079528808594,2942700
2019-09-23 00:00:00+00:00,148.25674291830185,151.16017083675257,148.13841705077485,150.3683319091797,1412300
2019-09-24 00:00:00+00:00,150.73244678314018,151.36955959251407,149.22156934375514,151.05101013183594,3124800
2019-09-25 00:00:00+00:00,150.7961153493801,151.30581936398883,149.6584092139411,150.3501434326172,2814000
2019-09-26 00:00:00+00:00,150.33188588714168,151.92467394319897,149.9496184202491,151.4604949951172,1808800
2019-09-27 00:00:00+00:00,152.23772682031,152.97834055634792,150.86621576787476,152.01828002929688,1591200
2019-09-30 00:00:00+00:00,152.49374574354314,154.55101238483277,152.38402932056206,154.23098754882812,1828700
2019-10-01 00:00:00+00:00,155.07221308399804,155.62996155820545,150.54621473427727,151.3234100341797,2299500
2019-10-02 00:00:00+00:00,149.95188410760431,150.84793414273776,147.2820107720915,149.26612854003906,2646300
2019-10-03 00:00:00+00:00,149.22954227824454,151.03993284241838,146.85225102901066,150.7107696533203,1367500
2019-10-04 00:00:00+00:00,150.683346406005,153.40807771781303,150.0890165947344,153.32579040527344,1217300
2019-10-07 00:00:00+00:00,153.55434951571297,154.23095257296893,152.1554096330204,152.28341674804688,1221600
2019-10-08 00:00:00+00:00,150.2170167482194,151.95427232532808,148.90951633732377,150.83877563476562,1848600
2019-10-09 00:00:00+00:00,152.14626169558073,153.25261989806947,150.546165735644,152.17369079589844,2089100
2019-10-10 00:00:00+00:00,152.24683871237605,155.39217241092143,151.80795915845073,153.4263458251953,1996800
2019-10-11 00:00:00+00:00,155.4379129725059,158.41865851629655,154.96245192045816,156.30653381347656,5006800
2019-10-14 00:00:00+00:00,156.1693907659178,156.30653628707725,154.13041495820167,154.45956420898438,1769000
2019-10-15 00:00:00+00:00,155.03560512436133,158.20836843398615,153.74638140337635,157.85177612304688,1898500
2019-10-16 00:00:00+00:00,157.321414417769,159.18667673478228,156.35221578029626,156.40707397460938,1824100
2019-10-17 00:00:00+00:00,157.29401425983505,158.18092576901364,156.6356879035019,157.39459228515625,1203400
2019-10-18 00:00:00+00:00,157.2939917761366,159.32382875939604,156.80939243751175,159.0220947265625,1616200
2019-10-21 00:00:00+00:00,159.69871966014216,160.6679183856717,159.09525156441387,159.1226806640625,1375200
2019-10-22 00:00:00+00:00,159.78102835442905,161.2805464601725,158.72038985356073,160.14675903320312,1486600
2019-10-23 00:00:00+00:00,158.8026766876557,160.75937906359988,158.63810206821987,160.00961303710938,1227100
2019-10-24 00:00:00+00:00,160.00961620213698,160.00961620213698,156.26996623474255,157.36717224121094,2478700
2019-10-25 00:00:00+00:00,157.4494408866,159.18669631330678,157.39458268553983,158.281494140625,2102400
2019-10-28 00:00:00+00:00,159.49758928923302,160.36621013855716,158.17179810324026,158.50096130371094,1433100
2019-10-29 00:00:00+00:00,157.54089226092287,159.68044597206148,157.03800212751918,159.1958465576172,1586500
2019-10-30 00:00:00+00:00,159.66217124976103,159.66217124976103,157.82435143453228,158.9307098388672,1624700
2019-10-31 00:00:00+00:00,158.58320059679775,159.44268280176004,155.75789212010636,159.22323608398438,2181800
2019-11-01 00:00:00+00:00,160.83251845313478,161.16168165277412,159.81759975022445,161.0245361328125,3090800
2019-11-04 00:00:00+00:00,162.52401191037478,163.959533086525,162.52401191037478,163.7583770751953,1990200
2019-11-05 00:00:00+00:00,163.86813127739708,164.3070108798813,162.92636153053982,163.5938262939453,1314300
2019-11-06 00:00:00+00:00,163.28294439283354,163.33780259600925,160.22905016772313,160.89651489257812,1929200
2019-11-07 00:00:00+00:00,162.58805724391786,163.81327033759615,162.32289064870446,162.6520538330078,1652800
2019-11-08 00:00:00+00:00,163.20064057992963,163.58466191504522,162.08514405575772,163.08177185058594,1713600
2019-11-11 00:00:00+00:00,162.09428030905295,165.02016707511862,161.45424475893367,164.39842224121094,1410200
2019-11-12 00:00:00+00:00,164.39843753391415,164.39843753391415,160.9696603910422,161.28053283691406,1436200
2019-11-13 00:00:00+00:00,160.0370454330273,160.73193931560522,157.906630009979,160.62222290039062,1835500
2019-11-14 00:00:00+00:00,158.38204974545482,161.5731028555743,158.18089373554886,159.44268798828125,1307500
2019-11-15 00:00:00+00:00,160.49419427087633,160.76849922390727,159.1501125575813,159.5341339111328,1611100
2019-11-18 00:00:00+00:00,159.0952538894601,159.9364455116796,157.61402667987028,159.92730712890625,1418100
2019-11-19 00:00:00+00:00,161.2256625814609,161.2256625814609,158.53749927014314,158.7752227783203,1192800
2019-11-20 00:00:00+00:00,158.09867036151726,158.55584075945,155.20021171283167,157.33062744140625,2013300
2019-11-21 00:00:00+00:00,157.93404355257138,161.19824610089734,157.4768732652471,160.9513702392578,1627600
2019-11-22 00:00:00+00:00,161.0793939122803,161.8200076215657,159.65302470154816,160.35707092285156,1292800
2019-11-25 00:00:00+00:00,160.99709006468055,161.77427118212452,160.19246589440445,161.481689453125,1556800
2019-11-26 00:00:00+00:00,161.80169151072496,163.06347183940272,161.4725283919986,161.5182342529297,2786900
2019-11-27 00:00:00+00:00,154.06638642879346,157.6048799789546,152.7405953893368,154.5784149169922,7626000
2019-11-29 00:00:00+00:00,153.8835228898618,154.81615419088877,153.3349129594389,153.65493774414062,1394400
2019-12-02 00:00:00+00:00,151.14048473140335,152.91430750188712,150.6558853912273,151.13133239746094,2694400
2019-12-03 00:00:00+00:00,149.33926895462312,150.22618055421236,148.15976163273425,149.4947052001953,1966500
2019-12-04 00:00:00+00:00,150.0158617498787,152.56686576286998,149.67754625691458,151.11306762695312,1756400
2019-12-05 00:00:00+00:00,151.36908923317452,151.67082330560706,149.81471300236197,150.482177734375,1234000
2019-12-06 00:00:00+00:00,152.7588708744017,153.1337398683395,150.36328932674124,151.05819702148438,1523400
2019-12-09 00:00:00+00:00,151.2319100272055,153.75549868471438,150.96675742638752,153.51776123046875,1730800
2019-12-10 00:00:00+00:00,153.18860659208104,155.43789043955553,152.39313479379672,155.34645080566406,1643100
2019-12-11 00:00:00+00:00,156.00476577287714,156.05962396853548,153.93836134328626,155.16357421875,1245800
2019-12-12 00:00:00+00:00,154.98075125172628,159.2415823336703,154.17612695766454,158.9307098388672,2168500
2019-12-13 00:00:00+00:00,158.8575576278516,161.28969327715373,156.48026623632893,157.72377014160156,1775600
2019-12-16 00:00:00+00:00,159.30552723883557,160.00043488613235,157.87915841798278,158.0437469482422,1408700
2019-12-17 00:00:00+00:00,157.68723941760027,159.33304189358844,156.9466115613235,158.9490203857422,1247000
2019-12-18 00:00:00+00:00,157.92490358179285,158.72037540918652,156.55339273360804,157.82432556152344,2209000
2019-12-19 00:00:00+00:00,158.45523858395478,158.75697267484972,157.19344401325432,157.96148681640625,1249000
2019-12-20 00:00:00+00:00,160.3570538576006,161.45425975280403,158.47351451301756,159.6895751953125,2593600
2019-12-23 00:00:00+00:00,160.60390905917689,160.60390905917689,158.59236267669206,160.05531311035156,1005700
2019-12-24 00:00:00+00:00,159.96391026096362,160.46680046015962,159.11358006646788,159.55245971679688,332300
2019-12-26 00:00:00+00:00,159.82675170898438,160.12848580391955,158.70211659275793,159.82675170898438,518100
2019-12-27 00:00:00+00:00,160.01872318623663,160.79591817883326,159.36954925514263,160.7501983642578,719500
2019-12-30 00:00:00+00:00,160.60328494690026,160.81449238869476,159.33601227152758,159.93292236328125,953000
2019-12-31 00:00:00+00:00,159.89619276960394,160.4012662617583,158.40853449480733,159.1064453125,748200
2020-01-02 00:00:00+00:00,160.00637008011182,162.4307083837968,159.53802292256844,162.41233825683594,1591100
2020-01-03 00:00:00+00:00,159.97883348294746,161.40220314872806,159.37274536005248,161.20936584472656,1301100
2020-01-06 00:00:00+00:00,160.22677516629213,162.4307282654172,159.54723452087853,162.36643981933594,1234200
2020-01-07 00:00:00+00:00,161.63179556376176,162.0266762906546,159.31766362925438,159.5472412109375,1234200
2020-01-08 00:00:00+00:00,160.24516329333778,162.33890986466753,159.77683003817086,161.53079223632812,1713900
2020-01-09 00:00:00+00:00,162.10936567451688,163.81742391494817,161.72367691213657,163.0919647216797,1459100
2020-01-10 00:00:00+00:00,163.55107966781213,163.82656156419503,159.24420186517557,159.26255798339844,2560900
2020-01-13 00:00:00+00:00,159.85947269907808,160.74104281735822,159.3911394495108,160.46556091308594,1300900
2020-01-14 00:00:00+00:00,160.59411761546656,160.75022869263807,159.26255640539065,159.4829559326172,1039800
2020-01-15 00:00:00+00:00,158.97787923353525,160.84204807527317,158.08711709588073,158.79421997070312,1139200
2020-01-16 00:00:00+00:00,159.78596250548497,161.21852406529018,158.9135706850703,161.13587951660156,1410400
2020-01-17 00:00:00+00:00,161.3563265447396,162.55011885486127,161.19102338634596,161.80628967285156,1653400
2020-01-21 00:00:00+00:00,160.7961700213833,161.09920014776392,158.30754246494297,158.46365356445312,1655100
2020-01-22 00:00:00+00:00,158.9319698043795,159.47376951657728,156.68209836721707,157.17799377441406,1285700
2020-01-23 00:00:00+00:00,156.36989468363785,158.1146788486759,154.8822363110832,158.00448608398438,1245100
2020-01-24 00:00:00+00:00,157.99527692788743,157.99527692788743,155.23115418426562,156.22293090820312,1103300
2020-01-27 00:00:00+00:00,152.60480581097255,154.26695929927467,149.62029720136334,149.94171142578125,1586800
2020-01-28 00:00:00+00:00,151.33753009025602,152.13645551372454,149.1335771107223,149.66619873046875,1750700
2020-01-29 00:00:00+00:00,150.5202475540665,150.5202475540665,146.92965084850334,147.0765838623047,1959200
2020-01-30 00:00:00+00:00,146.01130917682002,148.61930655639728,145.58888035592773,147.94894409179688,2496400
2020-01-31 00:00:00+00:00,146.67249862331718,148.04996385155098,144.47773792015673,145.62562561035156,1693300
2020-02-03 00:00:00+00:00,146.41540983114646,148.242838526985,144.43185603923814,145.35934448242188,1813400
2020-02-04 00:00:00+00:00,148.15101838661732,151.63140863422305,147.52656002875358,150.99777221679688,1412200
2020-02-05 00:00:00+00:00,153.7526612544592,154.98320750133328,152.9078176003208,154.59751892089844,1476900
2020-02-06 00:00:00+00:00,154.9648575025557,155.33217600430737,152.48542258497534,155.0658721923828,1805100
2020-02-07 00:00:00+00:00,153.74347842874445,155.10257348130753,153.0455677827905,153.77102661132812,1711100
2020-02-10 00:00:00+00:00,152.8619298774562,154.5424252986008,152.558885814477,154.49652099609375,807700
2020-02-11 00:00:00+00:00,155.28630251106952,157.08618314398953,154.8271472866279,156.35153198242188,1315700
2020-02-12 00:00:00+00:00,157.9493697346722,159.05133927919766,156.30560048249794,157.7932586669922,1008200
2020-02-13 00:00:00+00:00,156.9025208521535,157.86674960747794,155.984210420855,156.81068420410156,831100
2020-02-14 00:00:00+00:00,156.87497055471036,158.23406605134568,153.5231291180743,154.34043884277344,1152400
2020-02-18 00:00:00+00:00,153.72512919863294,153.7618694552722,150.79573129140812,152.71499633789062,1177400
2020-02-19 00:00:00+00:00,152.8986938668417,153.57824866179112,151.38348719020075,151.45693969726562,1244600
2020-02-20 00:00:00+00:00,151.30081788488414,153.12826064252909,151.06206222306466,152.28341674804688,2048500
2020-02-21 00:00:00+00:00,163.37655945162462,167.12326648323156,161.6225837311357,162.93576049804688,5917100
2020-02-24 00:00:00+00:00,158.41768152480967,161.95318126509366,157.49019330255828,157.82078552246094,2292900
2020-02-25 00:00:00+00:00,158.11466236116922,158.82176522291738,152.25585211502312,153.03640747070312,2358500
2020-02-26 00:00:00+00:00,154.53328081951815,155.54342791561308,152.08139360878457,153.2843780517578,2545200
2020-02-27 00:00:00+00:00,150.97024035827963,152.94461633756652,146.8929535150121,146.92050170898438,2957500
2020-02-28 00:00:00+00:00,142.6044281365158,145.9378996596449,140.1892811048086,143.6972198486328,3048300
2020-03-02 00:00:00+00:00,145.0195572825457,150.60288544895906,143.7614766868175,150.5294189453125,2532100
2020-03-03 00:00:00+00:00,150.91513604056323,154.1567708091639,144.1747406982603,144.89102172851562,2443100
2020-03-04 00:00:00+00:00,148.0683763673771,149.9509015083893,147.40719174755546,149.74888610839844,2513800
2020-03-05 00:00:00+00:00,145.8551925760456,148.94071502412655,145.01952703520493,146.07559204101562,1878400
2020-03-06 00:00:00+00:00,141.60346212599603,151.46612095338054,141.11675873068933,150.63963317871094,2973400
2020-03-09 00:00:00+00:00,139.59236572278198,145.32262794494628,135.1110202788189,137.74656677246094,2886400
2020-03-10 00:00:00+00:00,142.90741377610524,143.5594201147896,135.91907333025844,142.32888793945312,2797700
2020-03-11 00:00:00+00:00,138.52710732836496,138.81178126494657,132.09893555465527,133.96310424804688,2397300
2020-03-12 00:00:00+00:00,123.97189066332726,125.386082361777,117.62636311901457,119.73847961425781,3288700
2020-03-13 00:00:00+00:00,126.66256385340083,127.91146672657241,119.8670715805095,127.60843658447266,2525500
2020-03-16 00:00:00+00:00,113.77865762879267,122.0158958627631,110.05031271703935,110.2431640625,2617700
2020-03-17 00:00:00+00:00,112.76850322330856,118.88445294459056,109.34320285583192,116.35909271240234,2909600
2020-03-18 00:00:00+00:00,108.19531924883304,110.70230945014767,97.46945466626443,104.88021850585938,2635000
2020-03-19 00:00:00+00:00,103.6772304072616,110.87677952798732,97.5704657386256,109.885009765625,2455700
2020-03-20 00:00:00+00:00,109.88499193321253,110.75738374166461,101.32633491920183,102.51095581054688,4155200
2020-03-23 00:00:00+00:00,101.26209559518688,106.12914404009702,97.81843122552965,102.0702133178711,3130900
2020-03-24 00:00:00+00:00,107.7820986166189,116.31320342529631,103.49358354702625,115.70711517333984,3488000
2020-03-25 00:00:00+00:00,115.59689314265795,125.5605580741562,111.88691884715267,117.99369049072266,3962200
2020-03-26 00:00:00+00:00,118.78346355334843,128.70120530711432,116.75399127223221,127.72779846191406,2227500
2020-03-27 00:00:00+00:00,123.97189179958957,127.80124410925606,121.36389388320285,124.07290649414062,2302600
2020-03-30 00:00:00+00:00,126.26160281079463,130.86065369534637,124.26682865909707,130.42660522460938,2251100
2020-03-31 00:00:00+00:00,131.1285264211337,133.90827238174714,126.75110609927445,127.59149932861328,2240100
2020-04-01 00:00:00+00:00,122.06891838008046,124.42385960902648,119.7601552324024,123.4449462890625,2040600
2020-04-02 00:00:00+00:00,123.1124425814021,129.20758088563045,122.6968681723791,128.71812438964844,2863800
2020-04-03 00:00:00+00:00,127.88700238745527,128.69046153290856,122.02275253639631,125.15343475341797,2053100
2020-04-06 00:00:00+00:00,130.74986515093818,133.78819099460267,129.03214495148282,132.51376342773438,2079300
2020-04-07 00:00:00+00:00,136.67870645817905,140.0494932443394,131.63636419531187,131.89495849609375,2067500
2020-04-08 00:00:00+00:00,133.98209064898745,136.5124991114255,131.70103245158867,135.54281616210938,1210100
2020-04-09 00:00:00+00:00,136.01380677127293,138.71968357976027,133.10477183972634,134.60084533691406,1596100
2020-04-13 00:00:00+00:00,130.93453877598972,131.83033976017944,126.40012580926745,129.1060028076172,1655900
2020-04-14 00:00:00+00:00,129.57699312330473,131.35012115311807,124.82094768590714,127.56375885009766,2479800
2020-04-15 00:00:00+00:00,122.93701675308856,124.9779695954317,117.79309973852214,124.9594955444336,2938200
2020-04-16 00:00:00+00:00,123.98056591497607,125.12571736957689,118.67964130121405,120.00949096679688,3642700
2020-04-17 00:00:00+00:00,123.32488721576043,127.95165762432029,122.8354305513346,127.86854553222656,2468300
2020-04-20 00:00:00+00:00,125.44895543185127,129.53084712982846,123.52806273429042,126.79727935791016,1974900
2020-04-21 00:00:00+00:00,123.74048432995909,124.84868790845313,122.36445631428872,123.80512237548828,1958500
2020-04-22 00:00:00+00:00,126.8619047358023,127.33290140611486,123.86051283766886,125.7906494140625,1280400
2020-04-23 00:00:00+00:00,127.14816329536747,129.37381375638918,126.44630455917249,126.62177276611328,1377000
2020-04-24 00:00:00+00:00,128.31179701310364,128.75507550221354,125.07028519039572,128.0255126953125,1498500
2020-04-27 00:00:00+00:00,128.02554379391393,130.01107454523785,127.54531709397803,129.01368713378906,1528900
2020-04-28 00:00:00+00:00,132.11661113488304,133.55727655035452,130.0849031363575,130.73135375976562,1752100
2020-04-29 00:00:00+00:00,133.9082591019036,137.07587529463564,132.5599352582412,135.84762573242188,1563200
2020-04-30 00:00:00+00:00,133.50191619992117,134.6470677787231,131.81189990757764,133.9636688232422,2054600
2020-05-01 00:00:00+00:00,131.96887224226919,132.10740646125447,126.64948797595883,127.61917114257812,1603100
2020-05-04 00:00:00+00:00,125.92918418747259,126.05847436674993,120.24038811612387,122.77079772949219,2277200
2020-05-05 00:00:00+00:00,124.78399489005615,127.85926832467862,124.41459851543615,124.81169891357422,1125500
2020-05-06 00:00:00+00:00,125.23652945662285,125.62439991470197,121.33933673628574,122.02273559570312,1150800
2020-05-07 00:00:00+00:00,124.3592165894464,126.49251139783712,123.80510781956015,125.59671020507812,1059000
2020-05-08 00:00:00+00:00,127.443723135621,128.3210502954142,126.26163755560185,126.52021789550781,1727400
2020-05-11 00:00:00+00:00,124.82095218929909,126.3077959579026,122.41983330245645,124.57160186767578,1356000
2020-05-12 00:00:00+00:00,125.41199131010134,126.35397042703393,120.00025103685188,120.10183715820312,1392500
2020-05-13 00:00:00+00:00,120.93299826060671,121.09923651754147,114.9763927783554,116.19541931152344,2027400
2020-05-14 00:00:00+00:00,113.59111163524756,117.24819048142488,108.83505961697271,117.10043334960938,2720600
2020-05-15 00:00:00+00:00,116.35239845105043,117.93159122985045,115.15184612204011,116.3708724975586,1649600
2020-05-18 00:00:00+00:00,121.88417841781163,128.24712691070428,120.52662502442874,127.35132598876953,2450900
2020-05-19 00:00:00+00:00,128.4503370812401,128.77356954339254,125.0795486802617,125.7352294921875,1859400
2020-05-20 00:00:00+00:00,127.88697008557628,132.13509877638893,127.54527774051971,131.4239959716797,2399400
2020-05-21 00:00:00+00:00,130.27888270799872,133.44649871634272,130.27888270799872,131.88577270507812,2100200
2020-05-22 00:00:00+00:00,136.6787572312787,137.05739771099076,128.14556488252293,129.9464111328125,3427600
2020-05-26 00:00:00+00:00,133.4095308245304,139.4492469767435,133.4095308245304,136.70643615722656,2500300
2020-05-27 00:00:00+00:00,140.3727558182839,142.46911605147218,139.0152023814001,141.62872314453125,1936400
2020-05-28 00:00:00+00:00,144.24226537630284,144.3807855061661,140.49283688459437,141.4440460205078,1914700
2020-05-29 00:00:00+00:00,139.69864106450132,141.23164904742563,136.55871480560432,140.48361206054688,2249000
2020-06-01 00:00:00+00:00,137.91626560774148,139.4031095695123,136.12466323363074,137.7315673828125,1464600
2020-06-02 00:00:00+00:00,139.11679718759376,142.31213079242016,138.63657062624392,141.25009155273438,1335400
2020-06-03 00:00:00+00:00,143.26335759506603,146.68955379034753,143.19870547098853,146.23704528808594,1678800
2020-06-04 00:00:00+00:00,144.79637584554735,149.02603140329998,144.14069503695768,148.81362915039062,1469900
2020-06-05 00:00:00+00:00,155.0564802089974,157.0974324111861,152.9785940079691,153.9667510986328,2061200
2020-06-08 00:00:00+00:00,154.22535435715673,157.3745101843904,154.04988613048246,155.8968963623047,1373000
2020-06-09 00:00:00+00:00,151.03004051950856,153.18180941642314,150.6514140812791,152.20289611816406,1977400
2020-06-10 00:00:00+00:00,151.84269644770487,152.4614431313239,148.647376911907,148.68431091308594,1311700
2020-06-11 00:00:00+00:00,143.35568961779543,144.8794814546842,139.1629827550311,139.53237915039062,1576200
2020-06-12 00:00:00+00:00,144.48238432306687,145.23966534369032,139.00600530403344,143.1156005859375,1598000
2020-06-15 00:00:00+00:00,137.02972779592116,143.70666750415748,136.78960738727164,143.57737731933594,1321200
2020-06-16 00:00:00+00:00,149.33999704983611,151.2885931282632,143.66043294759655,146.1908416748047,2105600
2020-06-17 00:00:00+00:00,146.77265882325196,146.77265882325196,143.01400039273608,143.61427307128906,1131600
2020-06-18 00:00:00+00:00,142.71848074298538,144.87949351966355,141.85962771104656,143.0232391357422,883800
2020-06-19 00:00:00+00:00,146.60644365371505,146.70802978463396,141.7949755861116,143.0232391357422,2046200
2020-06-22 00:00:00+00:00,141.29627285116246,142.89393264429776,140.14189153701895,142.7369384765625,1188500
2020-06-23 00:00:00+00:00,144.56546122299986,144.6393433112913,141.93348052400924,142.18283081054688,940400
2020-06-24 00:00:00+00:00,140.2712036395661,140.99153656503205,137.7130903013201,138.97830200195312,1985600
2020-06-25 00:00:00+00:00,137.8054477040269,143.0047865132012,136.94658053646668,142.6353759765625,1671100
2020-06-26 00:00:00+00:00,141.46253249973498,142.09975339971848,136.85425015572332,137.63922119140625,2302800
2020-06-29 00:00:00+00:00,140.02475746823512,142.91157923535994,139.5327922874145,142.6795196533203,1094100
2020-06-30 00:00:00+00:00,141.87197482921678,146.89374872196106,141.20364194837336,145.8726806640625,1836600
2020-07-01 00:00:00+00:00,148.19326411433718,148.68522936384133,144.19255862764004,145.59420776367188,1111100
2020-07-02 00:00:00+00:00,147.46925545107592,150.30038589099604,146.21614189372517,146.56886291503906,1044900
2020-07-06 00:00:00+00:00,149.5577906211531,149.99406387269136,147.04227208275628,148.72238159179688,947500
2020-07-07 00:00:00+00:00,147.01440296065303,149.056524616732,146.3367787277888,147.31143188476562,1118600
2020-07-08 00:00:00+00:00,147.8405052283389,148.3417476349456,145.59417043615485,147.01437377929688,1042600
2020-07-09 00:00:00+00:00,146.4945897240693,148.24895971720005,144.89801855781553,146.33677673339844,1283400
2020-07-10 00:00:00+00:00,146.91234405741443,147.99838164446558,145.7706002503772,147.67349243164062,982700
2020-07-13 00:00:00+00:00,150.98723566288885,155.312829264758,150.0589974219963,152.07327270507812,1829700
2020-07-14 00:00:00+00:00,151.75771993958787,157.63347144009438,150.6531138403612,157.39212036132812,1651500
2020-07-15 00:00:00+00:00,158.44105537580438,161.51352300117077,157.64276958062598,160.01905822753906,1992300
2020-07-16 00:00:00+00:00,159.61990781807114,162.70165244909109,158.63596305422755,160.97512817382812,1142400
2020-07-17 00:00:00+00:00,162.44170327199936,164.233196400893,160.91939301931632,163.8433380126953,1140400
2020-07-20 00:00:00+00:00,163.2493121247295,163.49066321680016,160.30679756917868,161.33714294433594,1314500
2020-07-21 00:00:00+00:00,162.39531039505238,164.12183444033369,160.92869197690638,163.04507446289062,1079300
2020-07-22 00:00:00+00:00,161.68987821692542,163.39783378052445,161.61561743192593,162.89659118652344,1246300
2020-07-23 00:00:00+00:00,163.09150760608145,165.59774881535338,162.82232466326684,164.04759216308594,943800
2020-07-24 00:00:00+00:00,164.40032679570882,165.01296762549381,162.265375341601,162.76663208007812,910800
2020-07-27 00:00:00+00:00,162.15394422524102,164.01042074890046,160.50168125228745,163.36993408203125,887100
2020-07-28 00:00:00+00:00,162.348886720304,164.4281457869326,162.11682712569876,163.17501831054688,850000
2020-07-29 00:00:00+00:00,164.02902917265402,167.7883837117404,163.37925090110278,167.3149871826172,1886900
2020-07-30 00:00:00+00:00,165.42137806187907,166.3867398041263,163.62987051359872,165.26356506347656,1235700
2020-07-31 00:00:00+00:00,164.12184935944094,164.2239561625112,160.919429319577,163.65773010253906,1409600
2020-08-03 00:00:00+00:00,164.65093484780255,166.03400102353086,163.21216246949825,164.8737030029297,840600
2020-08-04 00:00:00+00:00,164.22396137220744,166.04331514904854,163.95477842673512,165.3285675048828,672800
2020-08-05 00:00:00+00:00,167.08293729924955,170.41531026051794,167.03652253946274,169.70057678222656,1366100
2020-08-06 00:00:00+00:00,168.93940401824892,170.09042483689998,167.3149866719196,168.25250244140625,968100
2020-08-07 00:00:00+00:00,168.39172653402952,170.52667762327823,166.95295422407102,170.3317413330078,1254600
2020-08-10 00:00:00+00:00,171.724114574855,177.6184344433477,171.16716583504027,176.28176879882812,2631100
2020-08-11 00:00:00+00:00,178.50027030775257,181.79551988797002,178.4167322402266,179.354248046875,1909900
2020-08-12 00:00:00+00:00,177.5627295440346,178.98294742462627,175.98472698801538,178.50953674316406,1629000
2020-08-13 00:00:00+00:00,175.0193452159899,177.4513251812905,174.92651571468193,175.9011688232422,1324700
2020-08-14 00:00:00+00:00,175.64129139928502,179.34496814058343,174.9079750471479,177.4142303466797,900600
2020-08-17 00:00:00+00:00,179.38206869372388,180.3010297978994,177.47917716330855,179.14073181152344,1025900
2020-08-18 00:00:00+00:00,179.90190214943027,180.83943210306697,178.1289632079189,178.34246826171875,1120900
2020-08-19 00:00:00+00:00,179.15002491206468,180.63521213125784,178.1660943989621,178.21250915527344,1512700
2020-08-20 00:00:00+00:00,176.56023617027577,178.26819146444234,175.78979658171497,177.38636779785156,1558700
2020-08-21 00:00:00+00:00,182.6401848840483,188.38598292172748,181.9347287897478,185.18356323242188,6446300
2020-08-24 00:00:00+00:00,189.70407185840543,191.66265539302796,188.11679217145632,190.66015625,3177900
2020-08-25 00:00:00+00:00,191.21713018700478,194.37313540806824,190.61378083008822,190.84584045410156,2706800
2020-08-26 00:00:00+00:00,191.76480198332968,197.05575897767264,190.06612370760445,195.86761474609375,2039900
2020-08-27 00:00:00+00:00,196.00688275045346,197.20430441364164,193.8348076420852,194.77232360839844,1875400
2020-08-28 00:00:00+00:00,195.2364149543459,195.67268820378916,193.76979635295302,194.83726501464844,1261400
2020-08-31 00:00:00+00:00,194.93007150986614,196.25744567438338,192.86010376398096,194.9857635498047,1944500
2020-09-01 00:00:00+00:00,193.55627751293042,202.0960680651372,193.3242179100781,202.06822204589844,1873400
2020-09-02 00:00:00+00:00,202.57876015017615,203.9432717759725,200.19318058541842,201.52984619140625,1983000
2020-09-03 00:00:00+00:00,201.67838815917295,203.0336084730506,194.0668350919683,195.6819610595703,1975200
2020-09-04 00:00:00+00:00,197.89115116264875,198.64302201716083,193.2406676104093,196.1739044189453,1662300
2020-09-08 00:00:00+00:00,194.80011216386256,197.93756250395276,193.0457421456487,195.15284729003906,1918500
2020-09-09 00:00:00+00:00,195.72839035157443,201.70624915868845,195.72839035157443,200.05398559570312,1569200
2020-09-10 00:00:00+00:00,200.42525654387498,202.56948522682734,198.2810278609226,199.6733856201172,1840300
2020-09-11 00:00:00+00:00,198.763708977819,202.82938386271758,197.71479496974348,200.46238708496094,1902400
2020-09-14 00:00:00+00:00,202.26317305897874,203.39562521568908,201.14928963901014,202.66232299804688,1249300
2020-09-15 00:00:00+00:00,204.03611887006136,205.10360172940892,199.747661186701,200.28604125976562,1740200
2020-09-16 00:00:00+00:00,201.5762285816399,203.20992285788608,199.44127770173026,199.94252014160156,1572700
2020-09-17 00:00:00+00:00,198.45737039820975,205.69763266506823,196.79581575019824,204.15675354003906,2094000
2020-09-18 00:00:00+00:00,203.7205108579093,209.20640395728682,203.70194212148783,206.04110717773438,3063600
2020-09-21 00:00:00+00:00,200.73156714689716,201.84545046709206,195.09715289125057,198.8379669189453,2134000
2020-09-22 00:00:00+00:00,199.65477645945305,203.3398837157574,199.13496526747537,201.96609497070312,1622400
2020-09-23 00:00:00+00:00,201.96607943136047,204.83433221456252,198.9957198744623,199.1535186767578,1683500
2020-09-24 00:00:00+00:00,198.36456882776875,203.63697098485548,196.21106282723161,200.98220825195312,1025900
2020-09-25 00:00:00+00:00,199.52483798170775,205.07569955699697,199.41345390794478,203.51626586914062,1225400
2020-09-28 00:00:00+00:00,206.12459574686363,208.25954668117154,205.6047845622584,205.97607421875,1191500
2020-09-29 00:00:00+00:00,206.45117158003745,207.14043395425946,203.11666924555865,205.08197021484375,892800
2020-09-30 00:00:00+00:00,206.19968372581388,210.5587630839341,205.13785560941486,206.4325408935547,1883900
2020-10-01 00:00:00+00:00,208.17425768921711,208.43505651710979,203.58232227224153,204.02008056640625,1383800
2020-10-02 00:00:00+00:00,200.48998697514776,210.98719027268808,200.2757623971285,209.3758087158203,1403600
2020-10-05 00:00:00+00:00,211.6764661703165,215.271781264764,209.43173396466233,211.3970489501953,2071500
2020-10-06 00:00:00+00:00,211.68576007167084,214.82466958198364,210.51215106071535,210.61460876464844,1385800
2020-10-07 00:00:00+00:00,213.5486158175376,216.5850676059725,212.4681553483506,214.7594757080078,1029200
2020-10-08 00:00:00+00:00,215.15069822534,218.7087480999991,214.88989935337432,218.17784118652344,1148300
2020-10-09 00:00:00+00:00,218.90434648755078,220.7578802457557,217.56308707283702,218.708740234375,1091500
2020-10-12 00:00:00+00:00,220.87894900466216,221.31672152691488,218.9508994430661,220.3014678955078,1234800
2020-10-13 00:00:00+00:00,219.9475618177693,221.2888213537123,218.41071022344408,220.95350646972656,1311300
2020-10-14 00:00:00+00:00,221.11180760535422,224.15758273244492,220.83237621720878,222.1177520751953,1062500
2020-10-15 00:00:00+00:00,218.56903318478166,222.937435482808,218.29891093859703,221.90354919433594,1225200
2020-10-16 00:00:00+00:00,223.54287143894845,226.70972309934436,223.27276338944785,223.5987548828125,1652600
2020-10-19 00:00:00+00:00,223.7757061938947,226.2439861339376,220.85102115386567,221.8383331298828,905500
2020-10-20 00:00:00+00:00,223.35657715964015,225.4429680906404,221.45645489036804,222.49034118652344,968100
2020-10-21 00:00:00+00:00,223.09577938353712,225.33120230981115,219.8730302154785,220.18971252441406,1506500
2020-10-22 00:00:00+00:00,219.8730016203197,221.67997512008372,218.77392285137404,220.63677978515625,1246400
2020-10-23 00:00:00+00:00,220.860325879677,223.5428445624168,220.860325879677,223.10507202148438,820500
2020-10-26 00:00:00+00:00,220.84171079229583,221.20496735155677,215.85856245726887,218.1871337890625,1010500
2020-10-27 00:00:00+00:00,218.14055938156156,218.5038159405921,212.3657053248708,212.84072875976562,1395700
2020-10-28 00:00:00+00:00,209.571425233913,211.89999662540092,207.25216301150115,208.05319213867188,1375200
2020-10-29 00:00:00+00:00,206.84234144209825,214.05158920188114,206.52564493894545,212.38433837890625,1190700
2020-10-30 00:00:00+00:00,212.02109518226533,212.91525867260162,207.3453196656995,210.41903686523438,1306200
2020-11-02 00:00:00+00:00,212.82213376171595,216.3149911402428,211.90001429729458,215.81201171875,1435900
2020-11-03 00:00:00+00:00,219.4538651365119,225.05174519490362,218.34546296932047,223.50558471679688,1571800
2020-11-04 00:00:00+00:00,221.12110948982834,223.54282915735448,217.2091128220687,217.30226135253906,1992600
2020-11-05 00:00:00+00:00,221.51232894455654,230.1466607605063,221.0559238707882,229.15003967285156,2031800
2020-11-06 00:00:00+00:00,229.67163887978614,233.20174660509107,229.23386635227865,230.65895080566406,1481600
2020-11-09 00:00:00+00:00,242.72093861921888,247.63887974370294,231.32026338176505,231.80459594726562,2219500
2020-11-10 00:00:00+00:00,232.38212034440932,239.28399528520023,232.38212034440932,236.55491638183594,1852800
2020-11-11 00:00:00+00:00,236.54554844135967,236.83428895393834,229.09412169107227,232.2516632080078,1659000
2020-11-12 00:00:00+00:00,233.64886908944572,234.90628916708886,229.94177304283292,231.00360107421875,1275700
2020-11-13 00:00:00+00:00,233.6209261454174,235.26954451941626,232.00023527969373,234.52439880371094,976700
2020-11-16 00:00:00+00:00,237.5142973848992,242.48812278973068,236.2196121754961,241.33316040039062,1927500
2020-11-17 00:00:00+00:00,238.91146105229566,241.91066259704562,236.11717495811678,240.5041961669922,1411100
2020-11-18 00:00:00+00:00,240.71842512955556,242.730314445858,239.61002275032024,239.6845245361328,1618400
2020-11-19 00:00:00+00:00,239.64728283199358,241.73367389037173,237.51430328663062,238.0638427734375,1700400
2020-11-20 00:00:00+00:00,239.04182758919322,241.85473146981496,237.97998543876218,240.8301544189453,1614900
2020-11-23 00:00:00+00:00,242.8234462965072,244.7421869298712,242.32046689578755,243.20530700683594,2094900
2020-11-24 00:00:00+00:00,245.57113849075296,246.0554995424609,242.1807532535192,243.57789611816406,2345300
2020-11-25 00:00:00+00:00,244.97503784627162,247.63890991852907,237.0578807708762,238.84622192382812,3037900
2020-11-27 00:00:00+00:00,240.88599853370852,244.2205279890354,240.44822606638698,243.9876708984375,1072200
2020-11-30 00:00:00+00:00,244.9097901837055,246.11134080034248,240.41097501266302,243.6802978515625,2342200
2020-12-01 00:00:00+00:00,245.17058248052217,247.15452950348276,237.6260068202949,237.6353302001953,2086400
2020-12-02 00:00:00+00:00,237.6353513260649,242.5812342533065,236.94608913821665,241.23997497558594,2773200
2020-12-03 00:00:00+00:00,240.76497633666816,241.9944689444538,234.65480682669465,235.35337829589844,2079900
2020-12-04 00:00:00+00:00,236.4524362220726,238.212835493585,235.4558009192337,236.01466369628906,1655000
2020-12-07 00:00:00+00:00,235.77251874612475,236.11714276943422,233.36010794554207,234.72930908203125,1598400
2020-12-08 00:00:00+00:00,235.76320226706952,237.36526059323413,234.04006788760034,235.27886962890625,1303600
2020-12-09 00:00:00+00:00,235.1857266403198,237.98001250139293,234.34744656698703,237.35595703125,1373800
2020-12-10 00:00:00+00:00,236.2009407983101,236.80637782745274,233.43459712295675,236.07054138183594,1158900
2020-12-11 00:00:00+00:00,234.1983886449982,238.44570040954787,233.62090751230963,238.23147583007812,1403600
2020-12-14 00:00:00+00:00,240.30856662177342,241.0071380363716,235.1950187504249,235.390625,972900
2020-12-15 00:00:00+00:00,238.75304437274306,245.99955664628732,238.42705293959682,244.02493286132812,2051100
2020-12-16 00:00:00+00:00,243.88519864875704,244.3881779227116,241.83607330938938,243.21456909179688,1210700
2020-12-17 00:00:00+00:00,244.9936803681822,246.49329529827583,243.60586075473014,246.3908233642578,1525000
2020-12-18 00:00:00+00:00,246.82861641175978,252.83634316232767,246.4187854916462,252.1377716064453,3274100
2020-12-21 00:00:00+00:00,247.68554307858136,253.34861731150792,247.36883229298655,249.39004516601562,2147000
2020-12-22 00:00:00+00:00,249.23156561195074,252.02585044025167,247.04273190306316,250.79638671875,1531700
2020-12-23 00:00:00+00:00,252.11902974102065,252.771040983887,249.46445314497717,249.56692504882812,938600
2020-12-24 00:00:00+00:00,249.55763530818868,251.09448667360434,248.98947755776922,250.74986267089844,289900
2020-12-28 00:00:00+00:00,254.68045265124152,254.8015428874572,249.06394071131422,249.15708923339844,691900
2020-12-29 00:00:00+00:00,250.71260472477258,251.0572286982392,244.82597018492655,247.1452178955078,892800
2020-12-30 00:00:00+00:00,248.47169123342275,250.676163231877,248.0046391822321,248.61180114746094,792800
2020-12-31 00:00:00+00:00,249.18157074198464,251.4514364252806,247.95789688770134,251.32064819335938,805300
2021-01-04 00:00:00+00:00,253.89884516842002,255.71100948879524,246.46338416202656,250.00364685058594,2800000
2021-01-05 00:00:00+00:00,250.01288078782275,256.65437374664,249.8260771284723,256.20599365234375,1829200
2021-01-06 00:00:00+00:00,256.8785868876567,273.5429979762324,256.55164480302705,271.2264099121094,2778300
2021-01-07 00:00:00+00:00,274.40249158084373,280.75438949437756,274.15026517259435,279.9790954589844,2227300
2021-01-08 00:00:00+00:00,277.9426965254206,280.67964352812373,271.2545354617903,274.5425720214844,1781000
2021-01-11 00:00:00+00:00,270.4044938254441,275.728870656505,269.95611354748826,275.48602294921875,1303700
2021-01-12 00:00:00+00:00,276.6068397895975,283.5565750228763,274.5331280102064,282.1834411621094,1952300
2021-01-13 00:00:00+00:00,281.75380516765784,283.9676271737138,280.80100080594764,281.3708190917969,1203800
2021-01-14 00:00:00+00:00,282.94006537435706,286.16273522932363,282.05268377404525,282.89337158203125,1370800
2021-01-15 00:00:00+00:00,280.3807015088559,281.2867836630637,273.70186262285614,275.9343566894531,1766300
2021-01-19 00:00:00+00:00,278.596580446238,280.0164085821134,275.00027353882274,275.5513916015625,1509600
2021-01-20 00:00:00+00:00,277.30741279942595,282.27685225581405,276.5040971501194,281.1092224121094,1327500
2021-01-21 00:00:00+00:00,282.09947072230466,285.97599748289747,280.23126230692515,285.36883544921875,1931000
2021-01-22 00:00:00+00:00,282.9307604812779,286.73254191134765,281.45486026937493,285.0605163574219,1429900
2021-01-25 00:00:00+00:00,283.1643424510072,285.3688145364368,276.8497893476646,278.54986572265625,1539600
2021-01-26 00:00:00+00:00,281.10927653932595,282.2488846264752,275.93433209375365,276.504150390625,1364200
2021-01-27 00:00:00+00:00,270.6940607688958,271.4880550304451,260.56837478628637,262.2310791015625,1769900
2021-01-28 00:00:00+00:00,268.34950634188664,277.6905501835098,264.10866445594075,273.65521240234375,1504200
2021-01-29 00:00:00+00:00,272.8518172704827,273.64581146832273,266.6867244197063,269.7692565917969,1734300
2021-02-01 00:00:00+00:00,272.87052388360246,274.6453162243368,270.56328528866817,272.95458984375,1163400
2021-02-02 00:00:00+00:00,276.7095673156842,284.1730472421407,276.2331652755837,282.603759765625,1637100
2021-02-03 00:00:00+00:00,282.3423346842753,282.407700310962,279.7268259123027,281.296142578125,1185300
2021-02-04 00:00:00+00:00,282.8933883983924,289.16121795294254,282.0527005404324,288.89031982421875,1459000
2021-02-05 00:00:00+00:00,291.459204978729,292.39330925166377,286.7793619558139,288.8623962402344,1228100
2021-02-08 00:00:00+00:00,291.4404236806928,296.28842531667766,291.4404236806928,296.1483154296875,962300
2021-02-09 00:00:00+00:00,295.1955594828233,297.2972936513148,292.5333856746759,294.551025390625,1066500
2021-02-10 00:00:00+00:00,296.624672115188,296.8581980823725,290.8519170479668,292.97235107421875,1070000
2021-02-11 00:00:00+00:00,293.9531964722303,295.00873857638027,288.6848361137944,293.73834228515625,995400
2021-02-12 00:00:00+00:00,293.3553400009382,294.98070029114274,291.70198623852406,292.3745422363281,1721600
2021-02-16 00:00:00+00:00,295.93352034924476,300.4732811402279,295.2422924310281,296.195068359375,3099600
2021-02-17 00:00:00+00:00,293.4581809850317,296.5780856144836,290.8707225949594,291.5152282714844,1999600
2021-02-18 00:00:00+00:00,290.3569426544191,290.93608269047655,278.86747253368566,280.46478271484375,3110900
2021-02-19 00:00:00+00:00,298.91332267992425,313.12103856670757,295.0554680480311,308.2543640136719,4870100
2021-02-22 00:00:00+00:00,307.78722799019994,316.24085668866127,306.87179592682554,315.2694091796875,2312500
2021-02-23 00:00:00+00:00,309.6741692836586,316.4464237530986,306.3861332381112,315.1760559082031,2222700
2021-02-24 00:00:00+00:00,317.06290719421725,323.7510951140104,315.92329919797834,322.88238525390625,1941300
2021-02-25 00:00:00+00:00,322.9290937492899,329.7573918756197,319.75314577300037,325.0962219238281,2883000
2021-02-26 00:00:00+00:00,323.3868122002615,331.05579796350105,321.38781598183783,326.1143798828125,2537800
2021-03-01 00:00:00+00:00,331.66292839157774,339.3692855651396,330.9903724434397,335.8197021484375,2098800
2021-03-02 00:00:00+00:00,336.15601483928134,336.15601483928134,326.9083905851623,328.2815246582031,1882000
2021-03-03 00:00:00+00:00,326.88037582152197,328.21613778077284,320.2202093374308,320.4537353515625,1929100
2021-03-04 00:00:00+00:00,318.2211836340348,320.88335690593476,308.9828825111467,315.680419921875,2499400
2021-03-05 00:00:00+00:00,320.6778599981713,328.6551153489731,312.1214932924421,326.7775573730469,1979700
2021-03-08 00:00:00+00:00,331.0744251829103,336.19332461237894,326.2077520405622,330.3925476074219,1764200
2021-03-09 00:00:00+00:00,331.34538778479765,333.8394581263593,328.6831855568188,329.44915771484375,1456800
2021-03-10 00:00:00+00:00,328.0760130786334,337.85608324968905,327.8798592174548,337.41705322265625,1403200
2021-03-11 00:00:00+00:00,340.9479360693315,342.6480120715875,337.00601632574575,340.4435119628906,1675700
2021-03-12 00:00:00+00:00,339.5935396371847,346.32845083170946,339.3973857548631,345.1421203613281,1941500
2021-03-15 00:00:00+00:00,344.76843264155207,350.03679274263993,341.9380987381437,349.70050048828125,2004400
2021-03-16 00:00:00+00:00,351.75558980111964,351.75558980111964,346.5526230926207,348.90655517578125,2047000
2021-03-17 00:00:00+00:00,351.2978682694065,355.69751924146976,347.7015901782584,354.2683410644531,1753000
2021-03-18 00:00:00+00:00,355.8937084019406,366.5611911546869,354.1469380687401,355.34259033203125,2753100
2021-03-19 00:00:00+00:00,352.6243121398886,354.8101124022953,347.40267342859545,347.93511962890625,3042100
2021-03-22 00:00:00+00:00,349.0933447931305,349.0933447931305,344.36678087735174,347.10369873046875,1398500
2021-03-23 00:00:00+00:00,343.06836681689254,347.04765899059254,332.44760886701187,333.9328308105469,2911200
2021-03-24 00:00:00+00:00,337.6879705832569,343.75029685956696,337.03408633333214,337.12750244140625,1860600
2021-03-25 00:00:00+00:00,333.72726412677395,343.55405463447016,330.1683308251847,342.6292724609375,1970600
2021-03-26 00:00:00+00:00,346.58061867174195,348.3273886546551,343.4980867614944,347.7575988769531,1586100
2021-03-29 00:00:00+00:00,346.07616067760574,347.9443685633771,343.2831990104864,343.72222900390625,1413400
2021-03-30 00:00:00+00:00,343.6567350420249,351.4381699989555,343.14172956724394,350.1365966796875,1278200
2021-03-31 00:00:00+00:00,351.1197850566896,355.36165025261386,344.89276844213225,350.34259033203125,2053300
2021-04-01 00:00:00+00:00,351.7377414016696,352.08420266716354,345.80100588161923,348.45098876953125,1561900
2021-04-05 00:00:00+00:00,351.7096690912878,353.9008281016727,350.1271605988182,350.96990966796875,1419500
2021-04-06 00:00:00+00:00,351.88759733851924,357.5527710259156,351.1665554890979,351.7190246582031,1309700
2021-04-07 00:00:00+00:00,351.8502246415819,354.78114392607114,348.7226705183913,350.9512939453125,1299300
2021-04-08 00:00:00+00:00,348.6102577875479,350.707771970373,345.1830510646542,350.27703857421875,1250700
2021-04-09 00:00:00+00:00,351.74720824304325,354.0319843023808,348.82563369326414,353.02069091796875,1224500
2021-04-12 00:00:00+00:00,353.7978597228784,355.03390710589304,351.8969803621082,354.2005310058594,1165100
2021-04-13 00:00:00+00:00,359.14480144746153,359.95008710594186,352.67431117802505,354.5845642089844,985100
2021-04-14 00:00:00+00:00,353.8166629053838,358.6203711996951,353.8166629053838,357.2344970703125,1077100
2021-04-15 00:00:00+00:00,359.8375785369333,361.4013694963093,354.5937650611285,357.8337097167969,1127000
2021-04-16 00:00:00+00:00,361.5043690447732,361.5043690447732,356.59767222184996,358.7045593261719,1092000
2021-04-19 00:00:00+00:00,358.47049269239585,359.2757781184049,354.46272600887977,356.5040588378906,1145100
2021-04-20 00:00:00+00:00,354.2848328813912,356.5228006750511,343.31028918676134,346.71875,1807400
2021-04-21 00:00:00+00:00,347.1308251577009,351.9251608130647,343.98455310005386,351.7098083496094,1819900
2021-04-22 00:00:00+00:00,351.96253695572875,353.24539263276125,342.3457773454479,344.9302062988281,1880200
2021-04-23 00:00:00+00:00,345.4265906017208,353.666851004429,345.4265906017208,352.337158203125,1301300
2021-04-26 00:00:00+00:00,353.03942704037325,359.38818030048384,353.03942704037325,356.25128173828125,1235700
2021-04-27 00:00:00+00:00,357.23441800463746,359.10720656560545,354.45332584854066,358.0397033691406,925700
2021-04-28 00:00:00+00:00,356.934806956287,360.0530162798689,355.40847952734623,355.642578125,891000
2021-04-29 00:00:00+00:00,358.48915791514884,358.48915791514884,348.4042025050589,352.4494323730469,1104500
2021-04-30 00:00:00+00:00,348.8536327105055,349.7713092743999,345.16423743575206,347.26177978515625,1196700
2021-05-03 00:00:00+00:00,352.55252200516094,353.7230151061077,348.22638407630046,349.99615478515625,924600
2021-05-04 00:00:00+00:00,348.1982439357234,356.7662465025743,344.480757231994,355.4365539550781,1692300
2021-05-05 00:00:00+00:00,358.32067539428004,358.95741671168264,351.9438319790393,354.7623596191406,1460800
2021-05-06 00:00:00+00:00,355.6799998142585,366.1301634061283,354.53759764982954,365.1094970703125,2010900
2021-05-07 00:00:00+00:00,363.14312448677344,371.6549464936731,359.88446155704185,369.1454162597656,1597200
2021-05-10 00:00:00+00:00,372.6848763722287,374.8760352815207,366.3923064622815,366.5046691894531,1601300
2021-05-11 00:00:00+00:00,361.6542250974781,364.42594435748015,353.4982383533015,358.8263244628906,1588500
2021-05-12 00:00:00+00:00,360.3058118955905,363.81729065980625,348.7319916054493,349.8650207519531,1631600
2021-05-13 00:00:00+00:00,345.03326154095765,355.68006178518755,343.16047265503533,354.0600891113281,1483400
2021-05-14 00:00:00+00:00,357.5247941759396,362.1131216699966,356.41985548592254,359.57550048828125,1143600
2021-05-17 00:00:00+00:00,357.6932493953941,361.1204559614502,354.68743169479455,359.1540222167969,1170200
2021-05-18 00:00:00+00:00,360.7272048257237,361.7478712354638,346.1756286621094,346.1756286621094,1664800
2021-05-19 00:00:00+00:00,338.8062020354694,339.1432902762587,328.69312616448514,335.6224670410156,2800600
2021-05-20 00:00:00+00:00,335.1729701416297,336.1655457901559,328.2342851127159,332.6259765625,2947000
2021-05-21 00:00:00+00:00,335.0419392241547,344.958382083692,329.7700622161492,336.867919921875,3614400
2021-05-24 00:00:00+00:00,338.5440471035943,339.4336046580021,333.6466939922919,336.502685546875,1914700
2021-05-25 00:00:00+00:00,338.7686825762456,344.40576520703314,337.44836336387294,337.7480163574219,1682300
2021-05-26 00:00:00+00:00,336.80241721365866,338.27256365662936,332.1298171051367,334.9858093261719,1949800
2021-05-27 00:00:00+00:00,340.2669806728815,340.3793434217181,335.8940065207417,339.17138671875,3337100
2021-05-28 00:00:00+00:00,339.53661062422464,340.41682363459745,334.835892510002,338.13201904296875,1348100
2021-06-01 00:00:00+00:00,341.2314394637092,345.76358430271,338.97472584314426,341.418701171875,1483500
2021-06-02 00:00:00+00:00,341.325196109671,342.0743003400212,333.1317435680523,334.02130126953125,1882700
2021-06-03 00:00:00+00:00,332.63537448626994,340.3137909930239,332.0079776995333,336.081298828125,1336800
2021-06-04 00:00:00+00:00,337.35477589946174,338.45036984219706,332.7102680114411,333.9556884765625,1279300
2021-06-07 00:00:00+00:00,334.35833226299843,336.82105393780506,330.50039217265726,332.8226318359375,1537000
2021-06-08 00:00:00+00:00,334.21790486144084,336.60569917256265,330.0134745351879,333.8995056152344,1521700
2021-06-09 00:00:00+00:00,333.14100413621765,333.27211306056387,326.99825955042553,327.29791259765625,2000800
2021-06-10 00:00:00+00:00,329.49843195525716,331.8581353115928,319.0950763877847,319.72247314453125,2232000
2021-06-11 00:00:00+00:00,323.4118060429631,324.46056288611567,317.0817726413171,319.8441467285156,2028400
2021-06-14 00:00:00+00:00,319.3479846325606,320.6495581129129,310.7237708110261,314.19781494140625,2775000
2021-06-15 00:00:00+00:00,315.4619110065169,317.4657800857148,314.40378080295267,316.5949401855469,1722400
2021-06-16 00:00:00+00:00,316.5948871114886,318.3740303895453,313.8137951735559,315.15283203125,2264600
2021-06-17 00:00:00+00:00,314.3849811755482,315.4805749688185,301.42528881027476,307.4931335449219,3387800
2021-06-18 00:00:00+00:00,303.49479290618416,310.7425054154287,302.8767977135773,308.0456848144531,2930600
2021-06-21 00:00:00+00:00,311.79130671787374,317.2130393770037,311.3886639038982,316.3890075683594,2010700
2021-06-22 00:00:00+00:00,317.24105210221546,320.8555206022995,314.31013319355804,320.34051513671875,1677400
2021-06-23 00:00:00+00:00,320.8836980554845,326.96091850562584,319.7693861836071,325.6312255859375,3352700
2021-06-24 00:00:00+00:00,327.3260277269819,332.17654391321724,324.48875380727776,328.318603515625,2140200
2021-06-25 00:00:00+00:00,331.56789098343353,333.25341805602005,325.05996702348494,327.7286682128906,6604800
2021-06-28 00:00:00+00:00,328.09380326002247,328.6275548105756,323.1496430437819,327.6349792480469,1304200
2021-06-29 00:00:00+00:00,329.33418150464485,331.11794150184704,326.7900171694127,327.57861328125,1213400
2021-06-30 00:00:00+00:00,326.86523741441334,331.7658229688979,326.86523741441334,331.1274108886719,1643600
2021-07-01 00:00:00+00:00,333.8969430579418,334.39451087667186,330.3858051918163,332.61077880859375,1467900
2021-07-02 00:00:00+00:00,332.8735787001379,334.13157956660956,329.7191649489844,330.93023681640625,1131800
2021-07-06 00:00:00+00:00,330.9302204182109,331.39962498618,323.1944423061382,328.0668640136719,1924000
2021-07-07 00:00:00+00:00,327.0623731705943,330.9865889844054,326.91216025162066,330.34820556640625,1309100
2021-07-08 00:00:00+00:00,323.8891212086518,326.0953281990942,318.72567145025295,322.5559997558594,1621000
2021-07-09 00:00:00+00:00,327.83219681567095,329.25917654095315,326.2831386554413,328.0950622558594,1325400
2021-07-12 00:00:00+00:00,326.4521595843729,333.0425903823113,324.6496331698797,332.6013488769531,1608000
2021-07-13 00:00:00+00:00,334.21598079907733,334.21598079907733,329.1276237662279,329.3059997558594,950100
2021-07-14 00:00:00+00:00,331.7657491332417,331.8220753851105,323.4478859217355,324.42425537109375,1409400
2021-07-15 00:00:00+00:00,321.9176740523106,326.4427413440762,321.36378005355346,324.921875,1516200
2021-07-16 00:00:00+00:00,326.34884101585794,327.1374372852864,321.07273803337375,321.5327453613281,1153900
2021-07-19 00:00:00+00:00,314.5011221211479,316.6979324913747,308.8025426741318,314.4541931152344,1848600
2021-07-20 00:00:00+00:00,316.79174907196403,327.9166427801367,314.5010525464768,326.7337341308594,2053900
2021-07-21 00:00:00+00:00,330.4607881108357,332.9016973894174,329.4374896765821,331.39959716796875,1478900
2021-07-22 00:00:00+00:00,331.01469573845634,332.5731222759219,329.60648209438045,329.831787109375,810600
2021-07-23 00:00:00+00:00,330.7425315996494,333.9063432619226,330.0384245678731,332.9956970214844,796800
2021-07-26 00:00:00+00:00,333.87808334051124,335.05159471995546,329.5783216021269,333.7090759277344,865500
2021-07-27 00:00:00+00:00,330.8363860859133,335.7651348289149,329.09021456905333,331.8878479003906,986900
2021-07-28 00:00:00+00:00,332.6294914343425,335.04223799844715,329.6252904794077,331.9253845214844,1250400
2021-07-29 00:00:00+00:00,336.59123103814727,339.9521550655972,334.3474921501699,337.78350830078125,1392600
2021-07-30 00:00:00+00:00,337.6991449482473,339.6706505566254,335.27702913237107,339.464111328125,1053900
2021-08-02 00:00:00+00:00,341.63264397070367,344.9278732554136,333.51195055286587,334.16912841796875,1148300
2021-08-03 00:00:00+00:00,335.6993783202239,344.4021578675016,332.6764115755178,343.47271728515625,991500
2021-08-04 00:00:00+00:00,342.03638923646287,344.16750474323163,338.48769112914283,338.6003723144531,825500
2021-08-05 00:00:00+00:00,341.58573606528944,342.6653609244668,339.21991852498127,342.0269775390625,794400
2021-08-06 00:00:00+00:00,344.54298089057954,346.1295707512729,343.20049059312623,344.4303283691406,665400
2021-08-09 00:00:00+00:00,342.5809167442052,348.2231699970261,341.0412556877879,346.7210693359375,923300
2021-08-10 00:00:00+00:00,348.298237334743,354.32540542246613,346.9087893083976,353.5743408203125,1184000
2021-08-11 00:00:00+00:00,354.3065873333638,362.67138076660274,352.485295188294,362.4554443359375,1651500
2021-08-12 00:00:00+00:00,362.44609623061524,364.7461617170104,360.20232835736346,362.02362060546875,1314000
2021-08-13 00:00:00+00:00,362.521242086048,363.544540888397,359.2260405923007,360.5028076171875,814300
2021-08-16 00:00:00+00:00,357.68629008375103,359.89249734055073,355.44252243848746,359.5920715332031,910400
2021-08-17 00:00:00+00:00,358.1557502237548,359.19781480128097,351.21793570062067,353.3020935058594,1206300
2021-08-18 00:00:00+00:00,351.34925801409815,353.00157097401774,348.69244122757743,348.87078857421875,1374500
2021-08-19 00:00:00+00:00,346.0075436647887,346.0075436647887,333.1646396750608,337.0137634277344,2281000
2021-08-20 00:00:00+00:00,340.78778138426827,344.7026288343515,323.6639086447549,329.9257507324219,3498300
2021-08-23 00:00:00+00:00,332.47928151457404,341.0130539372142,330.6955497159796,340.5999755859375,1946800
2021-08-24 00:00:00+00:00,342.6653510222161,350.1758244692784,342.6559537623489,345.4630126953125,1638700
2021-08-25 00:00:00+00:00,346.4205507515999,356.09967008085647,345.26580526836324,353.3395690917969,1657500
2021-08-26 00:00:00+00:00,352.32568486210045,359.535732072581,352.11914570840634,356.569091796875,1490400
2021-08-27 00:00:00+00:00,356.8226318508145,359.4607123842227,354.9731763541964,356.26873779296875,1115600
2021-08-30 00:00:00+00:00,357.6863098144531,360.16477988651536,353.6963706629796,357.6863098144531,1378500
2021-08-31 00:00:00+00:00,357.68630524181765,358.1557098418725,350.92686754095416,354.8980407714844,1589800
2021-09-01 00:00:00+00:00,355.0576586974067,356.43770939772094,346.5989784515891,353.6588134765625,1895400
2021-09-02 00:00:00+00:00,355.8931858434152,361.4321545436205,354.6821139205142,361.3946228027344,1333700
2021-09-03 00:00:00+00:00,361.1881546181473,368.9520981246668,360.50281343478895,365.51605224609375,1902000
2021-09-07 00:00:00+00:00,361.8733831841837,363.49753340066945,347.6035006536097,348.992919921875,3627000
2021-09-08 00:00:00+00:00,348.7582280356894,349.62194512433354,339.942824356318,347.5753479003906,2427100
2021-09-09 00:00:00+00:00,346.2516075574948,348.52350972186593,340.8158944002949,342.51513671875,1725300
2021-09-10 00:00:00+00:00,345.04053549500657,345.9136211531128,340.59995777607054,340.85345458984375,1235500
2021-09-13 00:00:00+00:00,343.60416035843133,344.2707068551083,335.1454804667951,339.3982849121094,1832900
2021-09-14 00:00:00+00:00,340.33714959664826,340.34654685805225,333.2960795885649,334.1973571777344,1410800
2021-09-15 00:00:00+00:00,333.3523537120874,338.75050654054706,332.35721826529027,337.75537109375,1403500
2021-09-16 00:00:00+00:00,338.5157840738228,339.2011250539713,331.57799948923764,333.5870361328125,1681800
2021-09-17 00:00:00+00:00,330.00084330791805,332.6482635760369,326.6774505945203,327.7289123535156,7677100
2021-09-20 00:00:00+00:00,319.7959701753624,321.5421414835946,314.1912782712323,318.941650390625,2410000
2021-09-21 00:00:00+00:00,321.7768692797091,323.81409795096016,313.3088201892446,316.331787109375,1503800
2021-09-22 00:00:00+00:00,320.74413672412896,324.38672076878186,319.1106179897422,319.98370361328125,1336800
2021-09-23 00:00:00+00:00,323.8891948846462,330.75188828714374,323.851634492173,329.991455078125,1497600
2021-09-24 00:00:00+00:00,328.45181031566733,331.7470401505018,327.1938092826133,327.879150390625,1193200
2021-09-27 00:00:00+00:00,327.43791440528804,334.028345536172,327.43791440528804,330.8551940917969,1291500
2021-09-28 00:00:00+00:00,329.26850497766986,334.741749075862,329.02440545916505,332.2820739746094,2018700
2021-09-29 00:00:00+00:00,334.0899820818573,334.8809247368155,330.3141468461986,330.38006591796875,1320600
2021-09-30 00:00:00+00:00,331.867866312584,331.867866312584,315.38039467471367,315.5028076171875,2079500
2021-10-01 00:00:00+00:00,318.3558541437542,324.5327650820748,314.1657109566943,322.2164306640625,1740800
2021-10-04 00:00:00+00:00,320.84157724261104,322.5553004251873,317.15051210290284,318.6759033203125,1464500
2021-10-05 00:00:00+00:00,317.1317216893389,321.21830197062684,313.3276681446987,318.53472900390625,1401400
2021-10-06 00:00:00+00:00,314.02448886888453,318.8266682088686,310.4181633044755,318.6383361816406,1534700
2021-10-07 00:00:00+00:00,321.30300256454,327.45166518793076,320.5497033909347,323.9959716796875,1139200
2021-10-08 00:00:00+00:00,323.9677414751738,325.17299147971454,321.49132239710775,323.1297302246094,1168200
2021-10-11 00:00:00+00:00,322.98851067442325,323.94896370867525,313.0546148257224,313.1676025390625,1052100
2021-10-12 00:00:00+00:00,313.8550142152764,314.92842633496366,310.59704823198365,311.2938537597656,1410000
2021-10-13 00:00:00+00:00,312.6591076590687,313.44065384847596,307.9040263909337,309.7872314453125,1771800
2021-10-14 00:00:00+00:00,302.7534423573403,313.44063618579196,301.7835929584043,310.5122375488281,2403800
2021-10-15 00:00:00+00:00,313.50660455095607,316.37848105445033,312.30135434397545,313.32769775390625,1435000
2021-10-18 00:00:00+00:00,311.3785580487319,313.8267304925724,309.44828426277064,312.4613952636719,1154000
2021-10-19 00:00:00+00:00,315.3520513610892,323.7605535800563,314.5893557446342,323.0543518066406,1433600
2021-10-20 00:00:00+00:00,323.5817082356512,325.85097381309924,321.98100115340907,323.9583435058594,1001900
2021-10-21 00:00:00+00:00,323.84535008521755,324.9187907585744,320.86048616766016,322.90374755859375,876400
2021-10-22 00:00:00+00:00,324.8904781828762,325.9073960625568,319.8434747175776,320.8133239746094,825700
2021-10-25 00:00:00+00:00,320.4178980035405,333.0918586279601,319.3162105201095,332.12200927734375,1564800
2021-10-26 00:00:00+00:00,332.72461868151026,333.18602340926236,321.0864265163274,321.2276611328125,1386300
2021-10-27 00:00:00+00:00,322.7248798535135,325.86982922495935,318.28051424033197,318.478271484375,2003100
2021-10-28 00:00:00+00:00,319.4669305975024,329.3631831689902,318.47825935666464,329.2784423828125,1897900
2021-10-29 00:00:00+00:00,328.14853014412114,328.9582946464474,320.6627774314522,322.32000732421875,1562500
2021-11-01 00:00:00+00:00,326.84902505988856,344.27809492289396,325.58728127449956,337.79986572265625,2391200
2021-11-02 00:00:00+00:00,339.0333982373063,339.0333982373063,330.0222552992247,334.5513610839844,1371300
2021-11-03 00:00:00+00:00,325.9356663139712,326.7642810269468,315.8605378350086,323.0166931152344,2948400
2021-11-04 00:00:00+00:00,324.69274124574076,330.37060253854935,324.21254356434775,330.3612060546875,1334000
2021-11-05 00:00:00+00:00,332.1974666473525,337.7340958807147,330.512018272601,334.45733642578125,1422900
2021-11-08 00:00:00+00:00,338.0353455405906,344.1086940228882,337.0937429067728,339.7867126464844,1540500
2021-11-09 00:00:00+00:00,340.86013855860557,341.961826235658,331.4441126315723,335.0316162109375,1394500
2021-11-10 00:00:00+00:00,333.2330465889935,334.82435676702465,329.69264149843974,332.01837158203125,1067800
2021-11-11 00:00:00+00:00,332.45168686166056,337.65874887311014,331.6889909398259,335.2200012207031,782400
2021-11-12 00:00:00+00:00,336.3592293028067,338.1765151400148,332.8847139535107,337.9034423828125,1011100
2021-11-15 00:00:00+00:00,340.9636838153504,342.5079257823304,338.6379531149505,340.05975341796875,975400
2021-11-16 00:00:00+00:00,338.8639497268947,344.8148850807081,337.28206424867017,340.86956787109375,1162200
2021-11-17 00:00:00+00:00,338.9769307923771,339.3629913006979,328.807634362778,332.8753356933594,1647600
2021-11-18 00:00:00+00:00,343.1953112716222,344.3628892502019,336.05794777793335,336.25567626953125,2228000
2021-11-19 00:00:00+00:00,333.0730625011165,334.12765270291413,325.3519105108547,325.9356994628906,1742000
2021-11-22 00:00:00+00:00,327.46108672790626,333.98641380510225,323.0732156879749,328.7699279785156,1707000
2021-11-23 00:00:00+00:00,328.60052628474773,332.4610744332962,324.75877111033475,328.88299560546875,1680300
2021-11-24 00:00:00+00:00,338.28953673889447,352.76199202502727,337.875229319352,346.3778991699219,4482900
2021-11-26 00:00:00+00:00,334.26893028453117,340.20101529963335,328.421586057024,338.31781005859375,2308700
2021-11-29 00:00:00+00:00,344.62652538577,345.56812791414643,326.1334379354513,327.7624206542969,2902000
2021-11-30 00:00:00+00:00,325.982819784277,331.66068210681055,321.88684287583357,325.3613586425781,3681500
2021-12-01 00:00:00+00:00,332.96942608753244,333.07301729084134,321.46304395578096,321.6042785644531,1755200
2021-12-02 00:00:00+00:00,324.73989435768164,333.4402927863946,323.4028060835567,330.1446838378906,1969800
2021-12-03 00:00:00+00:00,332.02786638438175,332.42335207491124,324.8528599875427,328.8452453613281,1379600
2021-12-06 00:00:00+00:00,332.1502656030379,336.99951249338886,330.04108530170305,333.8074951171875,1543500
2021-12-07 00:00:00+00:00,338.6849786885456,345.5398431959917,338.176505332914,340.2386169433594,1478900
2021-12-08 00:00:00+00:00,341.1237623358854,342.7433198317603,336.86772925855297,339.9750061035156,1182900
2021-12-09 00:00:00+00:00,338.835665964154,343.0352050755723,337.09369558902455,340.7847900390625,897900
2021-12-10 00:00:00+00:00,341.66988972525274,342.74333043225005,336.4722539601557,337.43267822265625,1200600
2021-12-13 00:00:00+00:00,338.1482709212899,340.36104244992333,328.97707215395474,330.89794921875,1375000
2021-12-14 00:00:00+00:00,329.4479041214176,333.65686866077175,325.8039068579999,328.195556640625,1799800
2021-12-15 00:00:00+00:00,329.080618227752,329.73032619176075,318.28043739782106,323.854736328125,1982700
2021-12-16 00:00:00+00:00,329.34429794612754,331.2275029567967,326.7360693511048,327.95074462890625,1945200
2021-12-17 00:00:00+00:00,328.90174006338793,329.91868684999463,321.61374594622697,326.7643127441406,2976500
2021-12-20 00:00:00+00:00,322.91320627594195,323.44050144671485,316.67980150075147,318.8831481933594,1784700
2021-12-21 00:00:00+00:00,322.7530386641348,331.9336619037318,322.1786750031739,329.3819274902344,1518500
2021-12-22 00:00:00+00:00,328.69463534010384,331.06749237212017,323.4781774292091,326.7361145019531,1582400
2021-12-23 00:00:00+00:00,327.677659851785,330.96384327967456,326.0769241571888,328.826416015625,997800
2021-12-27 00:00:00+00:00,329.5608574886961,331.2180869959757,328.1013851854167,330.2670593261719,953100
2021-12-28 00:00:00+00:00,328.8829842318622,332.5175855335745,328.5157741276239,329.3443603515625,718700
2021-12-29 00:00:00+00:00,328.01666445623357,328.9111984108972,325.3236948418662,325.52142333984375,1417300
2021-12-30 00:00:00+00:00,326.60754462799923,328.7231506417205,322.85799325580587,323.0374450683594,1538800
2021-12-31 00:00:00+00:00,323.3208010760335,324.84141463889404,322.12133307333346,323.8497314453125,1004700
2022-01-03 00:00:00+00:00,324.8980276496539,330.84818348730636,324.8885737161981,330.6687316894531,1570700
2022-01-04 00:00:00+00:00,334.44663371675057,352.9960591976398,333.12437999538673,350.67266845703125,3034100
2022-01-05 00:00:00+00:00,352.32554902928104,365.0853355050234,351.13550607869325,351.3905029296875,3310100
2022-01-06 00:00:00+00:00,353.7139329070239,357.41624402267985,347.79207979236287,355.461181640625,1600700
2022-01-07 00:00:00+00:00,355.94283543647884,360.7879770169951,355.76338361327663,357.6239929199219,1791700
2022-01-10 00:00:00+00:00,360.09849240169297,364.4619731735211,353.2227438228638,358.76678466796875,2120000
2022-01-11 00:00:00+00:00,361.61912148722723,362.23302197516387,354.8755835859358,359.4184875488281,1249900
2022-01-12 00:00:00+00:00,361.07133920923417,362.54471202019437,351.8344117453031,355.3572998046875,1458900
2022-01-13 00:00:00+00:00,357.65229821814324,362.8657969763174,357.5578453464574,359.2673645019531,1325100
2022-01-14 00:00:00+00:00,355.74446867831705,358.97454352415565,352.7504827716952,358.4834289550781,1309400
2022-01-18 00:00:00+00:00,359.50350869268226,366.4548024505319,358.42679775767226,362.5919189453125,2685500
2022-01-19 00:00:00+00:00,365.7369394880398,366.5491995330322,353.8082661896982,355.0266418457031,1919100
2022-01-20 00:00:00+00:00,354.74335666575587,358.99347668453976,345.5630962722638,346.6020202636719,2014300
2022-01-21 00:00:00+00:00,347.1781380418407,350.5026660319088,339.8773658554031,344.05194091796875,1493300
2022-01-24 00:00:00+00:00,336.77010970549236,345.25144281117986,327.7409671515466,343.81585693359375,2251800
2022-01-25 00:00:00+00:00,338.2906051952199,349.69983065631624,331.32040482333537,347.7731018066406,2511900
2022-01-26 00:00:00+00:00,348.86874223952873,359.64516103299155,346.1864477534504,351.5699157714844,2296100
2022-01-27 00:00:00+00:00,354.8283771830747,361.6191272207322,349.8793574614003,355.0833740234375,2030000
2022-01-28 00:00:00+00:00,351.45662541141866,356.1978893776211,344.29754625332777,353.0339050292969,2100300
2022-01-31 00:00:00+00:00,353.2321765868391,355.8672589157659,346.63975820902965,355.4989013671875,2191600
2022-02-01 00:00:00+00:00,354.17670782302457,358.4740403487542,350.4271559232858,356.89678955078125,1622500
2022-02-02 00:00:00+00:00,357.54849190577215,358.60629510556254,346.49816663179865,353.68560791015625,1642900
2022-02-03 00:00:00+00:00,350.72937053755703,355.98062787393724,349.2937559296728,350.294921875,893700
2022-02-04 00:00:00+00:00,347.69758236969886,352.0893669394514,343.35300982274106,348.97259521484375,1102400
2022-02-07 00:00:00+00:00,349.7565248308056,353.71386082117726,348.22648634726687,351.5321350097656,1087300
2022-02-08 00:00:00+00:00,355.49889708042593,370.1948642970871,353.4494110449504,368.2303771972656,2647500
2022-02-09 00:00:00+00:00,370.70494796150837,377.43903226481615,370.70494796150837,373.44390869140625,1630400
2022-02-10 00:00:00+00:00,370.9882464802301,377.04230985202224,368.4287378011572,371.3188171386719,1402300
2022-02-11 00:00:00+00:00,372.3766704970102,377.5335042902811,365.81261258327436,370.86553955078125,2390200
2022-02-14 00:00:00+00:00,372.2254939131258,375.6067166149454,362.62969283619105,365.7558898925781,1799900
2022-02-15 00:00:00+00:00,369.0520889453213,374.01056230927,367.4464765173305,371.554931640625,1590800
2022-02-16 00:00:00+00:00,369.7226378292377,372.1593893362203,364.00859937198254,368.87261962890625,2174900
2022-02-17 00:00:00+00:00,365.066392936938,368.9859420205394,358.0489799696094,359.3995666503906,2570300
2022-02-18 00:00:00+00:00,358.68176876543373,371.1393445154061,345.67641247561215,348.6042785644531,3729400
2022-02-22 00:00:00+00:00,344.94918469885584,349.8982039601599,332.6521527273074,334.1349792480469,2359000
2022-02-23 00:00:00+00:00,335.2871949948711,336.2222120336201,318.532289178195,318.77783203125,3068300
2022-02-24 00:00:00+00:00,310.7971168363489,324.6997328067998,308.60593693129005,323.7269287109375,3599900
2022-02-25 00:00:00+00:00,323.67034080644316,328.9688112061537,319.23131396472473,327.7126770019531,3424600
2022-02-28 00:00:00+00:00,328.6759407262865,342.26689360456305,326.78699853820444,340.0284729003906,3265400
2022-03-01 00:00:00+00:00,341.0673721741863,341.7757254434303,331.1409724711637,338.7345275878906,2863200
2022-03-02 00:00:00+00:00,340.74626247307236,360.0512529393269,340.3779337534544,355.10223388671875,2564200
2022-03-03 00:00:00+00:00,357.2367014654018,364.65080457270545,354.7810999261902,360.7218017578125,2961400
2022-03-04 00:00:00+00:00,357.8317335211128,369.0803869156293,353.7138536768836,368.4098205566406,2404400
2022-03-07 00:00:00+00:00,372.42387380728087,382.9736004975147,347.6031729368099,348.5098571777344,5456700
2022-03-08 00:00:00+00:00,353.09998381174165,367.3992914047854,343.9008436821815,344.6658630371094,3512000
2022-03-09 00:00:00+00:00,348.7459821057742,353.19443327899296,344.0141722856729,348.37762451171875,1744600
2022-03-10 00:00:00+00:00,344.2597677435933,358.53071437661936,342.1819194817945,357.15179443359375,1768800
2022-03-11 00:00:00+00:00,361.7040842524352,370.55377350357566,361.2035157418223,367.85260009765625,2144300
2022-03-14 00:00:00+00:00,371.1772094600312,377.3634847551747,364.9909341648876,371.98944091796875,2466500
2022-03-15 00:00:00+00:00,370.69544500637085,373.06607664078035,360.542380895261,366.898681640625,2197700
2022-03-16 00:00:00+00:00,368.34374379448417,378.61959438688785,360.7974286257379,366.6437072753906,2271500
2022-03-17 00:00:00+00:00,363.1869464942014,384.61699933531594,362.6958030462499,383.5969543457031,2783800
2022-03-18 00:00:00+00:00,385.02305431102127,391.8893481581154,381.64183196388177,390.20819091796875,2941700
2022-03-21 00:00:00+00:00,391.9554960365595,403.1002431898569,391.39826156119165,398.8406982421875,2750200
2022-03-22 00:00:00+00:00,401.40026472598987,412.05389883450425,399.7096531876524,403.80865478515625,2234400
2022-03-23 00:00:00+00:00,399.65291793148725,410.8449056074566,397.1972874437225,407.5581359863281,2633500
2022-03-24 00:00:00+00:00,406.5381115222209,411.2982535728829,402.1840850960106,408.2192687988281,1878500
2022-03-25 00:00:00+00:00,408.3326253573042,412.686652046322,404.3469562263964,412.21441650390625,1457500
2022-03-28 00:00:00+00:00,413.65941893019175,413.65941893019175,403.62911269953133,408.58758544921875,1656000
2022-03-29 00:00:00+00:00,400.91853679280536,400.91853679280536,386.60980507914394,389.99102783203125,3572900
2022-03-30 00:00:00+00:00,391.81845639799906,402.0920976952417,391.55333147597435,393.4754943847656,1693800
2022-03-31 00:00:00+00:00,392.1972111487301,398.332967288862,391.3449971102026,393.3902587890625,1953700
2022-04-01 00:00:00+00:00,394.89583838015744,399.50716295098636,391.8374379905337,394.65911865234375,1480900
2022-04-04 00:00:00+00:00,396.32561884690364,396.4771229341866,386.1750761705458,395.27459716796875,1072400
2022-04-05 00:00:00+00:00,396.45819101988275,400.0279139263778,389.37552673043876,391.7332458496094,1399000
2022-04-06 00:00:00+00:00,388.7695091142571,392.7180066697141,384.47069990094127,389.4039306640625,1237000
2022-04-07 00:00:00+00:00,388.00257557190605,390.6159707115642,380.4749052837962,387.70904541015625,1637300
2022-04-08 00:00:00+00:00,391.19353735861745,397.62282386906156,386.00463091892044,396.07940673828125,1341900
2022-04-11 00:00:00+00:00,394.36554559100136,402.95374331675475,394.36554559100136,396.27825927734375,1437700
2022-04-12 00:00:00+00:00,400.3593546123902,404.7907410529797,395.3314298247114,397.4335021972656,1119700
2022-04-13 00:00:00+00:00,399.89534833452257,405.2262811011262,398.8348486026523,404.5918884277344,1153200
2022-04-14 00:00:00+00:00,405.197838444879,416.068017484907,405.197838444879,413.54931640625,1522700
2022-04-18 00:00:00+00:00,409.525116707373,421.862947391277,409.2789189510432,415.1590576171875,1525700
2022-04-19 00:00:00+00:00,416.43730160647004,418.06593436451965,411.6460969954594,414.5625,1207800
2022-04-20 00:00:00+00:00,421.067600245795,423.0276465965444,413.3410645891855,414.1553955078125,1718200
2022-04-21 00:00:00+00:00,417.43155715620554,417.61146645388413,401.03160813225594,401.8175048828125,1641300
2022-04-22 00:00:00+00:00,397.4334623576326,398.4560787812394,380.2759936574292,382.13189697265625,2148800
2022-04-25 00:00:00+00:00,371.1102266492754,371.1102266492754,352.4188470997815,365.0312805175781,4496300
2022-04-26 00:00:00+00:00,364.576825062289,369.8888313490841,359.8992404283701,361.489990234375,1559000
2022-04-27 00:00:00+00:00,361.62256506890475,369.3491012344103,355.5530671658231,365.0502624511719,1599200
2022-04-28 00:00:00+00:00,367.2374626837048,369.3395347318271,355.07954261223546,364.3778991699219,1515200
2022-04-29 00:00:00+00:00,365.63727426660233,369.25435852863194,356.28210629511017,357.4941101074219,1526800
2022-05-02 00:00:00+00:00,355.04168875769386,362.17168540765704,351.86018966284234,360.9786376953125,1563400
2022-05-03 00:00:00+00:00,365.3342849941569,369.96453683401296,363.11859176464145,368.7525329589844,1468200
2022-05-04 00:00:00+00:00,370.4568746894024,377.2460088071298,364.3116401556038,375.2954406738281,1750100
2022-05-05 00:00:00+00:00,372.96617819228265,375.1155830908133,358.9712790188534,362.6925354003906,1465800
2022-05-06 00:00:00+00:00,363.1942881683884,363.1942881683884,351.89803164416026,357.4088439941406,1516100
2022-05-09 00:00:00+00:00,352.2389270283038,354.6534565017731,343.1394352837014,345.1657409667969,1818100
2022-05-10 00:00:00+00:00,348.44196291240297,351.7560391170755,341.3498490812682,345.37408447265625,1344100
2022-05-11 00:00:00+00:00,346.45356221550503,354.59669828763106,342.95009844757874,344.6923522949219,1380900
2022-05-12 00:00:00+00:00,343.5654821867354,348.04422907701223,335.479129570629,343.69805908203125,1889400
2022-05-13 00:00:00+00:00,345.1846639800368,350.345165133145,343.9348058927546,347.21099853515625,1750300
2022-05-16 00:00:00+00:00,349.3225382674575,362.1148511566927,346.5860446756831,354.55877685546875,1896400
2022-05-17 00:00:00+00:00,361.24376985407696,365.5047248034425,357.29527221989343,363.8476867675781,1229300
2022-05-18 00:00:00+00:00,363.60145453293256,364.6335489441112,347.83592849458313,349.0858154296875,1543400
2022-05-19 00:00:00+00:00,345.0426315514878,350.7712656727023,337.372907434165,345.2509460449219,2253600
2022-05-20 00:00:00+00:00,321.5884524893246,326.0766487687232,291.29780882793506,296.6665954589844,8814300
2022-05-23 00:00:00+00:00,300.11330213460417,319.3538609100242,299.38418683146097,317.5453186035156,4286400
2022-05-24 00:00:00+00:00,314.66679549223784,319.9787721244853,309.81878026308107,319.1265869140625,1900600
2022-05-25 00:00:00+00:00,319.647376806937,327.3644632116131,318.3596353310964,324.7510681152344,2005800
2022-05-26 00:00:00+00:00,325.2150193520685,330.3849989586521,322.31757222578364,329.0498962402344,1349900
2022-05-27 00:00:00+00:00,335.0908890994829,341.70956141427064,333.61373186580425,341.5675354003906,1968000
2022-05-31 00:00:00+00:00,339.2666891217066,342.91217856725143,335.9336858867099,338.7743225097656,2705000
2022-06-01 00:00:00+00:00,343.7927690562332,343.7927690562332,330.04409820052695,333.4433898925781,1714800
2022-06-02 00:00:00+00:00,335.07199871095276,342.211473004635,332.36393919402553,341.89898681640625,1161600
2022-06-03 00:00:00+00:00,338.43348927355765,344.32307753757345,338.0547145738775,341.82330322265625,1082200
2022-06-06 00:00:00+00:00,343.87797262726747,344.4839600086495,339.5317736818598,343.63177490234375,1011000
2022-06-07 00:00:00+00:00,341.586588837605,348.9343789004916,338.9826716669788,348.2999572753906,987000
2022-06-08 00:00:00+00:00,341.77590170836,345.3835074904818,335.22348794159905,336.160888671875,1772700
2022-06-09 00:00:00+00:00,332.449135105231,334.8920695672713,326.9572210140438,326.9856262207031,1415500
2022-06-10 00:00:00+00:00,318.98452436554464,322.8856602708994,315.6704486736146,317.42218017578125,1327900
2022-06-13 00:00:00+00:00,307.73565436630093,315.954556600074,305.1790696791386,307.6409606933594,1816700
2022-06-14 00:00:00+00:00,308.84343358575734,312.8581899656984,305.4441136757016,309.23162841796875,1630400
2022-06-15 00:00:00+00:00,310.9360794375666,317.46005964702243,308.18065853376294,313.0191955566406,1442500
2022-06-16 00:00:00+00:00,305.4063373252831,306.6846296565244,297.9259995783417,300.7003479003906,1799600
2022-06-17 00:00:00+00:00,298.0112582683045,309.137087272278,298.0112582683045,305.5768127441406,2329100
2022-06-21 00:00:00+00:00,313.32219517332,317.08130523755466,310.43422633629507,311.7787780761719,1425400
2022-06-22 00:00:00+00:00,303.9481238595383,306.6561836161526,300.7571466218905,301.04119873046875,1636100
2022-06-23 00:00:00+00:00,298.06796550795264,300.25525307721523,279.8878822113731,281.7059020996094,4232900
2022-06-24 00:00:00+00:00,284.88747246114184,297.1874210941872,283.44822682248974,294.35626220703125,2297000
2022-06-27 00:00:00+00:00,300.7571232850675,303.65457015354434,294.67814856512797,298.57928466796875,1708300
2022-06-28 00:00:00+00:00,301.47676249068184,303.1716547793389,292.0931898820294,292.737060546875,1818100
2022-06-29 00:00:00+00:00,291.95769690461015,292.4613824202826,282.910354225994,285.723388671875,1800800
2022-06-30 00:00:00+00:00,283.00543527149716,289.46781966979603,279.67920203657377,284.6020202636719,2082100
2022-07-01 00:00:00+00:00,285.6664714121858,289.73397919296974,279.7077713251894,286.65484619140625,1373600
2022-07-05 00:00:00+00:00,279.2800688199179,280.163889634597,273.42589426902913,277.62646484375,2147900
2022-07-06 00:00:00+00:00,275.4502331749931,277.45549252670855,269.71960734422987,274.7850036621094,2083200
2022-07-07 00:00:00+00:00,283.03402970184356,289.4679066223111,280.86722684659696,288.8786926269531,2051800
2022-07-08 00:00:00+00:00,289.5724302090915,292.7275785964291,286.3032151550193,289.5154113769531,1516100
2022-07-11 00:00:00+00:00,285.6379481413305,288.888166487248,283.0719847628454,283.5946960449219,993900
2022-07-12 00:00:00+00:00,279.4036440645546,286.3126965228172,278.5863548092189,281.2663269042969,1210200
2022-07-13 00:00:00+00:00,277.5314192152748,284.31694949258133,276.8281676972458,282.04559326171875,1199900
2022-07-14 00:00:00+00:00,275.64980701263283,280.22100147758135,274.02471191032936,279.7173156738281,1366800
2022-07-15 00:00:00+00:00,283.271578179101,284.7731223762018,278.63385331343756,282.9199523925781,1184500
2022-07-18 00:00:00+00:00,286.1891584559873,291.2640371959751,282.20717926257294,283.15753173828125,1056200
2022-07-19 00:00:00+00:00,286.5882668985374,296.7000303371821,285.8850154046115,296.12030029296875,1282200
2022-07-20 00:00:00+00:00,295.9967563655828,300.3018516644932,294.80881584157385,299.703125,1152500
2022-07-21 00:00:00+00:00,299.1900078716634,301.0336942073848,293.2882974350431,300.8246154785156,1223300
2022-07-22 00:00:00+00:00,302.0600031888898,304.55943464006754,295.0463978399062,296.7570495605469,1110700
2022-07-25 00:00:00+00:00,299.2564897219456,307.33448535313914,296.42442904800834,306.9258117675781,1433100
2022-07-26 00:00:00+00:00,307.6956501058344,309.5868714968647,302.44971420759674,303.59014892578125,1122600
2022-07-27 00:00:00+00:00,305.0631243813165,310.8317704851908,302.829790411679,309.5392761230469,1148200
2022-07-28 00:00:00+00:00,313.28369687623604,317.8833995113829,307.79066056789355,315.1654052734375,1295600
2022-07-29 00:00:00+00:00,319.3659198458901,327.595975301575,316.4673565594654,326.1419372558594,1880300
2022-08-01 00:00:00+00:00,322.04595198763064,324.9730539740248,319.30893210514256,321.39971923828125,1238900
2022-08-02 00:00:00+00:00,318.36813151839175,322.2360736887729,314.41466109148,316.6669921875,1271500
2022-08-03 00:00:00+00:00,320.4778732621482,321.8083609701761,316.97107019449726,319.8031311035156,1142800
2022-08-04 00:00:00+00:00,322.2645586330342,327.64355759853174,320.0027149016899,325.3817138671875,1333900
2022-08-05 00:00:00+00:00,320.73447461470386,327.4724707516391,320.5729309216759,326.2655334472656,917100
2022-08-08 00:00:00+00:00,329.6582598865423,331.9010777296078,325.78080567986456,326.6456298828125,953200
2022-08-09 00:00:00+00:00,329.0594470100711,330.19036844056865,326.06584340093826,326.6170349121094,1146300
2022-08-10 00:00:00+00:00,331.5684852109578,339.51341789181,331.28336207017713,334.8661804199219,1136200
2022-08-11 00:00:00+00:00,342.60214656818493,345.4532046533571,339.47547808075666,343.95166015625,1718800
2022-08-12 00:00:00+00:00,344.45524028097276,350.280876152898,343.75195978065005,349.8817443847656,1256500
2022-08-15 00:00:00+00:00,344.4647638365872,348.10463020376017,341.27159331320325,347.87652587890625,1196100
2022-08-16 00:00:00+00:00,346.2229083751841,354.8330994916217,344.9874617567819,351.6114196777344,1431500
2022-08-17 00:00:00+00:00,346.37496670617196,349.20702751423937,344.29369247183746,346.58404541015625,1722500
2022-08-18 00:00:00+00:00,346.35601802593817,351.5734445395618,344.740406998634,349.7202453613281,1983500
2022-08-19 00:00:00+00:00,340.82495460290903,351.5544434839267,335.5219708998279,351.3073425292969,4242200
2022-08-22 00:00:00+00:00,345.31063442344305,354.5955691914363,343.2863786781453,351.2883605957031,2353600
2022-08-23 00:00:00+00:00,350.20481423580526,366.8264662874073,350.19530143224694,356.26806640625,2389800
2022-08-24 00:00:00+00:00,359.95545508963863,363.36721644843465,355.54580639036226,362.44537353515625,1566300
2022-08-25 00:00:00+00:00,363.0346411273491,369.14540050824894,362.6545059423666,368.8793029785156,1325400
2022-08-26 00:00:00+00:00,371.7588552851018,373.42197203168894,359.8794499523365,360.5447082519531,1452800
2022-08-29 00:00:00+00:00,357.4845721513827,366.2943287021542,355.96400246883695,361.713623046875,1323400
2022-08-30 00:00:00+00:00,360.41162221212517,360.915307806302,347.372786582871,350.43292236328125,1622700
2022-08-31 00:00:00+00:00,351.6589251249738,351.6589251249738,346.43198651305613,347.1162414550781,1500200
2022-09-01 00:00:00+00:00,341.15751911012586,346.65055488832013,339.5133989974006,345.7096862792969,1349900
2022-09-02 00:00:00+00:00,351.5828986597411,351.9915432505379,342.906176195733,344.2366638183594,1141700
2022-09-06 00:00:00+00:00,345.1585942398428,346.8407080526466,337.83138315377965,343.13433837890625,1092600
2022-09-07 00:00:00+00:00,340.11213434435206,348.7508345049678,339.48489825646664,347.77197265625,913100
2022-09-08 00:00:00+00:00,345.7001877002828,352.04853457695566,344.8828695800785,350.18585205078125,1227200
2022-09-09 00:00:00+00:00,354.5004682370641,356.6292774934469,353.6261602052537,353.7687072753906,1240300
2022-09-12 00:00:00+00:00,356.6577805210574,357.332522642594,351.4688352413413,355.4603271484375,1129200
2022-09-13 00:00:00+00:00,347.40135470959206,352.98943220980243,343.9801088137108,345.2630615234375,1085700
2022-09-14 00:00:00+00:00,346.26096675667884,347.11627827431676,339.8270612576181,342.98223876953125,1121700
2022-09-15 00:00:00+00:00,342.98223288683647,346.49854895759853,340.5208232382864,340.9579772949219,970000
2022-09-16 00:00:00+00:00,337.6602031962817,338.41098972870503,331.79654500675514,336.8999328613281,2422600
2022-09-19 00:00:00+00:00,332.8895600562157,345.1681303453198,332.18630830211765,344.6834411621094,1008700
2022-09-20 00:00:00+00:00,342.0128416320336,342.5545494848236,335.0372581846894,337.9358215332031,1434000
2022-09-21 00:00:00+00:00,342.4119672006382,343.16275373723795,332.4427795410156,332.4427795410156,1007100
2022-09-22 00:00:00+00:00,335.008779909886,336.47230192553457,328.75544401590565,328.9455261230469,1006400
2022-09-23 00:00:00+00:00,324.53588366608443,326.06596635591484,312.3048509635798,317.6268310546875,1717600
2022-09-26 00:00:00+00:00,314.61419534979416,322.0079369176132,314.33861399620434,315.7451171875,1331600
2022-09-27 00:00:00+00:00,319.22336091174753,324.72590935176714,315.84010873508294,319.0142822265625,1180100
2022-09-28 00:00:00+00:00,321.40926159465363,330.7892371359204,320.3353585140092,328.7269592285156,1292600
2022-09-29 00:00:00+00:00,325.13232421875,328.5648120534647,322.6914504468441,325.13232421875,1589500
2022-09-30 00:00:00+00:00,322.9965605773321,325.1895235159409,318.13387199877576,318.3531799316406,1697200
2022-10-03 00:00:00+00:00,323.80694798490265,331.5967869977094,323.39696411515143,328.04034423828125,1536900
2022-10-04 00:00:00+00:00,333.78031255643344,343.91567484976895,333.7135628604581,343.5247497558594,1639000
2022-10-05 00:00:00+00:00,338.75738120624317,342.92402835696186,338.75738120624317,339.21502685546875,1073700
2022-10-06 00:00:00+00:00,337.75627129254656,342.61896069120246,336.61212790890187,338.9290466308594,915100
2022-10-07 00:00:00+00:00,335.6681706041078,339.8157594168149,333.42754559843434,339.577392578125,1351700
2022-10-10 00:00:00+00:00,341.589177551065,348.2825069996028,339.1959655036308,342.9430847167969,1366900
2022-10-11 00:00:00+00:00,340.2161961875225,353.0307985458805,339.5296985934136,346.4232482910156,1457200
2022-10-12 00:00:00+00:00,346.03230521877686,347.3099476871698,341.77030596411566,344.40185546875,1179400
2022-10-13 00:00:00+00:00,337.63228525422585,351.24782597447546,332.8268311032684,350.0845947265625,1596600
2022-10-14 00:00:00+00:00,351.23832660416105,355.07125508945813,339.84437949828543,340.5213623046875,1231700
2022-10-17 00:00:00+00:00,344.5735690757423,350.09412391368596,344.17309999804803,345.71771240234375,1077100
2022-10-18 00:00:00+00:00,354.5563472966874,356.5395756373018,348.7306758783492,354.0319519042969,1214800
2022-10-19 00:00:00+00:00,352.782889609904,357.1211540458318,350.3992214368641,354.0414733886719,817800
2022-10-20 00:00:00+00:00,354.52769775248606,356.67299896204315,346.7950926928426,348.5113220214844,788300
2022-10-21 00:00:00+00:00,347.59599499854517,365.7786212188725,346.1753382026156,365.2351379394531,1387500
2022-10-24 00:00:00+00:00,363.9098993005176,369.41139548061506,362.42246345244786,367.93353271484375,1059700
2022-10-25 00:00:00+00:00,366.13144244822615,374.2359144815853,365.3114745387159,373.4064025878906,1402500
2022-10-26 00:00:00+00:00,376.40026949976874,377.3537367844532,370.1550704240907,372.9773254394531,1157500
2022-10-27 00:00:00+00:00,379.4800260635696,386.54522300534956,375.36103990279236,376.22869873046875,2043100
2022-10-28 00:00:00+00:00,375.4753913164443,379.2225397221093,372.01432964172534,378.38348388671875,1712300
2022-10-31 00:00:00+00:00,377.49678077078266,387.12677708379,376.6291220486034,377.40142822265625,1638400
2022-11-01 00:00:00+00:00,379.47997248071385,379.47997248071385,367.7809395831087,370.62225341796875,2269000
2022-11-02 00:00:00+00:00,370.6222419291984,378.841124865013,367.7046345087703,367.9906921386719,1719300
2022-11-03 00:00:00+00:00,363.44267444511974,379.4609432494469,362.56550078507564,375.3133544921875,1627400
2022-11-04 00:00:00+00:00,381.9781490173859,385.19132986894164,375.18946500504507,376.7054748535156,1548500
2022-11-07 00:00:00+00:00,380.0329502292466,380.2522581640758,375.57073064084295,380.214111328125,1186300
2022-11-08 00:00:00+00:00,381.20574915198887,389.748807794558,380.0043710734592,385.7442626953125,1360800
2022-11-09 00:00:00+00:00,381.7206172162719,386.06842552408796,377.9734979281888,378.6123046875,2182800
2022-11-10 00:00:00+00:00,387.4032958984494,389.03371683230773,376.8770087710129,388.6427917480469,2370900
2022-11-11 00:00:00+00:00,387.68932024595995,394.2587238311372,386.29726615192493,387.1363220214844,1519200
2022-11-14 00:00:00+00:00,385.7537997720399,391.3792803000192,383.6084982784079,388.0039978027344,2035700
2022-11-15 00:00:00+00:00,392.59970934104166,393.75339664020214,383.1031539720028,388.0325927734375,1701100
2022-11-16 00:00:00+00:00,388.29952766838267,389.56762627566576,383.3414864557122,387.48907470703125,1101600
2022-11-17 00:00:00+00:00,383.91361229628893,394.3826939918369,382.8838803889874,393.7724609375,1284100
2022-11-18 00:00:00+00:00,395.7843075293595,396.6614812072231,392.142055225475,394.9833984375,1590800
2022-11-21 00:00:00+00:00,394.0203737072652,395.95591122122494,387.59401322104196,392.5425109863281,1326000
2022-11-22 00:00:00+00:00,394.7354869706146,397.4337867960338,392.3041568420478,397.1763610839844,2195200
2022-11-23 00:00:00+00:00,409.5332422341227,427.534708547273,408.9230383255897,417.1609802246094,5080300
2022-11-25 00:00:00+00:00,415.49241013284336,421.8234465950861,412.4222444455531,420.92718505859375,1135500
2022-11-28 00:00:00+00:00,417.0274936366329,422.9962076920432,416.5889068666298,420.67926025390625,1974800
2022-11-29 00:00:00+00:00,423.1392239859653,423.84478041468543,415.9214701765896,420.450439453125,1643100
2022-11-30 00:00:00+00:00,420.67928492026556,421.1369596837414,412.77506222338957,420.47906494140625,2397200
2022-12-01 00:00:00+00:00,419.8402008374122,423.8257158614203,416.064478859546,421.2513427734375,1747400
2022-12-02 00:00:00+00:00,421.65184725998796,426.8673144646666,418.2384180904294,424.8745422363281,1471200
2022-12-05 00:00:00+00:00,420.54585030205953,421.5851262200146,414.75829651442035,416.56036376953125,1467600
2022-12-06 00:00:00+00:00,418.69608098777684,418.8200363867193,413.4806139310041,417.8570251464844,1015900
2022-12-07 00:00:00+00:00,415.9310158889007,421.27995302672264,415.44473829545854,420.14532470703125,1433800
2022-12-08 00:00:00+00:00,422.68156659736275,422.8531837199051,417.2372767171847,422.3192443847656,1200200
2022-12-09 00:00:00+00:00,422.7482774958481,423.85430290214765,414.1670729860321,414.5770568847656,1340400
2022-12-12 00:00:00+00:00,415.82611207412054,417.06563689699556,411.55459762547036,416.71282958984375,1591700
2022-12-13 00:00:00+00:00,418.4195591169049,419.201409235252,412.62249111436734,416.8463439941406,1675500
2022-12-14 00:00:00+00:00,419.201439285137,421.6709161161962,414.15758908864245,418.0382080078125,1767500
2022-12-15 00:00:00+00:00,414.7582977186053,416.4936152809694,406.2438412568889,409.7907409667969,1561900
2022-12-16 00:00:00+00:00,404.9948073018824,412.85136907892326,402.0390526506366,411.0302429199219,3097300
2022-12-19 00:00:00+00:00,411.93599311415,414.41501374921046,409.70488327184887,412.53668212890625,1327700
2022-12-20 00:00:00+00:00,411.9645847737884,416.70331797559516,409.7334749921091,415.1014709472656,985200
2022-12-21 00:00:00+00:00,417.4757058843195,423.8258022444277,415.75944711002455,421.08935546875,1220500
2022-12-22 00:00:00+00:00,419.8497602557728,420.03092135886556,410.3341467416541,415.5782165527344,1223600
2022-12-23 00:00:00+00:00,415.6068342457648,417.50422467384243,413.06106400372477,416.5984191894531,735600
2022-12-27 00:00:00+00:00,417.66625698719815,421.6708304986586,415.4732942674742,415.85467529296875,713800
2022-12-28 00:00:00+00:00,416.6652522839944,417.52336712136906,409.81936336030645,410.16259765625,821700
2022-12-29 00:00:00+00:00,410.87970756420043,412.82065951884465,407.70533387930226,409.8375244140625,835300
2022-12-30 00:00:00+00:00,408.15467206717466,410.88920254396373,406.18503746642114,409.95220947265625,760200
2023-01-03 00:00:00+00:00,409.2255342410183,409.37851925061466,401.7676973913663,405.67828369140625,1166300
2023-01-04 00:00:00+00:00,405.3340821189379,407.65748189675645,401.77726069482077,404.9038391113281,1050800
2023-01-05 00:00:00+00:00,404.0337805187028,404.91340795737676,394.5106594691436,396.5376892089844,1485000
2023-01-06 00:00:00+00:00,397.9431446011003,409.74183946664385,397.7614767327739,407.76263427734375,1042200
2023-01-09 00:00:00+00:00,409.1395219038818,415.230094067355,407.76268587440074,409.41680908203125,1200300
2023-01-10 00:00:00+00:00,408.16421652335333,418.7390603551336,408.16421652335333,418.2418518066406,1079200
2023-01-11 00:00:00+00:00,420.450592326065,420.58446516723757,411.22389987183254,414.4652099609375,1130000
2023-01-12 00:00:00+00:00,415.91851024895595,420.68007059483415,412.38080090401024,416.960693359375,1205500
2023-01-13 00:00:00+00:00,414.85716535870534,420.94773676723713,414.20697179616434,420.3453674316406,985700
2023-01-17 00:00:00+00:00,420.77562711459774,425.61369417497986,418.4809103183851,418.9781188964844,1767700
2023-01-18 00:00:00+00:00,419.8291097063618,423.6823307174093,406.9595470281627,407.3037414550781,1390800
2023-01-19 00:00:00+00:00,403.69912233411395,404.70305191882693,389.98815667842774,390.67657470703125,2241000
2023-01-20 00:00:00+00:00,392.3402323594197,393.3728739731134,388.2575484954352,392.5888366699219,2781500
2023-01-23 00:00:00+00:00,393.40152253920996,395.4285228603513,389.4717948624329,391.3840637207031,1390500
2023-01-24 00:00:00+00:00,390.5809463590978,400.7829143940275,387.24404626478645,398.392578125,1319700
2023-01-25 00:00:00+00:00,395.0461295050777,397.1878615849974,391.2884985034432,395.4955139160156,1002000
2023-01-26 00:00:00+00:00,399.41566072716387,402.82906827142034,393.60237516498614,402.7239074707031,1191100
2023-01-27 00:00:00+00:00,402.72381773278056,404.3205458278312,399.30084026795134,399.8362731933594,1324500
2023-01-30 00:00:00+00:00,400.3621797716096,407.07423295563177,399.6641911343607,402.150146484375,1376100
2023-01-31 00:00:00+00:00,403.30711372926885,404.48316973463267,397.8093400459384,404.29193115234375,1269800
2023-02-01 00:00:00+00:00,403.5269486246858,410.9752141909414,400.14222486078796,408.2597961425781,1112100
2023-02-02 00:00:00+00:00,407.9061192227615,408.0208507007463,384.2417889843483,388.71649169921875,2551300
2023-02-03 00:00:00+00:00,388.66865681770935,395.56237808342246,387.1579772141854,388.2479553222656,2295500
2023-02-06 00:00:00+00:00,387.7125802599339,394.7975411466712,387.25362514757285,392.235107421875,1378100
2023-02-07 00:00:00+00:00,390.29407710088816,395.275529197543,387.02408458610785,391.55615234375,1313100
2023-02-08 00:00:00+00:00,388.2479840879138,393.44935825431276,388.20973053670065,389.8064880371094,1061500
2023-02-09 00:00:00+00:00,393.04773734692463,394.4341439726796,389.2710237721605,390.1124267578125,1262700
2023-02-10 00:00:00+00:00,390.7339273092774,400.084921529094,390.25586006045467,399.46343994140625,1357000
2023-02-13 00:00:00+00:00,400.9836595331969,404.8177679119058,395.97352448709466,397.1112976074219,1428400
2023-02-14 00:00:00+00:00,397.15915110095943,397.15915110095943,386.41220871713705,391.35540771484375,1503000
2023-02-15 00:00:00+00:00,388.8312068393107,395.83965946896706,387.73162888654866,392.0533752441406,1424800
2023-02-16 00:00:00+00:00,387.20577515728206,391.31714168202353,385.1596333978963,385.283935546875,2122500
2023-02-17 00:00:00+00:00,400.620360297723,417.2379827753567,397.2738895076465,414.3026428222656,4888700
2023-02-21 00:00:00+00:00,412.9735842153932,418.67213708763364,406.99774419616693,408.43194580078125,1936300
2023-02-22 00:00:00+00:00,410.5450122137476,412.0843746626385,403.2401310560607,407.7052917480469,1356300
2023-02-23 00:00:00+00:00,411.1187336468919,412.4477454638769,401.863329267052,406.40496826171875,1086900
2023-02-24 00:00:00+00:00,405.01855347780474,405.12371426003267,396.99657154294766,399.1096496582031,1031200
2023-02-27 00:00:00+00:00,400.22835260116324,404.42579722719495,398.44995636706585,403.135009765625,920200
2023-02-28 00:00:00+00:00,403.28804491450126,403.6704929412988,398.8802489752275,400.8498840332031,1465200
2023-03-01 00:00:00+00:00,399.98931020890996,405.2576207331004,398.5264255655369,401.33746337890625,1354000
2023-03-02 00:00:00+00:00,399.4347782068299,404.69351822210825,399.4347782068299,402.85772705078125,959800
2023-03-03 00:00:00+00:00,404.22493873781383,412.7345584294403,403.4982964193738,411.405517578125,1097400
2023-03-06 00:00:00+00:00,411.42463375899047,413.05007396234964,406.9403609457811,407.0359802246094,1007500
2023-03-07 00:00:00+00:00,406.88294421519305,408.20241423248103,399.56852257468734,399.80755615234375,1181500
2023-03-08 00:00:00+00:00,400.4099736680158,407.4279968518953,399.912794271008,405.67828369140625,1365900
2023-03-09 00:00:00+00:00,407.3323993522591,413.9010677189699,402.4178833139323,402.9342041015625,2082000
2023-03-10 00:00:00+00:00,399.9988647313094,401.3565593499628,377.7495967524003,378.56231689453125,2354300
2023-03-13 00:00:00+00:00,371.81202843645553,385.04492677409536,369.29738996458883,380.75189208984375,2000700
2023-03-14 00:00:00+00:00,386.6224861651207,388.51564275306265,379.82438468920753,384.7962951660156,1636600
2023-03-15 00:00:00+00:00,377.3767279853728,379.1073290953541,365.6258268150716,373.3514099121094,1964100
2023-03-16 00:00:00+00:00,370.5977534759776,376.0859563973813,367.80582778093765,373.9537658691406,1621800
2023-03-17 00:00:00+00:00,370.2152840451044,372.8637660625844,364.6601450248451,368.58984375,3124500
2023-03-20 00:00:00+00:00,372.0893135210747,379.27943461124886,370.49255603302566,377.195068359375,1325100
2023-03-21 00:00:00+00:00,383.20914539337605,386.7946496838706,382.2051866846924,384.93017578125,1341700
2023-03-22 00:00:00+00:00,385.934107355188,386.47908179305585,377.49142417258025,377.6444091796875,1202400
2023-03-23 00:00:00+00:00,377.67310304458493,383.1326225159708,371.984091466401,374.6612854003906,1566800
2023-03-24 00:00:00+00:00,370.3874236189918,371.54433830740726,364.7653475387593,369.5460205078125,1361500
2023-03-27 00:00:00+00:00,373.6477965756047,377.70179737893943,369.6224494602189,375.7704162597656,1392700
2023-03-28 00:00:00+00:00,377.1185534508723,379.51843102044336,375.17760173165703,378.00775146484375,982000
2023-03-29 00:00:00+00:00,382.11912967668394,384.0983350044331,379.2124727590409,383.2091369628906,1455000
2023-03-30 00:00:00+00:00,385.856297145224,389.8846372082215,385.5493991349605,387.1990966796875,1267900
2023-03-31 00:00:00+00:00,389.4050853661385,396.65607426927147,389.4050853661385,396.0038757324219,1779200
2023-04-03 00:00:00+00:00,396.16691195833687,402.25736682649506,396.16691195833687,398.0276184082031,1632200
2023-04-04 00:00:00+00:00,396.57938450100295,397.92215489623567,379.55489991201136,381.406005859375,1801600
2023-04-05 00:00:00+00:00,377.2913025208991,378.08739330776365,354.96285558505883,358.5404052734375,3265700
2023-04-06 00:00:00+00:00,356.97698942648367,357.9457157304121,351.13591754368707,354.5408020019531,1848500
2023-04-10 00:00:00+00:00,354.19557111126016,363.1346012268562,353.44745416602325,361.90692138671875,1486500
2023-04-11 00:00:00+00:00,362.39607828779873,370.38561236224365,362.39607828779873,365.26385498046875,1543800
2023-04-12 00:00:00+00:00,367.81519951209515,372.8602113524211,367.1534002680143,368.6784362792969,2166100
2023-04-13 00:00:00+00:00,369.9540224698158,371.53657426159015,363.5662408233793,369.0140686035156,1627000
2023-04-14 00:00:00+00:00,370.86521201283887,373.91522524621126,369.45529581700464,371.92022705078125,1113200
2023-04-17 00:00:00+00:00,373.4068808974058,377.1858390672808,373.0999536022428,375.4210510253906,1116600
2023-04-18 00:00:00+00:00,377.14747900442535,383.27627814574686,375.97734426218915,380.47564697265625,1402000
2023-04-19 00:00:00+00:00,379.0849235678208,380.1879418045319,374.18380411054864,376.71588134765625,860000
2023-04-20 00:00:00+00:00,374.749627895689,376.34178021125365,370.2321536438772,374.4043273925781,1336300
2023-04-21 00:00:00+00:00,373.9727369789914,374.56739028029307,369.551151905752,370.8939514160156,2556900
2023-04-24 00:00:00+00:00,371.4885665211065,376.6102941553064,370.4718956388605,372.17913818359375,1132800
2023-04-25 00:00:00+00:00,369.28260919900583,369.9540089747574,363.17298246641457,363.95947265625,1688400
2023-04-26 00:00:00+00:00,359.67219935773045,362.73181320854945,357.168894899896,359.2981262207031,1416500
2023-04-27 00:00:00+00:00,357.1976792448241,358.7130852823699,350.93458831163775,356.6509704589844,2741600
2023-04-28 00:00:00+00:00,356.6221631682557,362.9523993233722,355.8356729847899,362.5687255859375,1999300
2023-05-01 00:00:00+00:00,364.41984265145874,368.8989435400694,363.92107852548065,366.5011291503906,1184100
2023-05-02 00:00:00+00:00,368.3138947607874,371.06658102592127,358.9432172942289,368.1124572753906,1547800
2023-05-03 00:00:00+00:00,369.51282713886843,374.06867483761454,366.52035922839735,366.5970764160156,1235400
2023-05-04 00:00:00+00:00,366.4819946012799,368.3234998493165,358.0704421302916,358.31982421875,1382900
2023-05-05 00:00:00+00:00,362.6455284330363,367.0862862755934,360.6697313128361,365.5133056640625,1862900
2023-05-08 00:00:00+00:00,370.21298419647434,373.36851649592035,363.36484072364516,364.7076110839844,1106500
2023-05-09 00:00:00+00:00,362.3001609124055,367.0382445829183,360.9861632837767,365.84893798828125,1478700
2023-05-10 00:00:00+00:00,369.9348442420832,370.4719523651266,360.78477563062705,364.8418884277344,1014600
2023-05-11 00:00:00+00:00,360.53538798676215,361.5904322372498,355.039615800008,357.5525207519531,1825100
2023-05-12 00:00:00+00:00,360.74639217077663,362.0699904615231,356.12339877765254,358.6938781738281,1332000
2023-05-15 00:00:00+00:00,359.09671206159516,359.47078519245235,354.74227251087297,355.0779724121094,1466300
2023-05-16 00:00:00+00:00,352.95826880140504,353.7639309025501,347.45289647514966,347.855712890625,2181300
2023-05-17 00:00:00+00:00,350.0809585970156,357.4950124492326,349.2177511284876,353.0254821777344,1843900
2023-05-18 00:00:00+00:00,352.325261692438,355.98912920915245,350.7523106284733,355.3752746582031,2034300
2023-05-19 00:00:00+00:00,374.8455657958037,376.93645309090067,346.6952166893012,348.690185546875,7522100
2023-05-22 00:00:00+00:00,344.98797247908624,350.89619111021443,341.3241047799773,345.7648620605469,2936200
2023-05-23 00:00:00+00:00,342.6764825927286,348.20105685640976,339.96216931551743,345.7456970214844,2111400
2023-05-24 00:00:00+00:00,343.68358504786755,344.0288856066178,338.5714566688383,339.6072998046875,1717000
2023-05-25 00:00:00+00:00,339.20443809277424,342.7819879078394,336.4709236752728,340.37457275390625,1540000
2023-05-26 00:00:00+00:00,342.11057909318555,344.88243739538404,340.7678088462626,342.60931396484375,1412900
2023-05-30 00:00:00+00:00,340.48968470536954,342.4750822861049,332.2795695791602,336.2983093261719,2094800
2023-05-31 00:00:00+00:00,333.9675780808086,335.9050014438059,331.42587157767025,331.83831787109375,3384700
2023-06-01 00:00:00+00:00,334.9554896347592,341.1226610613538,332.6535644637888,338.1589660644531,2116800
2023-06-02 00:00:00+00:00,345.3524774172794,356.9291343091995,343.05058106079974,355.9028625488281,2855600
2023-06-05 00:00:00+00:00,356.0275198749825,356.0275198749825,348.30653937982635,348.7861022949219,1476800
2023-06-06 00:00:00+00:00,347.414536723635,359.15422675302744,347.0116910223422,358.41571044921875,1927600
2023-06-07 00:00:00+00:00,358.69392666292896,368.24681275202477,354.95331211117286,366.2134704589844,1928800
2023-06-08 00:00:00+00:00,366.1654245716589,368.30428551700953,363.07703850667195,365.206298828125,1317100
2023-06-09 00:00:00+00:00,366.1271178112275,367.70006896991754,361.6575878798777,363.3840026855469,1254800
2023-06-12 00:00:00+00:00,363.1921999564553,372.2079771286103,362.53040077568255,371.306396484375,1527000
2023-06-13 00:00:00+00:00,373.8864567723022,384.408068824362,373.2918034111971,381.9622802734375,2141700
2023-06-14 00:00:00+00:00,383.65031695302946,388.56103632679685,382.0293920222872,382.7391357421875,1900100
2023-06-15 00:00:00+00:00,383.85169711032205,391.32329468238765,383.180326666856,389.9037780761719,1471200
2023-06-16 00:00:00+00:00,391.1027377404392,393.19365434105225,388.91593197088076,390.9684753417969,2119900
2023-06-20 00:00:00+00:00,385.41512202456795,392.24409328654684,383.65033400058894,391.3041687011719,1700700
2023-06-21 00:00:00+00:00,390.28746516325765,400.9145656513993,388.4747034363363,399.56219482421875,1868200
2023-06-22 00:00:00+00:00,397.8741417205543,401.2790558639898,395.14065661368176,398.6990051269531,1518000
2023-06-23 00:00:00+00:00,394.277405734746,394.51718717547146,387.553954040538,387.9184265136719,2033400
2023-06-26 00:00:00+00:00,388.39798799440456,398.8524529182911,388.39798799440456,393.4237976074219,1360400
2023-06-27 00:00:00+00:00,393.95134302775534,394.68028804163464,384.2545947151153,392.7716369628906,1404900
2023-06-28 00:00:00+00:00,393.34706879754435,395.9271195477799,388.2924863558462,388.6377868652344,1676100
2023-06-29 00:00:00+00:00,386.4634544793554,390.42727617207635,380.02704471494184,386.4057312011719,1871600
2023-06-30 00:00:00+00:00,390.1001956512156,393.11155410806424,388.031699739946,389.830810546875,1848800
2023-07-03 00:00:00+00:00,386.98297055489786,391.870393771514,384.5681059035967,391.0718688964844,652600
2023-07-05 00:00:00+00:00,390.6100639228097,393.3424066594698,388.46458428261707,389.32086181640625,1398600
2023-07-06 00:00:00+00:00,387.67569099565003,389.38821670809693,384.5969792299882,385.9631652832031,1390700
2023-07-07 00:00:00+00:00,384.28910402277626,392.94794787432534,384.28910402277626,389.9173583984375,1013900
2023-07-10 00:00:00+00:00,387.85849963594666,393.2462013024601,386.6943450251714,391.65875244140625,1005500
2023-07-11 00:00:00+00:00,394.85295789044125,398.78791838693724,394.85295789044125,398.11444091796875,1131200
2023-07-12 00:00:00+00:00,401.1930879974752,402.1744130385268,392.0531975035279,392.2167663574219,1376000
2023-07-13 00:00:00+00:00,392.73631049830476,395.62259196166417,389.7442128077933,394.0255126953125,999400
2023-07-14 00:00:00+00:00,397.51788973788473,399.2208144712453,393.573299479225,398.8936767578125,984200
2023-07-17 00:00:00+00:00,399.2400841987853,407.36978893669885,399.1823609169234,404.65667724609375,1509100
2023-07-18 00:00:00+00:00,405.34937117130397,415.58603404451424,404.7913403193396,415.2012023925781,1575400
2023-07-19 00:00:00+00:00,415.86502367094056,421.2142625750816,415.2685302433291,419.6364440917969,1664800
2023-07-20 00:00:00+00:00,422.14745499529425,423.3308407670688,418.5588350733208,422.9652404785156,1284900
2023-07-21 00:00:00+00:00,422.36875552338813,423.5521119579746,418.8089971658522,420.3675842285156,1195600
2023-07-24 00:00:00+00:00,420.38688621721184,430.05591689984595,419.7134088312255,425.8130798339844,1301700
2023-07-25 00:00:00+00:00,424.3218306633097,432.9421823395434,423.78306051859323,429.4112854003906,1160700
2023-07-26 00:00:00+00:00,426.71745244230556,429.7769036116273,415.1530957935666,416.53851318359375,1759500
2023-07-27 00:00:00+00:00,417.05804237165574,417.5487196173448,408.3703363153387,412.3726501464844,1977000
2023-07-28 00:00:00+00:00,412.50727779666494,413.82534138355277,408.9186579555493,410.9197998046875,1194700
2023-07-31 00:00:00+00:00,413.21924496273493,416.48075670531927,410.74665710228703,413.3154602050781,1169600
2023-08-01 00:00:00+00:00,414.9992065353689,422.1667884203315,413.71000424229777,417.0099792480469,1115800
2023-08-02 00:00:00+00:00,414.3160506541541,418.4722731800753,410.85250741524465,414.210205078125,1077900
2023-08-03 00:00:00+00:00,411.0256611982177,413.03643345660635,405.27233044917733,407.8699951171875,1083400
2023-08-04 00:00:00+00:00,412.2282850464841,413.70028721960216,407.29273971286204,407.9662170410156,961200
2023-08-07 00:00:00+00:00,408.66856134599715,416.41343383432695,408.0624669321168,414.9606628417969,1009400
2023-08-08 00:00:00+00:00,410.8140470190204,414.73937675095414,408.3125973008485,414.14288330078125,1354400
2023-08-09 00:00:00+00:00,416.58658216068426,422.7247448126458,416.08630399447947,419.5594482421875,1361300
2023-08-10 00:00:00+00:00,420.12708007917854,424.7355172351865,417.7026144661372,418.0970764160156,1283900
2023-08-11 00:00:00+00:00,418.7801869940333,420.8198211469739,416.17292102387023,418.5781555175781,1217200
2023-08-14 00:00:00+00:00,419.00148621146076,421.7723210927167,417.7315153307563,421.0507507324219,1058500
2023-08-15 00:00:00+00:00,417.096529817864,418.7032394052479,413.30587784357914,415.316650390625,1576800
2023-08-16 00:00:00+00:00,411.77609309063433,419.22268874313573,407.15805519280394,407.8699951171875,1870300
2023-08-17 00:00:00+00:00,405.7918905812145,409.29392583705334,400.00969789246,403.2712097167969,2149200
2023-08-18 00:00:00+00:00,392.2552437611622,397.2966350943383,380.39264046509163,381.970458984375,4233700
2023-08-21 00:00:00+00:00,381.008324114058,382.9132801479875,370.8774789569352,375.9765930175781,2549100
2023-08-22 00:00:00+00:00,377.8526574001433,378.18939605576304,369.68449156236994,370.60809326171875,1663900
2023-08-23 00:00:00+00:00,370.5697197818759,380.6620753810905,370.5697197818759,379.3343811035156,1582200
2023-08-24 00:00:00+00:00,375.59179937615886,377.23697149489,371.214255124696,371.98394775390625,1379900
2023-08-25 00:00:00+00:00,373.4848210663379,377.1792576970807,371.57986479203527,375.4186096191406,1099900
2023-08-28 00:00:00+00:00,378.0162645567165,380.98913076591555,376.6404775199803,379.7287902832031,1247000
2023-08-29 00:00:00+00:00,379.2574414302183,390.24453774062636,378.3626717552773,388.78216552734375,1875600
2023-08-30 00:00:00+00:00,388.5607865609882,399.8365261501369,388.16632461192495,397.6044616699219,1815500
2023-08-31 00:00:00+00:00,398.3548903245215,401.4720939215394,395.11263920779726,395.36279296875,1515500
2023-09-01 00:00:00+00:00,398.95144965632414,403.50213454731824,398.86483537669403,403.0210876464844,1249700
2023-09-05 00:00:00+00:00,404.9452989729995,407.3024406694847,398.17214999144596,398.7205505371094,1474000
2023-09-06 00:00:00+00:00,396.4981198542708,400.6447420730568,395.07423972170517,398.58587646484375,1002600
2023-09-07 00:00:00+00:00,395.574524245086,399.6826545534102,390.0328540865347,396.1229248046875,1028800
2023-09-08 00:00:00+00:00,395.9015619889923,397.5178723765302,383.9331138779361,384.5103759765625,1837500
2023-09-11 00:00:00+00:00,388.01240917006146,388.68588655939897,382.6247074984498,385.1934814453125,1428200
2023-09-12 00:00:00+00:00,384.269898065209,390.33107741680124,384.1640524768847,387.0118713378906,1127800
2023-09-13 00:00:00+00:00,386.6077405439207,391.47593246387277,384.52961456595676,386.98297119140625,1104200
2023-09-14 00:00:00+00:00,390.8890676401528,396.5269227738804,389.7730353961776,396.0747375488281,1272400
2023-09-15 00:00:00+00:00,396.1805861578079,399.1438219339019,393.47710511950044,396.4884338378906,1986200
2023-09-18 00:00:00+00:00,395.36281681180503,397.9219897673054,392.06284222212247,395.2666015625,969300
2023-09-19 00:00:00+00:00,387.3293388978782,388.6378017317206,383.3077938658713,383.5771789550781,1957300
2023-09-20 00:00:00+00:00,386.50196031269803,393.6406800046149,384.4045734739805,387.0791931152344,1289700
2023-09-21 00:00:00+00:00,383.9043091624968,384.55852593624803,371.4067194017992,372.9460754394531,2209100
2023-09-22 00:00:00+00:00,367.2600636108667,369.0206822826886,363.2577500237842,366.4326477050781,2410500
2023-09-25 00:00:00+00:00,364.6720668518567,370.6081695575442,364.01782070939396,369.81927490234375,1383600
2023-09-26 00:00:00+00:00,363.67137625971526,367.3946737475088,362.9401757373987,365.2395935058594,1270400
2023-09-27 00:00:00+00:00,367.29852491820185,371.7145317621206,365.8553842753223,369.79034423828125,1403900
2023-09-28 00:00:00+00:00,370.7461437777434,375.689420980499,369.7806590283222,371.4509582519531,1309200
2023-09-29 00:00:00+00:00,370.48554097882794,373.6233669859371,362.75199729889664,364.3547058105469,2124300
2023-10-02 00:00:00+00:00,366.10220906197947,367.49250962755127,357.76040566854846,360.9368591308594,1989800
2023-10-03 00:00:00+00:00,359.55625794464527,360.94655864594694,357.7121781329985,359.9134826660156,1212200
2023-10-04 00:00:00+00:00,359.5271973334628,365.51318479546245,357.38382012069485,363.98773193359375,1219000
2023-10-05 00:00:00+00:00,362.7423215516984,365.7739582640182,360.31897450160545,362.7230224609375,997200
2023-10-06 00:00:00+00:00,360.5506613115634,368.6993557251933,359.4693230041306,365.4746398925781,1203400
2023-10-09 00:00:00+00:00,365.3684019717078,370.64960495104947,364.4994715536463,369.7227478027344,831200
2023-10-10 00:00:00+00:00,372.9667579960852,378.42177056378165,372.80264208379145,377.3500671386719,1317400
2023-10-11 00:00:00+00:00,377.87150205708303,378.9431762019639,374.009562281491,375.92120361328125,942500
2023-10-12 00:00:00+00:00,376.34597610833055,377.5045696936052,364.8180848454567,369.0855407714844,1375200
2023-10-13 00:00:00+00:00,369.7807154979445,372.50338997851645,365.6870689638153,367.521484375,1074200
2023-10-16 00:00:00+00:00,371.6634287166539,379.0300538463553,370.8041330019978,377.06048583984375,1202600
2023-10-17 00:00:00+00:00,375.4770448600223,381.66580616206386,374.627413494513,377.62042236328125,899800
2023-10-18 00:00:00+00:00,374.9557209908033,376.91568372474245,364.9822744228648,369.0373229980469,1495000
2023-10-19 00:00:00+00:00,368.4676394548055,373.03436377901755,367.1256014172345,368.2069396972656,1348000
2023-10-20 00:00:00+00:00,367.26085209299924,369.21112117949264,361.8830935891451,362.2016906738281,1468100
2023-10-23 00:00:00+00:00,360.3285783953804,367.0966363552901,358.65830852793636,360.3865051269531,1308100
2023-10-24 00:00:00+00:00,362.71333684371257,364.7987876293616,358.7645073922726,360.6761779785156,899100
2023-10-25 00:00:00+00:00,359.39211391985697,363.01268253837344,358.24318445444004,359.0735168457031,773900
2023-10-26 00:00:00+00:00,358.19487794579396,361.86370857570756,356.7176873096552,356.7852783203125,1124900
2023-10-27 00:00:00+00:00,356.2639068770643,357.1232025297206,346.41594969801093,348.6848449707031,1436400
2023-10-30 00:00:00+00:00,352.62404248962326,356.59217108159527,349.1869187796237,355.1053161621094,1277500
2023-10-31 00:00:00+00:00,349.5055271766495,353.2709123224409,346.9856257782484,352.7495422363281,1233200
2023-11-01 00:00:00+00:00,352.2861398916577,359.51761246396705,348.8876141395941,357.6831970214844,1073000
2023-11-02 00:00:00+00:00,362.53954679811324,365.3491111359081,359.06379558309595,360.66650390625,1259300
2023-11-03 00:00:00+00:00,366.4014800465988,371.3544217638815,364.451211366,369.00830078125,1173200
2023-11-06 00:00:00+00:00,370.0510286850078,371.2771838259614,362.22096076723426,365.19464111328125,925900
2023-11-07 00:00:00+00:00,354.23640485008934,359.65279047477,350.48068390061366,356.4956359863281,1711400
2023-11-08 00:00:00+00:00,358.001729856974,360.1837347982448,356.4086859285997,356.62109375,1178000
2023-11-09 00:00:00+00:00,360.7341221261281,361.2554922137743,355.07636538129003,356.8625183105469,1094900
2023-11-10 00:00:00+00:00,359.4983156103335,361.6030656630792,356.28323432893393,361.0816955566406,1311800
2023-11-13 00:00:00+00:00,359.9906292963731,360.7340714100765,354.45842054284776,356.9976501464844,1418100
2023-11-14 00:00:00+00:00,360.79206374731694,365.3684528602968,357.8087188667056,362.0182189941406,2115800
2023-11-15 00:00:00+00:00,363.9491633211847,368.82487952593533,360.56033150996154,367.7242126464844,1515500
2023-11-16 00:00:00+00:00,368.21660123523225,369.6841275380365,362.4429914692675,365.4939270019531,1736200
2023-11-17 00:00:00+00:00,369.20142313854456,372.01098775815063,366.32429696817803,370.8910217285156,1342600
2023-11-20 00:00:00+00:00,369.30762976670474,371.5475322887306,366.3435841225964,367.2028503417969,2197300
2023-11-21 00:00:00+00:00,366.88425052886373,370.2634475732085,366.00565576162285,369.4427795410156,2163100
2023-11-22 00:00:00+00:00,348.52069510430834,360.4540724523654,343.3843091711079,357.963134765625,6304700
2023-11-24 00:00:00+00:00,357.7314999251759,358.57149664472286,354.17852211384303,357.41290283203125,1275300
2023-11-27 00:00:00+00:00,355.6460087993033,356.2735975648496,349.30279530678536,349.7082824707031,2322200
2023-11-28 00:00:00+00:00,349.5055121434145,351.29166499059033,346.3773506898098,347.5938415527344,1904600
2023-11-29 00:00:00+00:00,350.2200073286837,355.6460281262717,347.23666231783324,351.37860107421875,2263500
2023-11-30 00:00:00+00:00,352.0447442705677,354.4681206636873,348.91658279667513,351.83233642578125,1950200
2023-12-01 00:00:00+00:00,352.31505953411425,358.1079682951524,351.0213134465267,356.0804443359375,1764900
2023-12-04 00:00:00+00:00,352.86541451733416,357.5866201248918,351.46544969543197,356.1963195800781,1405900
2023-12-05 00:00:00+00:00,355.0860674453313,355.2405485790086,348.3180082558948,348.6752624511719,1572700
2023-12-06 00:00:00+00:00,350.49032947509136,357.1135714313047,349.98828791748883,352.9233703613281,3218300
2023-12-07 00:00:00+00:00,352.41163726618373,352.739898582024,347.74832890445293,348.75244140625,2753800
2023-12-08 00:00:00+00:00,349.31240797946856,351.6006318307274,348.4145141377299,351.1178894042969,2060500
2023-12-11 00:00:00+00:00,351.90960044295923,353.29990112986235,348.48214065182015,348.56903076171875,2057900
2023-12-12 00:00:00+00:00,348.491749630895,348.89723674607893,343.32640006863835,346.985595703125,1832000
2023-12-13 00:00:00+00:00,346.9469712957409,364.76981258335087,346.14560240592925,363.9974365234375,3406900
2023-12-14 00:00:00+00:00,368.08146764039424,381.6851468554477,367.01945778200667,375.013671875,3576000
2023-12-15 00:00:00+00:00,372.6095689518654,374.43434949971635,369.2497004600916,372.7447509765625,3891400
2023-12-18 00:00:00+00:00,373.4784507121881,376.19148995106923,369.481359191783,369.5489501953125,1404400
2023-12-19 00:00:00+00:00,371.62478200012714,380.5748160693209,370.0703360499217,380.3431091308594,2078500
2023-12-20 00:00:00+00:00,380.5554853455767,381.7913046884105,373.56538494994726,373.8936462402344,1592100
2023-12-21 00:00:00+00:00,377.446666611408,379.8700431225882,375.6701779431292,379.7638244628906,923300
2023-12-22 00:00:00+00:00,379.7251926171574,384.0312764086859,379.53211331915486,383.12371826171875,1077300
2023-12-26 00:00:00+00:00,383.1526783351976,389.41866574209064,383.0174963099238,387.42010498046875,966100
2023-12-27 00:00:00+00:00,386.3097575397828,388.65587843566453,385.51805296499145,387.7773132324219,823500
2023-12-28 00:00:00+00:00,388.4362949148715,388.6397832559775,386.02338629463304,386.8955383300781,1125200
2023-12-29 00:00:00+00:00,387.10872638165085,388.33938577906946,385.44199096658633,387.48663330078125,1104300
2024-01-02 00:00:00+00:00,386.7598406488484,393.9888072295897,385.67453011980876,388.4944152832031,1414600
2024-01-03 00:00:00+00:00,384.33730173199007,385.2869633294639,381.0813698077889,381.1685791015625,1397600
2024-01-04 00:00:00+00:00,382.29268464586653,386.2075512088242,379.9573148271349,380.23834228515625,1332100
2024-01-05 00:00:00+00:00,378.3389801122086,384.928412380782,376.0423800755095,383.6977233886719,1100300
2024-01-08 00:00:00+00:00,381.34297971451383,386.00401904341743,378.43588510243285,385.6551818847656,1233300
2024-01-09 00:00:00+00:00,383.45551244285235,384.56022273738273,377.93204968769913,381.0426330566406,1012400
2024-01-10 00:00:00+00:00,380.96506952307277,381.96317081508806,378.5521609064569,381.51739501953125,1003900
2024-01-11 00:00:00+00:00,382.6124500193706,383.62995098707836,377.86420088756415,378.1355285644531,1190600
2024-01-12 00:00:00+00:00,379.8894798998499,383.009763023128,373.80396226735394,374.5404357910156,1221800
2024-01-16 00:00:00+00:00,373.80389696439,377.29241624006005,372.1080918582651,373.4162902832031,1292900
2024-01-17 00:00:00+00:00,369.3948274274057,370.18941079908456,365.7996991943118,366.885009765625,1466300
2024-01-18 00:00:00+00:00,367.3598888276331,369.93751645586053,364.5690730625599,369.5789794921875,1125900
2024-01-19 00:00:00+00:00,370.76112797372247,372.4763326549039,365.64464283726363,370.86773681640625,1223100
2024-01-22 00:00:00+00:00,370.1312823810079,375.1411885040145,369.7727454392784,372.6798400878906,1113600
2024-01-23 00:00:00+00:00,375.18960986232867,377.80600674683365,372.70889158290663,375.4609375,955000
2024-01-24 00:00:00+00:00,377.864209058453,380.99419197622865,374.4338286909295,376.381591796875,1447800
2024-01-25 00:00:00+00:00,380.96505963765287,382.7674440401076,376.5656483296529,380.8390808105469,1103500
2024-01-26 00:00:00+00:00,381.5852854305187,384.43424087327395,380.8972812330504,381.43023681640625,884900
2024-01-29 00:00:00+00:00,381.7500328017775,385.85871756100335,380.5678129982739,385.364501953125,969400
2024-01-30 00:00:00+00:00,382.9031197084434,386.4206791997203,382.1957160699251,384.6376647949219,1098300
2024-01-31 00:00:00+00:00,385.01561650650257,385.67455085277163,380.58713529504035,381.39141845703125,1342400
2024-02-01 00:00:00+00:00,382.8449805718751,384.8993523460456,377.45716739569406,381.48834228515625,1485600
2024-02-02 00:00:00+00:00,378.1548427453657,382.84495165230766,374.6566532284141,380.4417724609375,1666900
2024-02-05 00:00:00+00:00,379.8604070017062,381.4496331033497,371.2941707598575,374.0752868652344,2164000
2024-02-06 00:00:00+00:00,377.1567817083027,381.9631997486407,376.119940368782,376.85638427734375,1740600
2024-02-07 00:00:00+00:00,378.338984153359,379.69562242027786,373.67794472442944,373.99774169921875,1671500
2024-02-08 00:00:00+00:00,373.92987800965125,375.56754360194583,372.3697219250565,373.88140869140625,1142000
2024-02-09 00:00:00+00:00,372.27287131770356,373.72641867293356,368.6680726938333,369.4820556640625,1426300
2024-02-12 00:00:00+00:00,372.42791057495333,379.3855801016837,372.42791057495333,377.33123779296875,1698100
2024-02-13 00:00:00+00:00,372.7185599233408,373.46470347087813,363.880998101762,367.5245361328125,1765200
2024-02-14 00:00:00+00:00,371.13907768832553,373.6197960506776,365.45086731279565,372.86395263671875,2409000
2024-02-15 00:00:00+00:00,355.7315048902868,360.4797537973111,349.5975183255566,353.3670654296875,4933800
2024-02-16 00:00:00+00:00,349.810651287903,352.7274453957191,347.16521437383045,349.51025390625,2274300
2024-02-20 00:00:00+00:00,348.36684215398185,349.51999206404645,344.08370969195676,346.3125,1973600
2024-02-21 00:00:00+00:00,345.546946867348,347.49470968968797,343.482904993972,346.22528076171875,1364300
2024-02-22 00:00:00+00:00,343.16312108886865,347.0489467681247,342.2134595969512,345.7310485839844,2197900
2024-02-23 00:00:00+00:00,346.893941464275,354.14227887767197,346.3318865778634,353.3670654296875,1704300
2024-02-26 00:00:00+00:00,352.74685777777313,355.0047178728681,350.4211879485844,351.9619445800781,1592500
2024-02-27 00:00:00+00:00,351.8844762125233,352.8341083258373,347.1458971358857,349.490966796875,1559700
2024-02-28 00:00:00+00:00,350.2176586156578,354.01624532520503,349.9463309935473,353.5123596191406,1675600
2024-02-29 00:00:00+00:00,355.02403212006055,356.4582092496045,351.61305221093244,353.7449035644531,2491200
2024-03-01 00:00:00+00:00,353.70623625613086,357.3982443121854,350.1401774680603,356.4582824707031,1967100
2024-03-04 00:00:00+00:00,357.1850666218004,358.52233500987353,351.69064423873874,353.134521484375,1335000
2024-03-05 00:00:00+00:00,352.6693186990069,358.24124970113894,352.3107817835122,355.3729248046875,1710000
2024-03-06 00:00:00+00:00,354.7043369135667,356.4388821940204,353.0763413423481,355.27606201171875,1068700
2024-03-07 00:00:00+00:00,356.0415865698143,364.539982651991,355.8865379724803,363.6969299316406,1844600
2024-03-08 00:00:00+00:00,364.49157280278337,365.0051583856149,360.6735858011685,362.5147399902344,1064700
2024-03-11 00:00:00+00:00,361.8363760684363,363.7938387323955,359.14246953330576,363.4352722167969,855700
2024-03-12 00:00:00+00:00,364.50116812578244,366.13883361567616,361.061118362747,361.10955810546875,1140800
2024-03-13 00:00:00+00:00,361.7781812060129,368.7358195967459,361.22582620774654,367.1175537109375,1250700
2024-03-14 00:00:00+00:00,368.71652290479693,370.60614634920813,365.276472562148,368.45489501953125,1436300
2024-03-15 00:00:00+00:00,366.2939344375561,372.08875388772,366.2939344375561,371.51702880859375,3448500
2024-03-18 00:00:00+00:00,371.13904217684404,375.39310440076935,369.6757952366567,373.37750244140625,1145200
2024-03-19 00:00:00+00:00,373.590739652707,380.18014249359686,373.5713696674237,379.38555908203125,1490600
2024-03-20 00:00:00+00:00,378.66841029203636,383.0484513865624,378.49399172787196,381.8468322753906,1763400
2024-03-21 00:00:00+00:00,381.6821763023324,386.9827804061522,379.8603921390455,385.32574462890625,1411800
2024-03-22 00:00:00+00:00,386.1299666438494,388.3102874265611,385.51947209309117,386.50787353515625,1514600
2024-03-25 00:00:00+00:00,386.4497569027633,389.1921326547117,384.7442815432336,385.70361328125,1106300
2024-03-26 00:00:00+00:00,385.98464771599635,387.60291381716087,383.97874534323967,386.1784362792969,1053200
2024-03-27 00:00:00+00:00,387.102417000455,398.2097406186802,386.39239434406176,397.9374084472656,1543800
2024-03-28 00:00:00+00:00,397.3927910383788,402.00302682599323,397.3927910383788,399.49365234375,1426700
2024-04-01 00:00:00+00:00,398.9392024821449,400.6412859633566,392.62688413093286,393.0743103027344,1319500
2024-04-02 00:00:00+00:00,393.91076002970783,398.48208195716603,391.2263216483084,392.9381408691406,1164500
2024-04-03 00:00:00+00:00,393.1618948579151,397.4608553728864,392.24763037732254,394.91259765625,1077300
2024-04-04 00:00:00+00:00,399.42553378393035,402.58654613533787,394.2220152075246,395.9629821777344,1218600
2024-04-05 00:00:00+00:00,397.4607906534531,401.8375766185927,394.89309165520046,401.2442932128906,994400
2024-04-08 00:00:00+00:00,401.69171956132556,403.44242220478077,398.4334393863567,399.5033264160156,1269800
2024-04-09 00:00:00+00:00,402.15861740251097,402.5671008648148,398.2486690285567,400.21337890625,1114500
2024-04-10 00:00:00+00:00,395.7490488268042,401.41940582153325,393.3272067843155,400.68994140625,1407700
2024-04-11 00:00:00+00:00,401.43883443965694,402.722698892397,395.77821331981596,401.5361022949219,1472900
2024-04-12 00:00:00+00:00,399.98965287223757,401.19569120272416,385.94502900837773,386.3924255371094,1886000
2024-04-15 00:00:00+00:00,391.2749826523201,393.1521305672455,381.8211229286664,383.0174255371094,1353300
2024-04-16 00:00:00+00:00,381.51962006658306,384.87513852533004,376.053504866192,382.24908447265625,1865400
2024-04-17 00:00:00+00:00,385.15712154220495,386.73275956303416,381.6459812219592,386.0130310058594,1442200
2024-04-18 00:00:00+00:00,387.5693385118699,391.2652798757257,385.85751909350233,389.63128662109375,1562900
2024-04-19 00:00:00+00:00,389.99111376689126,391.9460878168002,387.84163369018387,389.3589172363281,1125200
2024-04-22 00:00:00+00:00,387.9291645703794,391.8585543552751,381.4417816015982,388.6683349609375,1005500
2024-04-23 00:00:00+00:00,389.8938658703624,394.51380721155164,385.85750200340425,386.3340759277344,1278300
2024-04-24 00:00:00+00:00,386.66476971099,386.86904112385616,381.62660913600183,383.81500244140625,986600
2024-04-25 00:00:00+00:00,375.20727324459597,384.0970263910865,373.6219289864751,383.2702941894531,1316900
2024-04-26 00:00:00+00:00,381.8697514027551,385.10859001026415,380.39138088162935,382.560302734375,998300
2024-04-29 00:00:00+00:00,384.51529923813604,391.5667889566057,384.51529923813604,389.9814147949219,847100
2024-04-30 00:00:00+00:00,386.888419414039,387.47199680289793,379.44788933152967,380.6928405761719,1016600
2024-05-01 00:00:00+00:00,378.3099387530574,380.51780323449884,373.2620429569074,376.8899230957031,2017800
2024-05-02 00:00:00+00:00,377.9792648405811,387.4623019423761,375.1489394360537,385.1182861328125,1790100
2024-05-03 00:00:00+00:00,388.69757991483294,390.3510148672144,384.03872529332966,389.9814147949219,1627000
2024-05-06 00:00:00+00:00,393.91079114300646,395.85602961778676,388.25987574832845,390.8373107910156,1042800
2024-05-06 13:30:00+00:00,405.0,407.0,403.0700988769531,403.5199890136719,171856
2024-05-06 14:30:00+00:00,403.5199890136719,403.614990234375,400.79998779296875,400.94000244140625,102983
2024-05-06 15:30:00+00:00,400.95001220703125,401.1199951171875,399.5799865722656,400.375,88263
2024-05-06 16:30:00+00:00,400.3800048828125,400.3800048828125,399.19439697265625,400.17999267578125,75721
2024-05-06 17:30:00+00:00,400.0726013183594,401.54998779296875,399.760009765625,401.3299865722656,123119
2024-05-06 18:30:00+00:00,401.4599914550781,401.95001220703125,400.17559814453125,400.5400085449219,113652
2024-05-06 19:30:00+00:00,400.5299987792969,401.989990234375,400.375,401.75,166959
2024-05-07 13:30:00+00:00,403.6600036621094,406.57000732421875,402.739990234375,406.2799987792969,109172
2024-05-07 14:30:00+00:00,406.2799987792969,406.4800109863281,404.75,405.4800109863281,101599
2024-05-07 15:30:00+00:00,405.375,405.94000244140625,404.2799987792969,405.69000244140625,82697
2024-05-07 16:30:00+00:00,405.8599853515625,405.8599853515625,404.3500061035156,405.4599914550781,77184
2024-05-07 17:30:00+00:00,405.2850036621094,405.3500061035156,404.002685546875,404.635009765625,81593
2024-05-07 18:30:00+00:00,404.5400085449219,405.4700012207031,403.94000244140625,405.3399963378906,92485
2024-05-07 19:30:00+00:00,405.1700134277344,406.1700134277344,404.92999267578125,405.55999755859375,154359
2024-05-08 13:30:00+00:00,404.2200012207031,406.95989990234375,401.4599914550781,405.57501220703125,130407
2024-05-08 14:30:00+00:00,405.55999755859375,406.4100036621094,405.0249938964844,406.2699890136719,56285
2024-05-08 15:30:00+00:00,406.2349853515625,406.7200012207031,405.2799987792969,405.4100036621094,51022
2024-05-08 16:30:00+00:00,405.30999755859375,405.474609375,404.2099914550781,404.30999755859375,52322
2024-05-08 17:30:00+00:00,404.30999755859375,405.69000244140625,403.8500061035156,405.6700134277344,66894
2024-05-08 18:30:00+00:00,405.7099914550781,406.2200012207031,405.010009765625,405.9473876953125,72810
2024-05-08 19:30:00+00:00,405.94000244140625,406.489990234375,405.2300109863281,405.32000732421875,108922
2024-05-09 13:30:00+00:00,405.4200134277344,409.80999755859375,405.4200134277344,409.3800048828125,145557
2024-05-09 14:30:00+00:00,409.67999267578125,410.2200012207031,408.4100036621094,409.25,125295
2024-05-09 15:30:00+00:00,409.2049865722656,409.30999755859375,408.3599853515625,408.4750061035156,81263
2024-05-09 16:30:00+00:00,408.55999755859375,409.9100036621094,408.55999755859375,409.6600036621094,68985
2024-05-09 17:30:00+00:00,409.6199951171875,409.760009765625,409.1700134277344,409.57000732421875,66280
2024-05-09 18:30:00+00:00,409.5400085449219,410.489990234375,409.4100036621094,410.0,101212
2024-05-09 19:30:00+00:00,409.9100036621094,410.42999267578125,408.79998779296875,409.0299987792969,236101
2024-05-10 13:30:00+00:00,410.5,411.69000244140625,407.0,407.6650085449219,387296
2024-05-10 14:30:00+00:00,407.5199890136719,407.8299865722656,406.4700012207031,407.1099853515625,148545
2024-05-10 15:30:00+00:00,407.05999755859375,407.82000732421875,405.6700134277344,407.6300048828125,161950
2024-05-10 16:30:00+00:00,407.7900085449219,408.42999267578125,407.20001220703125,407.9230041503906,63459
2024-05-10 17:30:00+00:00,407.8699951171875,408.8800048828125,407.17999267578125,408.739990234375,126453
2024-05-10 18:30:00+00:00,408.739990234375,409.54998779296875,408.25,409.32501220703125,110102
2024-05-10 19:30:00+00:00,409.32501220703125,409.32501220703125,407.80999755859375,407.8399963378906,267967
2024-05-13 13:30:00+00:00,409.0,416.56500244140625,407.9150085449219,414.75,285409
2024-05-13 14:30:00+00:00,414.760009765625,414.8900146484375,411.40008544921875,412.9100036621094,139529
2024-05-13 15:30:00+00:00,412.25,412.25,410.1300048828125,410.3299865722656,167723
2024-05-13 16:30:00+00:00,410.1499938964844,410.29998779296875,408.3949890136719,409.2699890136719,157154
2024-05-13 17:30:00+00:00,409.1400146484375,409.9200134277344,408.3999938964844,408.6300048828125,131375
2024-05-13 18:30:00+00:00,408.6700134277344,410.07000732421875,408.2200012207031,409.3399963378906,154544
2024-05-13 19:30:00+00:00,409.3399963378906,409.4599914550781,407.55999755859375,407.9599914550781,198791
2024-05-14 13:30:00+00:00,410.0,417.4649963378906,410.0,415.42498779296875,541322
2024-05-14 14:30:00+00:00,415.43499755859375,416.0,414.05499267578125,415.5249938964844,183887
2024-05-14 15:30:00+00:00,415.3500061035156,416.0,413.9100036621094,413.9100036621094,101559
2024-05-14 16:30:00+00:00,414.07080078125,414.4200134277344,412.94000244140625,413.19000244140625,98954
2024-05-14 17:30:00+00:00,413.1600036621094,413.2799987792969,411.0,411.7799987792969,143863
2024-05-14 18:30:00+00:00,411.7799987792969,413.0199890136719,411.70001220703125,413.0,158731
2024-05-14 19:30:00+00:00,412.9100036621094,413.864990234375,412.4700012207031,412.8399963378906,228969
2024-05-15 13:30:00+00:00,414.67999267578125,416.5299987792969,412.5899963378906,412.5899963378906,225516
2024-05-15 14:30:00+00:00,412.6099853515625,415.4100036621094,412.2550048828125,415.1099853515625,192553
2024-05-15 15:30:00+00:00,415.1549987792969,416.3299865722656,414.9599914550781,415.5899963378906,181612
2024-05-15 16:30:00+00:00,415.5799865722656,416.1499938964844,415.010009765625,415.2130126953125,158576
2024-05-15 17:30:00+00:00,415.20001220703125,415.7803955078125,414.3599853515625,414.6099853515625,167465
2024-05-15 18:30:00+00:00,414.6099853515625,415.25,413.82000732421875,414.55999755859375,227831
2024-05-15 19:30:00+00:00,414.635009765625,415.33990478515625,413.80999755859375,414.2300109863281,405153
2024-05-16 13:30:00+00:00,406.8900146484375,410.0,398.1099853515625,402.67999267578125,1314032
2024-05-16 14:30:00+00:00,402.6700134277344,405.7799987792969,399.69061279296875,402.05999755859375,462154
2024-05-16 15:30:00+00:00,401.8399963378906,402.8599853515625,398.25,398.7900085449219,324838
2024-05-16 16:30:00+00:00,398.8800048828125,400.2900085449219,397.2886962890625,397.760009765625,257344
2024-05-16 17:30:00+00:00,397.8399963378906,398.7300109863281,396.55999755859375,396.9949951171875,182019
2024-05-16 18:30:00+00:00,396.9949951171875,397.7699890136719,394.6000061035156,394.9949951171875,308382
2024-05-16 19:30:00+00:00,394.9100036621094,395.9200134277344,394.17999267578125,394.3399963378906,473321
2024-05-17 13:30:00+00:00,394.4700012207031,394.989990234375,391.5400085449219,394.035400390625,290973
2024-05-17 14:30:00+00:00,393.9200134277344,394.1000061035156,392.0799865722656,392.25,148905
2024-05-17 15:30:00+00:00,392.29998779296875,393.3500061035156,391.5799865722656,393.010009765625,150404
2024-05-17 16:30:00+00:00,393.010009765625,394.6700134277344,392.17999267578125,394.4150085449219,130447
2024-05-17 17:30:00+00:00,394.42999267578125,396.1449890136719,394.2401123046875,395.1408996582031,195665
2024-05-17 18:30:00+00:00,395.239990234375,396.2200012207031,395.1400146484375,396.0150146484375,213809
2024-05-17 19:30:00+00:00,396.0150146484375,397.5899963378906,396.0150146484375,397.2799987792969,270291
2024-05-20 13:30:00+00:00,395.75,396.82501220703125,392.989990234375,395.2699890136719,161591
2024-05-20 14:30:00+00:00,395.0481872558594,396.3299865722656,394.42999267578125,394.6000061035156,136403
2024-05-20 15:30:00+00:00,394.69000244140625,395.0,393.2699890136719,393.7699890136719,93809
2024-05-20 16:30:00+00:00,393.80999755859375,394.1099853515625,392.67999267578125,393.0899963378906,135352
2024-05-20 17:30:00+00:00,393.0799865722656,393.4700012207031,392.0,392.7900085449219,154920
2024-05-20 18:30:00+00:00,392.7900085449219,393.0,392.2200012207031,392.58099365234375,110120
2024-05-20 19:30:00+00:00,392.69000244140625,392.7349853515625,390.94000244140625,391.5799865722656,239177
2024-05-21 13:30:00+00:00,390.92999267578125,391.17999267578125,388.67999267578125,389.0805969238281,198207
2024-05-21 14:30:00+00:00,389.0950012207031,389.2300109863281,387.0,387.69000244140625,144946
2024-05-21 15:30:00+00:00,387.70001220703125,387.7699890136719,385.6499938964844,385.8900146484375,128666
2024-05-21 16:30:00+00:00,385.8999938964844,386.57000732421875,385.6730041503906,385.9800109863281,114041
2024-05-21 17:30:00+00:00,385.9049987792969,386.8800048828125,385.8299865722656,386.0899963378906,102966
2024-05-21 18:30:00+00:00,386.0899963378906,386.239990234375,385.2200012207031,385.7699890136719,172621
2024-05-21 19:30:00+00:00,385.75,387.0799865722656,385.7099914550781,386.75,257581
2024-05-22 13:30:00+00:00,386.0,388.1400146484375,384.95001220703125,387.2427062988281,195458
2024-05-22 14:30:00+00:00,387.1499938964844,388.04998779296875,386.70001220703125,387.2200012207031,147646
2024-05-22 15:30:00+00:00,387.2200012207031,387.9284973144531,386.8399963378906,387.80999755859375,85510
2024-05-22 16:30:00+00:00,387.8349914550781,388.55999755859375,387.28009033203125,387.4200134277344,125236
2024-05-22 17:30:00+00:00,387.2950134277344,387.7099914550781,385.0,385.0899963378906,82807
2024-05-22 18:30:00+00:00,385.1099853515625,385.7699890136719,384.25,385.3349914550781,127126
2024-05-22 19:30:00+00:00,385.3399963378906,386.260009765625,384.8699951171875,385.9100036621094,241537
2024-05-23 13:30:00+00:00,387.1300048828125,387.57000732421875,379.0,380.6700134277344,479073
2024-05-23 14:30:00+00:00,380.7200012207031,382.1600036621094,380.05999755859375,382.0299987792969,187391
2024-05-23 15:30:00+00:00,382.0,383.07000732421875,381.6400146484375,383.0631103515625,117240
2024-05-23 16:30:00+00:00,383.1099853515625,383.1700134277344,380.1499938964844,381.614990234375,175167
2024-05-23 17:30:00+00:00,381.6400146484375,381.6600036621094,379.1409912109375,379.2099914550781,151799
2024-05-23 18:30:00+00:00,379.0799865722656,380.6700134277344,378.9100036621094,380.6050109863281,144963
2024-05-23 19:30:00+00:00,380.5199890136719,380.55999755859375,378.7200012207031,379.2699890136719,221615
2024-05-24 13:30:00+00:00,380.7200012207031,381.3599853515625,375.42999267578125,376.3699951171875,237155
2024-05-24 14:30:00+00:00,376.3699951171875,376.375,373.7300109863281,374.6499938964844,272734
2024-05-24 15:30:00+00:00,374.6199951171875,376.3299865722656,374.2200012207031,375.7699890136719,264448
2024-05-24 16:30:00+00:00,375.7200012207031,376.489990234375,375.1099853515625,375.3500061035156,164754
2024-05-24 17:30:00+00:00,375.3500061035156,375.44000244140625,374.17010498046875,374.2699890136719,105908
2024-05-24 18:30:00+00:00,374.1600036621094,375.3788146972656,374.1059875488281,375.31500244140625,121591
2024-05-24 19:30:00+00:00,375.31500244140625,375.3500061035156,374.1099853515625,374.9599914550781,214873
2024-05-28 13:30:00+00:00,375.0,375.0,370.79998779296875,370.79998779296875,250824
2024-05-28 14:30:00+00:00,370.989990234375,371.239990234375,369.6499938964844,370.1600036621094,169190
2024-05-28 15:30:00+00:00,370.2300109863281,371.2099914550781,369.2250061035156,369.29669189453125,129091
2024-05-28 16:30:00+00:00,369.3299865722656,369.6506042480469,368.2449951171875,368.2449951171875,147176
2024-05-28 17:30:00+00:00,368.25,368.989501953125,367.1300048828125,367.5899963378906,147662
2024-05-28 18:30:00+00:00,367.5899963378906,368.1549987792969,366.9800109863281,367.3699951171875,180630
2024-05-28 19:30:00+00:00,367.3731994628906,369.3599853515625,367.32000732421875,369.2799987792969,268243
2024-05-29 13:30:00+00:00,364.989990234375,367.8500061035156,363.79998779296875,364.0799865722656,338257
2024-05-29 14:30:00+00:00,364.0899963378906,364.5899963378906,362.82000732421875,363.19000244140625,228885
2024-05-29 15:30:00+00:00,363.29998779296875,365.3599853515625,362.67999267578125,365.1549987792969,190027
2024-05-29 16:30:00+00:00,365.0675048828125,365.5899963378906,364.70001220703125,365.42999267578125,168893
2024-05-29 17:30:00+00:00,365.4200134277344,365.5299072265625,364.80999755859375,365.0,144062
2024-05-29 18:30:00+00:00,365.0199890136719,365.1767883300781,364.5199890136719,364.8301086425781,158220
2024-05-29 19:30:00+00:00,364.9100036621094,365.0799865722656,364.3699951171875,364.989990234375,249893
2024-05-30 13:30:00+00:00,365.3399963378906,367.9700012207031,364.95001220703125,365.79998779296875,309987
2024-05-30 14:30:00+00:00,365.75,366.9173889160156,365.29998779296875,366.3349914550781,142772
2024-05-30 15:30:00+00:00,366.3599853515625,366.7149963378906,365.1499938964844,365.32000732421875,162389
2024-05-30 16:30:00+00:00,365.31500244140625,367.42999267578125,365.29998779296875,367.4200134277344,92677
2024-05-30 17:30:00+00:00,367.4242858886719,368.1199951171875,366.6400146484375,367.5799865722656,94076
2024-05-30 18:30:00+00:00,367.5356140136719,368.3399963378906,367.1499938964844,368.2449951171875,110596
2024-05-30 19:30:00+00:00,368.29998779296875,368.5799865722656,367.4100036621094,368.3800048828125,196959
2024-05-31 13:30:00+00:00,369.6000061035156,370.3399963378906,366.31500244140625,367.1400146484375,227069
2024-05-31 14:30:00+00:00,367.1400146484375,369.739990234375,367.1400146484375,368.1300048828125,199728
2024-05-31 15:30:00+00:00,368.010009765625,368.81280517578125,367.57000732421875,368.7449951171875,97772
2024-05-31 16:30:00+00:00,368.82000732421875,369.7300109863281,367.989990234375,369.7300109863281,81083
2024-05-31 17:30:00+00:00,369.6600036621094,370.80999755859375,369.54998779296875,370.3599853515625,94687
2024-05-31 18:30:00+00:00,370.3800048828125,371.19000244140625,370.05499267578125,370.9800109863281,106711
2024-05-31 19:30:00+00:00,370.8699951171875,375.0799865722656,370.69000244140625,374.489990234375,362713
2024-06-03 13:30:00+00:00,375.3599853515625,375.489990234375,369.44000244140625,370.75,238736
2024-06-03 14:30:00+00:00,370.9100036621094,370.9100036621094,366.5899963378906,367.7149963378906,126553
2024-06-03 15:30:00+00:00,368.0350036621094,368.2550048828125,364.6199951171875,364.8299865722656,185504
2024-06-03 16:30:00+00:00,364.94500732421875,366.29998779296875,364.54998779296875,366.29998779296875,103246
2024-06-03 17:30:00+00:00,366.19000244140625,367.2099914550781,365.8800964355469,366.9599914550781,104749
2024-06-03 18:30:00+00:00,366.739990234375,367.4898986816406,366.3500061035156,367.2049865722656,99735
2024-06-03 19:30:00+00:00,367.2250061035156,368.1099853515625,366.5299987792969,368.1099853515625,222074
2024-06-04 13:30:00+00:00,367.8999938964844,367.8999938964844,365.1600036621094,366.2915954589844,230133
2024-06-04 14:30:00+00:00,366.05999755859375,366.6199951171875,365.20001220703125,365.625,122166
2024-06-04 15:30:00+00:00,365.6099853515625,365.7699890136719,364.04998779296875,365.2900085449219,145303
2024-06-04 16:30:00+00:00,365.17999267578125,366.4599914550781,364.4599914550781,366.364990234375,77905
2024-06-04 17:30:00+00:00,366.6000061035156,369.07000732421875,366.1401062011719,369.07000732421875,122949
2024-06-04 18:30:00+00:00,368.9700012207031,369.5,367.9599914550781,368.3699951171875,177629
2024-06-04 19:30:00+00:00,368.32501220703125,369.5899963378906,367.7799987792969,369.29998779296875,257627
2024-06-05 13:30:00+00:00,369.95001220703125,370.94000244140625,365.4649963378906,368.8349914550781,229216
2024-06-05 14:30:00+00:00,368.7099914550781,369.505615234375,367.2300109863281,368.8078918457031,133892
2024-06-05 15:30:00+00:00,368.8599853515625,369.8800048828125,368.572509765625,369.7099914550781,85152
2024-06-05 16:30:00+00:00,369.7152099609375,370.25,368.3500061035156,368.8949890136719,78706
2024-06-05 17:30:00+00:00,369.04998779296875,370.57000732421875,368.6199951171875,370.4949951171875,143747
2024-06-05 18:30:00+00:00,370.4549865722656,371.19000244140625,370.3399963378906,370.78851318359375,127792
2024-06-05 19:30:00+00:00,370.7900085449219,371.5400085449219,370.3299865722656,371.1300048828125,212827
2024-06-06 13:30:00+00:00,371.5,373.8900146484375,369.3500061035156,372.0899963378906,228555
2024-06-06 14:30:00+00:00,372.4599914550781,372.4599914550781,370.2099914550781,370.7699890136719,130377
2024-06-06 15:30:00+00:00,370.760009765625,371.2699890136719,370.0299987792969,371.239990234375,132207
2024-06-06 16:30:00+00:00,371.239990234375,371.2799987792969,370.0799865722656,370.7799987792969,112387
2024-06-06 17:30:00+00:00,370.7200012207031,370.9200134277344,369.9200134277344,370.56500244140625,203462
2024-06-06 18:30:00+00:00,370.5,372.67498779296875,370.4150085449219,372.2742004394531,121211
2024-06-06 19:30:00+00:00,372.19000244140625,372.42999267578125,370.8900146484375,371.4200134277344,222129
2024-06-07 13:30:00+00:00,369.0,373.010009765625,366.6600036621094,372.5799865722656,189124
2024-06-07 14:30:00+00:00,372.489990234375,372.989990234375,370.4100036621094,371.1050109863281,108909
2024-06-07 15:30:00+00:00,370.8399963378906,371.8800048828125,370.489990234375,371.739990234375,79303
2024-06-07 16:30:00+00:00,371.8999938964844,372.510009765625,370.9599914550781,371.989990234375,60991
2024-06-07 17:30:00+00:00,372.0,372.30499267578125,371.0716857910156,371.80999755859375,64951
2024-06-07 18:30:00+00:00,371.7799987792969,372.1600036621094,369.8800048828125,370.44000244140625,105712
2024-06-07 19:30:00+00:00,370.6099853515625,370.69000244140625,368.3399963378906,368.6000061035156,276594
2024-06-10 13:30:00+00:00,367.82000732421875,372.67999267578125,367.04998779296875,369.92498779296875,231083
2024-06-10 14:30:00+00:00,369.8500061035156,370.05999755859375,368.42999267578125,368.739990234375,96304
2024-06-10 15:30:00+00:00,368.8800048828125,368.9599914550781,368.20001220703125,368.6600036621094,73469
2024-06-10 16:30:00+00:00,368.5400085449219,368.7300109863281,367.9849853515625,368.32000732421875,79472
2024-06-10 17:30:00+00:00,368.30999755859375,369.864990234375,368.25909423828125,369.3699951171875,87613
2024-06-10 18:30:00+00:00,369.32000732421875,369.5799865722656,368.6400146484375,369.0719909667969,85194
2024-06-10 19:30:00+00:00,369.125,369.125,368.25,368.4599914550781,210551
2024-06-11 13:30:00+00:00,366.67999267578125,367.44000244140625,363.7799987792969,366.3599853515625,217841
2024-06-11 14:30:00+00:00,366.29998779296875,366.94500732421875,365.4150085449219,366.7300109863281,81962
2024-06-11 15:30:00+00:00,366.7149963378906,367.4198913574219,365.94500732421875,366.2149963378906,115640
2024-06-11 16:30:00+00:00,366.20001220703125,366.8800048828125,365.3399963378906,365.3699951171875,69877
2024-06-11 17:30:00+00:00,365.4549865722656,366.9800109863281,365.3800048828125,366.6499938964844,60952
2024-06-11 18:30:00+00:00,366.67999267578125,366.92999267578125,364.8599853515625,364.9800109863281,100204
2024-06-11 19:30:00+00:00,364.8800048828125,365.57501220703125,364.45001220703125,365.20001220703125,151836
2024-06-12 13:30:00+00:00,369.19000244140625,372.94000244140625,367.57659912109375,372.2250061035156,221602
2024-06-12 14:30:00+00:00,372.0199890136719,372.69989013671875,370.95001220703125,371.30999755859375,130797
2024-06-12 15:30:00+00:00,371.2101135253906,371.70001220703125,370.489990234375,371.44000244140625,119336
2024-06-12 16:30:00+00:00,371.5299987792969,371.92999267578125,370.1723937988281,370.20001220703125,68821
2024-06-12 17:30:00+00:00,370.1600036621094,370.44500732421875,368.0,370.2900085449219,88730
2024-06-12 18:30:00+00:00,370.30999755859375,371.3800048828125,368.95001220703125,369.20001220703125,146488
2024-06-12 19:30:00+00:00,369.07000732421875,370.5799865722656,368.739990234375,370.0899963378906,129562
2024-06-13 13:30:00+00:00,368.17999267578125,371.1600036621094,368.17999267578125,369.9849853515625,177152
2024-06-13 14:30:00+00:00,370.1400146484375,372.45001220703125,368.7900085449219,372.45001220703125,120123
2024-06-13 15:30:00+00:00,372.3999938964844,373.5150146484375,372.04998779296875,373.5150146484375,151250
2024-06-13 16:30:00+00:00,373.5150146484375,376.04998779296875,373.30999755859375,375.8399963378906,192052
2024-06-13 17:30:00+00:00,375.8550109863281,377.45001220703125,375.260009765625,377.1499938964844,176000
2024-06-13 18:30:00+00:00,377.1499938964844,378.25,376.79998779296875,377.260009765625,171411
2024-06-13 19:30:00+00:00,377.1861877441406,378.2699890136719,376.1199951171875,377.94000244140625,352867
2024-06-14 13:30:00+00:00,375.010009765625,377.6300048828125,373.0400085449219,373.9100036621094,222568
2024-06-14 14:30:00+00:00,374.1000061035156,377.75,372.95001220703125,377.3299865722656,161548
2024-06-14 15:30:00+00:00,377.3500061035156,378.4800109863281,376.1199951171875,377.95001220703125,188671
2024-06-14 16:30:00+00:00,377.8599853515625,378.9200134277344,377.7900085449219,378.1300048828125,117644
2024-06-14 17:30:00+00:00,378.114990234375,378.9107971191406,377.8900146484375,378.6400146484375,131268
2024-06-14 18:30:00+00:00,378.6600036621094,379.05999755859375,377.5,377.8399963378906,172823
2024-06-14 19:30:00+00:00,377.82000732421875,378.5400085449219,377.5199890136719,377.9700012207031,252746
2024-06-17 13:30:00+00:00,375.95001220703125,378.3599853515625,374.6700134277344,377.9700012207031,176448
2024-06-17 14:30:00+00:00,377.489990234375,379.3550109863281,376.6499938964844,378.8500061035156,108884
2024-06-17 15:30:00+00:00,378.95001220703125,379.4299011230469,377.7900085449219,379.4100036621094,103599
2024-06-17 16:30:00+00:00,379.32000732421875,380.32000732421875,378.3900146484375,380.0350036621094,85812
2024-06-17 17:30:00+00:00,380.0249938964844,381.239990234375,379.9800109863281,381.239990234375,113018
2024-06-17 18:30:00+00:00,381.2699890136719,381.2699890136719,379.8599853515625,380.3349914550781,120377
2024-06-17 19:30:00+00:00,380.239990234375,380.57000732421875,379.0199890136719,379.29998779296875,223522
2024-06-18 13:30:00+00:00,380.2099914550781,383.25,379.4100036621094,382.6400146484375,164570
2024-06-18 14:30:00+00:00,382.385009765625,382.989990234375,380.8900146484375,381.69500732421875,127382
2024-06-18 15:30:00+00:00,381.6661071777344,382.8999938964844,381.5799865722656,381.760009765625,117349
2024-06-18 16:30:00+00:00,381.7449951171875,382.3999938964844,380.3800048828125,380.7099914550781,86419
2024-06-18 17:30:00+00:00,380.6676940917969,381.7749938964844,380.2950134277344,381.4649963378906,108892
2024-06-18 18:30:00+00:00,381.57000732421875,382.1700134277344,381.1000061035156,381.7900085449219,85015
2024-06-18 19:30:00+00:00,381.7900085449219,383.0199890136719,381.6300048828125,382.7799987792969,192805
2024-06-20 13:30:00+00:00,381.75,384.5,380.010009765625,384.2250061035156,298331
2024-06-20 14:30:00+00:00,384.0799865722656,384.2099914550781,380.8299865722656,381.44000244140625,118730
2024-06-20 15:30:00+00:00,381.4100036621094,382.94500732421875,381.2099914550781,382.8299865722656,102132
2024-06-20 16:30:00+00:00,382.6499938964844,383.489990234375,381.9200134277344,382.32000732421875,91304
2024-06-20 17:30:00+00:00,382.45001220703125,383.1099853515625,381.78729248046875,382.693115234375,100714
2024-06-20 18:30:00+00:00,382.8550109863281,383.70001220703125,382.0972900390625,382.45001220703125,143753
2024-06-20 19:30:00+00:00,382.489990234375,382.7900085449219,381.45001220703125,381.5400085449219,222000
2024-06-21 13:30:00+00:00,377.9599914550781,380.0,374.010009765625,378.6199951171875,368251
2024-06-21 14:30:00+00:00,378.6199951171875,379.0249938964844,376.7900085449219,376.8599853515625,143073
2024-06-21 15:30:00+00:00,376.8399963378906,377.7799987792969,376.3699951171875,376.7099914550781,168435
2024-06-21 16:30:00+00:00,376.7200012207031,377.4800109863281,376.5299987792969,377.3699951171875,75083
2024-06-21 17:30:00+00:00,377.3070068359375,377.5050048828125,376.40008544921875,376.8500061035156,80455
2024-06-21 18:30:00+00:00,376.7699890136719,377.2200012207031,376.3999938964844,376.760009765625,119934
2024-06-21 19:30:00+00:00,376.75,376.8500061035156,374.6300048828125,375.1000061035156,359575
2024-06-24 13:30:00+00:00,376.760009765625,381.29998779296875,376.010009765625,379.5899963378906,251148
2024-06-24 14:30:00+00:00,379.5,382.9299011230469,379.0199890136719,382.61260986328125,150630
2024-06-24 15:30:00+00:00,382.45001220703125,382.6466979980469,380.8699951171875,381.57000732421875,130246
2024-06-24 16:30:00+00:00,381.5299987792969,381.5450134277344,379.45001220703125,379.6400146484375,107610
2024-06-24 17:30:00+00:00,379.7699890136719,379.7699890136719,378.5299987792969,379.1099853515625,83138
2024-06-24 18:30:00+00:00,379.18499755859375,379.6000061035156,378.8900146484375,379.3699951171875,88807
2024-06-24 19:30:00+00:00,379.3599853515625,379.8599853515625,378.1199951171875,378.25,189215
2024-06-25 13:30:00+00:00,375.5199890136719,375.9580078125,369.2409973144531,369.5033874511719,250156
2024-06-25 14:30:00+00:00,369.489990234375,370.0,367.19000244140625,368.2900085449219,254840
2024-06-25 15:30:00+00:00,368.1700134277344,368.80999755859375,367.6400146484375,368.0899963378906,158955
2024-06-25 16:30:00+00:00,368.0199890136719,368.989990234375,367.1427917480469,368.9200134277344,124590
2024-06-25 17:30:00+00:00,368.9150085449219,369.4800109863281,368.4700012207031,369.1441955566406,115604
2024-06-25 18:30:00+00:00,368.8901062011719,370.07000732421875,368.8901062011719,369.29998779296875,216444
2024-06-25 19:30:00+00:00,369.2099914550781,370.1400146484375,368.6300048828125,369.4800109863281,270202
2024-06-26 13:30:00+00:00,370.739990234375,371.5,367.5,368.9800109863281,260256
2024-06-26 14:30:00+00:00,368.9100036621094,370.0199890136719,367.3599853515625,369.760009765625,145390
2024-06-26 15:30:00+00:00,369.6700134277344,372.45001220703125,369.6499938964844,371.8349914550781,136479
2024-06-26 16:30:00+00:00,371.7300109863281,372.5400085449219,371.6600036621094,372.05499267578125,88323
2024-06-26 17:30:00+00:00,372.0899963378906,372.4649963378906,371.82000732421875,372.09429931640625,102267
2024-06-26 18:30:00+00:00,372.1300048828125,374.2099914550781,371.95001220703125,374.17999267578125,225485
2024-06-26 19:30:00+00:00,374.17999267578125,376.3699951171875,374.1300048828125,376.05999755859375,400691
2024-06-27 13:30:00+00:00,375.0,378.1400146484375,374.69000244140625,376.04998779296875,241093
2024-06-27 14:30:00+00:00,376.125,377.8500061035156,376.07000732421875,376.6300048828125,209953
2024-06-27 15:30:00+00:00,376.625,377.260009765625,375.95001220703125,376.5799865722656,152246
2024-06-27 16:30:00+00:00,376.5249938964844,376.6000061035156,375.0199890136719,375.989990234375,129925
2024-06-27 17:30:00+00:00,375.9599914550781,376.07000732421875,374.7900085449219,375.1650085449219,131604
2024-06-27 18:30:00+00:00,375.1650085449219,376.2325134277344,374.94000244140625,375.69000244140625,117582
2024-06-27 19:30:00+00:00,375.7200012207031,377.30999755859375,375.67999267578125,376.7200012207031,242780
2024-06-28 13:30:00+00:00,378.19000244140625,381.25,377.44000244140625,379.76251220703125,198978
2024-06-28 14:30:00+00:00,379.20001220703125,381.3900146484375,378.3500061035156,378.7699890136719,273516
2024-06-28 15:30:00+00:00,378.54998779296875,379.7799987792969,375.3299865722656,377.0950012207031,258388
2024-06-28 16:30:00+00:00,376.9800109863281,377.0249938964844,374.43011474609375,375.7099914550781,190941
2024-06-28 17:30:00+00:00,375.67498779296875,375.8800048828125,373.5400085449219,373.7200012207031,187108
2024-06-28 18:30:00+00:00,373.6700134277344,373.82000732421875,369.5,371.0199890136719,600109
2024-06-28 19:30:00+00:00,371.2200012207031,374.67999267578125,370.6199951171875,373.55999755859375,431999
2024-07-01 13:30:00+00:00,375.07000732421875,375.30499267578125,367.6000061035156,368.2900085449219,189840
2024-07-01 14:30:00+00:00,368.2799987792969,368.2799987792969,365.45001220703125,366.6449890136719,131087
2024-07-01 15:30:00+00:00,366.6700134277344,367.239990234375,365.32000732421875,365.3999938964844,110375
2024-07-01 16:30:00+00:00,365.44000244140625,365.5,364.3599853515625,364.5375061035156,157739
2024-07-01 17:30:00+00:00,364.3800048828125,365.1700134277344,363.44000244140625,363.510009765625,146959
2024-07-01 18:30:00+00:00,363.42999267578125,363.44500732421875,361.3699951171875,361.3699951171875,178617
2024-07-01 19:30:00+00:00,361.3399963378906,361.6000061035156,360.55999755859375,360.7900085449219,339882
2024-07-02 13:30:00+00:00,359.5299987792969,363.6050109863281,359.25189208984375,363.1000061035156,267952
2024-07-02 14:30:00+00:00,363.1400146484375,363.1400146484375,361.489990234375,361.67999267578125,76128
2024-07-02 15:30:00+00:00,361.80999755859375,362.19000244140625,360.9599914550781,361.4100036621094,91439
2024-07-02 16:30:00+00:00,361.3760070800781,363.4100036621094,361.2900085449219,363.1700134277344,149019
2024-07-02 17:30:00+00:00,363.2430114746094,364.2099914550781,362.42999267578125,363.7550048828125,119069
2024-07-02 18:30:00+00:00,363.7900085449219,364.20001220703125,363.04998779296875,363.9800109863281,112068
2024-07-02 19:30:00+00:00,363.94000244140625,365.4599914550781,363.8999938964844,365.0400085449219,216356
2024-07-03 13:30:00+00:00,365.44000244140625,367.614990234375,363.9599914550781,364.0799865722656,140832
2024-07-03 14:30:00+00:00,364.2200012207031,364.8299865722656,361.3599853515625,362.0682067871094,163967
2024-07-03 15:30:00+00:00,361.79998779296875,362.2799987792969,361.20001220703125,361.20001220703125,129336
2024-07-05 13:30:00+00:00,363.1600036621094,363.1600036621094,356.8900146484375,357.04998779296875,231549
2024-07-05 14:30:00+00:00,357.0372009277344,359.0400085449219,356.79998779296875,358.7300109863281,141843
2024-07-05 15:30:00+00:00,358.8500061035156,359.1054992675781,357.3559875488281,357.6227111816406,100305
2024-07-05 16:30:00+00:00,357.6099853515625,358.2300109863281,357.30010986328125,357.8599853515625,67379
2024-07-05 17:30:00+00:00,357.84259033203125,358.6199951171875,357.4599914550781,357.69000244140625,64619
2024-07-05 18:30:00+00:00,357.7001953125,358.6499938964844,357.4750061035156,358.1099853515625,87126
2024-07-05 19:30:00+00:00,358.0,360.2300109863281,357.8999938964844,359.8999938964844,228045
2024-07-08 13:30:00+00:00,360.1000061035156,361.6400146484375,357.5799865722656,359.239990234375,192544
2024-07-08 14:30:00+00:00,359.2250061035156,360.45001220703125,358.8900146484375,359.0799865722656,169930
2024-07-08 15:30:00+00:00,359.0299987792969,359.1000061035156,357.7300109863281,358.0,186213
2024-07-08 16:30:00+00:00,357.95001220703125,359.489990234375,357.8999938964844,358.6600036621094,106270
2024-07-08 17:30:00+00:00,358.5400085449219,358.989990234375,357.6700134277344,357.92498779296875,129121
2024-07-08 18:30:00+00:00,357.9200134277344,358.1499938964844,356.1300048828125,356.385009765625,166203
2024-07-08 19:30:00+00:00,356.32000732421875,356.9100036621094,354.75,355.2699890136719,370582
2024-07-09 13:30:00+00:00,354.760009765625,355.32000732421875,349.7300109863281,350.4150085449219,358839
2024-07-09 14:30:00+00:00,350.20001220703125,350.760009765625,348.19000244140625,348.8999938964844,306990
2024-07-09 15:30:00+00:00,348.9200134277344,349.29998779296875,347.8800048828125,348.8999938964844,174811
2024-07-09 16:30:00+00:00,348.7900085449219,350.7900085449219,348.67999267578125,350.3800048828125,208012
2024-07-09 17:30:00+00:00,350.30999755859375,351.239990234375,349.4800109863281,349.6700134277344,283593
2024-07-09 18:30:00+00:00,349.5899963378906,349.82000732421875,345.93499755859375,347.75,260946
2024-07-09 19:30:00+00:00,347.760009765625,349.1700134277344,347.6300048828125,348.760009765625,333948
2024-07-10 13:30:00+00:00,349.29998779296875,352.5504150390625,348.2900085449219,348.79998779296875,241054
2024-07-10 14:30:00+00:00,348.81500244140625,349.5799865722656,347.79998779296875,348.2650146484375,171669
2024-07-10 15:30:00+00:00,348.2900085449219,350.0,347.9700012207031,349.57000732421875,119838
2024-07-10 16:30:00+00:00,349.45001220703125,350.1199951171875,348.8999938964844,349.4619140625,146098
2024-07-10 17:30:00+00:00,349.510009765625,349.6099853515625,348.2799987792969,348.69500732421875,154174
2024-07-10 18:30:00+00:00,348.6199951171875,349.54998779296875,348.3399963378906,349.04998779296875,182638
2024-07-10 19:30:00+00:00,349.20001220703125,351.7900085449219,348.9949951171875,351.4100036621094,259219
2024-07-11 13:30:00+00:00,352.8999938964844,359.5,352.5,358.6600036621094,384412
2024-07-11 14:30:00+00:00,358.6499938964844,362.7699890136719,358.6499938964844,361.79998779296875,288432
2024-07-11 15:30:00+00:00,361.6600036621094,362.20001220703125,359.6000061035156,359.6000061035156,215580
2024-07-11 16:30:00+00:00,359.6099853515625,361.1199951171875,359.5799865722656,360.79998779296875,110707
2024-07-11 17:30:00+00:00,360.760009765625,362.260009765625,360.4800109863281,361.29998779296875,111201
2024-07-11 18:30:00+00:00,361.42999267578125,362.1199951171875,360.45001220703125,361.19000244140625,142168
2024-07-11 19:30:00+00:00,361.2650146484375,361.8900146484375,361.090087890625,361.42999267578125,304381
2024-07-12 13:30:00+00:00,364.5,366.5799865722656,363.4700927734375,366.1600036621094,169003
2024-07-12 14:30:00+00:00,366.2900085449219,366.6300048828125,364.5256042480469,366.6300048828125,89113
2024-07-12 15:30:00+00:00,366.3999938964844,366.739990234375,365.60009765625,366.4599914550781,135690
2024-07-12 16:30:00+00:00,366.6000061035156,367.60540771484375,365.94000244140625,367.5199890136719,72085
2024-07-12 17:30:00+00:00,367.4750061035156,368.1499938964844,366.4649963378906,367.07000732421875,92494
2024-07-12 18:30:00+00:00,367.0400085449219,367.5898132324219,366.45001220703125,366.9700012207031,88039
2024-07-12 19:30:00+00:00,366.8500061035156,367.0899963378906,365.17999267578125,365.55999755859375,163456
2024-07-15 13:30:00+00:00,365.05999755859375,368.4939880371094,363.1300048828125,367.3374938964844,129469
2024-07-15 14:30:00+00:00,367.2699890136719,368.3599853515625,366.4555969238281,367.7699890136719,93519
2024-07-15 15:30:00+00:00,367.7650146484375,369.8699951171875,367.239990234375,369.30499267578125,80911
2024-07-15 16:30:00+00:00,369.1499938964844,370.1000061035156,368.7900085449219,369.489990234375,68516
2024-07-15 17:30:00+00:00,369.6050109863281,369.989990234375,367.6300048828125,369.9585876464844,105053
2024-07-15 18:30:00+00:00,369.9800109863281,372.17999267578125,369.7200012207031,371.6600036621094,169956
2024-07-15 19:30:00+00:00,371.6549987792969,372.0199890136719,370.6300048828125,371.989990234375,330750
2024-07-16 13:30:00+00:00,372.0,375.1400146484375,365.92999267578125,373.5899963378906,271923
2024-07-16 14:30:00+00:00,373.54998779296875,377.7799987792969,373.29998779296875,377.54998779296875,237610
2024-07-16 15:30:00+00:00,377.5050048828125,378.8500061035156,376.0199890136719,378.30499267578125,250477
2024-07-16 16:30:00+00:00,378.1700134277344,378.8999938964844,377.8121032714844,378.29998779296875,90464
2024-07-16 17:30:00+00:00,378.32000732421875,379.7078857421875,377.8699951171875,379.5400085449219,144740
2024-07-16 18:30:00+00:00,379.5450134277344,380.4696044921875,379.2900085449219,380.3800048828125,164466
2024-07-16 19:30:00+00:00,380.2900085449219,380.6300048828125,377.3299865722656,377.6400146484375,325687
2024-07-17 13:30:00+00:00,378.44000244140625,385.17999267578125,377.6805114746094,384.7699890136719,344602
2024-07-17 14:30:00+00:00,384.5899963378906,385.5400085449219,382.2699890136719,384.1700134277344,167421
2024-07-17 15:30:00+00:00,384.0199890136719,385.5,383.3699951171875,384.32000732421875,146994
2024-07-17 16:30:00+00:00,384.1600036621094,385.8699951171875,384.0400085449219,385.8299865722656,121361
2024-07-17 17:30:00+00:00,385.7699890136719,385.7699890136719,384.5450134277344,385.19000244140625,96521
2024-07-17 18:30:00+00:00,385.2950134277344,387.5299987792969,384.7900085449219,387.4100036621094,195580
2024-07-17 19:30:00+00:00,387.42498779296875,387.4700012207031,384.9800109863281,385.010009765625,285413
2024-07-18 13:30:00+00:00,382.79998779296875,390.3399963378906,381.1000061035156,389.57000732421875,315743
2024-07-18 14:30:00+00:00,389.32000732421875,390.06500244140625,387.6499938964844,388.4700012207031,268844
2024-07-18 15:30:00+00:00,388.260009765625,389.2200012207031,384.7200012207031,384.8699951171875,262806
2024-07-18 16:30:00+00:00,384.8800048828125,388.2300109863281,384.8800048828125,386.75,118389
2024-07-18 17:30:00+00:00,386.7900085449219,387.0400085449219,384.1099853515625,384.2449951171875,98054
2024-07-18 18:30:00+00:00,384.25,384.5299987792969,381.2300109863281,381.8699951171875,180078
2024-07-18 19:30:00+00:00,381.7200012207031,382.4100036621094,380.5299987792969,380.6400146484375,260020
2024-07-19 13:30:00+00:00,383.239990234375,384.1400146484375,378.2593994140625,379.30999755859375,223641
2024-07-19 14:30:00+00:00,379.7200012207031,380.57000732421875,377.17999267578125,377.989990234375,131618
2024-07-19 15:30:00+00:00,378.0450134277344,379.8999938964844,377.3500061035156,378.3349914550781,95417
2024-07-19 16:30:00+00:00,378.3399963378906,378.5899963378906,377.6700134277344,378.0899963378906,84035
2024-07-19 17:30:00+00:00,378.06500244140625,379.07000732421875,377.875,378.81500244140625,81857
2024-07-19 18:30:00+00:00,378.67999267578125,378.9100036621094,377.7001037597656,378.1499938964844,118329
2024-07-19 19:30:00+00:00,378.05999755859375,378.5,377.2510070800781,378.05999755859375,235180
2024-07-22 13:30:00+00:00,379.1300048828125,379.3800048828125,372.2799987792969,374.54998779296875,159248
2024-07-22 14:30:00+00:00,374.6600036621094,380.6499938964844,374.3399963378906,378.1000061035156,152484
2024-07-22 15:30:00+00:00,378.1499938964844,378.8399963378906,377.7799987792969,377.9800109863281,64660
2024-07-22 16:30:00+00:00,378.0899963378906,379.9100036621094,377.7749938964844,379.54998779296875,59689
2024-07-22 17:30:00+00:00,379.5400085449219,379.6098937988281,377.6499938964844,378.5,152319
2024-07-22 18:30:00+00:00,378.7300109863281,380.0299987792969,378.6499938964844,379.67999267578125,139732
2024-07-22 19:30:00+00:00,379.75,380.1449890136719,378.8399963378906,379.42999267578125,161235
2024-07-23 13:30:00+00:00,376.3399963378906,378.2900085449219,375.20001220703125,375.57501220703125,104037
2024-07-23 14:30:00+00:00,375.6400146484375,376.7900085449219,374.5150146484375,375.6700134277344,86348
2024-07-23 15:30:00+00:00,375.68499755859375,376.7049865722656,375.0199890136719,375.260009765625,77817
2024-07-23 16:30:00+00:00,375.0028991699219,375.5199890136719,372.7900085449219,373.4049987792969,168746
2024-07-23 17:30:00+00:00,373.364990234375,374.239990234375,372.3940124511719,373.6300048828125,110326
2024-07-23 18:30:00+00:00,373.70001220703125,373.8399963378906,372.5,372.7799987792969,111465
2024-07-23 19:30:00+00:00,372.67498779296875,372.864990234375,370.760009765625,371.3900146484375,214205
2024-07-24 13:30:00+00:00,370.4100036621094,372.8699951171875,367.92999267578125,368.9750061035156,182891
2024-07-24 14:30:00+00:00,368.94000244140625,372.3699951171875,368.7099914550781,372.1050109863281,143006
2024-07-24 15:30:00+00:00,372.1400146484375,375.67498779296875,371.5899963378906,374.3299865722656,107592
2024-07-24 16:30:00+00:00,374.1400146484375,374.44500732421875,371.4200134277344,371.54998779296875,57724
2024-07-24 17:30:00+00:00,371.4200134277344,372.8500061035156,371.4028015136719,371.7200012207031,68098
2024-07-24 18:30:00+00:00,371.7850036621094,372.010009765625,369.8800048828125,370.0050048828125,138585
2024-07-24 19:30:00+00:00,370.1300048828125,371.0,368.8900146484375,369.3900146484375,189607
2024-07-25 13:30:00+00:00,368.3399963378906,379.25,368.239990234375,378.7799987792969,210868
2024-07-25 14:30:00+00:00,378.32000732421875,382.94000244140625,378.2349853515625,380.0899963378906,196883
2024-07-25 15:30:00+00:00,379.8599853515625,383.67498779296875,379.5799865722656,383.6700134277344,127243
2024-07-25 16:30:00+00:00,383.5299987792969,386.260009765625,383.3900146484375,385.6700134277344,138732
2024-07-25 17:30:00+00:00,385.5,385.6499938964844,383.9200134277344,384.1199951171875,107454
2024-07-25 18:30:00+00:00,384.29998779296875,384.6000061035156,382.5,383.8699951171875,108105
2024-07-25 19:30:00+00:00,383.6600036621094,384.5,381.260009765625,381.70001220703125,217097
2024-07-26 13:30:00+00:00,385.2699890136719,389.989990234375,384.07000732421875,387.989990234375,198460
2024-07-26 14:30:00+00:00,387.7099914550781,388.5799865722656,386.0,388.0,137333
2024-07-26 15:30:00+00:00,388.0050048828125,389.239990234375,386.8599853515625,388.5400085449219,138781
2024-07-26 16:30:00+00:00,388.6549987792969,389.739990234375,388.29998779296875,389.06500244140625,150508
2024-07-26 17:30:00+00:00,389.0199890136719,389.1499938964844,387.41009521484375,387.8299865722656,110826
2024-07-26 18:30:00+00:00,387.6700134277344,388.3599853515625,387.4100036621094,387.864990234375,108974
2024-07-26 19:30:00+00:00,387.75,387.8399963378906,385.56500244140625,386.54998779296875,304288
2024-07-29 13:30:00+00:00,385.1700134277344,386.5400085449219,381.0400085449219,382.9906921386719,156755
2024-07-29 14:30:00+00:00,382.79998779296875,383.04998779296875,379.9200134277344,380.2149963378906,126172
2024-07-29 15:30:00+00:00,380.2749938964844,381.42999267578125,379.8399963378906,380.2200012207031,106718
2024-07-29 16:30:00+00:00,380.1199951171875,380.1199951171875,371.0,374.1499938964844,347411
2024-07-29 17:30:00+00:00,374.1650085449219,376.4877014160156,372.67999267578125,376.260009765625,199432
2024-07-29 18:30:00+00:00,376.8450012207031,377.9844970703125,376.0299987792969,377.239990234375,106886
2024-07-29 19:30:00+00:00,377.3900146484375,380.0,376.739990234375,376.9800109863281,262344
2024-07-30 13:30:00+00:00,365.9700012207031,373.0,364.17999267578125,372.57000732421875,623694
2024-07-30 14:30:00+00:00,372.82000732421875,375.0,371.57000732421875,371.7200012207031,326796
2024-07-30 15:30:00+00:00,371.7799987792969,372.32000732421875,370.8299865722656,372.0450134277344,179139
2024-07-30 16:30:00+00:00,372.1499938964844,373.3900146484375,371.1000061035156,371.4049987792969,191492
2024-07-30 17:30:00+00:00,371.32000732421875,373.54998779296875,371.1000061035156,372.5450134277344,110810
2024-07-30 18:30:00+00:00,372.5799865722656,373.05999755859375,371.8599853515625,372.8089904785156,204171
2024-07-30 19:30:00+00:00,372.6300048828125,374.05999755859375,371.5899963378906,371.75,350676
2024-07-31 13:30:00+00:00,373.2200012207031,375.1499938964844,370.989990234375,372.5400085449219,141239
2024-07-31 14:30:00+00:00,372.7149963378906,375.5150146484375,372.2699890136719,374.4800109863281,137280
2024-07-31 15:30:00+00:00,374.4800109863281,376.6700134277344,374.4800109863281,375.7550048828125,104685
2024-07-31 16:30:00+00:00,375.7550048828125,375.989990234375,374.4599914550781,374.9700012207031,225507
2024-07-31 17:30:00+00:00,374.760009765625,375.0799865722656,373.0899963378906,373.5199890136719,210125
2024-07-31 18:30:00+00:00,373.5299987792969,376.7799987792969,373.010009765625,373.32501220703125,309492
2024-07-31 19:30:00+00:00,373.1099853515625,374.8999938964844,371.3699951171875,371.75,234677
2024-08-01 13:30:00+00:00,366.3699951171875,371.2099914550781,362.4750061035156,363.2099914550781,493550
2024-08-01 14:30:00+00:00,363.3399963378906,364.0400085449219,357.7900085449219,358.6700134277344,456036
2024-08-01 15:30:00+00:00,358.4549865722656,360.82000732421875,357.010009765625,359.8399963378906,315125
2024-08-01 16:30:00+00:00,359.8299865722656,360.0050048828125,356.7200012207031,357.125,256993
2024-08-01 17:30:00+00:00,356.80999755859375,358.7099914550781,356.5,357.514892578125,319537
2024-08-01 18:30:00+00:00,357.6300048828125,357.75,356.0199890136719,356.1199951171875,311391
2024-08-01 19:30:00+00:00,356.45001220703125,359.1400146484375,356.44000244140625,357.7799987792969,473995
2024-08-02 13:30:00+00:00,356.1600036621094,360.385009765625,351.510009765625,357.2200012207031,486342
2024-08-02 14:30:00+00:00,357.2550048828125,358.2099914550781,354.7099914550781,355.42999267578125,339794
2024-08-02 15:30:00+00:00,355.5199890136719,356.0,353.42999267578125,354.2749938964844,198402
2024-08-02 16:30:00+00:00,354.4100036621094,354.5199890136719,351.0899963378906,354.4525146484375,341496
2024-08-02 17:30:00+00:00,354.2550048828125,354.54998779296875,351.44000244140625,354.0199890136719,211483
2024-08-02 18:30:00+00:00,353.8599853515625,353.8599853515625,352.1000061035156,352.4100036621094,372479
2024-08-02 19:30:00+00:00,352.5350036621094,353.9949951171875,351.3699951171875,353.75,587911
2024-08-05 13:30:00+00:00,345.7699890136719,350.6199951171875,340.2001037597656,345.9700012207031,565805
2024-08-05 14:30:00+00:00,345.9700012207031,348.20001220703125,343.3399963378906,346.20001220703125,419761
2024-08-05 15:30:00+00:00,346.0,351.4100036621094,345.3999938964844,349.7699890136719,400126
2024-08-05 16:30:00+00:00,349.3399963378906,349.67999267578125,344.2699890136719,345.010009765625,261617
2024-08-05 17:30:00+00:00,345.0047912597656,346.3500061035156,343.6099853515625,345.7550048828125,152012
2024-08-05 18:30:00+00:00,345.8699951171875,346.3900146484375,344.42999267578125,345.3999938964844,169809
2024-08-05 19:30:00+00:00,345.5,345.5799865722656,342.79998779296875,344.8500061035156,298027
2024-08-06 13:30:00+00:00,347.489990234375,349.55120849609375,343.0,347.4096984863281,214035
2024-08-06 14:30:00+00:00,346.92999267578125,349.4750061035156,342.7799987792969,342.7799987792969,212381
2024-08-06 15:30:00+00:00,342.9649963378906,347.45989990234375,342.70001220703125,346.34991455078125,200464
2024-08-06 16:30:00+00:00,346.0899963378906,348.20001220703125,345.9281921386719,347.1625061035156,78418
2024-08-06 17:30:00+00:00,347.2900085449219,349.0,347.04010009765625,349.0,122411
2024-08-06 18:30:00+00:00,349.0400085449219,349.45001220703125,346.260009765625,348.2799987792969,209302
2024-08-06 19:30:00+00:00,348.20001220703125,348.7099914550781,345.94000244140625,346.010009765625,259868
2024-08-07 13:30:00+00:00,350.0,354.0400085449219,349.2300109863281,350.6400146484375,170933
2024-08-07 14:30:00+00:00,351.0400085449219,353.96990966796875,350.9100036621094,352.7449951171875,168142
2024-08-07 15:30:00+00:00,352.68499755859375,352.8450012207031,350.0,351.3399963378906,153038
2024-08-07 16:30:00+00:00,351.3299865722656,351.82000732421875,348.1400146484375,349.57000732421875,104830
2024-08-07 17:30:00+00:00,349.9215087890625,350.29998779296875,346.3399963378906,346.7300109863281,96773
2024-08-07 18:30:00+00:00,346.6199951171875,348.989990234375,346.375,348.4700012207031,156712
2024-08-07 19:30:00+00:00,348.3900146484375,348.70989990234375,345.8599853515625,346.29998779296875,189204
2024-08-08 13:30:00+00:00,346.8800048828125,350.8500061035156,346.3999938964844,348.2749938964844,358606
2024-08-08 14:30:00+00:00,348.0899963378906,349.57000732421875,346.6000061035156,349.17999267578125,280754
2024-08-08 15:30:00+00:00,349.0450134277344,349.8399963378906,347.8450012207031,349.0799865722656,105270
2024-08-08 16:30:00+00:00,349.05999755859375,349.20001220703125,346.610107421875,348.9649963378906,154701
2024-08-08 17:30:00+00:00,348.9800109863281,349.4049987792969,347.5400085449219,348.29998779296875,100063
2024-08-08 18:30:00+00:00,348.29998779296875,348.8800048828125,347.6099853515625,348.385009765625,146323
2024-08-08 19:30:00+00:00,348.25,349.56500244140625,347.0801086425781,348.79998779296875,215480
2024-08-09 13:30:00+00:00,348.6300048828125,348.9100036621094,343.3800048828125,345.94000244140625,237964
2024-08-09 14:30:00+00:00,345.94000244140625,346.7749938964844,345.0849914550781,345.5249938964844,139891
2024-08-09 15:30:00+00:00,345.5249938964844,346.3799133300781,344.510009765625,344.9700012207031,101732
2024-08-09 16:30:00+00:00,344.92999267578125,346.3399963378906,344.7699890136719,346.3399963378906,108675
2024-08-09 17:30:00+00:00,346.3999938964844,346.43499755859375,344.1000061035156,344.6300048828125,134181
2024-08-09 18:30:00+00:00,344.6549987792969,346.1400146484375,344.29998779296875,345.5950012207031,148090
2024-08-09 19:30:00+00:00,345.7149963378906,346.3800048828125,345.20001220703125,345.8299865722656,291944
2024-08-12 13:30:00+00:00,346.75,348.16229248046875,345.7699890136719,346.875,284956
2024-08-12 14:30:00+00:00,346.875,347.6400146484375,346.0,346.54998779296875,163154
2024-08-12 15:30:00+00:00,346.4200134277344,347.4800109863281,345.3999938964844,345.9649963378906,164123
2024-08-12 16:30:00+00:00,345.95001220703125,346.0799865722656,344.4700012207031,344.8475036621094,153055
2024-08-12 17:30:00+00:00,344.989990234375,345.4798889160156,344.4700012207031,344.8399963378906,139835
2024-08-12 18:30:00+00:00,344.8399963378906,345.1000061035156,344.30999755859375,344.54998779296875,185296
2024-08-12 19:30:00+00:00,344.6400146484375,345.3999938964844,343.8999938964844,345.010009765625,300557
2024-08-13 13:30:00+00:00,347.82000732421875,352.42999267578125,346.4200134277344,347.17999267578125,315487
2024-08-13 14:30:00+00:00,347.1700134277344,348.0,346.0046081542969,346.4700012207031,181302
2024-08-13 15:30:00+00:00,346.5775146484375,349.30999755859375,346.4599914550781,348.8800048828125,174941
2024-08-13 16:30:00+00:00,348.885009765625,349.79998779296875,348.4100036621094,349.293212890625,128478
2024-08-13 17:30:00+00:00,349.3299865722656,350.0,348.7900085449219,349.2699890136719,129444
2024-08-13 18:30:00+00:00,349.26251220703125,350.6199951171875,349.1199951171875,350.6199951171875,178722
2024-08-13 19:30:00+00:00,350.6099853515625,351.4599914550781,349.8900146484375,350.42999267578125,308350
2024-08-14 13:30:00+00:00,350.0,355.79998779296875,348.3500061035156,351.92999267578125,417270
2024-08-14 14:30:00+00:00,351.67999267578125,351.69000244140625,349.5299987792969,350.2799987792969,202044
2024-08-14 15:30:00+00:00,350.3999938964844,352.2699890136719,350.1099853515625,350.760009765625,234076
2024-08-14 16:30:00+00:00,350.6499938964844,351.7300109863281,350.1861877441406,350.8299865722656,140306
2024-08-14 17:30:00+00:00,350.7749938964844,351.6698913574219,350.2200927734375,350.7149963378906,215169
2024-08-14 18:30:00+00:00,350.7149963378906,352.6700134277344,350.5928955078125,351.6499938964844,207007
2024-08-14 19:30:00+00:00,351.5899963378906,352.29998779296875,350.6199951171875,350.8599853515625,391022
2024-08-15 13:30:00+00:00,359.55999755859375,372.2900085449219,359.55999755859375,367.3299865722656,937423
2024-08-15 14:30:00+00:00,367.5,375.510009765625,366.4200134277344,374.44000244140625,453148
2024-08-15 15:30:00+00:00,374.6000061035156,376.0199890136719,373.5827941894531,375.3800048828125,225023
2024-08-15 16:30:00+00:00,375.4700012207031,377.6300048828125,374.0,377.5199890136719,200734
2024-08-15 17:30:00+00:00,377.3299865722656,378.3800048828125,377.1400146484375,378.1807861328125,196990
2024-08-15 18:30:00+00:00,378.3599853515625,378.46990966796875,376.090087890625,377.75,288333
2024-08-15 19:30:00+00:00,377.7300109863281,377.7300109863281,371.510009765625,373.6000061035156,523032
2024-08-16 13:30:00+00:00,372.1400146484375,376.8800048828125,371.1600036621094,373.9661865234375,343268
2024-08-16 14:30:00+00:00,373.8599853515625,376.8800048828125,372.7301025390625,376.4150085449219,264303
2024-08-16 15:30:00+00:00,376.44000244140625,376.8299865722656,375.8800048828125,376.2200012207031,187671
2024-08-16 16:30:00+00:00,376.2200012207031,376.510009765625,375.05999755859375,375.2300109863281,143484
2024-08-16 17:30:00+00:00,375.3699951171875,375.489990234375,374.0201110839844,374.6600036621094,143034
2024-08-16 18:30:00+00:00,374.6499938964844,378.0899963378906,374.489990234375,378.0799865722656,288535
2024-08-16 19:30:00+00:00,378.07000732421875,378.5249938964844,377.1199951171875,378.07000732421875,453479
2024-08-19 13:30:00+00:00,378.989990234375,381.010009765625,376.04998779296875,376.6499938964844,249003
2024-08-19 14:30:00+00:00,376.6000061035156,377.659912109375,374.70001220703125,375.010009765625,202530
2024-08-19 15:30:00+00:00,375.0,376.1700134277344,374.79010009765625,375.25,150500
2024-08-19 16:30:00+00:00,375.0,375.1499938964844,373.5199890136719,374.2650146484375,123718
2024-08-19 17:30:00+00:00,374.2485046386719,374.3299865722656,372.92999267578125,373.2200012207031,129679
2024-08-19 18:30:00+00:00,373.125,374.1300048828125,373.010009765625,373.364990234375,135058
2024-08-19 19:30:00+00:00,373.2900085449219,373.3299865722656,371.80999755859375,372.9100036621094,305542
2024-08-20 13:30:00+00:00,374.94000244140625,376.6000061035156,372.4700012207031,372.94000244140625,177898
2024-08-20 14:30:00+00:00,373.1600036621094,374.25,372.2799987792969,372.4800109863281,120351
2024-08-20 15:30:00+00:00,372.57000732421875,372.8299865722656,371.760009765625,372.1700134277344,75429
2024-08-20 16:30:00+00:00,372.07000732421875,373.6000061035156,371.9200134277344,373.489990234375,59202
2024-08-20 17:30:00+00:00,373.3900146484375,373.7799987792969,372.760009765625,373.42999267578125,60641
2024-08-20 18:30:00+00:00,373.4949951171875,373.4949951171875,372.489990234375,372.93499755859375,116297
2024-08-20 19:30:00+00:00,373.04998779296875,373.19000244140625,372.04998779296875,372.4800109863281,151699
2024-08-21 13:30:00+00:00,373.8399963378906,376.1400146484375,372.1199951171875,375.8399963378906,210537
2024-08-21 14:30:00+00:00,375.8399963378906,376.80999755859375,374.989990234375,376.5400085449219,167073
2024-08-21 15:30:00+00:00,376.3999938964844,377.5799865722656,376.1300048828125,377.2799987792969,134081
2024-08-21 16:30:00+00:00,377.2799987792969,377.54998779296875,376.3999938964844,376.510009765625,96604
2024-08-21 17:30:00+00:00,376.5199890136719,377.5199890136719,376.2099914550781,377.5199890136719,131148
2024-08-21 18:30:00+00:00,377.5,377.8299865722656,376.8999938964844,377.19000244140625,151144
2024-08-21 19:30:00+00:00,377.1300048828125,377.1300048828125,376.0799865722656,376.9599914550781,181341
2024-08-22 13:30:00+00:00,377.0799865722656,378.1050109863281,373.8699951171875,374.55999755859375,137231
2024-08-22 14:30:00+00:00,374.5450134277344,375.7450866699219,373.54998779296875,374.2099914550781,93442
2024-08-22 15:30:00+00:00,374.25,375.94000244140625,374.1499938964844,375.8800048828125,84905
2024-08-22 16:30:00+00:00,375.8800048828125,376.4725036621094,375.05999755859375,375.0899963378906,137967
2024-08-22 17:30:00+00:00,374.9599914550781,375.95001220703125,374.4949951171875,375.8599853515625,116170
2024-08-22 18:30:00+00:00,375.760009765625,376.9798889160156,375.75,376.82000732421875,134131
2024-08-22 19:30:00+00:00,376.760009765625,377.6199951171875,376.0299987792969,376.739990234375,202676
2024-08-23 13:30:00+00:00,378.79998779296875,379.4700012207031,376.5899963378906,379.2099914550781,181306
2024-08-23 14:30:00+00:00,379.2099914550781,382.3699951171875,378.17999267578125,382.010009765625,196168
2024-08-23 15:30:00+00:00,381.9599914550781,382.3699951171875,378.375,379.44000244140625,114786
2024-08-23 16:30:00+00:00,379.44000244140625,381.1000061035156,379.0199890136719,381.0799865722656,71371
2024-08-23 17:30:00+00:00,381.0799865722656,381.3399963378906,380.6510009765625,381.17999267578125,62560
2024-08-23 18:30:00+00:00,381.16448974609375,382.20001220703125,380.760009765625,382.07000732421875,87738
2024-08-23 19:30:00+00:00,382.0799865722656,382.8500061035156,381.1600036621094,381.1600036621094,238913
2024-08-26 13:30:00+00:00,381.4800109863281,385.29998779296875,381.3999938964844,383.3599853515625,184323
2024-08-26 14:30:00+00:00,383.2550048828125,384.2699890136719,381.8800048828125,382.20001220703125,157730
2024-08-26 15:30:00+00:00,382.20001220703125,383.3599853515625,381.20001220703125,382.9800109863281,98836
2024-08-26 16:30:00+00:00,383.1000061035156,383.3599853515625,381.7799987792969,381.79998779296875,77737
2024-08-26 17:30:00+00:00,381.7799987792969,382.0199890136719,380.67999267578125,381.9949951171875,88324
2024-08-26 18:30:00+00:00,381.95001220703125,382.6300048828125,381.69000244140625,382.4750061035156,100949
2024-08-26 19:30:00+00:00,382.3800048828125,383.30999755859375,382.0299987792969,383.1700134277344,149127
2024-08-27 13:30:00+00:00,381.5,382.0299987792969,377.3599853515625,378.95001220703125,151489
2024-08-27 14:30:00+00:00,379.1099853515625,379.7099914550781,376.7041931152344,377.0,193457
2024-08-27 15:30:00+00:00,377.0,377.1299133300781,375.92999267578125,376.25,99259
2024-08-27 16:30:00+00:00,376.2650146484375,376.3999938964844,374.94000244140625,376.3999938964844,121022
2024-08-27 17:30:00+00:00,376.3500061035156,377.2699890136719,375.42498779296875,375.55499267578125,101927
2024-08-27 18:30:00+00:00,375.57501220703125,376.4800109863281,375.3599853515625,376.1600036621094,96713
2024-08-27 19:30:00+00:00,376.1650085449219,376.7900085449219,375.7699890136719,375.989990234375,166075
2024-08-28 13:30:00+00:00,374.989990234375,378.5799865722656,374.4599914550781,377.9700012207031,171977
2024-08-28 14:30:00+00:00,377.96990966796875,379.3699951171875,377.0299987792969,378.3500061035156,176837
2024-08-28 15:30:00+00:00,378.25,378.55999755859375,377.24969482421875,377.4700012207031,109830
2024-08-28 16:30:00+00:00,377.42999267578125,378.6000061035156,377.3399963378906,377.989990234375,93105
2024-08-28 17:30:00+00:00,377.989990234375,378.44000244140625,376.5400085449219,376.7200012207031,77412
2024-08-28 18:30:00+00:00,376.6549987792969,378.3440856933594,376.54998779296875,377.7300109863281,100734
2024-08-28 19:30:00+00:00,377.82000732421875,378.70001220703125,377.17999267578125,378.260009765625,154920
2024-08-29 13:30:00+00:00,379.7900085449219,382.80999755859375,376.95001220703125,382.6600036621094,169047
2024-08-29 14:30:00+00:00,382.80999755859375,383.05841064453125,381.110107421875,381.94000244140625,122622
2024-08-29 15:30:00+00:00,382.0,382.2300109863281,380.989990234375,382.20001220703125,91118
2024-08-29 16:30:00+00:00,382.20001220703125,383.45001220703125,382.1379089355469,383.375,72422
2024-08-29 17:30:00+00:00,383.4100036621094,384.5,383.2655944824219,383.2655944824219,75869
2024-08-29 18:30:00+00:00,383.4700012207031,383.94000244140625,381.98651123046875,383.7900085449219,127045
2024-08-29 19:30:00+00:00,383.81500244140625,383.82000732421875,380.760009765625,381.7900085449219,245596
2024-08-30 13:30:00+00:00,382.20001220703125,385.1600036621094,382.18499755859375,385.1600036621094,191537
2024-08-30 14:30:00+00:00,384.9700012207031,385.2900085449219,380.57000732421875,380.8949890136719,99559
2024-08-30 15:30:00+00:00,381.1099853515625,381.30999755859375,378.54010009765625,378.82000732421875,80836
2024-08-30 16:30:00+00:00,378.70001220703125,379.8999938964844,378.4530029296875,379.8999938964844,64731
2024-08-30 17:30:00+00:00,379.7699890136719,380.5765075683594,379.6400146484375,380.2099914550781,67385
2024-08-30 18:30:00+00:00,380.2099914550781,382.0450134277344,380.2099914550781,381.79998779296875,76992
2024-08-30 19:30:00+00:00,381.79998779296875,385.8898010253906,381.75,385.7300109863281,287947
2024-09-03 13:30:00+00:00,384.8599853515625,384.8599853515625,379.9599914550781,382.4150085449219,301623
2024-09-03 14:30:00+00:00,382.3999938964844,386.2699890136719,381.7699890136719,385.9700012207031,294339
2024-09-03 15:30:00+00:00,385.8800048828125,387.489990234375,385.3450012207031,385.3949890136719,152220
2024-09-03 16:30:00+00:00,385.2300109863281,387.1199951171875,384.80499267578125,386.2699890136719,136993
2024-09-03 17:30:00+00:00,386.2200012207031,388.3399963378906,385.989990234375,388.0799865722656,202113
2024-09-03 18:30:00+00:00,388.0849914550781,388.3800048828125,387.2099914550781,388.1099853515625,250604
2024-09-03 19:30:00+00:00,388.25,388.2900085449219,384.6160888671875,385.6600036621094,335743
2024-09-04 13:30:00+00:00,386.5400085449219,398.5799865722656,386.1000061035156,394.7300109863281,546012
2024-09-04 14:30:00+00:00,394.6449890136719,395.0,391.6499938964844,392.0299987792969,202685
2024-09-04 15:30:00+00:00,391.7200012207031,392.1499938964844,390.05999755859375,391.1099853515625,270013
2024-09-04 16:30:00+00:00,391.1000061035156,392.239990234375,387.0,387.3699951171875,220026
2024-09-04 17:30:00+00:00,387.4049987792969,391.42999267578125,387.4049987792969,391.1600036621094,200459
2024-09-04 18:30:00+00:00,391.1650085449219,391.8399963378906,389.6000061035156,391.29998779296875,266245
2024-09-04 19:30:00+00:00,391.1099853515625,392.20001220703125,390.6300964355469,391.8500061035156,398739
2024-09-05 13:30:00+00:00,392.0,395.0,383.0199890136719,387.0849914550781,419774
2024-09-05 14:30:00+00:00,387.0849914550781,387.6400146484375,383.3299865722656,383.8599853515625,127202
2024-09-05 15:30:00+00:00,383.8599853515625,384.20001220703125,382.8299865722656,384.0,128306
2024-09-05 16:30:00+00:00,384.0350036621094,385.3999938964844,383.75,383.75,90879
2024-09-05 17:30:00+00:00,383.9198913574219,385.510009765625,383.5,385.19000244140625,117513
2024-09-05 18:30:00+00:00,385.19000244140625,385.5050048828125,383.7049865722656,384.1075134277344,93619
2024-09-05 19:30:00+00:00,384.1050109863281,384.7850036621094,382.9599914550781,383.8699951171875,209955
2024-09-06 13:30:00+00:00,384.8399963378906,389.0,384.0299987792969,386.6400146484375,208309
2024-09-06 14:30:00+00:00,386.8399963378906,388.8399963378906,384.4599914550781,385.20001220703125,222321
2024-09-06 15:30:00+00:00,384.92999267578125,385.80999755859375,383.0299987792969,383.6300048828125,144098
2024-09-06 16:30:00+00:00,383.7049865722656,387.5950012207031,383.5509033203125,386.6000061035156,109114
2024-09-06 17:30:00+00:00,386.1099853515625,387.20001220703125,385.010009765625,385.95001220703125,52489
2024-09-06 18:30:00+00:00,385.7749938964844,385.94000244140625,383.9187927246094,384.5299987792969,122804
2024-09-06 19:30:00+00:00,384.3900146484375,384.3900146484375,381.31500244140625,381.6000061035156,418086
2024-09-09 13:30:00+00:00,384.1400146484375,392.0,383.4800109863281,391.2349853515625,170580
2024-09-09 14:30:00+00:00,391.2149963378906,391.3699951171875,386.29010009765625,387.5799865722656,185203
2024-09-09 15:30:00+00:00,387.6499938964844,389.6199951171875,387.6499938964844,388.8689880371094,91164
2024-09-09 16:30:00+00:00,389.1000061035156,389.22900390625,387.4599914550781,387.656005859375,64464
2024-09-09 17:30:00+00:00,387.69000244140625,387.8599853515625,385.1000061035156,385.57000732421875,96130
2024-09-09 18:30:00+00:00,385.42999267578125,385.6098937988281,384.30499267578125,385.57000732421875,126285
2024-09-09 19:30:00+00:00,385.56500244140625,387.30999755859375,385.1050109863281,387.2300109863281,246109
2024-09-10 13:30:00+00:00,388.5199890136719,389.4599914550781,381.67999267578125,382.4024963378906,176759
2024-09-10 14:30:00+00:00,382.3999938964844,385.2149963378906,381.7950134277344,385.0450134277344,124299
2024-09-10 15:30:00+00:00,384.8399963378906,385.42999267578125,383.489990234375,383.5199890136719,93741
2024-09-10 16:30:00+00:00,383.54150390625,385.29998779296875,383.3599853515625,384.8500061035156,80134
2024-09-10 17:30:00+00:00,384.92498779296875,385.4100036621094,383.4599914550781,384.2300109863281,80702
2024-09-10 18:30:00+00:00,384.2799987792969,385.1000061035156,383.739990234375,384.92498779296875,80228
2024-09-10 19:30:00+00:00,384.8399963378906,387.54998779296875,383.9599914550781,387.29998779296875,263613
2024-09-11 13:30:00+00:00,386.4949951171875,386.4949951171875,378.6600036621094,379.6199951171875,224939
2024-09-11 14:30:00+00:00,379.2900085449219,382.29998779296875,378.8999938964844,380.7099914550781,177758
2024-09-11 15:30:00+00:00,381.2300109863281,383.7300109863281,381.1300048828125,383.1199951171875,87299
2024-09-11 16:30:00+00:00,383.1000061035156,384.9100036621094,382.20001220703125,384.1842041015625,82329
2024-09-11 17:30:00+00:00,384.260009765625,386.6499938964844,384.260009765625,385.80999755859375,81517
2024-09-11 18:30:00+00:00,385.7699890136719,387.4700012207031,385.739990234375,387.2875061035156,77587
2024-09-11 19:30:00+00:00,387.54998779296875,388.8599853515625,386.0320129394531,388.1000061035156,214227
2024-09-12 13:30:00+00:00,388.1700134277344,389.010009765625,383.6000061035156,385.2950134277344,130460
2024-09-12 14:30:00+00:00,385.29998779296875,386.6700134277344,384.2550048828125,384.4599914550781,82676
2024-09-12 15:30:00+00:00,384.6300048828125,385.260009765625,383.17999267578125,383.5400085449219,71178
2024-09-12 16:30:00+00:00,383.6199951171875,385.54998779296875,383.0950012207031,385.2059020996094,57287
2024-09-12 17:30:00+00:00,385.5050048828125,386.6000061035156,385.3299865722656,386.05999755859375,51816
2024-09-12 18:30:00+00:00,386.25,387.0,385.1199951171875,386.4200134277344,83626
2024-09-12 19:30:00+00:00,386.510009765625,387.89990234375,386.17999267578125,387.260009765625,233171
2024-09-13 13:30:00+00:00,389.989990234375,391.6600036621094,386.4200134277344,390.7049865722656,150030
2024-09-13 14:30:00+00:00,390.67999267578125,391.7950134277344,390.25,391.2225036621094,126183
2024-09-13 15:30:00+00:00,391.1575012207031,392.59991455078125,390.8634948730469,391.6499938964844,74862
2024-09-13 16:30:00+00:00,391.510009765625,393.5,391.360107421875,393.5,90391
2024-09-13 17:30:00+00:00,393.5199890136719,395.20001220703125,393.04998779296875,393.53839111328125,124125
2024-09-13 18:30:00+00:00,393.5,394.3599853515625,392.9169921875,394.1499938964844,110542
2024-09-13 19:30:00+00:00,394.07000732421875,394.8699951171875,393.75,394.5400085449219,266275
2024-09-16 13:30:00+00:00,396.0,399.5,394.30999755859375,395.0799865722656,219612
2024-09-16 14:30:00+00:00,395.1499938964844,395.989990234375,393.375,393.375,100436
2024-09-16 15:30:00+00:00,393.489990234375,394.2900085449219,393.1199951171875,393.6600036621094,63847
2024-09-16 16:30:00+00:00,393.5350036621094,394.489990234375,393.3901062011719,394.3900146484375,68609
2024-09-16 17:30:00+00:00,394.45001220703125,395.409912109375,394.19500732421875,394.6700134277344,62631
2024-09-16 18:30:00+00:00,394.6700134277344,396.010009765625,394.2099914550781,395.31500244140625,98942
2024-09-16 19:30:00+00:00,395.31500244140625,395.8399963378906,394.4200134277344,394.80999755859375,155429
2024-09-17 13:30:00+00:00,396.5,398.3900146484375,395.45001220703125,397.0199890136719,149183
2024-09-17 14:30:00+00:00,397.06500244140625,399.6300048828125,396.7699890136719,399.5,132430
2024-09-17 15:30:00+00:00,399.5,400.1199951171875,397.7242126464844,398.8299865722656,119586
2024-09-17 16:30:00+00:00,398.54998779296875,398.6199951171875,395.7850036621094,397.489990234375,79379
2024-09-17 17:30:00+00:00,397.25,397.5899963378906,395.9601135253906,396.6050109863281,83738
2024-09-17 18:30:00+00:00,396.45001220703125,396.8699951171875,395.67999267578125,396.7900085449219,88436
2024-09-17 19:30:00+00:00,396.6099853515625,398.0,396.2099914550781,397.9800109863281,184980
2024-09-18 13:30:00+00:00,398.0,400.7200012207031,396.8900146484375,398.80999755859375,99410
2024-09-18 14:30:00+00:00,398.5,398.9800109863281,397.489990234375,398.82000732421875,57746
2024-09-18 15:30:00+00:00,398.6400146484375,398.8800048828125,397.70001220703125,398.1300048828125,46484
2024-09-18 16:30:00+00:00,398.1199951171875,399.7950134277344,398.114990234375,399.7950134277344,66916
2024-09-18 17:30:00+00:00,399.7850036621094,403.8299865722656,397.55999755859375,403.5350036621094,186764
2024-09-18 18:30:00+00:00,403.6050109863281,405.989990234375,402.2919006347656,404.4800109863281,286583
2024-09-18 19:30:00+00:00,404.5,404.8999938964844,400.8800048828125,401.1300048828125,257067
2024-09-19 13:30:00+00:00,406.5199890136719,408.2239990234375,403.3349914550781,405.25,210127
2024-09-19 14:30:00+00:00,405.4800109863281,408.5899963378906,404.5,407.7149963378906,205876
2024-09-19 15:30:00+00:00,407.7099914550781,411.4200134277344,407.1200866699219,411.2799987792969,199789
2024-09-19 16:30:00+00:00,411.3800048828125,412.160888671875,410.91009521484375,411.25,169037
2024-09-19 17:30:00+00:00,411.2049865722656,412.45001220703125,409.57000732421875,410.5050048828125,149240
2024-09-19 18:30:00+00:00,410.6400146484375,410.7149963378906,409.32000732421875,409.5849914550781,153629
2024-09-19 19:30:00+00:00,409.4800109863281,410.04998779296875,407.8800048828125,409.54998779296875,294155
2024-09-20 13:30:00+00:00,406.6199951171875,406.94000244140625,402.4800109863281,406.05999755859375,335131
2024-09-20 14:30:00+00:00,406.17999267578125,407.1000061035156,405.79998779296875,406.58648681640625,114762
2024-09-20 15:30:00+00:00,406.54998779296875,408.6600036621094,406.0799865722656,408.1400146484375,131267
2024-09-20 16:30:00+00:00,408.17498779296875,409.9100036621094,407.940185546875,408.54998779296875,87630
2024-09-20 17:30:00+00:00,408.44000244140625,408.70001220703125,405.45001220703125,405.4800109863281,63221
2024-09-20 18:30:00+00:00,405.6199951171875,406.1499938964844,404.8699951171875,405.8599853515625,108914
2024-09-20 19:30:00+00:00,405.7950134277344,407.0199890136719,405.29998779296875,406.1099853515625,231834
2024-09-23 13:30:00+00:00,405.0199890136719,409.6099853515625,404.07000732421875,407.75,149812
2024-09-23 14:30:00+00:00,407.69500732421875,408.0899963378906,406.1600036621094,406.9200134277344,63079
2024-09-23 15:30:00+00:00,406.6300048828125,407.57000732421875,405.5400085449219,407.1700134277344,58835
2024-09-23 16:30:00+00:00,406.989990234375,408.1700134277344,406.79998779296875,408.010009765625,44259
2024-09-23 17:30:00+00:00,408.1600036621094,409.92999267578125,408.0,409.6199951171875,182461
2024-09-23 18:30:00+00:00,409.7799987792969,410.260009765625,408.99481201171875,409.5820007324219,106420
2024-09-23 19:30:00+00:00,409.67999267578125,410.0899963378906,408.3699951171875,408.8800048828125,180148
2024-09-24 13:30:00+00:00,411.739990234375,415.75,407.364990234375,409.7449951171875,393560
2024-09-24 14:30:00+00:00,410.0,412.0199890136719,408.1499938964844,410.9700012207031,150820
2024-09-24 15:30:00+00:00,411.0,411.4700012207031,409.3699951171875,409.510009765625,93906
2024-09-24 16:30:00+00:00,409.4800109863281,410.75201416015625,409.17999267578125,409.68499755859375,88009
2024-09-24 17:30:00+00:00,409.6188049316406,410.3299865722656,408.92498779296875,409.2900085449219,85402
2024-09-24 18:30:00+00:00,409.17999267578125,410.4700012207031,408.8450012207031,410.3599853515625,79219
2024-09-24 19:30:00+00:00,410.30999755859375,411.1400146484375,409.8900146484375,411.0,169130
2024-09-25 13:30:00+00:00,412.8399963378906,413.8699951171875,409.489990234375,410.2900085449219,149821
2024-09-25 14:30:00+00:00,410.4700012207031,410.7099914550781,409.2900085449219,409.57000732421875,54842
2024-09-25 15:30:00+00:00,409.5,409.7699890136719,407.1400146484375,407.1400146484375,68663
2024-09-25 16:30:00+00:00,407.1400146484375,407.5,406.07000732421875,406.9100036621094,117067
2024-09-25 17:30:00+00:00,406.7300109863281,407.20001220703125,406.20001220703125,406.9800109863281,49383
2024-09-25 18:30:00+00:00,407.0050048828125,407.1189880371094,406.3034973144531,407.1189880371094,81262
2024-09-25 19:30:00+00:00,407.0299987792969,407.5199890136719,406.5199890136719,407.0199890136719,226211
2024-09-26 13:30:00+00:00,409.9599914550781,413.1449890136719,408.3699951171875,411.8599853515625,228736
2024-09-26 14:30:00+00:00,412.010009765625,413.0660095214844,410.8299865722656,410.92999267578125,74655
2024-09-26 15:30:00+00:00,410.760009765625,411.8699951171875,410.6499938964844,411.04998779296875,79629
2024-09-26 16:30:00+00:00,410.7701110839844,411.4599914550781,410.3399963378906,411.30499267578125,61187
2024-09-26 17:30:00+00:00,411.3500061035156,412.8500061035156,411.3500061035156,411.5299987792969,80348
2024-09-26 18:30:00+00:00,411.5299987792969,412.20989990234375,410.75,410.75,75351
2024-09-26 19:30:00+00:00,411.0,412.3599853515625,410.6300048828125,411.4700012207031,134609
2024-09-27 13:30:00+00:00,414.1000061035156,419.0299987792969,412.57000732421875,418.8962097167969,196714
2024-09-27 14:30:00+00:00,418.7349853515625,419.6300048828125,418.42010498046875,419.0799865722656,114022
2024-09-27 15:30:00+00:00,419.0799865722656,419.2749938964844,417.0799865722656,417.66351318359375,103822
2024-09-27 16:30:00+00:00,417.5199890136719,417.8999938964844,415.7200012207031,415.7200012207031,72063
2024-09-27 17:30:00+00:00,415.82501220703125,416.7099914550781,414.9800109863281,415.32000732421875,123756
2024-09-27 18:30:00+00:00,415.2749938964844,417.45001220703125,414.6600036621094,417.20001220703125,225912
2024-09-27 19:30:00+00:00,417.20001220703125,418.3500061035156,416.8399963378906,418.1099853515625,268693
2024-09-30 13:30:00+00:00,416.25,417.4200134277344,412.54010009765625,416.364990234375,234656
2024-09-30 14:30:00+00:00,416.4599914550781,417.7900085449219,413.760009765625,413.9400939941406,81054
2024-09-30 15:30:00+00:00,414.125,416.1099853515625,413.8900146484375,415.9700012207031,77456
2024-09-30 16:30:00+00:00,415.9800109863281,416.6000061035156,415.55999755859375,416.3424987792969,61194
2024-09-30 17:30:00+00:00,416.1499938964844,417.139892578125,414.4200134277344,415.54998779296875,177133
2024-09-30 18:30:00+00:00,415.44000244140625,416.9599914550781,414.989990234375,416.614990234375,133306
2024-09-30 19:30:00+00:00,416.6099853515625,417.94000244140625,416.0899963378906,417.4800109863281,146066
2024-10-01 13:30:00+00:00,414.67999267578125,417.0,411.1199951171875,415.9599914550781,153271
2024-10-01 14:30:00+00:00,415.58099365234375,418.0,414.489990234375,417.8900146484375,85043
2024-10-01 15:30:00+00:00,418.17999267578125,419.8800048828125,417.7300109863281,419.2449951171875,108314
2024-10-01 16:30:00+00:00,419.3599853515625,419.6199951171875,417.5899963378906,417.8299865722656,74107
2024-10-01 17:30:00+00:00,418.0199890136719,420.4700012207031,417.95208740234375,419.7200012207031,77685
2024-10-01 18:30:00+00:00,419.75,420.0299987792969,417.8900146484375,418.5899963378906,74939
2024-10-01 19:30:00+00:00,418.375,418.5799865722656,416.2200012207031,416.54998779296875,135114
2024-10-02 13:30:00+00:00,416.1199951171875,417.5799865722656,414.1400146484375,414.9100036621094,157011
2024-10-02 14:30:00+00:00,414.8699951171875,416.17999267578125,414.1700134277344,416.17999267578125,75193
2024-10-02 15:30:00+00:00,416.1499938964844,417.0400085449219,415.3388977050781,415.7650146484375,61046
2024-10-02 16:30:00+00:00,415.69000244140625,415.79949951171875,414.9606018066406,415.79949951171875,46313
2024-10-02 17:30:00+00:00,415.5,416.67999267578125,414.760009765625,415.25,57661
2024-10-02 18:30:00+00:00,415.0400085449219,416.2300109863281,415.0,415.1449890136719,67184
2024-10-02 19:30:00+00:00,415.0400085449219,416.9750061035156,414.2900085449219,416.6600036621094,159667
2024-10-03 13:30:00+00:00,412.69000244140625,413.8299865722656,407.7214050292969,411.1499938964844,166650
2024-10-03 14:30:00+00:00,410.8599853515625,412.8900146484375,410.67999267578125,412.3999938964844,88751
2024-10-03 15:30:00+00:00,412.57000732421875,413.1000061035156,411.8900146484375,411.989990234375,47348
2024-10-03 16:30:00+00:00,411.9750061035156,412.0299987792969,408.28009033203125,408.28009033203125,73601
2024-10-03 17:30:00+00:00,408.2203063964844,409.29998779296875,408.2203063964844,409.010009765625,61910
2024-10-03 18:30:00+00:00,408.7300109863281,409.260009765625,408.04998779296875,408.6050109863281,85363
2024-10-03 19:30:00+00:00,408.5400085449219,409.1099853515625,408.010009765625,408.55999755859375,129385
2024-10-04 13:30:00+00:00,412.0,412.1400146484375,406.2799987792969,406.614990234375,164351
2024-10-04 14:30:00+00:00,406.5450134277344,407.3900146484375,405.07000732421875,405.3900146484375,113384
2024-10-04 15:30:00+00:00,405.6025085449219,407.7900085449219,405.3399963378906,406.989990234375,105105
2024-10-04 16:30:00+00:00,407.19000244140625,408.0,406.489990234375,406.489990234375,56534
2024-10-04 17:30:00+00:00,406.4700012207031,407.6050109863281,405.739990234375,406.3299865722656,92851
2024-10-04 18:30:00+00:00,406.4750061035156,407.3900146484375,406.1700134277344,407.19000244140625,74088
2024-10-04 19:30:00+00:00,406.94000244140625,408.45001220703125,406.75,407.9200134277344,129383
2024-10-07 13:30:00+00:00,407.8699951171875,408.739990234375,404.385009765625,407.3800048828125,148487
2024-10-07 14:30:00+00:00,407.1400146484375,409.0899963378906,406.3599853515625,408.1700134277344,102902
2024-10-07 15:30:00+00:00,408.4200134277344,408.6400146484375,407.5150146484375,407.6499938964844,70113
2024-10-07 16:30:00+00:00,407.5799865722656,408.3699951171875,407.1499938964844,408.25,60187
2024-10-07 17:30:00+00:00,408.0899963378906,408.0899963378906,406.94000244140625,407.04998779296875,46489
2024-10-07 18:30:00+00:00,407.0400085449219,407.36248779296875,405.3900146484375,406.6199951171875,130194
2024-10-07 19:30:00+00:00,406.7799987792969,406.7799987792969,405.1199951171875,406.0400085449219,212692
2024-10-08 13:30:00+00:00,403.5400085449219,405.9100036621094,399.510009765625,400.5299987792969,206987
2024-10-08 14:30:00+00:00,400.3699951171875,401.69000244140625,398.7799987792969,400.8800048828125,148303
2024-10-08 15:30:00+00:00,400.8999938964844,402.04998779296875,400.8999938964844,401.7449951171875,61415
2024-10-08 16:30:00+00:00,401.80999755859375,402.2799987792969,401.25,401.5,116495
2024-10-08 17:30:00+00:00,401.510009765625,401.8450012207031,401.0400085449219,401.5899963378906,38245
2024-10-08 18:30:00+00:00,401.5199890136719,402.0,401.00909423828125,401.2449951171875,66088
2024-10-08 19:30:00+00:00,401.25,401.54998779296875,400.29998779296875,400.3299865722656,126457
2024-10-09 13:30:00+00:00,401.5,405.42999267578125,401.5,402.55499267578125,125049
2024-10-09 14:30:00+00:00,402.7300109863281,405.32501220703125,401.8349914550781,405.19000244140625,63649
2024-10-09 15:30:00+00:00,405.07000732421875,406.3699951171875,405.0,405.9649963378906,55081
2024-10-09 16:30:00+00:00,405.70001220703125,405.95001220703125,404.33538818359375,405.6300048828125,54335
2024-10-09 17:30:00+00:00,405.51190185546875,405.82501220703125,404.44000244140625,404.6549987792969,66224
2024-10-09 18:30:00+00:00,404.6499938964844,405.3999938964844,403.8900146484375,405.3500061035156,67351
2024-10-09 19:30:00+00:00,405.4599914550781,405.94000244140625,405.05999755859375,405.45001220703125,159469
2024-10-10 13:30:00+00:00,404.7699890136719,405.2900085449219,401.8599853515625,402.19000244140625,102201
2024-10-10 14:30:00+00:00,402.2250061035156,405.4175109863281,402.2250061035156,404.6600036621094,42115
2024-10-10 15:30:00+00:00,404.6499938964844,404.7900085449219,403.6300048828125,404.3999938964844,45777
2024-10-10 16:30:00+00:00,404.489990234375,404.5820007324219,402.8299865722656,403.67999267578125,41571
2024-10-10 17:30:00+00:00,403.7200012207031,404.1400146484375,402.7900085449219,403.5400085449219,40065
2024-10-10 18:30:00+00:00,403.6000061035156,404.5889892578125,403.6000061035156,404.2250061035156,40841
2024-10-10 19:30:00+00:00,404.3900146484375,406.54998779296875,404.364990234375,405.8999938964844,122046
2024-10-11 13:30:00+00:00,405.04998779296875,411.2099914550781,404.4649963378906,410.760009765625,93837
2024-10-11 14:30:00+00:00,410.760009765625,412.3699951171875,410.6400146484375,411.1000061035156,96114
2024-10-11 15:30:00+00:00,411.25,412.26190185546875,410.010009765625,410.25,40980
2024-10-11 16:30:00+00:00,410.4299011230469,411.239990234375,410.04998779296875,410.6600036621094,39500
2024-10-11 17:30:00+00:00,410.6400146484375,411.4100036621094,410.2699890136719,411.239990234375,33408
2024-10-11 18:30:00+00:00,411.3800048828125,411.6600036621094,410.7300109863281,411.2699890136719,48921
2024-10-11 19:30:00+00:00,411.2200012207031,411.8999938964844,411.05999755859375,411.0899963378906,127330
2024-10-14 13:30:00+00:00,408.0299987792969,408.7799987792969,399.4599914550781,400.0249938964844,361798
2024-10-14 14:30:00+00:00,400.0050048828125,405.54998779296875,400.0050048828125,405.3999938964844,118899
2024-10-14 15:30:00+00:00,405.1300048828125,405.7980041503906,404.7699890136719,405.6600036621094,65591
2024-10-14 16:30:00+00:00,405.75,406.9200134277344,405.3475036621094,406.8900146484375,42356
2024-10-14 17:30:00+00:00,406.7900085449219,406.7900085449219,406.20001220703125,406.5,78095
2024-10-14 18:30:00+00:00,406.5,406.7900085449219,405.4100036621094,406.7300109863281,84165
2024-10-14 19:30:00+00:00,406.6400146484375,408.3900146484375,406.4330139160156,407.79998779296875,134140
2024-10-15 13:30:00+00:00,405.0199890136719,409.0400085449219,403.9599914550781,408.57000732421875,225497
2024-10-15 14:30:00+00:00,408.1499938964844,409.0299987792969,407.1784973144531,407.2699890136719,71824
2024-10-15 15:30:00+00:00,407.3576965332031,408.4599914550781,407.1300048828125,408.139404296875,40216
2024-10-15 16:30:00+00:00,408.2699890136719,408.3699951171875,405.9150085449219,406.1499938964844,43010
2024-10-15 17:30:00+00:00,406.1400146484375,406.2900085449219,404.4599914550781,404.5199890136719,55317
2024-10-15 18:30:00+00:00,404.55499267578125,404.75,403.760009765625,404.14300537109375,67311
2024-10-15 19:30:00+00:00,404.1300048828125,404.1499938964844,401.4800109863281,402.04998779296875,183623
2024-10-16 13:30:00+00:00,403.2300109863281,406.95001220703125,403.114990234375,404.17498779296875,120422
2024-10-16 14:30:00+00:00,403.69000244140625,405.1199951171875,403.635009765625,405.0150146484375,62160
2024-10-16 15:30:00+00:00,405.0150146484375,407.3399963378906,404.32470703125,407.30999755859375,60991
2024-10-16 16:30:00+00:00,407.3399963378906,409.5199890136719,407.04010009765625,409.239990234375,135695
2024-10-16 17:30:00+00:00,409.3550109863281,410.44500732421875,408.5950012207031,410.25,70684
2024-10-16 18:30:00+00:00,410.25,410.3839111328125,408.7099914550781,409.26251220703125,111622
2024-10-16 19:30:00+00:00,409.1600036621094,410.0400085449219,408.9800109863281,409.3699951171875,155160
2024-10-17 13:30:00+00:00,408.1199951171875,409.25,403.2799987792969,403.6499938964844,207882
2024-10-17 14:30:00+00:00,403.4700012207031,405.30999755859375,402.3500061035156,405.1499938964844,112900
2024-10-17 15:30:00+00:00,405.2900085449219,405.4200134277344,404.70001220703125,405.2850036621094,61975
2024-10-17 16:30:00+00:00,405.3091125488281,407.25750732421875,405.07000732421875,405.885009765625,57510
2024-10-17 17:30:00+00:00,405.8599853515625,405.8599853515625,396.5299987792969,400.7149963378906,501824
2024-10-17 18:30:00+00:00,400.7099914550781,405.19000244140625,400.4501037597656,404.3900146484375,142640
2024-10-17 19:30:00+00:00,404.4599914550781,405.7449951171875,404.3900146484375,405.1400146484375,162232
2024-10-18 13:30:00+00:00,406.989990234375,407.0899963378906,404.20001220703125,404.4849853515625,143830
2024-10-18 14:30:00+00:00,404.4949951171875,406.1600036621094,404.45001220703125,405.67999267578125,48005
2024-10-18 15:30:00+00:00,405.67498779296875,407.2300109863281,405.4656066894531,407.04998779296875,40009
2024-10-18 16:30:00+00:00,407.135009765625,408.2200012207031,406.92999267578125,407.7550048828125,70137
2024-10-18 17:30:00+00:00,407.7550048828125,408.4599914550781,406.96600341796875,408.4599914550781,65901
2024-10-18 18:30:00+00:00,408.67999267578125,409.5799865722656,408.4601135253906,408.6400146484375,113643
2024-10-18 19:30:00+00:00,408.6199951171875,409.29998779296875,407.9100036621094,408.6700134277344,129017
2024-10-21 13:30:00+00:00,408.0,410.7250061035156,407.2500915527344,408.739990234375,118799
2024-10-21 14:30:00+00:00,408.7099914550781,409.6499938964844,408.04998779296875,408.3800048828125,75673
2024-10-21 15:30:00+00:00,408.1499938964844,408.6099853515625,406.74560546875,407.7699890136719,98227
2024-10-21 16:30:00+00:00,407.7699890136719,408.8599853515625,407.7099914550781,408.19000244140625,32199
2024-10-21 17:30:00+00:00,408.2799987792969,408.8299865722656,407.32000732421875,408.4750061035156,64440
2024-10-21 18:30:00+00:00,408.3999938964844,408.7099914550781,407.7283935546875,407.8699951171875,65987
2024-10-21 19:30:00+00:00,407.8699951171875,407.8699951171875,405.9200134277344,407.19000244140625,138199
2024-10-22 13:30:00+00:00,407.04998779296875,407.04998779296875,401.80999755859375,402.6600036621094,103076
2024-10-22 14:30:00+00:00,402.6000061035156,405.95831298828125,402.1429138183594,405.7699890136719,63982
2024-10-22 15:30:00+00:00,405.8175048828125,406.42999267578125,404.92498779296875,405.9800109863281,58816
2024-10-22 16:30:00+00:00,406.1600036621094,407.135009765625,406.0450134277344,406.760009765625,38145
2024-10-22 17:30:00+00:00,406.7200012207031,407.375,406.45001220703125,407.375,45530
2024-10-22 18:30:00+00:00,407.3399963378906,407.8450012207031,406.5400085449219,407.55999755859375,69279
2024-10-22 19:30:00+00:00,407.55999755859375,407.8999938964844,406.5400085449219,406.69000244140625,124933
2024-10-23 13:30:00+00:00,407.25,411.42999267578125,406.5318908691406,409.8399963378906,115835
2024-10-23 14:30:00+00:00,409.7900085449219,409.8500061035156,408.3599853515625,408.55499267578125,61301
2024-10-23 15:30:00+00:00,408.364990234375,410.6700134277344,408.364990234375,410.5350036621094,51591
2024-10-23 16:30:00+00:00,410.55499267578125,411.73199462890625,407.80999755859375,408.2300109863281,73873
2024-10-23 17:30:00+00:00,408.30999755859375,408.6199951171875,406.260009765625,407.19000244140625,57123
2024-10-23 18:30:00+00:00,407.2149963378906,409.3900146484375,407.2149963378906,408.0799865722656,116290
2024-10-23 19:30:00+00:00,408.2300109863281,409.45001220703125,407.8299865722656,408.6400146484375,151910
2024-10-24 13:30:00+00:00,408.989990234375,409.7300109863281,407.19500732421875,409.07501220703125,97864
2024-10-24 14:30:00+00:00,409.07000732421875,409.6600036621094,408.260009765625,408.4800109863281,58765
2024-10-24 15:30:00+00:00,408.3399963378906,409.510009765625,407.1684875488281,408.8299865722656,74320
2024-10-24 16:30:00+00:00,408.68499755859375,410.32501220703125,408.68499755859375,410.32000732421875,53308
2024-10-24 17:30:00+00:00,410.2149963378906,410.9100036621094,409.54998779296875,410.25,79994
2024-10-24 18:30:00+00:00,410.3299865722656,411.7598876953125,410.1416015625,411.3900146484375,76489
2024-10-24 19:30:00+00:00,411.3900146484375,411.7643127441406,410.80999755859375,411.0799865722656,94903
2024-10-25 13:30:00+00:00,413.0,414.75,411.56500244140625,412.8900146484375,92180
2024-10-25 14:30:00+00:00,413.07000732421875,413.0899963378906,411.57000732421875,412.0199890136719,51213
2024-10-25 15:30:00+00:00,411.60009765625,411.8800048828125,410.8599853515625,411.8800048828125,36698
2024-10-25 16:30:00+00:00,411.7149963378906,411.8900146484375,409.44000244140625,409.9125061035156,59426
2024-10-25 17:30:00+00:00,409.7799987792969,409.8800048828125,407.8599853515625,408.989990234375,54007
2024-10-25 18:30:00+00:00,409.0350036621094,410.1099853515625,408.510009765625,408.8450012207031,66800
2024-10-25 19:30:00+00:00,408.6565856933594,408.760009765625,407.4200134277344,408.0199890136719,111307
2024-10-28 13:30:00+00:00,409.0,410.69000244140625,408.6700134277344,409.82000732421875,85516
2024-10-28 14:30:00+00:00,409.8399963378906,409.8599853515625,408.3349914550781,408.9049987792969,53570
2024-10-28 15:30:00+00:00,408.7300109863281,411.0450134277344,408.2449951171875,410.67999267578125,42694
2024-10-28 16:30:00+00:00,410.7049865722656,411.8399963378906,410.67999267578125,410.9849853515625,50582
2024-10-28 17:30:00+00:00,411.06500244140625,412.0,410.8550109863281,411.3399963378906,49820
2024-10-28 18:30:00+00:00,411.3500061035156,412.5400085449219,411.2200012207031,412.4049987792969,65067
2024-10-28 19:30:00+00:00,412.30499267578125,413.3299865722656,412.1099853515625,412.489990234375,168361
2024-10-29 13:30:00+00:00,410.20001220703125,410.8699951171875,406.69000244140625,409.6499938964844,112891
2024-10-29 14:30:00+00:00,409.6099853515625,411.0,409.010009765625,409.7200012207031,51203
2024-10-29 15:30:00+00:00,410.0150146484375,410.0150146484375,408.2200012207031,408.8949890136719,48174
2024-10-29 16:30:00+00:00,408.54998779296875,409.2699890136719,407.8362121582031,407.9599914550781,35297
2024-10-29 17:30:00+00:00,408.0,408.0,406.7900085449219,407.1400146484375,54399
2024-10-29 18:30:00+00:00,407.2685852050781,408.05999755859375,406.1099853515625,406.6099853515625,83295
2024-10-29 19:30:00+00:00,406.42999267578125,406.5199890136719,405.2099914550781,406.1400146484375,137748
2024-10-30 13:30:00+00:00,402.6600036621094,408.1400146484375,401.3284912109375,406.2799987792969,120625
2024-10-30 14:30:00+00:00,406.2799987792969,406.7449951171875,405.4010925292969,406.3500061035156,51629
2024-10-30 15:30:00+00:00,406.3349914550781,407.44000244140625,405.7850036621094,406.4100036621094,51561
2024-10-30 16:30:00+00:00,406.19000244140625,406.3800048828125,404.92498779296875,405.6199951171875,48963
2024-10-30 17:30:00+00:00,405.4700012207031,405.9800109863281,404.5299987792969,405.6099853515625,74722
2024-10-30 18:30:00+00:00,405.239990234375,405.30999755859375,404.2699890136719,404.2699890136719,82857
2024-10-30 19:30:00+00:00,404.3550109863281,405.4700012207031,404.3550109863281,404.8299865722656,145492
2024-10-31 13:30:00+00:00,404.260009765625,406.92999267578125,403.260009765625,403.5400085449219,87385
2024-10-31 14:30:00+00:00,403.4649963378906,404.69500732421875,402.0,403.635009765625,65843
2024-10-31 15:30:00+00:00,403.7900085449219,405.2099914550781,403.6400146484375,405.0,38083
2024-10-31 16:30:00+00:00,404.8500061035156,406.6650085449219,404.5400085449219,406.5450134277344,80871
2024-10-31 17:30:00+00:00,406.5849914550781,406.80499267578125,405.6700134277344,406.55999755859375,50792
2024-10-31 18:30:00+00:00,406.489990234375,407.30499267578125,405.8580017089844,406.1400146484375,56610
2024-10-31 19:30:00+00:00,406.25,406.5400085449219,404.57000732421875,404.6199951171875,104775
2024-11-01 13:30:00+00:00,405.79998779296875,407.0763854980469,403.20001220703125,405.05999755859375,227892
2024-11-01 14:30:00+00:00,405.18499755859375,405.18499755859375,402.0299987792969,402.1499938964844,128308
2024-11-01 15:30:00+00:00,402.32000732421875,402.5,400.510009765625,400.7099914550781,87212
2024-11-01 16:30:00+00:00,400.5450134277344,401.19500732421875,399.07000732421875,399.56500244140625,130850
2024-11-01 17:30:00+00:00,399.56500244140625,400.21990966796875,398.30999755859375,399.75,108913
2024-11-01 18:30:00+00:00,399.7550048828125,402.0,399.510009765625,400.6549987792969,107053
2024-11-01 19:30:00+00:00,400.6000061035156,401.0400085449219,398.80999755859375,400.3900146484375,217416
2024-11-04 14:30:00+00:00,400.4200134277344,406.8599853515625,399.9599914550781,403.2099914550781,172393
2024-11-04 15:30:00+00:00,403.5799865722656,403.5799865722656,400.79998779296875,401.1000061035156,147296
2024-11-04 16:30:00+00:00,400.79998779296875,401.4100036621094,399.51409912109375,401.260009765625,51629
2024-11-04 17:30:00+00:00,401.35321044921875,401.92999267578125,400.1099853515625,401.5299987792969,35504
2024-11-04 18:30:00+00:00,401.3349914550781,403.20001220703125,401.17010498046875,402.9849853515625,55246
2024-11-04 19:30:00+00:00,402.94500732421875,403.5400085449219,401.95001220703125,402.0799865722656,82913
2024-11-04 20:30:00+00:00,401.9599914550781,402.0450134277344,401.010009765625,401.7200012207031,122827
2024-11-05 14:30:00+00:00,398.30999755859375,403.2998962402344,396.7900085449219,402.9100036621094,107447
2024-11-05 15:30:00+00:00,403.2850036621094,404.010009765625,398.6499938964844,398.6499938964844,88603
2024-11-05 16:30:00+00:00,398.6199951171875,400.6099853515625,397.739990234375,398.55999755859375,113331
2024-11-05 17:30:00+00:00,398.45001220703125,400.55999755859375,398.45001220703125,400.0350036621094,49418
2024-11-05 18:30:00+00:00,400.1099853515625,400.32501220703125,399.2699890136719,399.2699890136719,56467
2024-11-05 19:30:00+00:00,399.4599914550781,399.989990234375,398.67999267578125,399.375,77733
2024-11-05 20:30:00+00:00,399.3999938964844,400.75,399.1199951171875,400.2900085449219,112977
2024-11-06 14:30:00+00:00,412.6199951171875,415.5,402.1050109863281,406.73748779296875,525342
2024-11-06 15:30:00+00:00,406.9200134277344,407.20001220703125,403.1400146484375,405.8299865722656,138547
2024-11-06 16:30:00+00:00,406.0,407.3699951171875,404.05499267578125,405.0199890136719,164672
2024-11-06 17:30:00+00:00,404.8500061035156,405.45989990234375,404.05999755859375,404.4638977050781,85499
2024-11-06 18:30:00+00:00,404.6449890136719,405.5299987792969,404.1499938964844,404.6650085449219,71251
2024-11-06 19:30:00+00:00,404.6499938964844,406.6299133300781,404.5799865722656,406.385009765625,104942
2024-11-06 20:30:00+00:00,406.3399963378906,406.8299865722656,404.45001220703125,405.6000061035156,256710
2024-11-07 14:30:00+00:00,407.6099853515625,411.6199951171875,406.8949890136719,411.1499938964844,162896
2024-11-07 15:30:00+00:00,410.9483947753906,411.9700012207031,408.7799987792969,408.7900085449219,131131
2024-11-07 16:30:00+00:00,408.7799987792969,409.25,406.3100891113281,408.44000244140625,66821
2024-11-07 17:30:00+00:00,408.44000244140625,409.42999267578125,408.1700134277344,408.7799987792969,61043
2024-11-07 18:30:00+00:00,408.489990234375,410.7850036621094,408.4599914550781,410.3450012207031,97592
2024-11-07 19:30:00+00:00,410.3450012207031,411.42999267578125,410.20001220703125,411.2200012207031,101501
2024-11-07 20:30:00+00:00,411.2749938964844,411.71990966796875,410.6000061035156,411.260009765625,238843
2024-11-08 14:30:00+00:00,402.1000061035156,406.0,397.4100036621094,399.8399963378906,419053
2024-11-08 15:30:00+00:00,399.5400085449219,402.5,398.239990234375,400.1300048828125,115435
2024-11-08 16:30:00+00:00,400.69000244140625,400.69000244140625,397.375,398.04998779296875,103926
2024-11-08 17:30:00+00:00,398.2550048828125,398.44000244140625,395.6300048828125,396.2149963378906,110877
2024-11-08 18:30:00+00:00,395.760009765625,396.260009765625,394.70001220703125,394.760009765625,148233
2024-11-08 19:30:00+00:00,394.8299865722656,395.5299072265625,394.125,394.8999938964844,166813
2024-11-08 20:30:00+00:00,395.0,395.1390075683594,393.7200012207031,394.0,314522
2024-11-11 14:30:00+00:00,397.17999267578125,398.739990234375,393.1700134277344,396.760009765625,229525
2024-11-11 15:30:00+00:00,396.614990234375,398.0899963378906,395.6400146484375,396.6700134277344,111152
2024-11-11 16:30:00+00:00,396.5299987792969,397.9999084472656,396.4200134277344,397.9999084472656,73262
2024-11-11 17:30:00+00:00,397.8399963378906,399.8299865722656,397.7099914550781,399.7799987792969,96704
2024-11-11 18:30:00+00:00,399.4700012207031,401.7099914550781,399.32000732421875,401.2699890136719,82617
2024-11-11 19:30:00+00:00,401.1199951171875,401.6299133300781,399.7149963378906,401.3800048828125,105553
2024-11-11 20:30:00+00:00,401.1400146484375,402.8800048828125,400.8299865722656,402.8500061035156,185796
2024-11-12 14:30:00+00:00,402.19000244140625,402.19000244140625,396.7200012207031,396.7200012207031,149870
2024-11-12 15:30:00+00:00,396.80999755859375,398.0,396.1600036621094,397.5299987792969,82195
2024-11-12 16:30:00+00:00,397.5799865722656,397.5799865722656,395.4100036621094,396.3349914550781,59942
2024-11-12 17:30:00+00:00,396.2850036621094,396.739990234375,394.70001220703125,395.4200134277344,74068
2024-11-12 18:30:00+00:00,395.4750061035156,396.3299865722656,395.010009765625,395.635009765625,137142
2024-11-12 19:30:00+00:00,395.7149963378906,396.1099853515625,394.4599914550781,394.9700012207031,107426
2024-11-12 20:30:00+00:00,394.8900146484375,395.42999267578125,393.1199951171875,393.739990234375,184476
2024-11-13 14:30:00+00:00,390.5799865722656,391.1112976074219,387.0299987792969,389.2049865722656,282836
2024-11-13 15:30:00+00:00,389.2049865722656,392.1300048828125,389.0899963378906,391.1499938964844,195137
2024-11-13 16:30:00+00:00,390.8689880371094,391.45001220703125,389.9849853515625,390.1449890136719,99075
2024-11-13 17:30:00+00:00,390.0299987792969,390.760009765625,389.70001220703125,390.5299987792969,79675
2024-11-13 18:30:00+00:00,390.5,390.6000061035156,389.1304931640625,389.2200012207031,89280
2024-11-13 19:30:00+00:00,389.04998779296875,389.3699951171875,387.0502014160156,389.1600036621094,199246
2024-11-13 20:30:00+00:00,389.2099914550781,390.18231201171875,388.75,389.4200134277344,298132
2024-11-14 14:30:00+00:00,390.4200134277344,395.5199890136719,387.7900085449219,391.0150146484375,385199
2024-11-14 15:30:00+00:00,391.239990234375,395.114990234375,390.8900146484375,394.4599914550781,129507
2024-11-14 16:30:00+00:00,394.44000244140625,395.4800109863281,393.1000061035156,393.82501220703125,78718
2024-11-14 17:30:00+00:00,393.82000732421875,394.8900146484375,393.20001220703125,393.30999755859375,77490
2024-11-14 18:30:00+00:00,393.239990234375,394.69000244140625,392.67999267578125,394.4220886230469,80360
2024-11-14 19:30:00+00:00,394.6700134277344,394.989990234375,393.3800048828125,394.19500732421875,92832
2024-11-14 20:30:00+00:00,394.20001220703125,394.80999755859375,393.6700134277344,394.6600036621094,193475
2024-11-15 14:30:00+00:00,392.6700134277344,399.3399963378906,390.0,396.80999755859375,198004
2024-11-15 15:30:00+00:00,396.6099853515625,397.6700134277344,395.1099853515625,397.135009765625,168017
2024-11-15 16:30:00+00:00,397.1300048828125,397.4599914550781,395.7300109863281,396.760009765625,81461
2024-11-15 17:30:00+00:00,396.7349853515625,398.9599914550781,396.25,398.57501220703125,134204
2024-11-15 18:30:00+00:00,398.43499755859375,399.04998779296875,397.9400939941406,398.43499755859375,87448
2024-11-15 19:30:00+00:00,398.42498779296875,399.29998779296875,397.82000732421875,399.0050048828125,92586
2024-11-15 20:30:00+00:00,399.0450134277344,399.57000732421875,398.5801086425781,398.9549865722656,176123
2024-11-18 14:30:00+00:00,396.2099914550781,406.9800109863281,396.1400146484375,406.9800109863281,277159
2024-11-18 15:30:00+00:00,406.6000061035156,406.97100830078125,404.42999267578125,406.29998779296875,133368
2024-11-18 16:30:00+00:00,406.19000244140625,406.52288818359375,405.0199890136719,405.9599914550781,90859
2024-11-18 17:30:00+00:00,405.948486328125,406.95989990234375,405.29998779296875,406.6300048828125,110404
2024-11-18 18:30:00+00:00,406.572509765625,406.7799987792969,404.5899963378906,404.6449890136719,72935
2024-11-18 19:30:00+00:00,404.57000732421875,405.375,404.3399963378906,404.82000732421875,98915
2024-11-18 20:30:00+00:00,404.80999755859375,404.8876953125,403.9049987792969,404.6300048828125,201170
2024-11-19 14:30:00+00:00,399.510009765625,401.0050048828125,397.75,400.69500732421875,209935
2024-11-19 15:30:00+00:00,400.7799987792969,402.0,400.2799987792969,401.875,189361
2024-11-19 16:30:00+00:00,401.3999938964844,401.7850036621094,400.04998779296875,400.54998779296875,58258
2024-11-19 17:30:00+00:00,400.44000244140625,402.32501220703125,400.44000244140625,401.760009765625,60657
2024-11-19 18:30:00+00:00,401.5400085449219,402.6099853515625,401.0,402.5679931640625,97938
2024-11-19 19:30:00+00:00,402.5249938964844,402.6199951171875,401.19000244140625,401.7699890136719,82586
2024-11-19 20:30:00+00:00,401.69500732421875,401.7049865722656,399.2099914550781,400.05999755859375,166338
2024-11-20 14:30:00+00:00,406.0,408.94000244140625,402.8450012207031,403.57000732421875,183854
2024-11-20 15:30:00+00:00,403.70001220703125,404.5,401.4100036621094,402.4150085449219,138172
2024-11-20 16:30:00+00:00,402.4425048828125,402.8399963378906,401.306884765625,401.306884765625,143716
2024-11-20 17:30:00+00:00,401.4100036621094,403.5799865722656,401.260009765625,402.0400085449219,96116
2024-11-20 18:30:00+00:00,401.9700012207031,402.0098876953125,400.6400146484375,401.9800109863281,93876
2024-11-20 19:30:00+00:00,401.8450012207031,403.2900085449219,401.8450012207031,403.1199951171875,141057
2024-11-20 20:30:00+00:00,403.0899963378906,405.6400146484375,403.0899963378906,405.1000061035156,318843
2024-11-21 14:30:00+00:00,412.75,432.7698974609375,412.2349853515625,427.4800109863281,1324084
2024-11-21 15:30:00+00:00,426.8599853515625,437.8500061035156,422.2799987792969,437.29998779296875,637892
2024-11-21 16:30:00+00:00,437.3674011230469,439.0799865722656,434.7300109863281,438.7300109863281,251610
2024-11-21 17:30:00+00:00,438.67999267578125,441.5098876953125,438.260009765625,440.20550537109375,267084
2024-11-21 18:30:00+00:00,440.2250061035156,442.04998779296875,440.2049865722656,441.3699951171875,268751
2024-11-21 19:30:00+00:00,441.1492004394531,441.9100036621094,436.1000061035156,436.2900085449219,428559
2024-11-21 20:30:00+00:00,436.42999267578125,437.67999267578125,434.7349853515625,437.6700134277344,506243
2024-11-22 14:30:00+00:00,435.92999267578125,439.1600036621094,432.2099914550781,438.364990234375,340900
2024-11-22 15:30:00+00:00,438.57000732421875,445.32000732421875,438.239990234375,444.9049987792969,265423
2024-11-22 16:30:00+00:00,444.92498779296875,445.54998779296875,442.06500244140625,443.18499755859375,280703
2024-11-22 17:30:00+00:00,443.3699951171875,445.29998779296875,442.9700012207031,445.0150146484375,144006
2024-11-22 18:30:00+00:00,445.1099853515625,446.32000732421875,445.1099853515625,446.32000732421875,153788
2024-11-22 19:30:00+00:00,446.04010009765625,447.5,444.510009765625,445.0249938964844,217585
2024-11-22 20:30:00+00:00,445.05999755859375,447.0899963378906,444.7699890136719,446.4700012207031,395720
2024-11-25 14:30:00+00:00,448.0,463.79998779296875,446.70001220703125,463.0450134277344,812424
2024-11-25 15:30:00+00:00,462.739990234375,467.0,460.3299865722656,464.8699951171875,369311
2024-11-25 16:30:00+00:00,464.7070007324219,466.0437927246094,462.4599914550781,464.05999755859375,265705
2024-11-25 17:30:00+00:00,464.0899963378906,467.2900085449219,463.0321044921875,467.2900085449219,201525
2024-11-25 18:30:00+00:00,467.30499267578125,469.3900146484375,465.7200012207031,465.864990234375,305454
2024-11-25 19:30:00+00:00,465.8800048828125,466.989990234375,464.5350036621094,465.8550109863281,234421
2024-11-25 20:30:00+00:00,465.7200012207031,465.7200012207031,462.1000061035156,462.6300048828125,269143
2024-11-26 14:30:00+00:00,456.6400146484375,459.9999084472656,454.3900146484375,457.8222961425781,337952
2024-11-26 15:30:00+00:00,457.80999755859375,461.04998779296875,457.6199951171875,460.69000244140625,194420
2024-11-26 16:30:00+00:00,460.7099914550781,462.92999267578125,459.7500915527344,462.7099914550781,168176
2024-11-26 17:30:00+00:00,462.6700134277344,463.3445129394531,461.0050048828125,461.6099853515625,131201
2024-11-26 18:30:00+00:00,461.4700012207031,461.7900085449219,460.2699890136719,460.8999938964844,126533
2024-11-26 19:30:00+00:00,460.7900085449219,461.0299987792969,459.489990234375,459.489990234375,137693
2024-11-26 20:30:00+00:00,459.4200134277344,461.6449890136719,459.2099914550781,461.1400146484375,249545
2024-11-27 14:30:00+00:00,461.9100036621094,467.05999755859375,461.0950012207031,465.2900085449219,204295
2024-11-27 15:30:00+00:00,465.0,466.80999755859375,464.29998779296875,465.0799865722656,124704
2024-11-27 16:30:00+00:00,465.0799865722656,465.5799865722656,464.0,464.1650085449219,111008
2024-11-27 17:30:00+00:00,464.32000732421875,465.7900085449219,463.8900146484375,465.55999755859375,85912
2024-11-27 18:30:00+00:00,465.489990234375,466.17999267578125,464.0,464.4100036621094,95526
2024-11-27 19:30:00+00:00,464.3699951171875,464.9200134277344,463.7900085449219,464.4200134277344,150850
2024-11-27 20:30:00+00:00,464.44000244140625,466.0799865722656,464.1300048828125,466.0,193897
2024-11-29 14:30:00+00:00,466.0,468.4700012207031,464.1700134277344,467.80999755859375,127510
2024-11-29 15:30:00+00:00,467.802001953125,468.95001220703125,466.57000732421875,467.70001220703125,112328
2024-11-29 16:30:00+00:00,467.7250061035156,469.0899963378906,467.4849853515625,468.5,102063
2024-12-02 14:30:00+00:00,463.70001220703125,464.29998779296875,460.44000244140625,461.2950134277344,239633
2024-12-02 15:30:00+00:00,461.2950134277344,462.4700012207031,459.5299987792969,459.7250061035156,193084
2024-12-02 16:30:00+00:00,459.7099914550781,461.0899963378906,458.8500061035156,460.57000732421875,148523
2024-12-02 17:30:00+00:00,460.6700134277344,462.6700134277344,460.360107421875,462.1449890136719,84665
2024-12-02 18:30:00+00:00,462.3399963378906,462.91009521484375,461.239990234375,461.6099853515625,118732
2024-12-02 19:30:00+00:00,461.3699951171875,462.89990234375,461.3599853515625,462.54998779296875,105640
2024-12-02 20:30:00+00:00,462.489990234375,463.7099914550781,462.3429870605469,462.7099914550781,165276
2024-12-03 14:30:00+00:00,464.010009765625,465.5400085449219,460.3599853515625,461.8800048828125,207667
2024-12-03 15:30:00+00:00,462.0899963378906,462.5899963378906,460.2200012207031,461.43499755859375,134336
2024-12-03 16:30:00+00:00,461.43499755859375,461.6499938964844,459.6000061035156,460.0400085449219,105084
2024-12-03 17:30:00+00:00,459.9100036621094,461.44000244140625,459.8299865722656,460.5050048828125,76379
2024-12-03 18:30:00+00:00,460.4200134277344,461.2900085449219,460.0899963378906,461.1300048828125,82662
2024-12-03 19:30:00+00:00,461.1300048828125,461.5899963378906,460.8399963378906,461.2250061035156,77083
2024-12-03 20:30:00+00:00,461.1400146484375,461.9599914550781,458.95001220703125,459.1199951171875,174240
2024-12-04 14:30:00+00:00,459.0,462.2300109863281,455.2099914550781,455.82000732421875,189673
2024-12-04 15:30:00+00:00,455.6499938964844,456.3800048828125,454.7099914550781,456.3550109863281,91074
2024-12-04 16:30:00+00:00,456.5130920410156,457.5,454.9200134277344,455.0600891113281,72967
2024-12-04 17:30:00+00:00,455.3599853515625,456.2699890136719,454.3999938964844,454.3999938964844,79557
2024-12-04 18:30:00+00:00,454.3999938964844,454.80999755859375,453.29998779296875,454.0400085449219,113220
2024-12-04 19:30:00+00:00,454.0199890136719,455.0199890136719,453.8500061035156,454.75799560546875,138632
2024-12-04 20:30:00+00:00,454.7099914550781,456.3699951171875,454.4599914550781,456.260009765625,171712
2024-12-05 14:30:00+00:00,457.9800109863281,458.364990234375,453.4100036621094,453.635009765625,170699
2024-12-05 15:30:00+00:00,453.4100036621094,454.7401123046875,452.6400146484375,453.4949951171875,81190
2024-12-05 16:30:00+00:00,453.3399963378906,453.739990234375,451.5,451.6300048828125,79153
2024-12-05 17:30:00+00:00,451.7698974609375,452.45001220703125,451.1000061035156,451.375,69473
2024-12-05 18:30:00+00:00,451.3949890136719,452.4599914550781,451.2099914550781,451.3599853515625,77237
2024-12-05 19:30:00+00:00,451.2799987792969,451.80999755859375,450.2300109863281,451.05499267578125,130393
2024-12-05 20:30:00+00:00,450.94000244140625,450.9798889160156,447.92999267578125,448.2099914550781,277972
2024-12-06 14:30:00+00:00,446.5,448.9599914550781,445.04998779296875,445.510009765625,209158
2024-12-06 15:30:00+00:00,445.67999267578125,446.82000732421875,444.5150146484375,444.92999267578125,114693
2024-12-06 16:30:00+00:00,444.977294921875,445.67999267578125,443.760009765625,443.8699951171875,75234
2024-12-06 17:30:00+00:00,443.8599853515625,445.3800048828125,443.5199890136719,444.8699951171875,80392
2024-12-06 18:30:00+00:00,444.69000244140625,444.69000244140625,442.9700012207031,443.2950134277344,108800
2024-12-06 19:30:00+00:00,443.29998779296875,445.1661071777344,443.25,444.125,106233
2024-12-06 20:30:00+00:00,444.04998779296875,444.7699890136719,443.29998779296875,444.0299987792969,174873
2024-12-09 14:30:00+00:00,445.0,453.2533874511719,444.1199951171875,451.4599914550781,264253
2024-12-09 15:30:00+00:00,451.45001220703125,453.1199951171875,450.2300109863281,450.8999938964844,123802
2024-12-09 16:30:00+00:00,450.70001220703125,452.9649963378906,450.20001220703125,451.4700012207031,69414
2024-12-09 17:30:00+00:00,451.2099914550781,451.44000244140625,449.55999755859375,449.69000244140625,80867
2024-12-09 18:30:00+00:00,449.9800109863281,451.92999267578125,449.6400146484375,451.67999267578125,69820
2024-12-09 19:30:00+00:00,451.8349914550781,452.989990234375,451.3999938964844,451.75,91051
2024-12-09 20:30:00+00:00,451.6600036621094,451.6600036621094,448.68499755859375,449.4700012207031,248942
2024-12-10 14:30:00+00:00,447.1300048828125,448.1000061035156,441.0,443.5400085449219,191133
2024-12-10 15:30:00+00:00,443.67999267578125,447.6700134277344,443.32769775390625,447.3500061035156,130149
2024-12-10 16:30:00+00:00,447.05999755859375,448.4599914550781,444.8999938964844,447.2768859863281,97410
2024-12-10 17:30:00+00:00,447.3800048828125,448.69000244140625,447.1000061035156,447.7650146484375,71183
2024-12-10 18:30:00+00:00,447.489990234375,447.489990234375,445.0400085449219,445.3500061035156,79972
2024-12-10 19:30:00+00:00,445.3500061035156,447.3299865722656,445.3500061035156,446.1700134277344,76533
2024-12-10 20:30:00+00:00,446.07000732421875,446.07000732421875,443.25,444.260009765625,189045
2024-12-11 14:30:00+00:00,447.5,449.739990234375,446.08221435546875,447.8399963378906,210156
2024-12-11 15:30:00+00:00,447.6400146484375,448.9435119628906,446.4601135253906,447.4100036621094,108105
2024-12-11 16:30:00+00:00,447.42999267578125,448.1549987792969,446.7001037597656,447.0,102621
2024-12-11 17:30:00+00:00,446.9700012207031,448.9800109863281,446.8599853515625,448.9800109863281,58002
2024-12-11 18:30:00+00:00,448.9049987792969,448.94000244140625,447.8699951171875,448.6455993652344,84328
2024-12-11 19:30:00+00:00,448.50628662109375,449.760009765625,448.45001220703125,449.1499938964844,192787
2024-12-11 20:30:00+00:00,449.0400085449219,449.4800109863281,446.7300109863281,447.9200134277344,279705
2024-12-12 14:30:00+00:00,447.6300048828125,447.6300048828125,441.69000244140625,442.07000732421875,103377
2024-12-12 15:30:00+00:00,441.92999267578125,442.6000061035156,438.70001220703125,439.55999755859375,118766
2024-12-12 16:30:00+00:00,439.8299865722656,440.7799987792969,438.4599914550781,440.6188049316406,69976
2024-12-12 17:30:00+00:00,440.4599914550781,440.92498779296875,439.1600036621094,440.4200134277344,60770
2024-12-12 18:30:00+00:00,440.80999755859375,440.80999755859375,438.8500061035156,438.9764099121094,54105
2024-12-12 19:30:00+00:00,438.9100036621094,440.6700134277344,438.8399963378906,440.2799987792969,60794
2024-12-12 20:30:00+00:00,440.2799987792969,440.5199890136719,439.20001220703125,439.489990234375,126647
2024-12-13 14:30:00+00:00,440.0,442.1199951171875,438.8699951171875,439.6700134277344,138518
2024-12-13 15:30:00+00:00,439.6400146484375,440.54998779296875,437.0201110839844,440.54998779296875,104482
2024-12-13 16:30:00+00:00,440.54998779296875,441.406005859375,439.54559326171875,440.29998779296875,79134
2024-12-13 17:30:00+00:00,440.29998779296875,440.5899963378906,439.6000061035156,440.2900085449219,74203
2024-12-13 18:30:00+00:00,440.2900085449219,440.6400146484375,439.44000244140625,439.69500732421875,57509
2024-12-13 19:30:00+00:00,439.8500061035156,440.4599914550781,439.2200012207031,439.5199890136719,72943
2024-12-13 20:30:00+00:00,439.5249938964844,441.0,439.1099853515625,440.44000244140625,154281
2024-12-16 14:30:00+00:00,440.3299865722656,441.3999938964844,436.0,440.2156982421875,150069
2024-12-16 15:30:00+00:00,440.2250061035156,440.9800109863281,437.95001220703125,438.1000061035156,60548
2024-12-16 16:30:00+00:00,438.42999267578125,439.63519287109375,436.5133972167969,437.7149963378906,107029
2024-12-16 17:30:00+00:00,437.7149963378906,438.1199035644531,436.5799865722656,437.9200134277344,59159
2024-12-16 18:30:00+00:00,437.7200012207031,438.6400146484375,437.7200012207031,438.4100036621094,71289
2024-12-16 19:30:00+00:00,438.25,438.7799987792969,437.8500061035156,438.0,86764
2024-12-16 20:30:00+00:00,438.0799865722656,438.57000732421875,437.0,438.260009765625,166576
2024-12-17 14:30:00+00:00,436.57000732421875,440.0,435.0,439.6400146484375,151439
2024-12-17 15:30:00+00:00,439.29998779296875,439.8500061035156,437.989990234375,439.4549865722656,184695
2024-12-17 16:30:00+00:00,439.1400146484375,441.7699890136719,438.6499938964844,439.79998779296875,100361
2024-12-17 17:30:00+00:00,439.8299865722656,441.1000061035156,439.489990234375,441.04998779296875,58612
2024-12-17 18:30:00+00:00,441.05499267578125,443.95001220703125,441.0350036621094,443.1650085449219,117203
2024-12-17 19:30:00+00:00,443.1025085449219,443.75,441.8999938964844,443.17999267578125,161869
2024-12-17 20:30:00+00:00,443.1099853515625,444.94000244140625,442.94000244140625,443.5899963378906,310106
2024-12-18 14:30:00+00:00,443.20001220703125,445.30999755859375,441.32000732421875,441.3500061035156,127503
2024-12-18 15:30:00+00:00,441.32000732421875,442.3900146484375,439.65008544921875,440.4750061035156,73853
2024-12-18 16:30:00+00:00,440.1000061035156,440.8900146484375,439.68011474609375,439.9849853515625,66105
2024-12-18 17:30:00+00:00,439.9849853515625,440.30999755859375,438.09381103515625,438.5,66502
2024-12-18 18:30:00+00:00,438.5356140136719,439.5899963378906,434.4100036621094,435.17999267578125,91666
2024-12-18 19:30:00+00:00,435.1700134277344,436.20001220703125,430.20001220703125,430.54998779296875,158062
2024-12-18 20:30:00+00:00,430.44000244140625,430.6000061035156,424.510009765625,425.8699951171875,369624
2024-12-19 14:30:00+00:00,428.07000732421875,431.05999755859375,426.25,428.1050109863281,197306
2024-12-19 15:30:00+00:00,427.94000244140625,429.1700134277344,421.9700012207031,427.0950012207031,274669
2024-12-19 16:30:00+00:00,427.04998779296875,427.4200134277344,424.8800048828125,425.614990234375,121963
2024-12-19 17:30:00+00:00,425.8900146484375,426.260009765625,423.6600036621094,425.9100036621094,93402
2024-12-19 18:30:00+00:00,425.9100036621094,427.3500061035156,425.0799865722656,427.0899963378906,100287
2024-12-19 19:30:00+00:00,427.17999267578125,427.5199890136719,425.7799987792969,427.07501220703125,127833
2024-12-19 20:30:00+00:00,427.0899963378906,427.5199890136719,425.8399963378906,426.6400146484375,200279
2024-12-20 14:30:00+00:00,426.010009765625,429.5899963378906,425.739990234375,428.22601318359375,310553
2024-12-20 15:30:00+00:00,429.4429931640625,432.5799865722656,426.8999938964844,432.5799865722656,170711
2024-12-20 16:30:00+00:00,432.6000061035156,436.49749755859375,432.6000061035156,435.82000732421875,140333
2024-12-20 17:30:00+00:00,435.43011474609375,435.93499755859375,432.7961120605469,432.7961120605469,136186
2024-12-20 18:30:00+00:00,433.1199951171875,434.5,432.2239990234375,434.29998779296875,99702
2024-12-20 19:30:00+00:00,434.0299987792969,434.1700134277344,432.1099853515625,432.6199951171875,103388
2024-12-20 20:30:00+00:00,432.3299865722656,433.2200012207031,431.489990234375,432.5299987792969,197029
2024-12-23 14:30:00+00:00,432.6300048828125,432.6300048828125,429.4800109863281,431.2900085449219,115870
2024-12-23 15:30:00+00:00,431.4700012207031,431.67999267578125,428.04998779296875,428.3699951171875,57900
2024-12-23 16:30:00+00:00,428.3699951171875,428.82000732421875,427.3999938964844,427.6700134277344,54647
2024-12-23 17:30:00+00:00,427.3999938964844,428.25830078125,427.0,428.25830078125,56082
2024-12-23 18:30:00+00:00,428.1199951171875,428.889892578125,427.1048889160156,428.01690673828125,68562
2024-12-23 19:30:00+00:00,428.1099853515625,429.9093933105469,428.010009765625,429.6499938964844,77056
2024-12-23 20:30:00+00:00,429.6099853515625,432.6000061035156,429.1099853515625,432.2799987792969,172514
2024-12-24 14:30:00+00:00,430.6099853515625,431.7349853515625,428.7099914550781,431.0,69717
2024-12-24 15:30:00+00:00,430.8800048828125,432.0,430.6000061035156,431.25,49556
2024-12-24 16:30:00+00:00,431.260009765625,432.8500061035156,430.8999938964844,432.4200134277344,67169
2024-12-26 14:30:00+00:00,431.7900085449219,433.7279968261719,430.4425048828125,432.9549865722656,46601
2024-12-26 15:30:00+00:00,432.9100036621094,434.7099914550781,432.6950988769531,434.6400146484375,34406
2024-12-26 16:30:00+00:00,434.45001220703125,435.45001220703125,434.42999267578125,434.55999755859375,42147
2024-12-26 17:30:00+00:00,434.4700012207031,435.17999267578125,434.17010498046875,435.04998779296875,32885
2024-12-26 18:30:00+00:00,435.1600036621094,435.25,434.2200012207031,434.2300109863281,40489
2024-12-26 19:30:00+00:00,434.29998779296875,434.5400085449219,432.9460144042969,433.7300109863281,35281
2024-12-26 20:30:00+00:00,433.4599914550781,434.0799865722656,433.05999755859375,433.75,83608
2024-12-27 14:30:00+00:00,432.3299865722656,435.1700134277344,428.8800048828125,428.92999267578125,96434
2024-12-27 15:30:00+00:00,428.7300109863281,430.9762878417969,428.7250061035156,429.48748779296875,57771
2024-12-27 16:30:00+00:00,429.3399963378906,430.3399963378906,427.5899963378906,428.07501220703125,50471
2024-12-27 17:30:00+00:00,427.79998779296875,429.19000244140625,427.090087890625,428.8800048828125,33554
2024-12-27 18:30:00+00:00,428.92999267578125,429.67181396484375,428.55999755859375,429.2300109863281,37319
2024-12-27 19:30:00+00:00,429.0199890136719,429.8900146484375,427.7349853515625,428.17999267578125,51702
2024-12-27 20:30:00+00:00,428.239990234375,430.30999755859375,427.67999267578125,430.2900085449219,139433
2024-12-30 14:30:00+00:00,427.239990234375,427.8949890136719,421.9800109863281,422.94500732421875,121289
2024-12-30 15:30:00+00:00,422.94000244140625,425.489990234375,421.7300109863281,425.0899963378906,105337
2024-12-30 16:30:00+00:00,425.0,426.1600036621094,424.0199890136719,424.6600036621094,71352
2024-12-30 17:30:00+00:00,424.6600036621094,426.364990234375,424.6600036621094,425.6199951171875,46398
2024-12-30 18:30:00+00:00,425.55999755859375,426.19000244140625,424.6300048828125,424.95001220703125,49568
2024-12-30 19:30:00+00:00,425.1400146484375,425.7449951171875,424.69000244140625,425.05999755859375,71434
2024-12-30 20:30:00+00:00,425.1099853515625,426.07000732421875,424.3800048828125,424.7149963378906,146038
2024-12-31 14:30:00+00:00,425.5,427.79998779296875,424.3590087890625,425.272705078125,62310
2024-12-31 15:30:00+00:00,425.1034851074219,425.3598937988281,422.8450012207031,423.0376892089844,42588
2024-12-31 16:30:00+00:00,423.0307922363281,423.2799072265625,421.75,422.07000732421875,38177
2024-12-31 17:30:00+00:00,422.2200012207031,423.4100036621094,421.6499938964844,421.6700134277344,39257
2024-12-31 18:30:00+00:00,421.6650085449219,423.25,421.4599914550781,422.7349853515625,65985
2024-12-31 19:30:00+00:00,422.5400085449219,424.260009765625,421.7200012207031,423.8800048828125,85745
2024-12-31 20:30:00+00:00,423.82501220703125,424.29998779296875,422.6400146484375,423.92999267578125,204758
2025-01-02 14:30:00+00:00,426.0799865722656,428.8399963378906,424.4200134277344,424.4200134277344,122128
2025-01-02 15:30:00+00:00,424.5799865722656,424.7650146484375,420.30999755859375,422.4700012207031,92112
2025-01-02 16:30:00+00:00,422.1600036621094,424.0299987792969,420.5199890136719,420.5199890136719,122478
2025-01-02 17:30:00+00:00,421.1499938964844,421.1499938964844,419.19000244140625,419.385009765625,108319
2025-01-02 18:30:00+00:00,419.385009765625,419.94989013671875,417.8800048828125,419.6000061035156,149063
2025-01-02 19:30:00+00:00,419.6050109863281,420.2900085449219,418.30999755859375,420.18499755859375,99473
2025-01-02 20:30:00+00:00,420.1600036621094,421.7149963378906,417.8800048828125,418.19000244140625,177953
2025-01-03 14:30:00+00:00,419.8299865722656,420.6499938964844,416.67999267578125,419.9750061035156,137560
2025-01-03 15:30:00+00:00,419.9750061035156,421.25,418.42999267578125,419.4800109863281,79048
2025-01-03 16:30:00+00:00,419.1885986328125,421.42999267578125,419.1885986328125,420.8599853515625,46063
2025-01-03 17:30:00+00:00,420.9200134277344,421.1400146484375,419.8760986328125,421.1400146484375,67656
2025-01-03 18:30:00+00:00,421.1000061035156,422.6199951171875,420.79888916015625,422.6199951171875,74243
2025-01-03 19:30:00+00:00,422.6300048828125,422.6300048828125,421.5,422.0,85789
2025-01-03 20:30:00+00:00,421.94000244140625,422.94000244140625,421.8299865722656,422.2200012207031,197328
2025-01-06 14:30:00+00:00,424.0,429.1000061035156,424.0,425.5799865722656,170994
2025-01-06 15:30:00+00:00,425.2799987792969,425.3900146484375,422.8330078125,424.5199890136719,69280
2025-01-06 16:30:00+00:00,424.7200012207031,425.1099853515625,423.7099914550781,424.1099853515625,75052
2025-01-06 17:30:00+00:00,424.1099853515625,424.3999938964844,422.70001220703125,423.3500061035156,49118
2025-01-06 18:30:00+00:00,423.4700012207031,423.5,421.1499938964844,421.1700134277344,62588
2025-01-06 19:30:00+00:00,420.94500732421875,421.2799987792969,418.62298583984375,419.5,96012
2025-01-06 20:30:00+00:00,419.3316955566406,420.2099914550781,417.8800048828125,418.2799987792969,249973
2025-01-07 14:30:00+00:00,417.8500061035156,420.0994873046875,416.0,418.3399963378906,119937
2025-01-07 15:30:00+00:00,418.614990234375,419.3299865722656,416.1000061035156,417.010009765625,97310
2025-01-07 16:30:00+00:00,417.3949890136719,417.3949890136719,414.489990234375,414.57501220703125,59514
2025-01-07 17:30:00+00:00,414.4649963378906,414.95001220703125,413.0,414.8599853515625,69076
2025-01-07 18:30:00+00:00,414.7799987792969,415.75,414.6099853515625,415.42999267578125,92604
2025-01-07 19:30:00+00:00,415.42498779296875,415.6325988769531,412.8952941894531,413.3900146484375,101721
2025-01-07 20:30:00+00:00,413.239990234375,413.7799987792969,412.3450012207031,413.260009765625,148994
2025-01-08 14:30:00+00:00,411.0799865722656,411.9700012207031,408.2200012207031,408.67999267578125,96913
2025-01-08 15:30:00+00:00,408.4923095703125,410.9800109863281,408.2099914550781,410.1499938964844,94511
2025-01-08 16:30:00+00:00,410.1965026855469,411.1531982421875,408.6600036621094,409.4280090332031,67943
2025-01-08 17:30:00+00:00,409.3627014160156,410.8999938964844,409.04998779296875,410.2799987792969,59024
2025-01-08 18:30:00+00:00,410.18499755859375,411.0899963378906,408.6499938964844,410.6400146484375,81564
2025-01-08 19:30:00+00:00,410.5899963378906,410.5899963378906,409.32000732421875,409.9100036621094,75471
2025-01-08 20:30:00+00:00,409.9100036621094,410.67999267578125,408.7799987792969,409.95001220703125,196969
2025-01-10 14:30:00+00:00,405.8900146484375,406.8999938964844,403.9419860839844,405.57000732421875,153731
2025-01-10 15:30:00+00:00,405.30999755859375,406.1700134277344,403.94000244140625,404.0450134277344,81833
2025-01-10 16:30:00+00:00,403.8500061035156,407.3299865722656,403.010009765625,407.29998779296875,162207
2025-01-10 17:30:00+00:00,407.6099853515625,411.3900146484375,407.3800048828125,410.53851318359375,198539
2025-01-10 18:30:00+00:00,410.4049987792969,410.95001220703125,408.010009765625,409.67999267578125,162402
2025-01-10 19:30:00+00:00,409.510009765625,410.70001220703125,408.79998779296875,409.05499267578125,167676
2025-01-10 20:30:00+00:00,409.05499267578125,409.2900085449219,407.04998779296875,408.2799987792969,310178
2025-01-13 14:30:00+00:00,408.010009765625,421.989990234375,406.0799865722656,421.6000061035156,306993
2025-01-13 15:30:00+00:00,421.79998779296875,426.06988525390625,420.7799987792969,424.7049865722656,226223
2025-01-13 16:30:00+00:00,425.19000244140625,427.0,424.2491149902344,426.3699951171875,238673
2025-01-13 17:30:00+00:00,426.4849853515625,427.55999755859375,425.1199951171875,426.2950134277344,122116
2025-01-13 18:30:00+00:00,426.4700012207031,430.6050109863281,426.20001220703125,430.44500732421875,208735
2025-01-13 19:30:00+00:00,430.6199951171875,432.2699890136719,429.05999755859375,429.9800109863281,303744
2025-01-13 20:30:00+00:00,430.0,431.1300048828125,429.7799987792969,429.9599914550781,289315
2025-01-14 14:30:00+00:00,430.70001220703125,433.44000244140625,428.0096130371094,428.6099853515625,263351
2025-01-14 15:30:00+00:00,428.635009765625,429.92999267578125,427.5820007324219,428.4949951171875,113468
2025-01-14 16:30:00+00:00,428.6050109863281,429.0899963378906,427.360107421875,428.5199890136719,59718
2025-01-14 17:30:00+00:00,428.5799865722656,430.989990234375,428.10589599609375,430.80499267578125,68585
2025-01-14 18:30:00+00:00,430.9100036621094,431.5495910644531,430.6700134277344,431.2449951171875,96672
2025-01-14 19:30:00+00:00,431.1199951171875,431.7099914550781,430.010009765625,431.2550048828125,108653
2025-01-14 20:30:00+00:00,431.25,432.7300109863281,431.07000732421875,432.42999267578125,243554
2025-01-15 14:30:00+00:00,437.9800109863281,438.0,430.43218994140625,433.2550048828125,180526
2025-01-15 15:30:00+00:00,432.94000244140625,434.75,427.9599914550781,428.44500732421875,153569
2025-01-15 16:30:00+00:00,428.32000732421875,431.5400085449219,426.45001220703125,430.6199951171875,156414
2025-01-15 17:30:00+00:00,430.25,432.6300048828125,430.25,432.2699890136719,92470
2025-01-15 18:30:00+00:00,432.2550048828125,432.75,430.94000244140625,431.1099853515625,77838
2025-01-15 19:30:00+00:00,431.1400146484375,432.2650146484375,430.94000244140625,431.5150146484375,91449
2025-01-15 20:30:00+00:00,431.3500061035156,431.3500061035156,428.6600036621094,428.75,157208
2025-01-16 14:30:00+00:00,431.8900146484375,433.1000061035156,428.510009765625,433.1000061035156,118216
2025-01-16 15:30:00+00:00,433.2300109863281,435.6199951171875,432.2749938964844,435.6199951171875,105815
2025-01-16 16:30:00+00:00,435.5950012207031,437.7799987792969,435.44000244140625,437.7799987792969,109789
2025-01-16 17:30:00+00:00,437.6199951171875,438.20001220703125,436.4200134277344,436.6400146484375,105088
2025-01-16 18:30:00+00:00,436.4100036621094,437.8258972167969,435.05999755859375,436.4100036621094,148508
2025-01-16 19:30:00+00:00,436.4700012207031,438.55999755859375,435.87908935546875,438.2699890136719,132782
2025-01-16 20:30:00+00:00,438.3800048828125,439.8699951171875,438.0799865722656,439.3699951171875,219081
2025-01-17 14:30:00+00:00,447.80999755859375,450.2300109863281,443.6400146484375,448.7099914550781,552014
2025-01-17 15:30:00+00:00,448.9100036621094,451.3399963378906,447.2543029785156,450.5899963378906,238473
2025-01-17 16:30:00+00:00,449.77520751953125,452.94000244140625,449.77520751953125,452.6000061035156,173502
2025-01-17 17:30:00+00:00,452.57501220703125,453.4800109863281,452.0,453.25,229912
2025-01-17 18:30:00+00:00,453.2300109863281,455.6400146484375,453.0,454.29998779296875,194774
2025-01-17 19:30:00+00:00,454.3900146484375,455.260009765625,453.45001220703125,454.92999267578125,214943
2025-01-17 20:30:00+00:00,455.04998779296875,457.224609375,454.92999267578125,455.5400085449219,393338
2025-01-21 14:30:00+00:00,458.4700012207031,458.760009765625,453.54998779296875,456.9599914550781,325435
2025-01-21 15:30:00+00:00,457.2300109863281,463.70001220703125,456.5,463.614990234375,150385
2025-01-21 16:30:00+00:00,463.5,465.3399963378906,462.79998779296875,465.0799865722656,138227
2025-01-21 17:30:00+00:00,465.42999267578125,465.5899963378906,462.6000061035156,463.80499267578125,179304
2025-01-21 18:30:00+00:00,463.61761474609375,464.1400146484375,461.25,462.45001220703125,104450
2025-01-21 19:30:00+00:00,462.3800048828125,463.8276062011719,462.3800048828125,463.79998779296875,113642
2025-01-21 20:30:00+00:00,463.80999755859375,463.94000244140625,462.1610107421875,463.4599914550781,269038
2025-01-22 14:30:00+00:00,462.8399963378906,462.95001220703125,458.57000732421875,462.0899963378906,198958
2025-01-22 15:30:00+00:00,461.67999267578125,463.69000244140625,460.7900085449219,463.42999267578125,104385
2025-01-22 16:30:00+00:00,463.3699951171875,464.14581298828125,461.989990234375,462.9200134277344,83671
2025-01-22 17:30:00+00:00,462.94000244140625,463.6300048828125,462.010009765625,463.6300048828125,71474
2025-01-22 18:30:00+00:00,463.6700134277344,464.32000732421875,461.260009765625,461.48291015625,64263
2025-01-22 19:30:00+00:00,461.4800109863281,461.75,460.05499267578125,460.56500244140625,115896
2025-01-22 20:30:00+00:00,460.54998779296875,460.6499938964844,459.1400146484375,459.7799987792969,189508
2025-01-23 14:30:00+00:00,461.1600036621094,472.8999938964844,460.6449890136719,471.25,337320
2025-01-23 15:30:00+00:00,471.05999755859375,473.8399963378906,470.9909973144531,472.75,231720
2025-01-23 16:30:00+00:00,472.55999755859375,473.0799865722656,470.1000061035156,471.6000061035156,179790
2025-01-23 17:30:00+00:00,471.5899963378906,472.3800048828125,470.57000732421875,471.0,145477
2025-01-23 18:30:00+00:00,470.9649963378906,472.20001220703125,470.8500061035156,472.17999267578125,129156
2025-01-23 19:30:00+00:00,471.7401123046875,474.69000244140625,471.7401123046875,474.0,240837
2025-01-23 20:30:00+00:00,473.9700012207031,475.9200134277344,473.8974914550781,474.7200012207031,359470
2025-01-24 14:30:00+00:00,474.4599914550781,478.55999755859375,472.3599853515625,476.3949890136719,191682
2025-01-24 15:30:00+00:00,475.95001220703125,476.4336853027344,473.5899963378906,476.0400085449219,101505
2025-01-24 16:30:00+00:00,476.4599914550781,479.239990234375,475.8699951171875,478.9150085449219,133527
2025-01-24 17:30:00+00:00,478.8800048828125,479.1099853515625,476.03009033203125,476.18499755859375,88806
2025-01-24 18:30:00+00:00,476.18499755859375,478.3999938964844,476.1000061035156,478.3999938964844,180715
2025-01-24 19:30:00+00:00,478.07000732421875,478.7049865722656,477.3299865722656,477.6300964355469,138734
2025-01-24 20:30:00+00:00,477.4750061035156,479.4800109863281,477.1199951171875,479.010009765625,254022
2025-01-27 14:30:00+00:00,480.0,481.8399963378906,474.1099853515625,477.6400146484375,246413
2025-01-27 15:30:00+00:00,477.6400146484375,482.3900146484375,477.1199951171875,481.0,153580
2025-01-27 16:30:00+00:00,481.0299987792969,481.8900146484375,478.5199890136719,479.6499938964844,125285
2025-01-27 17:30:00+00:00,479.7799987792969,481.82989501953125,479.375,479.6199951171875,97376
2025-01-27 18:30:00+00:00,479.67999267578125,482.0249938964844,479.0799865722656,482.0249938964844,117676
2025-01-27 19:30:00+00:00,482.0199890136719,483.3299865722656,481.2300109863281,483.2699890136719,122130
2025-01-27 20:30:00+00:00,483.1499938964844,484.3900146484375,481.2001037597656,484.29998779296875,281201
2025-01-28 14:30:00+00:00,482.4100036621094,484.5,479.5,483.70001220703125,356984
2025-01-28 15:30:00+00:00,483.6499938964844,485.8399963378906,480.510009765625,480.7149963378906,167910
2025-01-28 16:30:00+00:00,480.7149963378906,480.7149963378906,476.32000732421875,476.3622131347656,243623
2025-01-28 17:30:00+00:00,476.57000732421875,479.6300048828125,476.3699951171875,478.1000061035156,133052
2025-01-28 18:30:00+00:00,478.1400146484375,479.05999755859375,476.3500061035156,477.31500244140625,93016
2025-01-28 19:30:00+00:00,477.30999755859375,480.65618896484375,477.30999755859375,478.82501220703125,107939
2025-01-28 20:30:00+00:00,478.71966552734375,480.7699890136719,477.69000244140625,480.5400085449219,258972
2025-01-29 14:30:00+00:00,481.0,482.4049987792969,479.8677062988281,480.6300048828125,125554
2025-01-29 15:30:00+00:00,480.4200134277344,482.2300109863281,479.53009033203125,481.0,62479
2025-01-29 16:30:00+00:00,481.06988525390625,482.2398986816406,480.57000732421875,482.2398986816406,72455
2025-01-29 17:30:00+00:00,481.7652893066406,482.80999755859375,481.2799987792969,482.4700012207031,64003
2025-01-29 18:30:00+00:00,482.4700012207031,482.8399963378906,477.5849914550781,477.5849914550781,87783
2025-01-29 19:30:00+00:00,477.3500061035156,481.07000732421875,477.32501220703125,479.4750061035156,123504
2025-01-29 20:30:00+00:00,479.6199951171875,480.04998779296875,477.9100036621094,477.92999267578125,197774
2025-01-30 14:30:00+00:00,475.75,479.3500061035156,474.4200134277344,477.9599914550781,200286
2025-01-30 15:30:00+00:00,477.7850036621094,481.7099914550781,477.7850036621094,481.45001220703125,111938
2025-01-30 16:30:00+00:00,481.29998779296875,482.5181884765625,480.5,480.8450012207031,74579
2025-01-30 17:30:00+00:00,480.8450012207031,483.2250061035156,480.7344970703125,483.1300048828125,58747
2025-01-30 18:30:00+00:00,483.1449890136719,483.5799865722656,482.5899963378906,482.7300109863281,92434
2025-01-30 19:30:00+00:00,482.7300109863281,482.8900146484375,481.8999938964844,482.79998779296875,95049
2025-01-30 20:30:00+00:00,482.82000732421875,482.82000732421875,477.04998779296875,479.82000732421875,275193
2025-01-31 14:30:00+00:00,479.0,479.5899963378906,475.29998779296875,477.6300048828125,154580
2025-01-31 15:30:00+00:00,477.20001220703125,478.8598937988281,476.9100036621094,477.875,91041
2025-01-31 16:30:00+00:00,477.8800048828125,478.10919189453125,475.8999938964844,477.7900085449219,100500
2025-01-31 17:30:00+00:00,477.92999267578125,479.0899963378906,477.3800048828125,478.20001220703125,110984
2025-01-31 18:30:00+00:00,478.2850036621094,478.6099853515625,474.760009765625,477.0299987792969,120538
2025-01-31 19:30:00+00:00,477.3500061035156,477.67999267578125,474.7950134277344,475.42999267578125,161371
2025-01-31 20:30:00+00:00,475.510009765625,476.6499938964844,474.0625,476.3299865722656,237715
2025-02-03 14:30:00+00:00,464.1499938964844,466.239990234375,459.1400146484375,465.5899963378906,417472
2025-02-03 15:30:00+00:00,465.0799865722656,469.1000061035156,464.1000061035156,469.1000061035156,185350
2025-02-03 16:30:00+00:00,469.4200134277344,469.4200134277344,466.3699951171875,467.2099914550781,111425
2025-02-03 17:30:00+00:00,467.19000244140625,468.0199890136719,466.3349914550781,467.0,80797
2025-02-03 18:30:00+00:00,466.8699951171875,469.364990234375,466.8699951171875,469.1099853515625,83704
2025-02-03 19:30:00+00:00,469.0799865722656,469.6700134277344,467.8399963378906,467.8399963378906,88505
2025-02-03 20:30:00+00:00,468.0400085449219,469.489990234375,466.6600036621094,467.1499938964844,216378
2025-02-04 14:30:00+00:00,468.6700134277344,471.2200012207031,465.0,470.55999755859375,202864
2025-02-04 15:30:00+00:00,470.55999755859375,474.25,468.6199951171875,473.8999938964844,114128
2025-02-04 16:30:00+00:00,473.8900146484375,474.6300048828125,473.1199951171875,473.1199951171875,94909
2025-02-04 17:30:00+00:00,473.260009765625,473.68499755859375,472.2799987792969,472.4309997558594,74617
2025-02-04 18:30:00+00:00,472.989990234375,474.010009765625,471.94329833984375,473.17498779296875,88482
2025-02-04 19:30:00+00:00,473.2900085449219,474.2007141113281,472.510009765625,472.6400146484375,108309
2025-02-04 20:30:00+00:00,472.8699951171875,474.0199890136719,472.0299987792969,472.3299865722656,150113
2025-02-05 14:30:00+00:00,472.510009765625,473.6199951171875,468.3999938964844,468.7200012207031,107868
2025-02-05 15:30:00+00:00,468.42999267578125,469.1600036621094,466.6300048828125,467.635009765625,129031
2025-02-05 16:30:00+00:00,467.614990234375,468.239990234375,464.7099914550781,467.4599914550781,151112
2025-02-05 17:30:00+00:00,467.22369384765625,469.0400085449219,466.29998779296875,468.3349914550781,81806
2025-02-05 18:30:00+00:00,468.1700134277344,469.17999267578125,466.79998779296875,467.4755859375,163970
2025-02-05 19:30:00+00:00,467.30499267578125,467.739990234375,466.7799987792969,466.80999755859375,93777
2025-02-05 20:30:00+00:00,467.0899963378906,468.5249938964844,466.25,467.739990234375,170612
2025-02-06 14:30:00+00:00,471.3500061035156,471.3599853515625,467.9010009765625,468.9100036621094,131076
2025-02-06 15:30:00+00:00,469.45989990234375,469.45989990234375,464.8674011230469,466.5445861816406,103091
2025-02-06 16:30:00+00:00,465.8699951171875,466.5,465.44000244140625,465.989990234375,56277
2025-02-06 17:30:00+00:00,465.9595031738281,466.9200134277344,465.6600036621094,466.44000244140625,45335
2025-02-06 18:30:00+00:00,466.3900146484375,466.67999267578125,464.35009765625,464.614990234375,60227
2025-02-06 19:30:00+00:00,464.5199890136719,465.32000732421875,463.46270751953125,464.8349914550781,106071
2025-02-06 20:30:00+00:00,465.010009765625,466.45001220703125,464.3399963378906,464.9200134277344,146031
2025-02-07 14:30:00+00:00,468.4200134277344,469.4700012207031,463.29998779296875,467.75,136068
2025-02-07 15:30:00+00:00,467.67999267578125,468.04998779296875,464.0,464.07000732421875,102375
2025-02-07 16:30:00+00:00,464.1099853515625,465.159912109375,463.0,463.6499938964844,61053
2025-02-07 17:30:00+00:00,463.4649963378906,465.260009765625,463.4200134277344,464.5849914550781,41075
2025-02-07 18:30:00+00:00,464.7900085449219,465.260009765625,463.4502868652344,463.5849914550781,49783
2025-02-07 19:30:00+00:00,463.44000244140625,465.30999755859375,463.30999755859375,464.9949951171875,94063
2025-02-07 20:30:00+00:00,465.17999267578125,466.04998779296875,464.69000244140625,465.6600036621094,149688
2025-02-10 14:30:00+00:00,467.5899963378906,468.8599853515625,464.4501037597656,467.4649963378906,203538
2025-02-10 15:30:00+00:00,467.6400146484375,467.9800109863281,464.0,464.55499267578125,88193
2025-02-10 16:30:00+00:00,464.7900085449219,466.489990234375,464.260009765625,466.12548828125,94130
2025-02-10 17:30:00+00:00,465.8800048828125,467.6000061035156,465.7799987792969,467.07000732421875,62899
2025-02-10 18:30:00+00:00,467.2099914550781,469.6400146484375,466.5799865722656,468.635009765625,101868
2025-02-10 19:30:00+00:00,468.6400146484375,471.8800048828125,468.3999938964844,469.7099914550781,173433
2025-02-10 20:30:00+00:00,469.7049865722656,471.260009765625,469.1300048828125,469.989990234375,188428
2025-02-11 14:30:00+00:00,469.5199890136719,476.70001220703125,468.875,474.9200134277344,211829
2025-02-11 15:30:00+00:00,474.5849914550781,476.489990234375,474.239990234375,475.8399963378906,177635
2025-02-11 16:30:00+00:00,475.8599853515625,476.29998779296875,473.489990234375,475.489990234375,164790
2025-02-11 17:30:00+00:00,475.3599853515625,475.67999267578125,474.3424987792969,474.7749938964844,122005
2025-02-11 18:30:00+00:00,474.7749938964844,476.1700134277344,474.239990234375,474.635009765625,119204
2025-02-11 19:30:00+00:00,474.44000244140625,474.8999938964844,472.0,473.6000061035156,250898
2025-02-11 20:30:00+00:00,473.79998779296875,474.8699951171875,472.93499755859375,474.42999267578125,285759
2025-02-12 14:30:00+00:00,468.80999755859375,472.5799865722656,463.9700012207031,470.3900146484375,357473
2025-02-12 15:30:00+00:00,470.70001220703125,471.989990234375,469.2900085449219,469.8922119140625,172621
2025-02-12 16:30:00+00:00,470.3599853515625,473.54998779296875,469.9601135253906,473.04998779296875,152349
2025-02-12 17:30:00+00:00,473.0,475.75,472.82000732421875,474.989990234375,153073
2025-02-12 18:30:00+00:00,475.0799865722656,476.1400146484375,473.3900146484375,473.79998779296875,176556
2025-02-12 19:30:00+00:00,473.6650085449219,476.4800109863281,473.19000244140625,475.3599853515625,259818
2025-02-12 20:30:00+00:00,475.3599853515625,477.7799987792969,473.55999755859375,476.5299987792969,489655
2025-02-13 14:30:00+00:00,454.5,467.9750061035156,451.2200012207031,464.4599914550781,937271
2025-02-13 15:30:00+00:00,464.31500244140625,471.4457092285156,461.2601013183594,469.010009765625,355593
2025-02-13 16:30:00+00:00,469.260009765625,472.3500061035156,465.25,468.92999267578125,305621
2025-02-13 17:30:00+00:00,469.6000061035156,470.3699951171875,468.010009765625,470.0050048828125,151496
2025-02-13 18:30:00+00:00,470.0050048828125,474.3800048828125,467.5799865722656,472.5199890136719,247784
2025-02-13 19:30:00+00:00,472.6600036621094,474.1000061035156,465.8299865722656,467.7349853515625,336682
2025-02-13 20:30:00+00:00,467.7149963378906,468.67999267578125,464.8999938964844,466.2300109863281,374106
2025-02-14 14:30:00+00:00,469.8999938964844,478.0,467.0950012207031,476.7900085449219,324066
2025-02-14 15:30:00+00:00,477.010009765625,480.3399963378906,474.9715881347656,477.67999267578125,306143
2025-02-14 16:30:00+00:00,477.44000244140625,481.1400146484375,476.6900939941406,478.9100036621094,233581
2025-02-14 17:30:00+00:00,478.9100036621094,480.0400085449219,476.6700134277344,478.6700134277344,154615
2025-02-14 18:30:00+00:00,479.1099853515625,480.25,477.4612121582031,477.6650085449219,173656
2025-02-14 19:30:00+00:00,477.95001220703125,480.3900146484375,476.7900085449219,479.7900085449219,198912
2025-02-14 20:30:00+00:00,479.68499755859375,480.989990234375,479.0299987792969,480.4700012207031,329958
2025-02-18 14:30:00+00:00,481.0,494.69000244140625,480.0,493.6968994140625,481640
2025-02-18 15:30:00+00:00,494.42999267578125,494.6000061035156,491.17999267578125,492.4800109863281,183909
2025-02-18 16:30:00+00:00,492.57000732421875,496.45001220703125,492.57000732421875,495.6000061035156,226371
2025-02-18 17:30:00+00:00,495.7749938964844,499.55999755859375,495.7699890136719,499.1650085449219,282282
2025-02-18 18:30:00+00:00,499.1700134277344,500.114990234375,496.8399963378906,499.56500244140625,317567
2025-02-18 19:30:00+00:00,499.4100036621094,500.6600036621094,498.989990234375,500.0,250205
2025-02-18 20:30:00+00:00,500.0799865722656,502.1000061035156,499.7099914550781,501.6199951171875,401074
2025-02-19 14:30:00+00:00,496.1600036621094,503.25,496.0,502.3399963378906,251210
2025-02-19 15:30:00+00:00,502.364990234375,507.5180969238281,500.67999267578125,506.57501220703125,213731
2025-02-19 16:30:00+00:00,506.5732116699219,511.7300109863281,506.5299987792969,510.1099853515625,387851
2025-02-19 17:30:00+00:00,510.1050109863281,513.9650268554688,509.85198974609375,513.5650024414062,261318
2025-02-19 18:30:00+00:00,513.5399780273438,515.0499877929688,511.7864990234375,514.260009765625,255958
2025-02-19 19:30:00+00:00,514.0399780273438,514.1300048828125,508.8999938964844,509.510009765625,193989
2025-02-19 20:30:00+00:00,509.29998779296875,510.5400085449219,508.42999267578125,509.3599853515625,316372
2025-02-20 14:30:00+00:00,508.1400146484375,509.260009765625,498.42999267578125,500.1400146484375,366511
2025-02-20 15:30:00+00:00,500.1600036621094,501.6700134277344,497.9100036621094,497.9100036621094,192512
2025-02-20 16:30:00+00:00,497.989990234375,498.25,495.1499938964844,497.30999755859375,129962
2025-02-20 17:30:00+00:00,497.1499938964844,497.9100036621094,494.2099914550781,494.2099914550781,127664
2025-02-20 18:30:00+00:00,494.1400146484375,495.82000732421875,493.7900085449219,494.4100036621094,129116
2025-02-20 19:30:00+00:00,494.4100036621094,495.4800109863281,493.1099853515625,493.9649963378906,127062
2025-02-20 20:30:00+00:00,493.9649963378906,497.1700134277344,493.4599914550781,495.7900085449219,240515
2025-02-21 14:30:00+00:00,497.2699890136719,498.7698974609375,493.8067932128906,495.7149963378906,129040
2025-02-21 15:30:00+00:00,495.7149963378906,495.7300109863281,493.0,493.3550109863281,63543
2025-02-21 16:30:00+00:00,493.3550109863281,493.80499267578125,491.19000244140625,493.32000732421875,107916
2025-02-21 17:30:00+00:00,493.2872009277344,493.3399963378906,488.901611328125,488.9200134277344,130818
2025-02-21 18:30:00+00:00,488.7300109863281,489.6700134277344,487.6400146484375,487.8999938964844,114581
2025-02-21 19:30:00+00:00,488.239990234375,489.1400146484375,487.260009765625,489.05999755859375,126317
2025-02-21 20:30:00+00:00,489.2699890136719,490.6000061035156,489.20001220703125,489.94000244140625,190909
2025-02-24 14:30:00+00:00,489.9800109863281,492.3500061035156,483.17999267578125,485.7850036621094,248155
2025-02-24 15:30:00+00:00,485.82000732421875,486.17999267578125,482.1499938964844,485.2099914550781,128582
2025-02-24 16:30:00+00:00,485.25,486.0799865722656,484.5400085449219,485.0345153808594,99279
2025-02-24 17:30:00+00:00,484.8900146484375,486.0,484.2601013183594,485.32000732421875,90947
2025-02-24 18:30:00+00:00,485.4750061035156,485.4800109863281,483.5249938964844,484.510009765625,105022
2025-02-24 19:30:00+00:00,484.6499938964844,485.6199951171875,483.0,483.7950134277344,150454
2025-02-24 20:30:00+00:00,483.8999938964844,485.5198974609375,482.8999938964844,484.54998779296875,214309
2025-02-25 14:30:00+00:00,486.67999267578125,490.75,482.8500061035156,484.3399963378906,201584
2025-02-25 15:30:00+00:00,484.0450134277344,487.010009765625,483.6199951171875,485.5633850097656,157415
2025-02-25 16:30:00+00:00,485.9100036621094,487.54998779296875,484.80999755859375,485.1737976074219,93683
2025-02-25 17:30:00+00:00,485.635009765625,490.010009765625,485.52081298828125,487.57501220703125,101068
2025-02-25 18:30:00+00:00,487.57000732421875,489.6099853515625,487.55999755859375,488.07501220703125,128056
2025-02-25 19:30:00+00:00,488.17999267578125,490.7200012207031,488.1600036621094,489.4100036621094,133170
2025-02-25 20:30:00+00:00,489.3800048828125,489.3800048828125,486.8299865722656,487.56500244140625,214450
2025-02-26 14:30:00+00:00,490.0,490.7300109863281,483.5799865722656,484.7149963378906,190278
2025-02-26 15:30:00+00:00,485.0,485.79998779296875,480.8399963378906,480.8399963378906,271392
2025-02-26 16:30:00+00:00,480.7699890136719,482.7699890136719,479.5199890136719,482.760009765625,156319
2025-02-26 17:30:00+00:00,482.7699890136719,483.2799987792969,479.0,479.2200012207031,137319
2025-02-26 18:30:00+00:00,479.2200012207031,480.30499267578125,477.4200134277344,479.95001220703125,102686
2025-02-26 19:30:00+00:00,479.9200134277344,480.5299987792969,477.67999267578125,478.6700134277344,159039
2025-02-26 20:30:00+00:00,478.6000061035156,480.3450012207031,477.95001220703125,478.30999755859375,327106
2025-02-27 14:30:00+00:00,482.32000732421875,486.75,479.5,486.4100036621094,174195
2025-02-27 15:30:00+00:00,486.55999755859375,487.45550537109375,484.4200134277344,485.2049865722656,89309
2025-02-27 16:30:00+00:00,485.4100036621094,486.4599914550781,482.4599914550781,484.8299865722656,50000
2025-02-27 17:30:00+00:00,485.2300109863281,486.0199890136719,484.3500061035156,485.7900085449219,85757
2025-02-27 18:30:00+00:00,485.7049865722656,485.7049865722656,482.260009765625,482.4100036621094,148713
2025-02-27 19:30:00+00:00,482.67498779296875,482.8699951171875,479.1600036621094,480.06500244140625,194849
2025-02-27 20:30:00+00:00,479.9200134277344,481.6499938964844,479.7799987792969,480.4599914550781,365914
2025-02-28 14:30:00+00:00,479.92999267578125,484.67999267578125,479.9150085449219,484.55999755859375,217243
2025-02-28 15:30:00+00:00,484.45001220703125,485.2099914550781,480.79998779296875,481.2284851074219,143500
2025-02-28 16:30:00+00:00,480.7099914550781,480.8800048828125,478.6700134277344,478.7749938964844,142350
2025-02-28 17:30:00+00:00,478.7174987792969,478.9700012207031,475.0,475.5,142822
2025-02-28 18:30:00+00:00,475.4700012207031,476.8599853515625,472.55999755859375,474.989990234375,212955
2025-02-28 19:30:00+00:00,474.94500732421875,478.760009765625,474.94000244140625,478.4898986816406,185207
2025-02-28 20:30:00+00:00,478.2799987792969,480.9200134277344,476.6400146484375,480.7900085449219,382516
2025-03-03 14:30:00+00:00,484.07000732421875,484.6650085449219,477.54998779296875,478.239990234375,246409
2025-03-03 15:30:00+00:00,478.6499938964844,479.4419860839844,476.0,476.57000732421875,110954
2025-03-03 16:30:00+00:00,476.0,477.5,474.95001220703125,477.2900085449219,90669
2025-03-03 17:30:00+00:00,477.2200012207031,477.6300048828125,473.30999755859375,473.30999755859375,100445
2025-03-03 18:30:00+00:00,473.70001220703125,474.45001220703125,471.92999267578125,472.44000244140625,131882
2025-03-03 19:30:00+00:00,472.20001220703125,473.1400146484375,463.5450134277344,464.3699951171875,292666
2025-03-03 20:30:00+00:00,464.3949890136719,466.8999938964844,463.7099914550781,465.989990234375,300900
2025-03-04 14:30:00+00:00,453.79998779296875,455.05999755859375,447.6499938964844,453.7300109863281,553086
2025-03-04 15:30:00+00:00,453.7250061035156,456.5,451.6199951171875,452.1600036621094,313691
2025-03-04 16:30:00+00:00,452.32000732421875,455.92999267578125,450.8399963378906,455.79998779296875,216057
2025-03-04 17:30:00+00:00,455.79998779296875,458.5,455.260009765625,456.07000732421875,206972
2025-03-04 18:30:00+00:00,456.260009765625,462.45001220703125,456.0299987792969,460.5400085449219,140670
2025-03-04 19:30:00+00:00,460.7799987792969,463.2900085449219,459.8900146484375,461.8450012207031,173877
2025-03-04 20:30:00+00:00,461.4100036621094,461.5,456.989990234375,458.4200134277344,425075
2025-03-05 14:30:00+00:00,460.3900146484375,466.6499938964844,459.4100036621094,463.6050109863281,173560
2025-03-05 15:30:00+00:00,463.635009765625,465.19000244140625,458.6499938964844,460.1700134277344,174216
2025-03-05 16:30:00+00:00,460.1700134277344,463.70001220703125,459.2200012207031,462.67999267578125,101512
2025-03-05 17:30:00+00:00,462.6400146484375,465.0150146484375,462.5899963378906,463.6650085449219,93719
2025-03-05 18:30:00+00:00,463.57000732421875,467.2349853515625,462.29998779296875,466.7099914550781,105394
2025-03-05 19:30:00+00:00,466.9700012207031,468.8399963378906,465.7200012207031,468.2991027832031,124676
2025-03-05 20:30:00+00:00,468.1400146484375,468.7099914550781,466.1679992675781,467.3500061035156,208575
2025-03-06 14:30:00+00:00,468.0,475.989990234375,465.29998779296875,475.6099853515625,260567
2025-03-06 15:30:00+00:00,475.6099853515625,481.510009765625,475.3900146484375,480.9200134277344,285938
2025-03-06 16:30:00+00:00,480.75,482.92999267578125,475.3938903808594,477.39990234375,174136
2025-03-06 17:30:00+00:00,477.2300109863281,479.7200012207031,475.0,479.2250061035156,152410
2025-03-06 18:30:00+00:00,479.2250061035156,481.44000244140625,477.05999755859375,480.5299987792969,174375
2025-03-06 19:30:00+00:00,480.32000732421875,484.1400146484375,479.375,484.135009765625,196597
2025-03-06 20:30:00+00:00,484.25,484.8900146484375,482.3550109863281,482.9100036621094,247902
2025-03-07 14:30:00+00:00,478.2699890136719,491.3699951171875,478.2699890136719,489.7699890136719,349714
2025-03-07 15:30:00+00:00,489.7900085449219,491.82000732421875,487.2200927734375,487.6300048828125,298941
2025-03-07 16:30:00+00:00,487.45001220703125,490.0199890136719,484.2099914550781,488.1000061035156,306790
2025-03-07 17:30:00+00:00,487.8500061035156,493.6099853515625,487.8349914550781,491.8700866699219,232944
2025-03-07 18:30:00+00:00,492.1099853515625,495.7200012207031,491.2200012207031,494.2650146484375,260064
2025-03-07 19:30:00+00:00,494.54998779296875,497.6600036621094,494.1300048828125,497.4200134277344,341667
2025-03-07 20:30:00+00:00,497.25,500.2699890136719,494.6199951171875,499.7099914550781,462945
2025-03-10 13:30:00+00:00,497.6199951171875,504.9800109863281,495.9049987792969,497.3599853515625,366499
2025-03-10 14:30:00+00:00,497.2099914550781,499.20001220703125,493.0350036621094,497.6400146484375,380633
2025-03-10 15:30:00+00:00,497.5799865722656,499.01739501953125,491.3299865722656,493.45001220703125,217888
2025-03-10 16:30:00+00:00,493.6300048828125,494.4200134277344,489.82000732421875,490.3900146484375,186701
2025-03-10 17:30:00+00:00,490.4549865722656,490.67999267578125,485.9200134277344,486.9649963378906,227558
2025-03-10 18:30:00+00:00,487.2149963378906,488.2449951171875,480.54998779296875,487.1050109863281,280668
2025-03-10 19:30:00+00:00,487.114990234375,490.42498779296875,486.5199890136719,488.7799987792969,251718
2025-03-11 13:30:00+00:00,483.95001220703125,488.5400085449219,477.6099853515625,478.0849914550781,249573
2025-03-11 14:30:00+00:00,478.3500061035156,479.510009765625,475.04119873046875,477.3599853515625,186569
2025-03-11 15:30:00+00:00,477.3599853515625,479.94000244140625,477.0299987792969,477.5249938964844,88998
2025-03-11 16:30:00+00:00,477.5799865722656,478.29998779296875,474.78460693359375,474.92999267578125,100902
2025-03-11 17:30:00+00:00,475.05999755859375,477.1199951171875,472.7099914550781,475.8599853515625,221366
2025-03-11 18:30:00+00:00,475.8599853515625,479.79998779296875,474.3699951171875,477.9100036621094,176234
2025-03-11 19:30:00+00:00,477.7749938964844,478.89959716796875,475.0199890136719,475.0899963378906,203062
2025-03-12 13:30:00+00:00,474.989990234375,476.6239929199219,463.2099914550781,464.82000732421875,419640
2025-03-12 14:30:00+00:00,465.17999267578125,470.0,463.260009765625,468.8599853515625,228724
2025-03-12 15:30:00+00:00,468.8500061035156,471.54998779296875,466.95001220703125,470.9800109863281,178521
2025-03-12 16:30:00+00:00,470.9849853515625,473.0249938964844,470.0404968261719,473.0249938964844,95731
2025-03-12 17:30:00+00:00,473.1300048828125,474.3999938964844,470.1000061035156,474.3999938964844,130857
2025-03-12 18:30:00+00:00,474.3999938964844,475.8800048828125,473.29998779296875,473.7099914550781,121601
2025-03-12 19:30:00+00:00,474.010009765625,474.4700012207031,471.05999755859375,471.4800109863281,250087
2025-03-13 13:30:00+00:00,473.5400085449219,480.0,470.0,475.7349853515625,205998
2025-03-13 14:30:00+00:00,476.1199951171875,477.42999267578125,473.260009765625,473.5050048828125,137193
2025-03-13 15:30:00+00:00,473.5050048828125,473.57000732421875,470.6000061035156,472.1499938964844,136421
2025-03-13 16:30:00+00:00,471.7699890136719,473.79998779296875,470.8026123046875,472.2200012207031,104075
2025-03-13 17:30:00+00:00,471.9100036621094,472.32000732421875,469.1000061035156,469.5299987792969,143422
2025-03-13 18:30:00+00:00,469.79998779296875,471.114990234375,467.3699951171875,467.82501220703125,96447
2025-03-13 19:30:00+00:00,467.80999755859375,469.4599914550781,465.5,467.0799865722656,264192
2025-03-14 13:30:00+00:00,471.8699951171875,478.6300048828125,470.45001220703125,476.32000732421875,142304
2025-03-14 14:30:00+00:00,476.6499938964844,481.0,476.5199890136719,479.75,110274
2025-03-14 15:30:00+00:00,480.04998779296875,481.32000732421875,476.29998779296875,476.9783935546875,126671
2025-03-14 16:30:00+00:00,476.70001220703125,479.7300109863281,476.42999267578125,477.05999755859375,94365
2025-03-14 17:30:00+00:00,477.1549987792969,477.2300109863281,474.4252014160156,474.54010009765625,91320
2025-03-14 18:30:00+00:00,474.7650146484375,477.0899963378906,474.1300048828125,476.1400146484375,101176
2025-03-14 19:30:00+00:00,476.30999755859375,478.82000732421875,475.9407043457031,477.510009765625,139103
2025-03-17 13:30:00+00:00,477.3299865722656,483.8900146484375,475.510009765625,480.2304992675781,141734
2025-03-17 14:30:00+00:00,479.8699951171875,483.0199890136719,479.2699890136719,482.07000732421875,92308
2025-03-17 15:30:00+00:00,481.8699951171875,482.70001220703125,480.9200134277344,481.6300048828125,62055
2025-03-17 16:30:00+00:00,481.54998779296875,484.6099853515625,481.3599853515625,483.8399963378906,66592
2025-03-17 17:30:00+00:00,483.82000732421875,486.0799865722656,483.7699890136719,484.7074890136719,59827
2025-03-17 18:30:00+00:00,484.32000732421875,484.67999267578125,482.30999755859375,484.44000244140625,116073
2025-03-17 19:30:00+00:00,484.5050048828125,485.1300048828125,482.1199951171875,482.70001220703125,178232
2025-03-18 13:30:00+00:00,482.1300048828125,485.31500244140625,479.625,484.20001220703125,104799
2025-03-18 14:30:00+00:00,484.5799865722656,486.0400085449219,479.9150085449219,479.9150085449219,130426
2025-03-18 15:30:00+00:00,479.8299865722656,482.0400085449219,479.7121887207031,481.3900146484375,69874
2025-03-18 16:30:00+00:00,481.4150085449219,481.4150085449219,478.94000244140625,481.19000244140625,48239
2025-03-18 17:30:00+00:00,481.0899963378906,484.010009765625,480.7200012207031,482.5050048828125,101959
2025-03-18 18:30:00+00:00,482.5050048828125,484.29998779296875,482.5050048828125,484.0199890136719,85447
2025-03-18 19:30:00+00:00,483.80999755859375,483.8599853515625,481.010009765625,481.4599914550781,160686
2025-03-19 13:30:00+00:00,478.760009765625,482.7799987792969,478.760009765625,481.55499267578125,67767
2025-03-19 14:30:00+00:00,481.70001220703125,482.3800048828125,480.55999755859375,481.4849853515625,69926
2025-03-19 15:30:00+00:00,481.55999755859375,482.5,479.1449890136719,479.1650085449219,56114
2025-03-19 16:30:00+00:00,479.5400085449219,482.35931396484375,479.3299865722656,480.2749938964844,63254
2025-03-19 17:30:00+00:00,480.239990234375,480.80999755859375,477.17999267578125,478.8399963378906,75062
2025-03-19 18:30:00+00:00,479.25,482.82000732421875,478.8500061035156,480.92999267578125,112577
2025-03-19 19:30:00+00:00,481.0400085449219,482.3900146484375,479.1499938964844,479.70001220703125,205538
2025-03-20 13:30:00+00:00,476.0,478.2900085449219,468.0899963378906,477.6000061035156,209109
2025-03-20 14:30:00+00:00,477.7300109863281,479.19500732421875,477.0,478.1400146484375,79044
2025-03-20 15:30:00+00:00,478.43499755859375,478.9949951171875,477.19610595703125,477.5199890136719,60224
2025-03-20 16:30:00+00:00,478.3900146484375,478.88629150390625,476.3399963378906,476.6700134277344,57374
2025-03-20 17:30:00+00:00,476.9800109863281,479.67498779296875,476.94500732421875,478.6400146484375,87466
2025-03-20 18:30:00+00:00,478.6499938964844,480.5400085449219,478.20001220703125,478.2900085449219,109590
2025-03-20 19:30:00+00:00,478.3949890136719,479.5799865722656,476.7699890136719,477.19000244140625,304025
2025-03-21 13:30:00+00:00,473.6000061035156,475.70001220703125,470.5,472.5165100097656,291486
2025-03-21 14:30:00+00:00,472.19000244140625,472.19000244140625,469.0899963378906,469.5400085449219,67756
2025-03-21 15:30:00+00:00,469.67999267578125,471.5899963378906,468.302490234375,471.4200134277344,64395
2025-03-21 16:30:00+00:00,471.4599914550781,473.1199951171875,470.56878662109375,470.95330810546875,86835
2025-03-21 17:30:00+00:00,470.6499938964844,472.8949890136719,470.3999938964844,470.55999755859375,60474
2025-03-21 18:30:00+00:00,470.6000061035156,472.375,470.29998779296875,471.7250061035156,104310
2025-03-21 19:30:00+00:00,471.68499755859375,472.42999267578125,470.3500061035156,472.19000244140625,277905
2025-03-24 13:30:00+00:00,476.6400146484375,483.2300109863281,474.1600036621094,478.0400085449219,152184
2025-03-24 14:30:00+00:00,478.0,479.0899963378906,476.3500061035156,478.2449951171875,126071
2025-03-24 15:30:00+00:00,478.739990234375,479.70001220703125,478.1401062011719,478.43499755859375,82905
2025-03-24 16:30:00+00:00,478.4750061035156,478.5299987792969,475.2799987792969,476.55499267578125,81548
2025-03-24 17:30:00+00:00,477.1700134277344,477.61248779296875,475.29998779296875,475.9399108886719,57774
2025-03-24 18:30:00+00:00,475.67999267578125,480.3999938964844,475.260009765625,479.70001220703125,115934
2025-03-24 19:30:00+00:00,479.70001220703125,481.4200134277344,479.3599853515625,480.010009765625,111255
2025-03-25 13:30:00+00:00,481.7099914550781,482.1600036621094,478.05999755859375,479.6499938964844,144281
2025-03-25 14:30:00+00:00,480.3599853515625,480.7449951171875,478.0799865722656,478.0799865722656,67401
2025-03-25 15:30:00+00:00,478.25030517578125,479.65618896484375,477.6099853515625,479.04998779296875,45462
2025-03-25 16:30:00+00:00,479.04998779296875,480.4200134277344,478.57000732421875,479.5799865722656,46976
2025-03-25 17:30:00+00:00,479.75,480.2900085449219,478.8699951171875,479.0199890136719,55107
2025-03-25 18:30:00+00:00,479.0199890136719,479.81689453125,478.1700134277344,478.4200134277344,97487
2025-03-25 19:30:00+00:00,478.4049987792969,480.54998779296875,477.1499938964844,479.32000732421875,180382
2025-03-26 13:30:00+00:00,481.4700012207031,484.6319885253906,477.17999267578125,481.510009765625,133665
2025-03-26 14:30:00+00:00,481.57000732421875,482.7099914550781,480.5400085449219,481.2200012207031,74589
2025-03-26 15:30:00+00:00,481.4800109863281,483.2336120605469,481.30999755859375,482.9949951171875,67643
2025-03-26 16:30:00+00:00,483.489990234375,483.8599853515625,478.6724853515625,479.05999755859375,61547
2025-03-26 17:30:00+00:00,478.489990234375,481.45001220703125,478.0520935058594,481.260009765625,75628
2025-03-26 18:30:00+00:00,480.83221435546875,482.1499938964844,479.8599853515625,481.4200134277344,92646
2025-03-26 19:30:00+00:00,481.4700012207031,484.8900146484375,481.32000732421875,483.6300048828125,144109
2025-03-27 13:30:00+00:00,481.9100036621094,487.29998779296875,480.5,487.1000061035156,196595
2025-03-27 14:30:00+00:00,487.3800048828125,490.5799865722656,485.4700012207031,485.5,153461
2025-03-27 15:30:00+00:00,485.0,485.0899963378906,480.812255859375,484.0409851074219,93475
2025-03-27 16:30:00+00:00,484.4599914550781,484.51251220703125,480.239990234375,481.19500732421875,70133
2025-03-27 17:30:00+00:00,481.20001220703125,484.1050109863281,480.1099853515625,483.5799865722656,78391
2025-03-27 18:30:00+00:00,483.0299987792969,483.6600036621094,480.5,483.5899963378906,112853
2025-03-27 19:30:00+00:00,483.42999267578125,483.42999267578125,478.80999755859375,479.5,237501
2025-03-28 13:30:00+00:00,477.5899963378906,479.5450134277344,469.6400146484375,470.29998779296875,173744
2025-03-28 14:30:00+00:00,470.7200012207031,471.5400085449219,467.5799865722656,468.2850036621094,137391
2025-03-28 15:30:00+00:00,468.30499267578125,469.7349853515625,466.42999267578125,466.6159973144531,83380
2025-03-28 16:30:00+00:00,466.9649963378906,468.19000244140625,464.739990234375,464.8999938964844,100771
2025-03-28 17:30:00+00:00,464.9100036621094,466.239990234375,463.7650146484375,464.5199890136719,106237
2025-03-28 18:30:00+00:00,464.7579040527344,465.5470886230469,462.75,464.135009765625,189142
2025-03-28 19:30:00+00:00,464.3399963378906,468.8800048828125,464.05999755859375,465.04998779296875,214938
2025-03-31 13:30:00+00:00,460.760009765625,464.2449951171875,458.3800048828125,462.8500061035156,283779
2025-03-31 14:30:00+00:00,462.8500061035156,466.6099853515625,462.8500061035156,464.4800109863281,147383
2025-03-31 15:30:00+00:00,464.4800109863281,465.4800109863281,463.2101135253906,465.0899963378906,80658
2025-03-31 16:30:00+00:00,464.82000732421875,467.1000061035156,464.5049133300781,464.8399963378906,51562
2025-03-31 17:30:00+00:00,465.29998779296875,468.44000244140625,464.4599914550781,467.67498779296875,91400
2025-03-31 18:30:00+00:00,467.7099914550781,471.3500061035156,467.6700134277344,469.875,119886
2025-03-31 19:30:00+00:00,469.67999267578125,472.904296875,469.1400146484375,469.3500061035156,247362
2025-04-01 13:30:00+00:00,469.3599853515625,472.3399963378906,466.010009765625,468.0899963378906,142427
2025-04-01 14:30:00+00:00,468.0899963378906,479.1400146484375,467.80499267578125,477.3599853515625,170105
2025-04-01 15:30:00+00:00,477.2799987792969,479.55230712890625,477.1199951171875,478.25,152652
2025-04-01 16:30:00+00:00,477.9200134277344,478.55999755859375,476.010009765625,477.5350036621094,101658
2025-04-01 17:30:00+00:00,477.79998779296875,478.0599060058594,475.6199951171875,475.9700012207031,157343
2025-04-01 18:30:00+00:00,476.0400085449219,477.5199890136719,474.2449951171875,477.1000061035156,133969
2025-04-01 19:30:00+00:00,477.18499755859375,478.82000732421875,476.45001220703125,478.6000061035156,180299
2025-04-02 13:30:00+00:00,473.44000244140625,474.3900146484375,464.7799987792969,473.25,188971
2025-04-02 14:30:00+00:00,472.67999267578125,473.5899963378906,470.8399963378906,472.30999755859375,115816
2025-04-02 15:30:00+00:00,472.29998779296875,472.5950012207031,469.29998779296875,471.9649963378906,118745
2025-04-02 16:30:00+00:00,472.19000244140625,474.489990234375,470.7401123046875,472.94000244140625,98424
2025-04-02 17:30:00+00:00,472.8500061035156,472.9700012207031,467.6300048828125,467.6300048828125,124643
2025-04-02 18:30:00+00:00,467.0799865722656,470.4599914550781,467.07000732421875,469.5364074707031,152810
2025-04-02 19:30:00+00:00,468.8800048828125,472.5299987792969,468.8599853515625,470.69000244140625,373353
2025-04-03 13:30:00+00:00,456.54998779296875,463.69000244140625,455.6474914550781,457.18499755859375,433060
2025-04-03 14:30:00+00:00,456.94500732421875,458.6300048828125,453.6700134277344,453.9800109863281,362102
2025-04-03 15:30:00+00:00,454.17999267578125,456.9800109863281,452.2099914550781,455.9112854003906,276781
2025-04-03 16:30:00+00:00,456.6199951171875,456.8800048828125,452.3800048828125,453.8800048828125,259539
2025-04-03 17:30:00+00:00,453.6300048828125,456.0400085449219,450.32000732421875,451.0899963378906,242796
2025-04-03 18:30:00+00:00,451.1000061035156,452.45001220703125,449.0707092285156,449.7799987792969,262996
2025-04-03 19:30:00+00:00,449.67999267578125,450.6600036621094,446.6000061035156,447.32000732421875,234707
2025-04-04 13:30:00+00:00,426.4599914550781,433.6000061035156,420.0400085449219,431.385009765625,810360
2025-04-04 14:30:00+00:00,431.1099853515625,438.7900085449219,424.1499938964844,432.25,897237
2025-04-04 15:30:00+00:00,432.32501220703125,433.20001220703125,426.44000244140625,428.3550109863281,246158
2025-04-04 16:30:00+00:00,427.7620849609375,432.57000732421875,427.25,430.55499267578125,205599
2025-04-04 17:30:00+00:00,430.55499267578125,433.8800048828125,427.8900146484375,429.2300109863281,278726
2025-04-04 18:30:00+00:00,429.32501220703125,430.9779052734375,426.0849914550781,430.260009765625,345657
2025-04-04 19:30:00+00:00,429.55999755859375,434.30499267578125,427.7650146484375,430.0199890136719,535735
2025-04-07 13:30:00+00:00,417.1300048828125,441.0400085449219,412.5,418.79998779296875,604711
2025-04-07 14:30:00+00:00,419.260009765625,428.0899963378906,413.2699890136719,413.2699890136719,438774
2025-04-07 15:30:00+00:00,414.614990234375,421.94000244140625,412.29998779296875,415.45001220703125,208641
2025-04-07 16:30:00+00:00,415.1199951171875,423.2449951171875,413.989990234375,422.9800109863281,210147
2025-04-07 17:30:00+00:00,423.1600036621094,428.3399963378906,420.6000061035156,421.3450012207031,353267
2025-04-07 18:30:00+00:00,421.364990234375,424.7698974609375,417.5199890136719,418.6449890136719,351413
2025-04-07 19:30:00+00:00,418.8800048828125,423.3699951171875,417.8699951171875,423.3500061035156,479207
2025-04-08 13:30:00+00:00,433.4599914550781,435.5899963378906,423.5,431.6499938964844,302752
2025-04-08 14:30:00+00:00,431.9700012207031,432.54998779296875,422.45001220703125,422.9833068847656,179243
2025-04-08 15:30:00+00:00,423.2699890136719,428.3699951171875,422.54998779296875,425.93499755859375,188447
2025-04-08 16:30:00+00:00,426.0400085449219,427.135009765625,416.80999755859375,416.989990234375,204944
2025-04-08 17:30:00+00:00,416.9800109863281,420.5450134277344,415.5199890136719,417.45001220703125,164162
2025-04-08 18:30:00+00:00,417.8500061035156,421.5,412.0199890136719,414.5299987792969,239986
2025-04-08 19:30:00+00:00,414.1300048828125,414.42498779296875,406.0799865722656,412.92999267578125,316683
2025-04-09 13:30:00+00:00,407.7200012207031,415.0,404.4200134277344,412.0,381502
2025-04-09 14:30:00+00:00,411.8699951171875,418.9599914550781,410.1199951171875,415.0,294921
2025-04-09 15:30:00+00:00,414.989990234375,416.510009765625,412.3800048828125,414.20001220703125,185833
2025-04-09 16:30:00+00:00,414.20001220703125,445.7099914550781,412.17999267578125,439.6000061035156,292829
2025-04-09 17:30:00+00:00,439.2950134277344,455.6700134277344,437.23748779296875,450.9100036621094,570182
2025-04-09 18:30:00+00:00,450.55999755859375,452.05999755859375,440.9700012207031,449.9200134277344,348616
2025-04-09 19:30:00+00:00,449.9049987792969,455.6700134277344,448.4200134277344,452.75,403467
2025-04-10 13:30:00+00:00,444.3599853515625,445.9849853515625,436.2650146484375,440.0899963378906,271260
2025-04-10 14:30:00+00:00,440.510009765625,442.20001220703125,436.8800048828125,438.54998779296875,191261
2025-04-10 15:30:00+00:00,438.43499755859375,438.7099914550781,428.5299987792969,430.1549987792969,139825
2025-04-10 16:30:00+00:00,430.1474914550781,443.94000244140625,430.1474914550781,436.8299865722656,231561
2025-04-10 17:30:00+00:00,436.8349914550781,446.3977966308594,436.3200988769531,446.3977966308594,166146
2025-04-10 18:30:00+00:00,445.6300048828125,449.2300109863281,443.2950134277344,444.9599914550781,292929
2025-04-10 19:30:00+00:00,444.56500244140625,447.5799865722656,439.239990234375,444.19000244140625,394265
2025-04-11 13:30:00+00:00,444.25,452.31500244140625,441.5,442.82501220703125,203854
2025-04-11 14:30:00+00:00,443.04998779296875,447.2622985839844,441.9800109863281,443.7749938964844,82974
2025-04-11 15:30:00+00:00,444.54949951171875,452.32000732421875,443.6300048828125,451.99249267578125,127441
2025-04-11 16:30:00+00:00,453.5,457.6199951171875,453.25,453.79998779296875,131264
2025-04-11 17:30:00+00:00,454.739990234375,461.8124084472656,454.4200134277344,459.32501220703125,111922
2025-04-11 18:30:00+00:00,459.32501220703125,463.010009765625,459.0201110839844,461.5299987792969,172908
2025-04-11 19:30:00+00:00,461.8699951171875,463.3800048828125,458.989990234375,459.19000244140625,212321
2025-04-14 13:30:00+00:00,465.0,470.45001220703125,461.4649963378906,470.30999755859375,212197
2025-04-14 14:30:00+00:00,470.45001220703125,472.7799987792969,468.94000244140625,469.1600036621094,139328
2025-04-14 15:30:00+00:00,469.0299987792969,471.1449890136719,465.0299987792969,466.55999755859375,129731
2025-04-14 16:30:00+00:00,466.6000061035156,469.3999938964844,466.19970703125,468.32000732421875,85660
2025-04-14 17:30:00+00:00,468.4649963378906,471.2349853515625,468.0350036621094,470.7449951171875,118033
2025-04-14 18:30:00+00:00,470.82000732421875,472.31500244140625,469.9866943359375,470.92498779296875,112411
2025-04-14 19:30:00+00:00,470.6199951171875,471.4200134277344,467.6199951171875,468.010009765625,302252
2025-04-15 13:30:00+00:00,464.67999267578125,467.1300048828125,460.95001220703125,463.2799987792969,139139
2025-04-15 14:30:00+00:00,463.7297058105469,466.8399963378906,463.19000244140625,464.8900146484375,70518
2025-04-15 15:30:00+00:00,464.625,467.0400085449219,464.625,465.1400146484375,58209
2025-04-15 16:30:00+00:00,465.3800048828125,465.95001220703125,464.0,464.25,64273
2025-04-15 17:30:00+00:00,464.260009765625,464.260009765625,461.348388671875,462.05499267578125,68282
2025-04-15 18:30:00+00:00,461.7101135253906,464.2099914550781,461.7101135253906,462.94000244140625,81698
2025-04-15 19:30:00+00:00,462.94000244140625,463.0849914550781,460.6499938964844,461.1300048828125,171984
2025-04-16 13:30:00+00:00,458.0299987792969,460.80999755859375,450.8399963378906,459.2940368652344,137938
2025-04-16 14:30:00+00:00,459.7099914550781,461.5849914550781,458.8699951171875,460.9200134277344,82667
2025-04-16 15:30:00+00:00,460.885009765625,460.885009765625,457.68011474609375,458.8999938964844,70975
2025-04-16 16:30:00+00:00,459.1199951171875,460.6700134277344,458.4984130859375,460.1300048828125,77326
2025-04-16 17:30:00+00:00,459.9750061035156,459.9750061035156,451.1400146484375,453.3999938964844,125244
2025-04-16 18:30:00+00:00,453.6400146484375,453.6400146484375,448.8500061035156,449.0,106681
2025-04-16 19:30:00+00:00,449.0,453.20001220703125,448.67999267578125,452.25,182929
2025-04-17 13:30:00+00:00,455.30999755859375,456.67498779296875,451.7799987792969,452.697998046875,183147
2025-04-17 14:30:00+00:00,452.56500244140625,456.05999755859375,452.010009765625,454.04998779296875,73058
2025-04-17 15:30:00+00:00,454.260009765625,457.04998779296875,453.3699951171875,456.80999755859375,91904
2025-04-17 16:30:00+00:00,457.0400085449219,458.07501220703125,455.3900146484375,455.7640075683594,62627
2025-04-17 17:30:00+00:00,456.010009765625,458.8699951171875,455.7699890136719,457.42999267578125,78138
2025-04-17 18:30:00+00:00,457.55999755859375,458.2300109863281,454.8299865722656,455.4700012207031,100933
2025-04-17 19:30:00+00:00,455.7950134277344,456.5400085449219,451.5249938964844,452.1199951171875,265822
2025-04-21 13:30:00+00:00,450.4200134277344,451.8599853515625,443.989990234375,445.2650146484375,119154
2025-04-21 14:30:00+00:00,445.2749938964844,445.95001220703125,440.0,440.9100036621094,137504
2025-04-21 15:30:00+00:00,440.8584899902344,441.3900146484375,437.5299987792969,439.260009765625,112826
2025-04-21 16:30:00+00:00,439.8699951171875,440.5899963378906,436.3999938964844,437.0299987792969,107236
2025-04-21 17:30:00+00:00,437.07000732421875,437.8800048828125,435.95001220703125,437.37750244140625,97384
2025-04-21 18:30:00+00:00,437.6199951171875,438.94140625,436.94000244140625,438.05999755859375,116302
2025-04-21 19:30:00+00:00,438.5400085449219,442.07000732421875,437.9599914550781,441.67999267578125,170277
2025-04-22 13:30:00+00:00,446.25,451.92999267578125,446.25,449.9224853515625,103124
2025-04-22 14:30:00+00:00,449.9849853515625,454.3399963378906,449.9700012207031,453.3949890136719,74028
2025-04-22 15:30:00+00:00,453.3399963378906,458.25,452.29998779296875,457.6600036621094,90035
2025-04-22 16:30:00+00:00,457.6300048828125,457.7149963378906,450.7650146484375,451.29998779296875,79752
2025-04-22 17:30:00+00:00,451.2300109863281,455.535400390625,450.7699890136719,455.1600036621094,53089
2025-04-22 18:30:00+00:00,455.1600036621094,456.5,454.0799865722656,454.8171081542969,70192
2025-04-22 19:30:00+00:00,454.760009765625,456.5199890136719,454.239990234375,454.7699890136719,107300
2025-04-23 13:30:00+00:00,462.95001220703125,471.9599914550781,462.7099914550781,467.19000244140625,151411
2025-04-23 14:30:00+00:00,467.4800109863281,468.0199890136719,459.19000244140625,459.875,90047
2025-04-23 15:30:00+00:00,459.875,461.1549987792969,454.3699951171875,456.4200134277344,89430
2025-04-23 16:30:00+00:00,456.94500732421875,460.0199890136719,456.5715026855469,459.1449890136719,46697
2025-04-23 17:30:00+00:00,458.43499755859375,460.7300109863281,457.0400085449219,459.17999267578125,91112
2025-04-23 18:30:00+00:00,459.4209899902344,459.9949951171875,455.1337890625,455.57000732421875,90199
2025-04-23 19:30:00+00:00,455.94000244140625,458.2300109863281,455.6300048828125,456.44000244140625,184704
2025-04-24 13:30:00+00:00,458.5199890136719,466.3299865722656,456.9700012207031,465.4700012207031,88933
2025-04-24 14:30:00+00:00,465.3450012207031,466.07000732421875,464.0474853515625,464.1099853515625,72254
2025-04-24 15:30:00+00:00,464.1099853515625,464.7950134277344,462.2900085449219,463.8299865722656,61228
2025-04-24 16:30:00+00:00,464.0450134277344,464.9999084472656,462.7903137207031,463.7300109863281,48224
2025-04-24 17:30:00+00:00,464.1000061035156,465.7919921875,463.92999267578125,465.2699890136719,42932
2025-04-24 18:30:00+00:00,465.2200012207031,466.510009765625,464.3999938964844,465.0,86021
2025-04-24 19:30:00+00:00,464.70001220703125,466.30999755859375,463.3800048828125,464.6000061035156,212311
2025-04-25 13:30:00+00:00,464.1499938964844,465.9617919921875,458.6499938964844,459.2149963378906,103167
2025-04-25 14:30:00+00:00,458.9100036621094,461.385009765625,458.4949951171875,459.20001220703125,72851
2025-04-25 15:30:00+00:00,459.2449951171875,461.1000061035156,458.7300109863281,460.25,49593
2025-04-25 16:30:00+00:00,460.2850036621094,460.6700134277344,459.3699951171875,460.0450134277344,79367
2025-04-25 17:30:00+00:00,460.04998779296875,461.57080078125,457.7349853515625,458.8550109863281,134374
2025-04-25 18:30:00+00:00,458.8599853515625,460.1000061035156,458.04998779296875,458.2300109863281,100317
2025-04-25 19:30:00+00:00,458.1600036621094,459.3599853515625,457.3399963378906,459.2900085449219,232953
2025-04-28 13:30:00+00:00,459.29998779296875,465.0199890136719,458.4200134277344,464.42498779296875,136489
2025-04-28 14:30:00+00:00,464.6099853515625,465.17498779296875,459.4700012207031,459.5249938964844,87200
2025-04-28 15:30:00+00:00,459.55499267578125,460.46990966796875,458.2699890136719,459.4100036621094,54947
2025-04-28 16:30:00+00:00,459.2099914550781,459.9200134277344,457.2200012207031,457.4800109863281,62778
2025-04-28 17:30:00+00:00,457.2699890136719,460.20001220703125,457.0799865722656,460.1050109863281,57027
2025-04-28 18:30:00+00:00,460.1099853515625,460.8699951171875,459.5899963378906,460.54998779296875,77369
2025-04-28 19:30:00+00:00,460.3299865722656,461.510009765625,459.70001220703125,460.04998779296875,117786
2025-04-29 13:30:00+00:00,457.4200134277344,462.8949890136719,452.4100036621094,455.0050048828125,217848
2025-04-29 14:30:00+00:00,455.0050048828125,459.0299987792969,454.885009765625,458.1099853515625,93381
2025-04-29 15:30:00+00:00,458.1099853515625,461.14990234375,456.3800964355469,460.3500061035156,75869
2025-04-29 16:30:00+00:00,460.2699890136719,460.6549987792969,457.6300048828125,459.79998779296875,47925
2025-04-29 17:30:00+00:00,460.1199951171875,462.7200012207031,460.1199951171875,461.739990234375,43512
2025-04-29 18:30:00+00:00,461.82000732421875,462.5199890136719,461.0,461.3500061035156,69654
2025-04-29 19:30:00+00:00,461.2699890136719,462.2900085449219,460.32000732421875,460.6400146484375,104995
2025-04-30 13:30:00+00:00,460.45001220703125,460.45001220703125,452.0,455.7200012207031,322715
2025-04-30 14:30:00+00:00,455.8900146484375,457.8699951171875,454.8599853515625,457.5199890136719,73563
2025-04-30 15:30:00+00:00,457.23748779296875,458.3599853515625,456.552490234375,456.552490234375,46302
2025-04-30 16:30:00+00:00,455.9700012207031,459.29998779296875,455.9200134277344,459.06500244140625,77654
2025-04-30 17:30:00+00:00,459.06500244140625,460.7850036621094,458.4901123046875,459.2850036621094,79743
2025-04-30 18:30:00+00:00,459.739990234375,460.17999267578125,458.54998779296875,459.4849853515625,109140
2025-04-30 19:30:00+00:00,459.5199890136719,465.2900085449219,458.80999755859375,463.5199890136719,216951
2025-05-01 13:30:00+00:00,465.0,483.6099853515625,464.2449951171875,482.8900146484375,433878
2025-05-01 14:30:00+00:00,483.0799865722656,483.989990234375,479.0,483.3699951171875,286163
2025-05-01 15:30:00+00:00,483.3699951171875,485.4700012207031,481.4200134277344,481.6700134277344,232889
2025-05-01 16:30:00+00:00,481.6499938964844,484.8500061035156,481.19000244140625,483.5299987792969,132114
2025-05-01 17:30:00+00:00,483.7699890136719,484.42999267578125,480.76251220703125,481.3299865722656,137889
2025-05-01 18:30:00+00:00,481.2149963378906,483.7900085449219,480.92999267578125,483.6199951171875,136262
2025-05-01 19:30:00+00:00,483.5450134277344,485.3800048828125,479.82000732421875,480.0199890136719,277085
2025-05-02 13:30:00+00:00,487.1300048828125,492.30999755859375,483.9100036621094,486.8349914550781,182842
2025-05-02 14:30:00+00:00,486.7300109863281,486.8299865722656,481.010009765625,482.3699951171875,109469
2025-05-02 15:30:00+00:00,482.6400146484375,486.8900146484375,482.6400146484375,484.95001220703125,87254
2025-05-02 16:30:00+00:00,484.8599853515625,485.7799987792969,482.9800109863281,483.8599853515625,101504
2025-05-02 17:30:00+00:00,483.8550109863281,484.25,482.79998779296875,483.67999267578125,112090
2025-05-02 18:30:00+00:00,483.79998779296875,484.04998779296875,482.3550109863281,482.66290283203125,115581
2025-05-02 19:30:00+00:00,482.7900085449219,482.8800048828125,480.67999267578125,481.5400085449219,204094
2025-05-05 13:30:00+00:00,480.0,482.8900146484375,477.25,482.8900146484375,123204
2025-05-05 14:30:00+00:00,482.8900146484375,484.5299987792969,481.6499938964844,483.81500244140625,87795
2025-05-05 15:30:00+00:00,483.7650146484375,485.20001220703125,482.9100036621094,485.1099853515625,101296
2025-05-05 16:30:00+00:00,485.1000061035156,485.1549987792969,483.07501220703125,483.2799987792969,75862
2025-05-05 17:30:00+00:00,483.45001220703125,484.8800048828125,483.1600036621094,484.3900146484375,47990
2025-05-05 18:30:00+00:00,484.385009765625,485.1242980957031,483.70001220703125,484.05499267578125,109272
2025-05-05 19:30:00+00:00,484.05499267578125,484.05999755859375,481.1700134277344,481.4700012207031,150978
2025-05-06 13:30:00+00:00,478.04998779296875,481.7699890136719,477.3500061035156,481.260009765625,116693
2025-05-06 14:30:00+00:00,480.8299865722656,481.32000732421875,478.8599853515625,480.42498779296875,64309
2025-05-06 15:30:00+00:00,480.42999267578125,480.9200134277344,477.4103088378906,477.94000244140625,59785
2025-05-06 16:30:00+00:00,478.4549865722656,478.94000244140625,475.7301025390625,476.1625061035156,53675
2025-05-06 17:30:00+00:00,476.7699890136719,479.5199890136719,475.3999938964844,479.5,59616
2025-05-06 18:30:00+00:00,479.4649963378906,480.1700134277344,477.875,478.5350036621094,88899
2025-05-06 19:30:00+00:00,478.5350036621094,478.7900085449219,475.010009765625,475.04998779296875,163782
2025-05-07 13:30:00+00:00,475.0899963378906,477.4049987792969,472.6000061035156,474.2200012207031,216686
2025-05-07 14:30:00+00:00,474.2200012207031,475.57000732421875,473.6600036621094,475.489990234375,47886
2025-05-07 15:30:00+00:00,475.5150146484375,476.73760986328125,474.5726013183594,474.7900085449219,70012
2025-05-07 16:30:00+00:00,474.75,477.3900146484375,474.75,476.30999755859375,43269
2025-05-07 17:30:00+00:00,476.32000732421875,476.32000732421875,470.0,470.010009765625,128411
2025-05-07 18:30:00+00:00,470.30999755859375,474.00299072265625,469.260009765625,471.2950134277344,121610
2025-05-07 19:30:00+00:00,471.2099914550781,473.635009765625,469.6499938964844,472.17999267578125,185919
2025-05-08 13:30:00+00:00,477.9100036621094,481.8599853515625,476.510009765625,481.760009765625,141770
2025-05-08 14:30:00+00:00,481.760009765625,486.54998779296875,478.9100036621094,486.32000732421875,160922
2025-05-08 15:30:00+00:00,486.1499938964844,491.8999938964844,485.9700012207031,491.2300109863281,180873
2025-05-08 16:30:00+00:00,491.4700012207031,493.5799865722656,491.0199890136719,491.9949951171875,117374
2025-05-08 17:30:00+00:00,492.1099853515625,492.5,489.8900146484375,491.1531982421875,216181
2025-05-08 18:30:00+00:00,491.1499938964844,494.0199890136719,491.1300048828125,493.7300109863281,164362
2025-05-08 19:30:00+00:00,493.7650146484375,494.1889953613281,489.9700012207031,490.05999755859375,330156
2025-05-09 13:30:00+00:00,490.7200012207031,492.8999938964844,489.12188720703125,490.2650146484375,103204
2025-05-09 14:30:00+00:00,490.55999755859375,492.17999267578125,489.8999938964844,490.96246337890625,55969
2025-05-09 15:30:00+00:00,490.7049865722656,492.8900146484375,490.0061950683594,491.7300109863281,66870
2025-05-09 16:30:00+00:00,491.3599853515625,492.6549987792969,490.6000061035156,492.4599914550781,41945
2025-05-09 17:30:00+00:00,492.6050109863281,493.25,491.94000244140625,492.0,37257
2025-05-09 18:30:00+00:00,492.1099853515625,493.92999267578125,492.0,492.72198486328125,74877
2025-05-09 19:30:00+00:00,492.6700134277344,492.79998779296875,491.25,492.5899963378906,135444
2025-05-12 13:30:00+00:00,507.739990234375,514.0,501.80999755859375,503.05999755859375,295900
2025-05-12 14:30:00+00:00,503.42999267578125,504.2749938964844,495.4200134277344,496.6449890136719,179635
2025-05-12 15:30:00+00:00,497.0199890136719,497.69500732421875,495.0799865722656,497.25,174326
2025-05-12 16:30:00+00:00,497.2300109863281,499.3598937988281,497.0,498.625,199804
2025-05-12 17:30:00+00:00,498.67999267578125,499.17999267578125,496.6199951171875,497.5,145923
2025-05-12 18:30:00+00:00,497.5249938964844,497.8999938964844,496.17999267578125,496.17999267578125,115673
2025-05-12 19:30:00+00:00,496.2149963378906,496.44000244140625,493.9599914550781,495.5799865722656,258042
2025-05-13 13:30:00+00:00,496.0199890136719,499.31500244140625,492.9700012207031,497.989990234375,326754
2025-05-13 14:30:00+00:00,498.4700012207031,500.239990234375,496.239990234375,499.45001220703125,200552
2025-05-13 15:30:00+00:00,499.1300048828125,500.2900085449219,497.80999755859375,498.3450012207031,107842
2025-05-13 16:30:00+00:00,498.3399963378906,498.5,496.3240051269531,498.3900146484375,95602
2025-05-13 17:30:00+00:00,498.2850036621094,499.6400146484375,497.69000244140625,499.2300109863281,97089
2025-05-13 18:30:00+00:00,498.8999938964844,500.8599853515625,498.82000732421875,500.30999755859375,119220
2025-05-13 19:30:00+00:00,500.489990234375,501.6549987792969,498.3299865722656,498.3800048828125,267636
2025-05-14 13:30:00+00:00,498.7699890136719,501.0199890136719,496.3999938964844,498.4750061035156,271403
2025-05-14 14:30:00+00:00,498.2200012207031,499.0899963378906,496.4599914550781,498.7349853515625,99419
2025-05-14 15:30:00+00:00,498.5400085449219,499.32000732421875,497.6499938964844,499.05999755859375,114035
2025-05-14 16:30:00+00:00,498.8299865722656,499.19000244140625,496.05999755859375,496.760009765625,117943
2025-05-14 17:30:00+00:00,496.8599853515625,499.0,496.4100036621094,498.2300109863281,153732
2025-05-14 18:30:00+00:00,498.4100036621094,499.45001220703125,497.44000244140625,497.6700134277344,170112
2025-05-14 19:30:00+00:00,497.6199951171875,498.67999267578125,496.20001220703125,496.9200134277344,393489
2025-05-15 13:30:00+00:00,517.3499755859375,531.5399780273438,517.3499755859375,519.8150024414062,981362
2025-05-15 14:30:00+00:00,519.3099975585938,523.5999755859375,517.510009765625,523.219970703125,395887
2025-05-15 15:30:00+00:00,523.260009765625,523.75,514.6199951171875,516.75,314936
2025-05-15 16:30:00+00:00,516.8499755859375,517.8699951171875,509.0400085449219,509.0400085449219,290685
2025-05-15 17:30:00+00:00,509.3500061035156,514.5700073242188,508.20001220703125,513.0599975585938,213583
2025-05-15 18:30:00+00:00,513.5650024414062,518.8699951171875,513.5650024414062,518.8699951171875,333945
2025-05-15 19:30:00+00:00,518.6199951171875,519.9500122070312,514.489990234375,515.97998046875,405678
2025-05-16 13:30:00+00:00,515.7999877929688,531.0,515.7999877929688,529.0850219726562,565732
2025-05-16 14:30:00+00:00,528.72998046875,530.22998046875,525.2100219726562,525.8400268554688,229675
2025-05-16 15:30:00+00:00,526.0999755859375,531.3200073242188,525.6699829101562,531.14501953125,192329
2025-05-16 16:30:00+00:00,531.14501953125,533.2000122070312,530.4600219726562,532.239990234375,215686
2025-05-16 17:30:00+00:00,532.5499877929688,533.5650024414062,531.067626953125,531.4299926757812,210736
2025-05-16 18:30:00+00:00,531.2100219726562,533.780029296875,530.489990234375,531.1900024414062,198506
2025-05-16 19:30:00+00:00,531.0900268554688,531.9600219726562,529.469970703125,531.5700073242188,377376
2025-05-19 13:30:00+00:00,526.010009765625,529.219970703125,521.5499877929688,526.5599975585938,250647
2025-05-19 14:30:00+00:00,526.9749755859375,530.2249755859375,526.3200073242188,529.0800170898438,189461
2025-05-19 15:30:00+00:00,529.1900024414062,532.469970703125,529.022705078125,532.469970703125,123168
2025-05-19 16:30:00+00:00,532.22998046875,532.4000244140625,530.5250244140625,531.3049926757812,96504
2025-05-19 17:30:00+00:00,531.2999877929688,531.2999877929688,529.1130981445312,529.75,85215
2025-05-19 18:30:00+00:00,529.760009765625,530.4099731445312,528.9650268554688,529.4500122070312,110941
2025-05-19 19:30:00+00:00,529.5399780273438,530.1649780273438,529.1400146484375,529.97998046875,174802
2025-05-20 13:30:00+00:00,527.6900024414062,529.3300170898438,525.219970703125,529.25,167915
2025-05-20 14:30:00+00:00,529.010009765625,529.7449951171875,525.9301147460938,526.6130981445312,117913
2025-05-20 15:30:00+00:00,526.2000122070312,526.8300170898438,524.0999755859375,526.7799072265625,112980
2025-05-20 16:30:00+00:00,526.9000244140625,527.5,526.4299926757812,527.260009765625,57367
2025-05-20 17:30:00+00:00,527.260009765625,527.7791748046875,525.4550170898438,525.8049926757812,83861
2025-05-20 18:30:00+00:00,525.739990234375,526.469970703125,523.8099975585938,524.4650268554688,98045
2025-05-20 19:30:00+00:00,524.3499755859375,526.3499755859375,524.3499755859375,526.25,161503
2025-05-21 13:30:00+00:00,519.5700073242188,523.0050048828125,519.3865966796875,521.719970703125,121233
2025-05-21 14:30:00+00:00,520.9299926757812,520.9299926757812,519.030029296875,519.2100219726562,78021
2025-05-21 15:30:00+00:00,518.830078125,520.0,518.7213134765625,519.4099731445312,78252
2025-05-21 16:30:00+00:00,519.5800170898438,519.9299926757812,514.4199829101562,514.4199829101562,99872
2025-05-21 17:30:00+00:00,514.1199951171875,517.0399780273438,514.0850219726562,516.3699951171875,74722
2025-05-21 18:30:00+00:00,516.1599731445312,517.2000122070312,514.8699951171875,515.4099731445312,112106
2025-05-21 19:30:00+00:00,515.5499877929688,516.760009765625,514.5900268554688,514.6599731445312,182906
2025-05-22 13:30:00+00:00,512.8200073242188,515.260009765625,511.3500061035156,513.094970703125,201935
2025-05-22 14:30:00+00:00,513.4199829101562,515.3699951171875,512.4299926757812,514.9500122070312,65786
2025-05-22 15:30:00+00:00,514.760009765625,517.1900024414062,514.760009765625,515.8350219726562,63101
2025-05-22 16:30:00+00:00,515.989990234375,518.2899780273438,515.1900024414062,518.0700073242188,47306
2025-05-22 17:30:00+00:00,517.969970703125,519.1599731445312,517.2150268554688,518.47998046875,69954
2025-05-22 18:30:00+00:00,518.3699951171875,518.8300170898438,517.7899780273438,518.7100219726562,85057
2025-05-22 19:30:00+00:00,518.6400146484375,518.9500122070312,515.0,515.3800048828125,181470
2025-05-23 13:30:00+00:00,510.95001220703125,516.77001953125,510.5199890136719,512.5800170898438,163004
2025-05-23 14:30:00+00:00,512.6400146484375,513.77001953125,510.0010070800781,511.6000061035156,102377
2025-05-23 15:30:00+00:00,511.6000061035156,512.77001953125,510.0,510.8800048828125,80181
2025-05-23 16:30:00+00:00,510.510009765625,512.1599731445312,509.67999267578125,511.864990234375,50315
2025-05-23 17:30:00+00:00,512.0399780273438,512.0399780273438,510.6000061035156,510.9950866699219,45324
2025-05-23 18:30:00+00:00,511.1700134277344,511.739990234375,510.1600036621094,510.2950134277344,61458
2025-05-23 19:30:00+00:00,510.2850036621094,510.6099853515625,508.6925048828125,510.05999755859375,152608
2025-05-27 13:30:00+00:00,512.7899780273438,514.9412231445312,508.375,511.56500244140625,176423
2025-05-27 14:30:00+00:00,511.55999755859375,512.4829711914062,505.79998779296875,507.7449951171875,178364
2025-05-27 15:30:00+00:00,507.7449951171875,509.7950134277344,507.3599853515625,509.04998779296875,107323
2025-05-27 16:30:00+00:00,508.9700012207031,509.95001220703125,508.32501220703125,509.1650085449219,78172
2025-05-27 17:30:00+00:00,509.010009765625,510.9700012207031,509.010009765625,510.7650146484375,66079
2025-05-27 18:30:00+00:00,510.7650146484375,511.239990234375,509.30999755859375,509.43499755859375,81460
2025-05-27 19:30:00+00:00,509.5199890136719,509.8900146484375,508.30999755859375,509.57000732421875,211795
2025-05-28 13:30:00+00:00,510.3699951171875,511.7200012207031,508.2900085449219,509.20001220703125,121258
2025-05-28 14:30:00+00:00,508.8299865722656,509.2699890136719,505.8450012207031,506.3999938964844,93972
2025-05-28 15:30:00+00:00,506.260009765625,508.3900146484375,506.1099853515625,507.8500061035156,56591
2025-05-28 16:30:00+00:00,507.82000732421875,509.239990234375,507.510009765625,508.55999755859375,49784
2025-05-28 17:30:00+00:00,508.5050048828125,509.4599914550781,508.1195068359375,509.1400146484375,39993
2025-05-28 18:30:00+00:00,509.375,510.2200012207031,507.42999267578125,509.1549987792969,90670
2025-05-28 19:30:00+00:00,509.1549987792969,509.25,507.4599914550781,507.94000244140625,139833
2025-05-29 13:30:00+00:00,510.5,510.5,506.7200927734375,507.94000244140625,98655
2025-05-29 14:30:00+00:00,507.9599914550781,508.2049865722656,505.8900146484375,507.2749938964844,80413
2025-05-29 15:30:00+00:00,507.4200134277344,507.4200134277344,502.7950134277344,504.4949951171875,90704
2025-05-29 16:30:00+00:00,504.3450012207031,505.489990234375,504.20001220703125,504.82000732421875,64435
2025-05-29 17:30:00+00:00,504.3800964355469,505.7900085449219,503.6400146484375,504.0,65038
2025-05-29 18:30:00+00:00,504.3800048828125,505.9100036621094,503.0199890136719,503.2229919433594,103164
2025-05-29 19:30:00+00:00,503.2200012207031,503.760009765625,502.0799865722656,503.1700134277344,284086
2025-05-30 13:30:00+00:00,505.17999267578125,513.8499755859375,503.1099853515625,507.0299987792969,293267
2025-05-30 14:30:00+00:00,507.20001220703125,508.0267028808594,505.8599853515625,506.6499938964844,95485
2025-05-30 15:30:00+00:00,506.7099914550781,508.1199951171875,505.1600036621094,505.17999267578125,85179
2025-05-30 16:30:00+00:00,505.3699951171875,508.3819885253906,504.68011474609375,508.3699951171875,82697
2025-05-30 17:30:00+00:00,508.2950134277344,510.489990234375,507.2699890136719,510.05999755859375,109408
2025-05-30 18:30:00+00:00,510.0050048828125,510.07989501953125,507.55999755859375,508.45001220703125,127427
2025-05-30 19:30:00+00:00,508.45001220703125,508.57000732421875,505.5299987792969,506.4800109863281,251050
2025-06-02 13:30:00+00:00,506.1600036621094,507.1300048828125,501.0199890136719,505.07000732421875,186089
2025-06-02 14:30:00+00:00,505.260009765625,506.5,503.739990234375,503.79998779296875,85883
2025-06-02 15:30:00+00:00,503.6099853515625,505.0899963378906,503.125,504.57000732421875,86299
2025-06-02 16:30:00+00:00,504.80999755859375,506.0400085449219,504.67999267578125,505.0799865722656,83872
2025-06-02 17:30:00+00:00,505.2699890136719,507.3699951171875,505.04998779296875,506.8699951171875,82389
2025-06-02 18:30:00+00:00,507.1199951171875,509.2774963378906,507.0899963378906,508.9750061035156,116027
2025-06-02 19:30:00+00:00,508.9750061035156,508.9750061035156,507.510009765625,508.05999755859375,199741
2025-06-03 13:30:00+00:00,506.6000061035156,512.2000122070312,506.0199890136719,512.2000122070312,167054
2025-06-03 14:30:00+00:00,512.0399780273438,512.9500122070312,510.19500732421875,512.4149780273438,113391
2025-06-03 15:30:00+00:00,512.4299926757812,513.2999877929688,511.2650146484375,512.77001953125,81014
2025-06-03 16:30:00+00:00,512.97998046875,513.5999755859375,512.5,513.5800170898438,77577
2025-06-03 17:30:00+00:00,513.7000122070312,514.0700073242188,512.6699829101562,514.0,102524
2025-06-03 18:30:00+00:00,514.0700073242188,514.6749877929688,513.0999755859375,513.3599853515625,156060
2025-06-03 19:30:00+00:00,513.2899780273438,514.1300048828125,512.5150146484375,513.1400146484375,206878
2025-06-04 13:30:00+00:00,514.4400024414062,516.72998046875,512.6550903320312,515.885009765625,180734
2025-06-04 14:30:00+00:00,515.8200073242188,516.0,511.5,512.3200073242188,168733
2025-06-04 15:30:00+00:00,511.79998779296875,512.239990234375,509.70001220703125,509.8450012207031,48771
2025-06-04 16:30:00+00:00,509.8500061035156,511.19000244140625,509.7799987792969,511.11749267578125,54853
2025-06-04 17:30:00+00:00,511.2200012207031,511.4599914550781,508.94000244140625,508.94000244140625,63274
2025-06-04 18:30:00+00:00,508.94000244140625,509.19000244140625,507.45001220703125,509.1199951171875,145087
2025-06-04 19:30:00+00:00,509.1700134277344,509.9200134277344,507.7799987792969,507.7799987792969,203086
2025-06-05 13:30:00+00:00,510.1000061035156,513.8599853515625,507.04998779296875,510.0899963378906,181467
2025-06-05 14:30:00+00:00,509.7550048828125,511.19989013671875,507.7650146484375,510.8500061035156,130218
2025-06-05 15:30:00+00:00,510.4800109863281,514.0,510.1700134277344,513.719970703125,116820
2025-06-05 16:30:00+00:00,513.72998046875,514.6099853515625,511.7099914550781,514.3599853515625,83628
2025-06-05 17:30:00+00:00,514.4299926757812,514.9035034179688,511.6499938964844,512.6849975585938,94001
2025-06-05 18:30:00+00:00,512.72998046875,513.7150268554688,510.6400146484375,511.07000732421875,168497
2025-06-05 19:30:00+00:00,511.11749267578125,512.27001953125,510.2049865722656,511.07000732421875,194577
2025-06-06 13:30:00+00:00,520.89990234375,526.0,518.613525390625,523.1950073242188,237258
2025-06-06 14:30:00+00:00,523.1799926757812,524.2849731445312,519.47998046875,520.2000122070312,134484
2025-06-06 15:30:00+00:00,520.1849975585938,522.5299072265625,519.6699829101562,522.02001953125,131762
2025-06-06 16:30:00+00:00,521.8900146484375,524.4998779296875,521.5836791992188,522.7899780273438,300318
2025-06-06 17:30:00+00:00,522.8099975585938,523.5455932617188,522.1599731445312,522.3200073242188,112290
2025-06-06 18:30:00+00:00,522.1199951171875,523.3099975585938,520.8800048828125,521.1599731445312,138395
2025-06-06 19:30:00+00:00,521.27001953125,521.5050048828125,518.6699829101562,520.0,251202
2025-06-09 13:30:00+00:00,520.0,523.0050048828125,518.6599731445312,519.6599731445312,179437
2025-06-09 14:30:00+00:00,519.5,520.6599731445312,517.5999755859375,520.5499877929688,132261
2025-06-09 15:30:00+00:00,520.6649780273438,523.9500122070312,520.6649780273438,523.9400024414062,109231
2025-06-09 16:30:00+00:00,523.8900146484375,525.4600219726562,523.030029296875,524.8499755859375,72998
2025-06-09 17:30:00+00:00,524.8099975585938,525.5650024414062,524.5753173828125,525.4000244140625,104029
2025-06-09 18:30:00+00:00,525.4000244140625,525.6004028320312,523.6500244140625,523.7899780273438,120598
2025-06-09 19:30:00+00:00,523.8049926757812,523.9276123046875,521.3400268554688,521.6900024414062,206050
2025-06-10 13:30:00+00:00,519.9299926757812,520.60498046875,508.9599914550781,515.9644165039062,257883
2025-06-10 14:30:00+00:00,516.0,516.155029296875,513.4400024414062,515.3150024414062,94046
2025-06-10 15:30:00+00:00,515.0599975585938,515.7999877929688,513.75,514.14501953125,71436
2025-06-10 16:30:00+00:00,514.14501953125,516.6599731445312,513.8400268554688,515.1649780273438,123190
2025-06-10 17:30:00+00:00,515.280029296875,515.6699829101562,512.719970703125,514.1849975585938,95272
2025-06-10 18:30:00+00:00,514.510009765625,515.760009765625,514.030029296875,514.969970703125,147306
2025-06-10 19:30:00+00:00,514.969970703125,516.6099853515625,513.2999877929688,515.9299926757812,312109
2025-06-11 13:30:00+00:00,518.2100219726562,518.4299926757812,512.6300048828125,516.9000244140625,143810
2025-06-11 14:30:00+00:00,516.89501953125,519.3499755859375,515.1699829101562,518.760009765625,133242
2025-06-11 15:30:00+00:00,518.4149780273438,518.8400268554688,517.3250122070312,518.52001953125,64152
2025-06-11 16:30:00+00:00,518.7000122070312,520.239990234375,517.97998046875,520.0850219726562,72264
2025-06-11 17:30:00+00:00,520.27001953125,521.297119140625,518.0750122070312,519.9650268554688,109941
2025-06-11 18:30:00+00:00,519.719970703125,521.39501953125,519.260009765625,520.760009765625,103945
2025-06-11 19:30:00+00:00,520.9099731445312,521.6099853515625,520.1500244140625,521.02001953125,193731
2025-06-12 13:30:00+00:00,518.5,518.8161010742188,515.0,518.6599731445312,134254
2025-06-12 14:30:00+00:00,518.7000122070312,520.1099853515625,517.22998046875,518.3800048828125,74320
2025-06-12 15:30:00+00:00,518.7050170898438,518.7050170898438,516.6414794921875,516.6414794921875,45210
2025-06-12 16:30:00+00:00,517.4149780273438,519.469970703125,517.0800170898438,518.719970703125,67122
2025-06-12 17:30:00+00:00,518.5399780273438,519.3699951171875,517.114990234375,517.114990234375,52887
2025-06-12 18:30:00+00:00,516.8699951171875,517.6799926757812,515.7249755859375,515.7849731445312,88422
2025-06-12 19:30:00+00:00,515.625,517.3300170898438,515.5,517.0700073242188,165496
2025-06-13 13:30:00+00:00,513.0,515.0269165039062,510.989990234375,512.14501953125,100915
2025-06-13 14:30:00+00:00,512.125,515.8699951171875,511.1199951171875,515.094970703125,56255
2025-06-13 15:30:00+00:00,515.510009765625,516.4000244140625,514.6699829101562,515.342529296875,48823
2025-06-13 16:30:00+00:00,515.4349975585938,516.0349731445312,513.97998046875,513.97998046875,41350
2025-06-13 17:30:00+00:00,513.6699829101562,514.6500244140625,511.7200012207031,512.1755981445312,42142
2025-06-13 18:30:00+00:00,511.9649963378906,512.02001953125,508.0400085449219,508.3450012207031,157924
2025-06-13 19:30:00+00:00,508.31500244140625,509.7099914550781,507.7300109863281,509.5799865722656,200059
2025-06-16 13:30:00+00:00,515.280029296875,517.8051147460938,512.8510131835938,517.10498046875,175942
2025-06-16 14:30:00+00:00,517.0850219726562,522.969970703125,517.0850219726562,522.5599975585938,144195
2025-06-16 15:30:00+00:00,522.4949951171875,526.22998046875,522.0,524.9620971679688,163632
2025-06-16 16:30:00+00:00,525.510009765625,525.7000122070312,522.9299926757812,525.4265747070312,109846
2025-06-16 17:30:00+00:00,525.77001953125,526.4400024414062,524.75,526.135009765625,110241
2025-06-16 18:30:00+00:00,526.030029296875,526.25,524.2150268554688,524.2150268554688,151478
2025-06-16 19:30:00+00:00,524.0750122070312,525.3200073242188,523.8499755859375,524.4400024414062,184633
2025-06-17 13:30:00+00:00,521.0399780273438,524.989990234375,520.0499877929688,523.35498046875,130826
2025-06-17 14:30:00+00:00,523.35498046875,523.375,519.9000244140625,522.3350219726562,75531
2025-06-17 15:30:00+00:00,522.5776977539062,524.72998046875,521.9650268554688,524.3400268554688,73236
2025-06-17 16:30:00+00:00,523.9000244140625,524.5700073242188,522.4600219726562,522.6199951171875,71338
2025-06-17 17:30:00+00:00,522.3099975585938,523.3300170898438,521.2055053710938,521.5650024414062,65961
2025-06-17 18:30:00+00:00,521.64501953125,522.969970703125,521.3499755859375,522.7750244140625,127637
2025-06-17 19:30:00+00:00,522.8800048828125,523.27001953125,522.02001953125,522.9400024414062,156392
2025-06-18 13:30:00+00:00,522.0,530.419921875,521.3400268554688,529.5050048828125,185543
2025-06-18 14:30:00+00:00,529.5050048828125,531.2000122070312,528.4199829101562,530.2100219726562,121290
2025-06-18 15:30:00+00:00,530.2125244140625,530.44091796875,528.9749755859375,529.5,72064
2025-06-18 16:30:00+00:00,529.52001953125,529.6099853515625,528.875,529.3489990234375,48578
2025-06-18 17:30:00+00:00,529.4949951171875,531.0399780273438,528.5900268554688,529.3250122070312,55115
2025-06-18 18:30:00+00:00,529.280029296875,530.8599853515625,526.6799926757812,526.6799926757812,133323
2025-06-18 19:30:00+00:00,526.3800048828125,527.72998046875,524.8400268554688,525.0800170898438,140304
2025-06-20 13:30:00+00:00,528.4500122070312,530.0,524.5399780273438,527.7750244140625,403348
2025-06-20 14:30:00+00:00,527.1599731445312,527.1599731445312,523.4700927734375,526.1799926757812,67678
2025-06-20 15:30:00+00:00,526.3499755859375,526.7625732421875,523.7899780273438,524.3250122070312,88282
2025-06-20 16:30:00+00:00,524.5,524.6300048828125,520.3099975585938,520.385009765625,47412
2025-06-20 17:30:00+00:00,520.344970703125,520.8099975585938,519.110107421875,520.2899780273438,53067
2025-06-20 18:30:00+00:00,520.4400024414062,520.7999877929688,519.2150268554688,519.6900024414062,72258
2025-06-20 19:30:00+00:00,519.5380249023438,522.1199951171875,519.5380249023438,521.219970703125,206551
2025-06-23 13:30:00+00:00,518.4600219726562,522.919921875,517.3400268554688,519.510009765625,127841
2025-06-23 14:30:00+00:00,519.130126953125,520.2100219726562,515.0,515.0399780273438,91523
2025-06-23 15:30:00+00:00,514.989990234375,515.47998046875,505.94000244140625,506.3399963378906,190326
2025-06-23 16:30:00+00:00,506.7449951171875,509.45001220703125,505.6600036621094,509.45001220703125,111150
2025-06-23 17:30:00+00:00,509.54998779296875,511.6000061035156,509.4549865722656,510.8900146484375,123852
2025-06-23 18:30:00+00:00,510.8500061035156,512.9500122070312,510.25,512.260009765625,171649
2025-06-23 19:30:00+00:00,512.2100219726562,514.7899780273438,512.1900024414062,513.969970703125,232264
2025-06-24 13:30:00+00:00,518.5999755859375,518.5999755859375,507.8800048828125,511.2799987792969,327922
2025-06-24 14:30:00+00:00,511.8500061035156,512.5499877929688,510.7900085449219,511.6650085449219,146549
2025-06-24 15:30:00+00:00,511.6650085449219,516.989990234375,511.6650085449219,515.8056030273438,69765
2025-06-24 16:30:00+00:00,515.8295288085938,515.9949951171875,513.739990234375,513.780029296875,67113
2025-06-24 17:30:00+00:00,513.969970703125,514.5,512.6004028320312,514.1699829101562,77624
2025-06-24 18:30:00+00:00,514.4500122070312,514.6900024414062,513.0700073242188,513.0700073242188,145847
2025-06-24 19:30:00+00:00,512.8800048828125,514.3200073242188,512.64501953125,514.0800170898438,206214
2025-06-25 13:30:00+00:00,513.1099853515625,514.0,505.5,505.6000061035156,411854
2025-06-25 14:30:00+00:00,505.6600036621094,508.6300048828125,504.8828125,505.67498779296875,91827
2025-06-25 15:30:00+00:00,505.1000061035156,505.8299865722656,503.25,504.3699951171875,86117
2025-06-25 16:30:00+00:00,504.44000244140625,504.69500732421875,503.6499938964844,503.8500061035156,63035
2025-06-25 17:30:00+00:00,504.0150146484375,507.3900146484375,502.92999267578125,506.8399963378906,89203
2025-06-25 18:30:00+00:00,506.7200012207031,508.4241027832031,506.7200012207031,508.1940002441406,97307
2025-06-25 19:30:00+00:00,508.114990234375,508.114990234375,506.2099914550781,506.7099914550781,120174
2025-06-26 13:30:00+00:00,509.20001220703125,509.20001220703125,503.3500061035156,505.45001220703125,228166
2025-06-26 14:30:00+00:00,505.4800109863281,507.3746032714844,505.260009765625,505.8299865722656,171300
2025-06-26 15:30:00+00:00,505.8299865722656,507.4800109863281,505.4700012207031,507.2250061035156,100879
2025-06-26 16:30:00+00:00,507.3900146484375,507.5799865722656,506.1600036621094,506.875,105290
2025-06-26 17:30:00+00:00,506.8949890136719,507.9049987792969,506.8500061035156,507.0,78814
2025-06-26 18:30:00+00:00,507.1050109863281,509.42999267578125,506.92999267578125,509.04119873046875,144215
2025-06-26 19:30:00+00:00,509.0400085449219,509.239990234375,507.9200134277344,508.70001220703125,185107
2025-06-27 13:30:00+00:00,508.54998779296875,512.5999755859375,507.0899963378906,512.010009765625,161077
2025-06-27 14:30:00+00:00,512.0150146484375,514.3699951171875,511.6099853515625,513.9349975585938,112046
2025-06-27 15:30:00+00:00,513.8099975585938,514.22998046875,511.7049865722656,511.7049865722656,109513
2025-06-27 16:30:00+00:00,511.739990234375,512.2000122070312,510.3290100097656,511.18499755859375,49385
2025-06-27 17:30:00+00:00,511.44500732421875,511.5299987792969,509.1600036621094,509.4800109863281,106176
2025-06-27 18:30:00+00:00,509.30999755859375,510.2799987792969,507.5199890136719,510.0799865722656,134952
2025-06-27 19:30:00+00:00,510.0799865722656,513.5800170898438,509.8699951171875,512.9199829101562,368254
2025-06-30 13:30:00+00:00,512.0,512.3699951171875,506.3699951171875,508.5,162908
2025-06-30 14:30:00+00:00,508.5,509.72601318359375,508.0350036621094,509.72601318359375,112960
2025-06-30 15:30:00+00:00,509.6600036621094,509.8800048828125,506.7799987792969,506.80999755859375,77821
2025-06-30 16:30:00+00:00,506.7699890136719,507.20849609375,505.69000244140625,506.8900146484375,106777
2025-06-30 17:30:00+00:00,506.95001220703125,507.0,504.4599914550781,506.44000244140625,116236
2025-06-30 18:30:00+00:00,506.44000244140625,508.4800109863281,505.6300048828125,508.19000244140625,120388
2025-06-30 19:30:00+00:00,507.9849853515625,508.7099914550781,507.0199890136719,508.3699951171875,306711
2025-07-01 13:30:00+00:00,504.67999267578125,506.010009765625,494.92999267578125,504.8599853515625,316371
2025-07-01 14:30:00+00:00,504.8599853515625,513.0900268554688,503.29998779296875,512.4349975585938,190556
2025-07-01 15:30:00+00:00,512.6500244140625,514.8154907226562,512.090087890625,514.594970703125,116018
2025-07-01 16:30:00+00:00,514.3900146484375,514.5750122070312,508.67999267578125,510.6199951171875,86227
2025-07-01 17:30:00+00:00,510.625,511.1050109863281,509.760009765625,511.1050109863281,59913
2025-07-01 18:30:00+00:00,511.010009765625,513.3099975585938,510.989990234375,511.8299865722656,104342
2025-07-01 19:30:00+00:00,511.8500061035156,512.0,507.9599914550781,508.5299987792969,248502
2025-07-02 13:30:00+00:00,508.8800048828125,513.739990234375,507.3900146484375,510.0400085449219,148037
2025-07-02 14:30:00+00:00,509.7799987792969,514.3699951171875,509.7799987792969,514.0999755859375,116031
2025-07-02 15:30:00+00:00,514.0,516.905029296875,513.3800048828125,513.7000122070312,126674
2025-07-02 16:30:00+00:00,513.6300048828125,515.0549926757812,513.02001953125,514.989990234375,56782
2025-07-02 17:30:00+00:00,514.989990234375,516.6699829101562,514.839599609375,516.6699829101562,77310
2025-07-02 18:30:00+00:00,516.8099975585938,517.9199829101562,516.489990234375,516.8300170898438,123536
2025-07-02 19:30:00+00:00,517.1799926757812,520.5800170898438,517.0999755859375,520.4149780273438,259315
2025-07-03 13:30:00+00:00,520.0,523.5800170898438,519.4349975585938,520.5800170898438,118578
2025-07-03 14:30:00+00:00,520.5900268554688,522.3200073242188,519.9749755859375,521.260009765625,84577
2025-07-03 15:30:00+00:00,521.29052734375,522.72998046875,521.29052734375,521.7800903320312,89440
2025-07-07 13:30:00+00:00,519.0,519.4600219726562,512.751708984375,514.4500122070312,164850
2025-07-07 14:30:00+00:00,514.5650024414062,515.260009765625,511.5199890136719,511.5199890136719,79282
2025-07-07 15:30:00+00:00,511.6000061035156,512.9600219726562,509.2099914550781,510.739990234375,85858
2025-07-07 16:30:00+00:00,510.760009765625,511.0199890136719,508.3299865722656,509.55999755859375,65536
2025-07-07 17:30:00+00:00,509.54998779296875,509.989990234375,506.9599914550781,507.614990234375,95891
2025-07-07 18:30:00+00:00,507.614990234375,509.0199890136719,507.20001220703125,507.8550109863281,92711
2025-07-07 19:30:00+00:00,508.0799865722656,510.4599914550781,508.0199890136719,510.2799987792969,168946
2025-07-08 13:30:00+00:00,507.3699951171875,512.9500122070312,507.3399963378906,510.3550109863281,149855
2025-07-08 14:30:00+00:00,510.4200134277344,514.72998046875,509.6099853515625,513.0549926757812,129478
2025-07-08 15:30:00+00:00,513.0800170898438,514.2100219726562,511.2349853515625,512.530029296875,144515
2025-07-08 16:30:00+00:00,512.5900268554688,512.969970703125,511.3500061035156,511.8500061035156,57996
2025-07-08 17:30:00+00:00,511.8500061035156,512.0800170898438,510.6499938964844,510.8299865722656,56929
2025-07-08 18:30:00+00:00,510.80010986328125,511.9599914550781,509.6700134277344,510.79998779296875,111986
2025-07-08 19:30:00+00:00,510.6400146484375,510.7749938964844,508.67999267578125,508.95001220703125,265565
2025-07-09 13:30:00+00:00,510.9800109863281,512.0650024414062,502.67999267578125,503.80999755859375,185722
2025-07-09 14:30:00+00:00,503.80999755859375,503.80999755859375,499.510009765625,501.9049987792969,132444
2025-07-09 15:30:00+00:00,502.0950012207031,506.0,501.8699951171875,505.57501220703125,114383
2025-07-09 16:30:00+00:00,505.7449951171875,508.3999938964844,504.3500061035156,507.1099853515625,127314
2025-07-09 17:30:00+00:00,507.4100036621094,509.0,507.18499755859375,508.3550109863281,68150
2025-07-09 18:30:00+00:00,508.3349914550781,509.5065002441406,508.2049865722656,509.19000244140625,107044
2025-07-09 19:30:00+00:00,509.45001220703125,510.989990234375,509.20001220703125,509.3299865722656,189371
2025-07-10 13:30:00+00:00,511.7099914550781,520.72021484375,510.5,519.6699829101562,165351
2025-07-10 14:30:00+00:00,519.6699829101562,528.97998046875,519.6699829101562,527.1290283203125,249830
2025-07-10 15:30:00+00:00,527.2249755859375,527.7000122070312,524.3499755859375,525.9299926757812,138319
2025-07-10 16:30:00+00:00,525.6900024414062,528.27001953125,525.5499877929688,527.0800170898438,110286
2025-07-10 17:30:00+00:00,527.0800170898438,527.8400268554688,523.7100219726562,523.8150024414062,141531
2025-07-10 18:30:00+00:00,523.9400024414062,523.969970703125,520.5999755859375,520.5999755859375,143831
2025-07-10 19:30:00+00:00,520.6599731445312,521.4000244140625,518.02001953125,519.22998046875,184092
2025-07-11 13:30:00+00:00,514.2000122070312,515.625,509.6600036621094,515.0800170898438,158732
2025-07-11 14:30:00+00:00,515.25,515.8800048828125,513.6300048828125,515.0,133907
2025-07-11 15:30:00+00:00,514.6699829101562,515.3400268554688,513.27001953125,513.5900268554688,103864
2025-07-11 16:30:00+00:00,513.3699951171875,514.1099853515625,511.3529052734375,512.52001953125,82050
2025-07-11 17:30:00+00:00,512.6099853515625,513.0999755859375,510.9100036621094,511.510009765625,84264
2025-07-11 18:30:00+00:00,511.6099853515625,513.594970703125,511.6099853515625,513.5599975585938,88539
2025-07-11 19:30:00+00:00,513.7999877929688,513.875,511.760009765625,512.1599731445312,142862
2025-07-14 13:30:00+00:00,512.5,512.7785034179688,509.5450134277344,509.760009765625,126552
2025-07-14 14:30:00+00:00,509.6300048828125,510.20001220703125,502.8599853515625,504.2200012207031,142904
2025-07-14 15:30:00+00:00,504.44000244140625,504.8399963378906,502.1300048828125,504.010009765625,112516
2025-07-14 16:30:00+00:00,504.2300109863281,505.44000244140625,503.1239929199219,505.260009765625,86555
2025-07-14 17:30:00+00:00,505.3900146484375,506.25,504.9200134277344,506.1600036621094,93268
2025-07-14 18:30:00+00:00,506.18499755859375,506.8900146484375,504.92999267578125,505.5150146484375,138072
2025-07-14 19:30:00+00:00,505.6300048828125,507.7099914550781,505.1199951171875,507.6099853515625,261842
2025-07-15 13:30:00+00:00,507.6499938964844,510.45001220703125,505.8299865722656,508.42999267578125,243684
2025-07-15 14:30:00+00:00,508.42999267578125,511.6199951171875,507.92999267578125,510.4100036621094,83237
2025-07-15 15:30:00+00:00,510.6600036621094,510.6600036621094,505.95001220703125,506.1499938964844,134548
2025-07-15 16:30:00+00:00,506.2900085449219,507.0,503.1099853515625,504.42999267578125,129154
2025-07-15 17:30:00+00:00,504.5,506.1199951171875,503.16729736328125,504.9800109863281,65204
2025-07-15 18:30:00+00:00,504.9800109863281,506.29998779296875,504.67999267578125,504.9800109863281,73463
2025-07-15 19:30:00+00:00,505.1400146484375,505.3500061035156,503.1499938964844,503.3999938964844,141151
2025-07-16 13:30:00+00:00,503.0,506.6505126953125,500.4049987792969,501.4200134277344,176825
2025-07-16 14:30:00+00:00,501.29998779296875,504.5799865722656,499.1099853515625,501.9800109863281,191130
2025-07-16 15:30:00+00:00,501.9800109863281,506.55999755859375,500.0,506.2200012207031,129114
2025-07-16 16:30:00+00:00,505.802490234375,507.0375061035156,505.3699951171875,506.8299865722656,81868
2025-07-16 17:30:00+00:00,506.75,506.80999755859375,505.1600036621094,505.5950012207031,87203
2025-07-16 18:30:00+00:00,505.4599914550781,507.8800048828125,505.4599914550781,507.864990234375,101804
2025-07-16 19:30:00+00:00,507.8800048828125,508.6700134277344,506.8500061035156,508.0,192233
2025-07-17 13:30:00+00:00,505.79998779296875,512.9400024414062,503.3800048828125,503.6400146484375,265553
2025-07-17 14:30:00+00:00,503.3999938964844,503.8800048828125,492.05999755859375,495.6000061035156,368067
2025-07-17 15:30:00+00:00,495.5299987792969,497.7799987792969,494.3999938964844,496.6499938964844,221094
2025-07-17 16:30:00+00:00,496.6549987792969,498.4599914550781,495.25,495.9649963378906,172621
2025-07-17 17:30:00+00:00,495.9750061035156,499.30999755859375,495.8349914550781,499.2049865722656,141629
2025-07-17 18:30:00+00:00,499.2049865722656,501.0400085449219,498.8800048828125,499.57000732421875,154694
2025-07-17 19:30:00+00:00,499.7550048828125,500.32000732421875,498.0400085449219,499.3999938964844,261538
2025-07-18 13:30:00+00:00,502.3699951171875,503.1969909667969,499.55010986328125,501.3349914550781,203751
2025-07-18 14:30:00+00:00,501.2200012207031,501.510009765625,497.6400146484375,500.7300109863281,147731
2025-07-18 15:30:00+00:00,500.70001220703125,501.46990966796875,499.0150146484375,499.0150146484375,60986
2025-07-18 16:30:00+00:00,498.9800109863281,499.32000732421875,497.0950012207031,497.9898986816406,90963
2025-07-18 17:30:00+00:00,498.0799865722656,498.44000244140625,496.8999938964844,497.57000732421875,74794
2025-07-18 18:30:00+00:00,497.68499755859375,498.8500061035156,497.07000732421875,498.69000244140625,90681
2025-07-18 19:30:00+00:00,498.6700134277344,500.2300109863281,498.45001220703125,499.75,198005
2025-07-21 13:30:00+00:00,504.7699890136719,505.8399963378906,501.2099914550781,504.1300048828125,200680
2025-07-21 14:30:00+00:00,504.0299987792969,505.6600036621094,503.7099914550781,504.99749755859375,133369
2025-07-21 15:30:00+00:00,505.42999267578125,506.2489929199219,503.3500061035156,503.3500061035156,110525
2025-07-21 16:30:00+00:00,503.20001220703125,504.0,502.5600891113281,502.9200134277344,98132
2025-07-21 17:30:00+00:00,502.80999755859375,503.10699462890625,501.4849853515625,502.3349914550781,70321
2025-07-21 18:30:00+00:00,502.3800048828125,502.3900146484375,499.29998779296875,499.30999755859375,119393
2025-07-21 19:30:00+00:00,499.3800048828125,499.6499938964844,496.0299987792969,496.2300109863281,209085
2025-07-22 13:30:00+00:00,497.1000061035156,503.7300109863281,496.17498779296875,503.6600036621094,157731
2025-07-22 14:30:00+00:00,503.489990234375,504.75,502.9800109863281,503.6700134277344,101692
2025-07-22 15:30:00+00:00,503.5,504.88299560546875,503.0400085449219,504.2300109863281,93763
2025-07-22 16:30:00+00:00,504.5299987792969,506.3500061035156,504.0400085449219,506.0846862792969,85532
2025-07-22 17:30:00+00:00,506.2900085449219,506.8299865722656,505.2900085449219,505.94000244140625,74713
2025-07-22 18:30:00+00:00,505.94500732421875,508.19000244140625,505.94500732421875,507.6000061035156,115490
2025-07-22 19:30:00+00:00,507.552001953125,507.6300048828125,505.6000061035156,505.6199951171875,195079
2025-07-23 13:30:00+00:00,508.7799987792969,511.69000244140625,506.2200012207031,507.1199951171875,147844
2025-07-23 14:30:00+00:00,507.0799865722656,508.239990234375,505.8999938964844,507.8699951171875,82939
2025-07-23 15:30:00+00:00,507.7900085449219,514.7299194335938,507.7900085449219,512.1400146484375,204751
2025-07-23 16:30:00+00:00,511.8699951171875,513.1400146484375,511.55999755859375,512.4713745117188,46517
2025-07-23 17:30:00+00:00,512.9000244140625,513.7899780273438,511.75,513.4099731445312,79176
2025-07-23 18:30:00+00:00,513.4099731445312,514.135009765625,512.6799926757812,513.7442016601562,98542
2025-07-23 19:30:00+00:00,514.1240234375,515.7999877929688,514.030029296875,515.1799926757812,186957
2025-07-24 13:30:00+00:00,512.72998046875,515.7098999023438,511.4100036621094,514.6199951171875,144207
2025-07-24 14:30:00+00:00,514.1799926757812,517.4949951171875,514.0599975585938,515.489990234375,141257
2025-07-24 15:30:00+00:00,515.469970703125,515.469970703125,512.989990234375,513.3200073242188,91886
2025-07-24 16:30:00+00:00,513.385009765625,514.2000122070312,513.2999877929688,514.0399780273438,63343
2025-07-24 17:30:00+00:00,513.8599853515625,514.8099975585938,513.469970703125,514.4400024414062,58061
2025-07-24 18:30:00+00:00,514.3599853515625,514.527587890625,513.3200073242188,514.0499877929688,74010
2025-07-24 19:30:00+00:00,514.1300048828125,515.2550048828125,513.6099853515625,514.6599731445312,144511
2025-07-25 13:30:00+00:00,514.6699829101562,514.6699829101562,508.7695007324219,511.18499755859375,128969
2025-07-25 14:30:00+00:00,511.1400146484375,512.9589233398438,510.4200134277344,512.3099975585938,54926
2025-07-25 15:30:00+00:00,512.3099975585938,513.3218994140625,510.7200012207031,512.5399780273438,140458
2025-07-25 16:30:00+00:00,512.64501953125,515.5700073242188,512.3400268554688,515.510009765625,65485
2025-07-25 17:30:00+00:00,515.4000244140625,518.3099975585938,515.1300048828125,517.7100219726562,87238
2025-07-25 18:30:00+00:00,517.739990234375,518.9099731445312,517.4299926757812,518.8499755859375,57853
2025-07-25 19:30:00+00:00,518.7100219726562,519.0,517.2999877929688,517.3900146484375,152089
2025-07-28 13:30:00+00:00,516.4199829101562,516.510009765625,513.2550048828125,513.5800170898438,134477
2025-07-28 14:30:00+00:00,513.3400268554688,513.3499755859375,509.7200012207031,510.8399963378906,116813
2025-07-28 15:30:00+00:00,510.8399963378906,512.6099853515625,510.7300109863281,511.30499267578125,58371
2025-07-28 16:30:00+00:00,511.30999755859375,512.4500122070312,511.0,511.4200134277344,50429
2025-07-28 17:30:00+00:00,511.4100036621094,512.3599853515625,510.5400085449219,510.9700012207031,66030
2025-07-28 18:30:00+00:00,511.1300048828125,511.6099853515625,509.0481872558594,510.6400146484375,79220
2025-07-28 19:30:00+00:00,510.739990234375,511.8299865722656,510.5299987792969,510.54998779296875,202522
2025-07-29 13:30:00+00:00,511.67999267578125,513.0800170898438,509.7699890136719,512.9500122070312,157262
2025-07-29 14:30:00+00:00,513.5900268554688,514.7999877929688,509.2749938964844,509.2749938964844,134424
2025-07-29 15:30:00+00:00,508.92999267578125,510.1300048828125,505.9601135253906,506.5849914550781,75044
2025-07-29 16:30:00+00:00,506.5849914550781,509.0,506.5849914550781,508.0950012207031,84417
2025-07-29 17:30:00+00:00,508.20001220703125,510.0799865722656,507.07659912109375,509.989990234375,96802
2025-07-29 18:30:00+00:00,510.0580139160156,512.9500122070312,510.0580139160156,512.1950073242188,122898
2025-07-29 19:30:00+00:00,512.2100219726562,512.8499755859375,510.8999938964844,512.5999755859375,297246
2025-07-30 13:30:00+00:00,510.44000244140625,512.489990234375,507.8900146484375,512.0750122070312,200640
2025-07-30 14:30:00+00:00,511.69000244140625,512.719970703125,510.29998779296875,510.8349914550781,122257
2025-07-30 15:30:00+00:00,510.55999755859375,511.8699951171875,510.010009765625,511.8699951171875,78918
2025-07-30 16:30:00+00:00,511.5950012207031,511.8900146484375,510.94500732421875,511.75,52417
2025-07-30 17:30:00+00:00,511.7650146484375,512.22998046875,510.5299987792969,511.6400146484375,85631
2025-07-30 18:30:00+00:00,511.8500061035156,512.3834228515625,505.6700134277344,506.0400085449219,140453
2025-07-30 19:30:00+00:00,506.04998779296875,508.81500244140625,504.7349853515625,507.9100036621094,210506
2025-07-31 13:30:00+00:00,512.0,522.7000122070312,512.0,521.375,291176
2025-07-31 14:30:00+00:00,521.364990234375,524.7899780273438,519.8699951171875,522.635009765625,165977
2025-07-31 15:30:00+00:00,522.97998046875,524.5599975585938,522.6300048828125,523.0599975585938,140774
2025-07-31 16:30:00+00:00,523.0549926757812,525.1500244140625,522.7100219726562,523.3499755859375,139401
2025-07-31 17:30:00+00:00,523.6300048828125,524.6900024414062,521.5399780273438,524.5700073242188,105780
2025-07-31 18:30:00+00:00,524.5955810546875,526.5556030273438,523.9299926757812,524.0770263671875,155201
2025-07-31 19:30:00+00:00,524.4099731445312,525.2100219726562,522.4500122070312,524.3699951171875,250036
2025-08-01 13:30:00+00:00,519.0,520.1699829101562,511.80999755859375,516.8400268554688,283831
2025-08-01 14:30:00+00:00,516.5900268554688,517.0800170898438,511.04998779296875,511.5899963378906,105037
2025-08-01 15:30:00+00:00,511.7699890136719,512.1845092773438,505.8800048828125,507.6000061035156,141746
2025-08-01 16:30:00+00:00,507.67999267578125,508.25,500.0,500.05999755859375,171989
2025-08-01 17:30:00+00:00,500.0899963378906,503.1300048828125,500.0,501.44000244140625,303045
2025-08-01 18:30:00+00:00,501.510009765625,504.4599914550781,501.45001220703125,502.67999267578125,124239
2025-08-01 19:30:00+00:00,502.7049865722656,502.7049865722656,500.0,500.9800109863281,298618
2025-08-04 13:30:00+00:00,501.5,508.17999267578125,493.2900085449219,507.8349914550781,228024
2025-08-04 14:30:00+00:00,507.8349914550781,509.0,506.20001220703125,508.2099914550781,94913
2025-08-04 15:30:00+00:00,508.75,511.1499938964844,508.20001220703125,511.0,85635
2025-08-04 16:30:00+00:00,510.9750061035156,512.1699829101562,510.5555114746094,510.7149963378906,68195
2025-08-04 17:30:00+00:00,510.989990234375,511.375,508.17999267578125,509.8900146484375,82570
2025-08-04 18:30:00+00:00,509.80999755859375,510.45001220703125,508.8800048828125,510.1300048828125,131849
2025-08-04 19:30:00+00:00,510.239990234375,511.6785888671875,509.5899963378906,510.57000732421875,210543
2025-08-05 13:30:00+00:00,511.0199890136719,512.10498046875,504.32000732421875,505.94000244140625,229023
2025-08-05 14:30:00+00:00,505.7699890136719,507.0050048828125,504.0,506.6099853515625,119611
2025-08-05 15:30:00+00:00,506.6600036621094,508.0050048828125,505.8999938964844,507.635009765625,67036
2025-08-05 16:30:00+00:00,507.7900085449219,508.260009765625,505.739990234375,507.8800048828125,65686
2025-08-05 17:30:00+00:00,507.8800048828125,508.6400146484375,505.20001220703125,505.510009765625,57562
2025-08-05 18:30:00+00:00,505.510009765625,508.4800109863281,505.510009765625,508.2300109863281,87232
2025-08-05 19:30:00+00:00,507.9200134277344,508.8349914550781,507.70001220703125,508.7099914550781,174339
2025-08-06 13:30:00+00:00,509.8399963378906,512.0599975585938,507.375,509.94000244140625,211369
2025-08-06 14:30:00+00:00,509.7950134277344,514.030029296875,509.7950134277344,513.0700073242188,78555
2025-08-06 15:30:00+00:00,512.826416015625,513.739990234375,511.57000732421875,511.57000732421875,123332
2025-08-06 16:30:00+00:00,511.510009765625,512.0399780273438,508.50250244140625,509.0950012207031,49970
2025-08-06 17:30:00+00:00,509.30999755859375,510.1099853515625,508.3949890136719,509.2749938964844,91621
2025-08-06 18:30:00+00:00,508.8900146484375,511.5299987792969,508.6099853515625,511.364990234375,92341
2025-08-06 19:30:00+00:00,511.364990234375,511.364990234375,509.4700012207031,509.7099914550781,163382
2025-08-07 13:30:00+00:00,513.2100219726562,514.0499877929688,505.25,505.70001220703125,182643
2025-08-07 14:30:00+00:00,505.70001220703125,507.3299865722656,503.625,504.6199951171875,107294
2025-08-07 15:30:00+00:00,504.614990234375,506.0,504.1099853515625,505.2650146484375,81896
2025-08-07 16:30:00+00:00,505.6400146484375,506.45001220703125,501.6300048828125,503.1199951171875,86899
2025-08-07 17:30:00+00:00,502.8999938964844,504.3450012207031,502.3900146484375,504.3450012207031,79334
2025-08-07 18:30:00+00:00,504.2900085449219,504.2900085449219,502.8599853515625,503.3900146484375,82903
2025-08-07 19:30:00+00:00,503.5400085449219,507.3500061035156,503.5400085449219,506.80999755859375,163056
2025-08-08 13:30:00+00:00,508.760009765625,516.280029296875,507.32501220703125,516.280029296875,142509
2025-08-08 14:30:00+00:00,515.969970703125,516.0700073242188,512.5050048828125,512.9600219726562,102688
2025-08-08 15:30:00+00:00,512.8099975585938,513.1900024414062,511.7460021972656,512.2999877929688,62524
2025-08-08 16:30:00+00:00,512.2100219726562,512.5800170898438,510.510009765625,511.9949951171875,58767
2025-08-08 17:30:00+00:00,511.9949951171875,512.9600219726562,511.19000244140625,512.344970703125,58277
2025-08-08 18:30:00+00:00,512.2750244140625,512.7799072265625,511.0664978027344,512.260009765625,93707
2025-08-08 19:30:00+00:00,512.1799926757812,512.3699951171875,509.739990234375,510.3599853515625,218910
2025-08-11 13:30:00+00:00,512.469970703125,515.2899780273438,506.8399963378906,508.25,175388
2025-08-11 14:30:00+00:00,507.8500061035156,508.760009765625,503.3999938964844,503.6449890136719,126806
2025-08-11 15:30:00+00:00,503.8699951171875,505.8599853515625,502.3699951171875,505.510009765625,102199
2025-08-11 16:30:00+00:00,505.4100036621094,506.4849853515625,505.25,506.07000732421875,84990
2025-08-11 17:30:00+00:00,506.29998779296875,507.5,505.55999755859375,506.7099914550781,78106
2025-08-11 18:30:00+00:00,506.6675109863281,508.20001220703125,506.6675109863281,508.0740051269531,103250
2025-08-11 19:30:00+00:00,507.94000244140625,508.0,506.04998779296875,507.2049865722656,207228
2025-08-12 13:30:00+00:00,509.19000244140625,513.47998046875,507.5299987792969,509.739990234375,162936
2025-08-12 14:30:00+00:00,509.5400085449219,511.739990234375,508.0,511.19000244140625,104869
2025-08-12 15:30:00+00:00,511.3599853515625,511.5450134277344,501.7699890136719,506.92999267578125,232385
2025-08-12 16:30:00+00:00,506.92999267578125,508.239990234375,505.3999938964844,506.4750061035156,118847
2025-08-12 17:30:00+00:00,506.2799987792969,508.1050109863281,505.69000244140625,507.5199890136719,87808
2025-08-12 18:30:00+00:00,507.1000061035156,508.6199951171875,506.67999267578125,507.07000732421875,160017
2025-08-12 19:30:00+00:00,507.0299987792969,507.75,505.54998779296875,505.8599853515625,237767
2025-08-13 13:30:00+00:00,507.05499267578125,512.75,500.54998779296875,508.8999938964844,284475
2025-08-13 14:30:00+00:00,508.9100036621094,510.3500061035156,507.3500061035156,510.17999267578125,124525
2025-08-13 15:30:00+00:00,510.1700134277344,511.4750061035156,509.8800048828125,510.6300048828125,186593
2025-08-13 16:30:00+00:00,510.55999755859375,510.9700012207031,509.0,509.1499938964844,231413
2025-08-13 17:30:00+00:00,509.30499267578125,510.5299987792969,508.0,510.3500061035156,223744
2025-08-13 18:30:00+00:00,510.44500732421875,511.6099853515625,508.4599914550781,511.239990234375,295345
2025-08-13 19:30:00+00:00,511.25,514.5250244140625,511.25,513.4199829101562,298890
2025-08-14 13:30:00+00:00,485.0,485.3599853515625,471.7349853515625,475.05499267578125,1902295
2025-08-14 14:30:00+00:00,475.07000732421875,477.4700012207031,471.3699951171875,471.8699951171875,756063
2025-08-14 15:30:00+00:00,471.9700012207031,479.2994079589844,470.4949951171875,478.0249938964844,661215
2025-08-14 16:30:00+00:00,478.2300109863281,479.3900146484375,475.8901062011719,478.739990234375,246777
2025-08-14 17:30:00+00:00,478.8450012207031,481.9700012207031,477.1400146484375,479.5,368743
2025-08-14 18:30:00+00:00,479.55999755859375,481.6000061035156,477.6549987792969,480.7799987792969,397841
2025-08-14 19:30:00+00:00,480.8900146484375,481.3500061035156,478.6000061035156,478.6000061035156,521568
2025-08-15 13:30:00+00:00,476.1499938964844,486.5199890136719,474.2200012207031,486.0899963378906,586975
2025-08-15 14:30:00+00:00,486.0899963378906,487.8883056640625,484.6600036621094,484.7900085449219,243486
2025-08-15 15:30:00+00:00,484.5,490.1600036621094,484.5,488.6953125,263042
2025-08-15 16:30:00+00:00,489.0899963378906,490.9700012207031,488.2099914550781,489.2250061035156,226718
2025-08-15 17:30:00+00:00,489.44000244140625,489.4800109863281,486.25,487.8599853515625,197250
2025-08-15 18:30:00+00:00,487.5400085449219,490.3699951171875,487.2349853515625,490.1867980957031,180989
2025-08-15 19:30:00+00:00,490.2099914550781,492.3890075683594,488.1499938964844,488.989990234375,588462
2025-08-18 13:30:00+00:00,486.3500061035156,492.1400146484375,480.0,491.05218505859375,275704
2025-08-18 14:30:00+00:00,490.9100036621094,492.25,488.1600036621094,489.4700012207031,146895
2025-08-18 15:30:00+00:00,489.4700012207031,490.60009765625,488.95001220703125,490.3550109863281,99355
2025-08-18 16:30:00+00:00,490.364990234375,491.1000061035156,489.2200012207031,489.43121337890625,119659
2025-08-18 17:30:00+00:00,489.4800109863281,490.0,487.1400146484375,488.17279052734375,168257
2025-08-18 18:30:00+00:00,488.125,489.6199951171875,487.6099853515625,488.8800048828125,147709
2025-08-18 19:30:00+00:00,488.9200134277344,491.9800109863281,488.8500061035156,491.1000061035156,259388
2025-08-19 13:30:00+00:00,491.3399963378906,499.20001220703125,491.0,497.29998779296875,249244
2025-08-19 14:30:00+00:00,497.1300048828125,497.6300048828125,491.5299987792969,493.2025146484375,186667
2025-08-19 15:30:00+00:00,492.8599853515625,493.7684020996094,490.2799987792969,490.54534912109375,95139
2025-08-19 16:30:00+00:00,490.5199890136719,491.260009765625,489.44000244140625,489.7950134277344,139280
2025-08-19 17:30:00+00:00,489.6300048828125,489.6499938964844,487.04998779296875,487.1199951171875,126999
2025-08-19 18:30:00+00:00,487.1199951171875,489.6933898925781,487.1199951171875,489.5299987792969,144062
2025-08-19 19:30:00+00:00,489.5199890136719,489.9800109863281,488.4100036621094,489.7099914550781,285646
2025-08-20 13:30:00+00:00,488.3949890136719,492.489990234375,487.4049987792969,490.05999755859375,132863
2025-08-20 14:30:00+00:00,489.5799865722656,492.67999267578125,489.17999267578125,492.2550048828125,131972
2025-08-20 15:30:00+00:00,491.95001220703125,496.2900085449219,491.4599914550781,494.55999755859375,468773
2025-08-20 16:30:00+00:00,494.0899963378906,495.45159912109375,493.50250244140625,494.19000244140625,103975
2025-08-20 17:30:00+00:00,494.5899963378906,495.0,491.79998779296875,492.02801513671875,120599
2025-08-20 18:30:00+00:00,492.0,493.0,491.5150146484375,492.8900146484375,102893
2025-08-20 19:30:00+00:00,492.8299865722656,494.2099914550781,491.9700012207031,492.7200012207031,237736
2025-08-21 13:30:00+00:00,491.20001220703125,493.2550048828125,485.3299865722656,485.54998779296875,129645
2025-08-21 14:30:00+00:00,485.9200134277344,487.3599853515625,485.010009765625,486.6300048828125,105374
2025-08-21 15:30:00+00:00,486.7300109863281,487.0,484.6199951171875,485.32501220703125,86253
2025-08-21 16:30:00+00:00,485.32501220703125,487.29998779296875,485.32501220703125,485.79998779296875,95414
2025-08-21 17:30:00+00:00,485.739990234375,487.1199951171875,485.4599914550781,486.1499938964844,50996
2025-08-21 18:30:00+00:00,486.20001220703125,487.4049987792969,485.6700134277344,485.6700134277344,101665
2025-08-21 19:30:00+00:00,486.010009765625,487.25,485.5400085449219,486.8599853515625,150951
2025-08-22 13:30:00+00:00,490.3599853515625,496.67999267578125,489.29998779296875,496.2149963378906,157284
2025-08-22 14:30:00+00:00,496.3999938964844,498.70001220703125,495.5400085449219,497.2349853515625,172854
2025-08-22 15:30:00+00:00,497.4150085449219,499.1000061035156,497.17999267578125,497.9800109863281,109523
2025-08-22 16:30:00+00:00,497.9200134277344,498.29998779296875,496.9049072265625,497.29998779296875,63163
2025-08-22 17:30:00+00:00,497.3399963378906,497.45001220703125,494.7799987792969,494.79998779296875,99590
2025-08-22 18:30:00+00:00,494.82000732421875,496.489990234375,494.82000732421875,495.40301513671875,115824
2025-08-22 19:30:00+00:00,495.5199890136719,496.0,494.32000732421875,496.0,272114
2025-08-25 13:30:00+00:00,496.25,496.3599853515625,491.010009765625,492.20001220703125,106763
2025-08-25 14:30:00+00:00,492.1099853515625,493.2799987792969,491.0899963378906,491.75,72758
2025-08-25 15:30:00+00:00,491.239990234375,492.9599914550781,490.6300048828125,492.80999755859375,54285
2025-08-25 16:30:00+00:00,492.8699951171875,493.0799865722656,491.54998779296875,491.8550109863281,36954
2025-08-25 17:30:00+00:00,492.0997009277344,492.5224914550781,490.5798034667969,490.82000732421875,81891
2025-08-25 18:30:00+00:00,490.625,491.0033874511719,488.55999755859375,488.94000244140625,84401
2025-08-25 19:30:00+00:00,488.760009765625,488.9599914550781,487.6600036621094,487.8800048828125,173647
2025-08-26 13:30:00+00:00,488.010009765625,490.38128662109375,487.3800048828125,488.95001220703125,110135
2025-08-26 14:30:00+00:00,488.9100036621094,489.3511962890625,482.55999755859375,482.6000061035156,186120
2025-08-26 15:30:00+00:00,482.635009765625,483.3800048828125,480.010009765625,481.68499755859375,183331
2025-08-26 16:30:00+00:00,482.0137023925781,484.0450134277344,481.70001220703125,483.95001220703125,141072
2025-08-26 17:30:00+00:00,484.29998779296875,485.5,483.04998779296875,485.5,94057
2025-08-26 18:30:00+00:00,485.4100036621094,487.6000061035156,485.4100036621094,487.0299987792969,164116
2025-08-26 19:30:00+00:00,487.2550048828125,489.17999267578125,486.6700134277344,487.9150085449219,268671
2025-08-27 13:30:00+00:00,486.1000061035156,488.31500244140625,485.4599914550781,486.67999267578125,87712
2025-08-27 14:30:00+00:00,486.6700134277344,489.0299987792969,486.3900146484375,488.6099853515625,73632
2025-08-27 15:30:00+00:00,488.54998779296875,491.0,488.5,491.0,77852
2025-08-27 16:30:00+00:00,490.8999938964844,491.2200012207031,489.489990234375,490.5799865722656,82447
2025-08-27 17:30:00+00:00,490.5899963378906,491.9100036621094,490.29998779296875,490.6600036621094,125754
2025-08-27 18:30:00+00:00,490.57000732421875,492.32000732421875,490.239990234375,492.239990234375,114856
2025-08-27 19:30:00+00:00,492.3500061035156,493.6600036621094,491.989990234375,493.0400085449219,231976
2025-08-28 13:30:00+00:00,495.0,495.0,490.5633850097656,493.5249938964844,111066
2025-08-28 14:30:00+00:00,493.5249938964844,493.5249938964844,490.0899963378906,490.55499267578125,90005
2025-08-28 15:30:00+00:00,490.55499267578125,492.5799865722656,490.55499267578125,491.9849853515625,32988
2025-08-28 16:30:00+00:00,491.7900085449219,492.29998779296875,491.3800048828125,491.7659912109375,48015
2025-08-28 17:30:00+00:00,491.7950134277344,492.0199890136719,489.6099853515625,490.739990234375,116389
2025-08-28 18:30:00+00:00,490.80999755859375,492.3800048828125,490.7699890136719,492.1000061035156,108413
2025-08-28 19:30:00+00:00,492.1099853515625,492.3999938964844,491.1400146484375,491.5,283736
2025-08-29 13:30:00+00:00,482.70001220703125,487.7900085449219,480.54998779296875,480.9150085449219,263998
2025-08-29 14:30:00+00:00,480.9150085449219,482.05999755859375,478.19000244140625,479.5050048828125,196940
2025-08-29 15:30:00+00:00,479.5799865722656,479.7799987792969,476.5,476.8999938964844,168282
2025-08-29 16:30:00+00:00,476.8599853515625,477.7218933105469,474.8800048828125,475.2200012207031,126725
2025-08-29 17:30:00+00:00,475.2200012207031,476.8949890136719,474.6199951171875,476.5450134277344,82546
2025-08-29 18:30:00+00:00,476.6700134277344,476.7900085449219,475.5400085449219,476.6099853515625,121702
2025-08-29 19:30:00+00:00,476.67498779296875,479.07000732421875,476.6199951171875,478.6400146484375,282475
2025-09-02 13:30:00+00:00,472.9200134277344,481.889892578125,470.8500061035156,479.92999267578125,258287
2025-09-02 14:30:00+00:00,480.6099853515625,480.6099853515625,477.4100036621094,478.0,160534
2025-09-02 15:30:00+00:00,477.9800109863281,477.989990234375,475.1099853515625,476.2250061035156,193985
2025-09-02 16:30:00+00:00,476.32501220703125,476.55999755859375,474.010009765625,474.739990234375,119116
2025-09-02 17:30:00+00:00,474.7550048828125,475.5199890136719,473.75,474.2900085449219,109103
2025-09-02 18:30:00+00:00,474.25,476.0,474.25,474.9739990234375,121989
2025-09-02 19:30:00+00:00,475.1476135253906,476.79998779296875,475.07000732421875,476.57000732421875,276408
2025-09-03 13:30:00+00:00,475.2099914550781,477.8439025878906,471.2349853515625,471.2349853515625,109267
2025-09-03 14:30:00+00:00,471.739990234375,472.2619934082031,468.1199951171875,468.4150085449219,270105
2025-09-03 15:30:00+00:00,468.6650085449219,470.50299072265625,467.5899963378906,467.80999755859375,163242
2025-09-03 16:30:00+00:00,467.79998779296875,470.3699951171875,467.79998779296875,470.05499267578125,111327
2025-09-03 17:30:00+00:00,470.05499267578125,470.1499938964844,468.1700134277344,468.989990234375,149955
2025-09-03 18:30:00+00:00,468.989990234375,469.260009765625,466.760009765625,466.7900085449219,184280
2025-09-03 19:30:00+00:00,466.87750244140625,469.5,466.79998779296875,469.1300048828125,261567
2025-09-04 13:30:00+00:00,470.0799865722656,470.5299987792969,467.8800048828125,469.80999755859375,196822
2025-09-04 14:30:00+00:00,469.9800109863281,471.6499938964844,468.6300048828125,469.7200012207031,148914
2025-09-04 15:30:00+00:00,469.71600341796875,470.3299865722656,469.3599853515625,469.3599853515625,74804
2025-09-04 16:30:00+00:00,469.3599853515625,469.55999755859375,468.32000732421875,469.1700134277344,113963
2025-09-04 17:30:00+00:00,469.1099853515625,469.3900146484375,466.9599914550781,466.9599914550781,146249
2025-09-04 18:30:00+00:00,467.239990234375,471.5400085449219,466.9750061035156,471.2799987792969,223621
2025-09-04 19:30:00+00:00,471.44000244140625,474.8399963378906,470.5299987792969,474.79998779296875,268894
2025-09-05 13:30:00+00:00,475.3399963378906,478.3900146484375,472.04998779296875,472.6499938964844,242229
2025-09-05 14:30:00+00:00,472.75,473.30499267578125,470.239990234375,472.9100036621094,198310
2025-09-05 15:30:00+00:00,472.7699890136719,475.260009765625,472.29998779296875,474.05999755859375,79041
2025-09-05 16:30:00+00:00,474.1549987792969,474.6499938964844,473.07000732421875,473.2699890136719,89290
2025-09-05 17:30:00+00:00,473.4100036621094,474.5473937988281,472.44000244140625,473.9700012207031,95348
2025-09-05 18:30:00+00:00,474.30999755859375,475.3399963378906,473.760009765625,473.9364013671875,149155
2025-09-05 19:30:00+00:00,474.0199890136719,474.0199890136719,472.07000732421875,473.07000732421875,230103
2025-09-08 13:30:00+00:00,473.8699951171875,476.7799072265625,471.4595031738281,474.6600036621094,193064
2025-09-08 14:30:00+00:00,474.6000061035156,476.6099853515625,474.07000732421875,476.5150146484375,153296
2025-09-08 15:30:00+00:00,476.3900146484375,476.5950012207031,475.3500061035156,476.0849914550781,104360
2025-09-08 16:30:00+00:00,476.0849914550781,476.9549865722656,475.6600036621094,476.5400085449219,89994
2025-09-08 17:30:00+00:00,476.55499267578125,477.302001953125,474.9800109863281,477.260009765625,102753
2025-09-08 18:30:00+00:00,477.260009765625,478.9200134277344,477.260009765625,478.0299987792969,132367
2025-09-08 19:30:00+00:00,478.0299987792969,481.739990234375,477.70001220703125,481.6300048828125,268149
2025-09-09 13:30:00+00:00,481.010009765625,483.3800048828125,470.68499755859375,471.1600036621094,235471
2025-09-09 14:30:00+00:00,471.0299987792969,472.510009765625,469.79998779296875,472.4200134277344,168335
2025-09-09 15:30:00+00:00,471.9100036621094,474.04998779296875,471.4700012207031,474.04998779296875,80978
2025-09-09 16:30:00+00:00,473.8999938964844,475.1400146484375,473.6499938964844,474.8699951171875,59989
2025-09-09 17:30:00+00:00,474.7900085449219,476.635009765625,474.0299987792969,476.17498779296875,94115
2025-09-09 18:30:00+00:00,476.3299865722656,476.3299865722656,474.1099853515625,474.32000732421875,110895
2025-09-09 19:30:00+00:00,474.32000732421875,476.19000244140625,474.010009765625,475.4800109863281,280892
2025-09-10 13:30:00+00:00,473.6600036621094,479.489990234375,471.5150146484375,476.9849853515625,197919
2025-09-10 14:30:00+00:00,477.0899963378906,478.54998779296875,474.5199890136719,475.57000732421875,149100
2025-09-10 15:30:00+00:00,475.7850036621094,477.55999755859375,474.3500061035156,475.70001220703125,99689
2025-09-10 16:30:00+00:00,475.44500732421875,475.760009765625,474.04998779296875,474.95001220703125,55158
2025-09-10 17:30:00+00:00,475.181396484375,476.0400085449219,474.57000732421875,475.7049865722656,87591
2025-09-10 18:30:00+00:00,475.7099914550781,476.3999938964844,472.9639892578125,473.30499267578125,108801
2025-09-10 19:30:00+00:00,473.29998779296875,473.79998779296875,471.2200012207031,471.32000732421875,389874
2025-09-11 13:30:00+00:00,471.5,477.6099853515625,471.0849914550781,474.864990234375,346949
2025-09-11 14:30:00+00:00,474.6600036621094,478.614990234375,474.010009765625,477.05999755859375,205123
2025-09-11 15:30:00+00:00,476.739013671875,477.1900939941406,474.1099853515625,474.80999755859375,101198
2025-09-11 16:30:00+00:00,474.80999755859375,475.7862854003906,473.82000732421875,473.95001220703125,88442
2025-09-11 17:30:00+00:00,473.95001220703125,475.80999755859375,473.54998779296875,473.75,107989
2025-09-11 18:30:00+00:00,473.6400146484375,475.0,473.3999938964844,474.7449951171875,120834
2025-09-11 19:30:00+00:00,474.92999267578125,477.2300109863281,474.7799987792969,476.4700012207031,191702
2025-09-12 13:30:00+00:00,473.9599914550781,474.3699951171875,470.2449951171875,470.68499755859375,307901
2025-09-12 14:30:00+00:00,471.0799865722656,473.125,469.29998779296875,471.010009765625,187696
2025-09-12 15:30:00+00:00,471.2200012207031,472.32000732421875,470.25,470.4849853515625,101499
2025-09-12 16:30:00+00:00,470.45001220703125,472.0400085449219,470.2900085449219,471.3800048828125,113632
2025-09-12 17:30:00+00:00,471.54998779296875,473.25,471.25,472.70001220703125,228523
2025-09-12 18:30:00+00:00,472.9100036621094,474.0,472.1612854003906,472.42999267578125,209176
2025-09-12 19:30:00+00:00,472.5,473.2650146484375,470.25,470.510009765625,305764
2025-09-15 13:30:00+00:00,472.2550048828125,473.04998779296875,464.3800048828125,467.2149963378906,253978
2025-09-15 14:30:00+00:00,467.2099914550781,468.5400085449219,465.2900085449219,465.42498779296875,185908
2025-09-15 15:30:00+00:00,465.32501220703125,466.6940002441406,462.8299865722656,466.3500061035156,232969
2025-09-15 16:30:00+00:00,466.5199890136719,468.1400146484375,466.4100036621094,466.9599914550781,152396
2025-09-15 17:30:00+00:00,466.68499755859375,470.0450134277344,466.6449890136719,469.2550048828125,275253
2025-09-15 18:30:00+00:00,469.25250244140625,469.80499267578125,467.95001220703125,469.2900085449219,162059
2025-09-15 19:30:00+00:00,469.17999267578125,470.5299987792969,468.8699951171875,469.0899963378906,284943
2025-09-16 13:30:00+00:00,471.9800109863281,475.5,466.8800048828125,467.69000244140625,244170
2025-09-16 14:30:00+00:00,467.6099853515625,470.6099853515625,467.3699951171875,469.5419921875,141215
2025-09-16 15:30:00+00:00,469.6650085449219,470.0199890136719,468.010009765625,469.0,196512
2025-09-16 16:30:00+00:00,469.03399658203125,471.0,468.8500061035156,469.9200134277344,134944
2025-09-16 17:30:00+00:00,470.17999267578125,471.0299987792969,469.17999267578125,470.29998779296875,103201
2025-09-16 18:30:00+00:00,470.2300109863281,471.29998779296875,469.75,470.2619934082031,177079
2025-09-16 19:30:00+00:00,470.5,470.7699890136719,468.4599914550781,468.7099914550781,346812
2025-09-17 13:30:00+00:00,471.5799865722656,475.25,470.4901123046875,471.8800048828125,183335
2025-09-17 14:30:00+00:00,471.8800048828125,473.19000244140625,470.8450012207031,471.30999755859375,175836
2025-09-17 15:30:00+00:00,471.0199890136719,471.7300109863281,469.54998779296875,470.489990234375,126096
2025-09-17 16:30:00+00:00,470.9599914550781,471.4800109863281,469.5,471.3599853515625,126268
2025-09-17 17:30:00+00:00,471.1700134277344,473.9599914550781,469.2300109863281,471.30999755859375,155022
2025-09-17 18:30:00+00:00,470.8299865722656,470.8299865722656,464.3299865722656,467.80499267578125,209647
2025-09-17 19:30:00+00:00,467.510009765625,470.1400146484375,466.7349853515625,469.1199951171875,278536
2025-09-18 13:30:00+00:00,467.25,476.30499267578125,466.0,476.1167907714844,354115
2025-09-18 14:30:00+00:00,475.6199951171875,476.0,472.3999938964844,473.375,172659
2025-09-18 15:30:00+00:00,473.5,476.67999267578125,473.0199890136719,476.6650085449219,155378
2025-09-18 16:30:00+00:00,476.5950012207031,477.989990234375,474.8900146484375,476.239990234375,128718
2025-09-18 17:30:00+00:00,476.0849914550781,478.1300048828125,474.3800048828125,474.5249938964844,120405
2025-09-18 18:30:00+00:00,474.4599914550781,475.5849914550781,473.5,473.5400085449219,177334
2025-09-18 19:30:00+00:00,473.5,476.510009765625,473.2200012207031,475.9700012207031,427122
2025-09-19 13:30:00+00:00,476.0,477.7300109863281,473.0899963378906,474.4599914550781,341898
2025-09-19 14:30:00+00:00,474.260009765625,475.3800048828125,469.239990234375,469.260009765625,129908
2025-09-19 15:30:00+00:00,469.3074951171875,472.92999267578125,468.8550109863281,471.2200012207031,143769
2025-09-19 16:30:00+00:00,471.4383850097656,471.75,470.6000061035156,470.8949890136719,82143
2025-09-19 17:30:00+00:00,470.8949890136719,472.32000732421875,470.260009765625,470.54998779296875,131134
2025-09-19 18:30:00+00:00,470.42999267578125,472.9800109863281,469.7699890136719,472.7500915527344,121451
2025-09-19 19:30:00+00:00,472.85650634765625,472.85650634765625,469.2799987792969,469.7099914550781,405822
2025-09-22 13:30:00+00:00,467.94000244140625,469.3367614746094,466.04400634765625,466.760009765625,190166
2025-09-22 14:30:00+00:00,466.8599853515625,467.2449951171875,464.75,465.9200134277344,192167
2025-09-22 15:30:00+00:00,465.760009765625,468.2049865722656,465.6700134277344,468.2049865722656,124440
2025-09-22 16:30:00+00:00,468.0,470.07000732421875,467.70001220703125,469.760009765625,153324
2025-09-22 17:30:00+00:00,470.0,472.1990051269531,469.6099853515625,469.8999938964844,146508
2025-09-22 18:30:00+00:00,469.8399963378906,471.3599853515625,468.80999755859375,469.81500244140625,150352
2025-09-22 19:30:00+00:00,469.6499938964844,470.0350036621094,468.2099914550781,469.1000061035156,408700
2025-09-23 13:30:00+00:00,471.3500061035156,474.430908203125,469.0400085449219,473.4599914550781,136833
2025-09-23 14:30:00+00:00,473.70001220703125,474.8999938964844,470.760009765625,470.82000732421875,89587
2025-09-23 15:30:00+00:00,470.8699951171875,471.2524108886719,468.2250061035156,469.5140075683594,99346
2025-09-23 16:30:00+00:00,469.3399963378906,471.9599914550781,468.8699951171875,470.2699890136719,114486
2025-09-23 17:30:00+00:00,469.7950134277344,470.8008117675781,469.0299987792969,469.9700012207031,88560
2025-09-23 18:30:00+00:00,470.2149963378906,471.3800048828125,470.0050048828125,471.260009765625,86099
2025-09-23 19:30:00+00:00,471.260009765625,472.2799987792969,471.0950012207031,471.7300109863281,155217
2025-09-24 13:30:00+00:00,471.25,477.2200012207031,470.5,476.9750061035156,161649
2025-09-24 14:30:00+00:00,476.8450012207031,476.889892578125,471.2300109863281,471.2300109863281,95302
2025-09-24 15:30:00+00:00,471.4700012207031,472.6300048828125,470.7300109863281,470.8299865722656,93971
2025-09-24 16:30:00+00:00,470.8299865722656,471.57000732421875,469.29998779296875,469.9949951171875,70245
2025-09-24 17:30:00+00:00,469.9849853515625,470.5350036621094,468.5101013183594,468.9100036621094,66017
2025-09-24 18:30:00+00:00,469.04998779296875,469.8699951171875,468.29998779296875,469.3999938964844,106381
2025-09-24 19:30:00+00:00,469.3800048828125,470.4800109863281,468.94000244140625,468.94000244140625,152638
2025-09-25 13:30:00+00:00,469.32000732421875,469.80999755859375,464.0199890136719,468.3900146484375,165071
2025-09-25 14:30:00+00:00,468.57000732421875,470.19000244140625,466.30999755859375,466.30999755859375,78360
2025-09-25 15:30:00+00:00,466.8900146484375,470.739990234375,466.8900146484375,467.7149963378906,139303
2025-09-25 16:30:00+00:00,467.7200012207031,469.1700134277344,465.07000732421875,466.44000244140625,138139
2025-09-25 17:30:00+00:00,466.4800109863281,466.614990234375,464.1499938964844,466.0150146484375,170668
2025-09-25 18:30:00+00:00,466.1099853515625,466.989990234375,465.7799987792969,466.6300048828125,171018
2025-09-25 19:30:00+00:00,466.8500061035156,467.739990234375,465.9599914550781,466.75,214238
2025-09-26 13:30:00+00:00,467.05999755859375,471.0199890136719,466.489990234375,466.7300109863281,198755
2025-09-26 14:30:00+00:00,466.5299987792969,467.04998779296875,464.92999267578125,466.94000244140625,113798
2025-09-26 15:30:00+00:00,467.1000061035156,467.69000244140625,464.739990234375,466.0,94420
2025-09-26 16:30:00+00:00,466.06500244140625,467.0400085449219,465.5849914550781,465.5849914550781,87590
2025-09-26 17:30:00+00:00,465.460205078125,465.57000732421875,464.0,464.9800109863281,97732
2025-09-26 18:30:00+00:00,464.8299865722656,465.20001220703125,463.760009765625,463.92498779296875,108140
2025-09-26 19:30:00+00:00,463.7449951171875,464.7900085449219,463.32000732421875,463.6499938964844,230760
2025-09-29 13:30:00+00:00,465.8299865722656,469.2349853515625,463.25,468.0,164516
2025-09-29 14:30:00+00:00,467.4599914550781,468.1700134277344,464.55499267578125,465.55999755859375,91481
2025-09-29 15:30:00+00:00,465.5400085449219,465.69000244140625,464.1499938964844,465.4599914550781,84163
2025-09-29 16:30:00+00:00,465.44000244140625,465.45001220703125,463.29998779296875,464.7749938964844,59237
2025-09-29 17:30:00+00:00,465.0350036621094,466.0899963378906,464.0914001464844,466.010009765625,65289
2025-09-29 18:30:00+00:00,465.94500732421875,466.760009765625,464.7699890136719,465.489990234375,99874
2025-09-29 19:30:00+00:00,465.5799865722656,466.097900390625,464.510009765625,465.7200012207031,201917
2025-09-30 13:30:00+00:00,463.0,463.6499938964844,453.67999267578125,455.989990234375,446114
2025-09-30 14:30:00+00:00,455.6700134277344,458.1000061035156,454.9849853515625,455.9649963378906,168316
2025-09-30 15:30:00+00:00,455.9700012207031,459.25,455.70001220703125,458.80999755859375,128448
2025-09-30 16:30:00+00:00,458.82000732421875,459.20001220703125,457.3599853515625,457.6650085449219,86014
2025-09-30 17:30:00+00:00,457.5299987792969,457.8299865722656,455.1199951171875,455.9849853515625,120444
2025-09-30 18:30:00+00:00,456.1400146484375,457.6925048828125,455.5,456.510009765625,206092
2025-09-30 19:30:00+00:00,456.5199890136719,457.42999267578125,456.0675048828125,457.05999755859375,413298
2025-10-01 13:30:00+00:00,455.0,456.8324890136719,451.9200134277344,452.2699890136719,233397
2025-10-01 14:30:00+00:00,452.1300048828125,452.5,450.0,451.239990234375,284043
2025-10-01 15:30:00+00:00,451.0799865722656,451.69000244140625,449.70001220703125,449.8500061035156,159635
2025-10-01 16:30:00+00:00,449.864990234375,449.8699951171875,447.5400085449219,448.6650085449219,128151
2025-10-01 17:30:00+00:00,448.760009765625,453.5799865722656,447.44000244140625,451.6499938964844,286603
2025-10-01 18:30:00+00:00,451.57000732421875,453.30999755859375,451.3599853515625,452.5350036621094,193964
2025-10-01 19:30:00+00:00,452.3800048828125,452.3800048828125,450.3599853515625,451.7799987792969,337045
2025-10-02 13:30:00+00:00,454.5199890136719,461.3999938964844,453.3450012207031,456.79998779296875,285668
2025-10-02 14:30:00+00:00,457.17999267578125,462.2900085449219,456.5,461.5350036621094,200461
2025-10-02 15:30:00+00:00,461.3399963378906,461.95001220703125,457.92999267578125,458.6401062011719,110667
2025-10-02 16:30:00+00:00,458.9700012207031,459.17999267578125,457.6300048828125,458.0574951171875,84598
2025-10-02 17:30:00+00:00,457.9700012207031,461.447509765625,457.5199890136719,460.9800109863281,107012
2025-10-02 18:30:00+00:00,460.9599914550781,461.4100036621094,459.6400146484375,461.2850036621094,173219
2025-10-02 19:30:00+00:00,461.2799987792969,462.3349914550781,460.8705139160156,461.8999938964844,281470
2025-10-03 13:30:00+00:00,461.0,464.07000732421875,459.5,463.7300109863281,131815
2025-10-03 14:30:00+00:00,463.75,464.3599853515625,461.7200012207031,461.82000732421875,107570
2025-10-03 15:30:00+00:00,461.55999755859375,464.7611083984375,461.55999755859375,463.5799865722656,107497
2025-10-03 16:30:00+00:00,463.44000244140625,464.5,463.44000244140625,463.8399963378906,67975
2025-10-03 17:30:00+00:00,463.8599853515625,464.114990234375,462.6300048828125,463.8399963378906,85025
2025-10-03 18:30:00+00:00,463.92999267578125,463.9800109863281,462.5849914550781,463.4800109863281,116222
2025-10-03 19:30:00+00:00,463.4949951171875,464.2398986816406,462.3599853515625,462.94000244140625,190568
2025-10-06 13:30:00+00:00,464.7099914550781,465.4700012207031,457.92999267578125,459.0150146484375,302992
2025-10-06 14:30:00+00:00,459.0150146484375,460.739990234375,458.2300109863281,459.0150146484375,113218
2025-10-06 15:30:00+00:00,459.260009765625,459.2799987792969,457.4800109863281,457.5400085449219,97204
2025-10-06 16:30:00+00:00,457.68499755859375,458.30999755859375,456.4700012207031,457.44000244140625,102573
2025-10-06 17:30:00+00:00,457.2699890136719,457.3599853515625,456.1300048828125,456.2200012207031,107919
2025-10-06 18:30:00+00:00,456.2200012207031,457.6099853515625,456.2200012207031,456.94000244140625,108427
2025-10-06 19:30:00+00:00,456.8900146484375,458.010009765625,456.79998779296875,457.19000244140625,166439
2025-10-07 13:30:00+00:00,459.760009765625,462.7650146484375,458.5,460.38751220703125,154008
2025-10-07 14:30:00+00:00,460.69000244140625,465.9700012207031,460.69000244140625,463.9849853515625,180789
2025-10-07 15:30:00+00:00,464.07501220703125,465.1625061035156,463.0400085449219,463.5050048828125,118861
2025-10-07 16:30:00+00:00,463.55999755859375,464.30499267578125,462.17999267578125,463.75,71283
2025-10-07 17:30:00+00:00,464.0299987792969,464.3349914550781,463.1000061035156,463.4100036621094,88065
2025-10-07 18:30:00+00:00,463.4100036621094,463.4599914550781,461.1199951171875,462.010009765625,123556
2025-10-07 19:30:00+00:00,462.135009765625,462.2799987792969,460.25,461.489990234375,281066
2025-10-08 13:30:00+00:00,462.3800048828125,462.510009765625,455.5899963378906,459.6000061035156,212299
2025-10-08 14:30:00+00:00,459.68499755859375,463.8799133300781,459.4100036621094,463.7677917480469,103032
2025-10-08 15:30:00+00:00,463.3349914550781,464.9649963378906,462.4700012207031,464.9649963378906,81900
2025-10-08 16:30:00+00:00,465.0,466.6300048828125,464.19000244140625,464.19000244140625,121180
2025-10-08 17:30:00+00:00,464.24530029296875,464.71551513671875,463.6502990722656,464.0899963378906,63127
2025-10-08 18:30:00+00:00,463.9750061035156,464.2200012207031,461.7300109863281,461.7300109863281,78280
2025-10-08 19:30:00+00:00,461.739990234375,461.739990234375,460.7099914550781,460.8349914550781,127066
2025-10-09 13:30:00+00:00,461.8900146484375,462.6000061035156,456.54998779296875,458.8949890136719,108147
2025-10-09 14:30:00+00:00,458.69500732421875,460.5375061035156,457.93499755859375,459.5,82052
2025-10-09 15:30:00+00:00,459.5249938964844,460.45001220703125,459.2699890136719,460.04998779296875,78503
2025-10-09 16:30:00+00:00,460.0899963378906,460.0899963378906,457.05999755859375,457.2200012207031,75118
2025-10-09 17:30:00+00:00,457.2699890136719,458.5199890136719,456.2701110839844,456.99249267578125,112983
2025-10-09 18:30:00+00:00,456.9949951171875,457.9599914550781,455.010009765625,457.4599914550781,129677
2025-10-09 19:30:00+00:00,457.3399963378906,458.6300048828125,455.4800109863281,456.239990234375,251053
2025-10-10 13:30:00+00:00,456.8699951171875,460.6199951171875,456.8699951171875,460.010009765625,164258
2025-10-10 14:30:00+00:00,459.80999755859375,460.0199890136719,445.42498779296875,447.2850036621094,341273
2025-10-10 15:30:00+00:00,446.8399963378906,447.3500061035156,441.8900146484375,444.9200134277344,296449
2025-10-10 16:30:00+00:00,444.82501220703125,446.2149963378906,443.8299865722656,445.4049987792969,112913
2025-10-10 17:30:00+00:00,445.6000061035156,446.760009765625,444.6122131347656,445.80999755859375,75812
2025-10-10 18:30:00+00:00,445.5299987792969,445.9386901855469,443.8399963378906,444.8999938964844,143711
2025-10-10 19:30:00+00:00,444.95001220703125,447.8949890136719,444.8500061035156,446.3999938964844,269207
2025-10-13 13:30:00+00:00,449.3699951171875,450.0,441.760009765625,445.2449951171875,290941
2025-10-13 14:30:00+00:00,445.364990234375,446.42999267578125,443.3900146484375,445.0150146484375,163410
2025-10-13 15:30:00+00:00,444.9200134277344,445.2174987792969,440.9599914550781,442.30999755859375,151391
2025-10-13 16:30:00+00:00,442.27099609375,443.1099853515625,440.4049987792969,440.68499755859375,148650
2025-10-13 17:30:00+00:00,440.54998779296875,440.69500732421875,437.4549865722656,437.69000244140625,198244
2025-10-13 18:30:00+00:00,437.5899963378906,440.0,437.5899963378906,439.5450134277344,237087
2025-10-13 19:30:00+00:00,439.5799865722656,439.9599914550781,438.5299987792969,438.9200134277344,263606
2025-10-14 13:30:00+00:00,436.0799865722656,443.6050109863281,433.0,441.7799987792969,215656
2025-10-14 14:30:00+00:00,441.79998779296875,446.3999938964844,441.6300048828125,445.94500732421875,154889
2025-10-14 15:30:00+00:00,445.8599853515625,447.7300109863281,445.32000732421875,447.4800109863281,118788
2025-10-14 16:30:00+00:00,447.7099914550781,448.92999267578125,447.42999267578125,448.0320129394531,99716
2025-10-14 17:30:00+00:00,448.0799865722656,448.8999938964844,446.9956970214844,448.17498779296875,125406
2025-10-14 18:30:00+00:00,448.0033874511719,449.82501220703125,447.8550109863281,449.25,127176
2025-10-14 19:30:00+00:00,449.0799865722656,449.2250061035156,445.7900085449219,447.9599914550781,223405
2025-10-15 13:30:00+00:00,449.44000244140625,452.3550109863281,446.30999755859375,450.17999267578125,133809
2025-10-15 14:30:00+00:00,450.32501220703125,450.32501220703125,447.9639892578125,449.07501220703125,58401
2025-10-15 15:30:00+00:00,448.80999755859375,452.0625,447.7699890136719,451.30999755859375,94206
2025-10-15 16:30:00+00:00,451.17999267578125,452.1099853515625,447.6600036621094,448.2250061035156,107220
2025-10-15 17:30:00+00:00,448.3800048828125,451.04998779296875,447.69000244140625,449.95001220703125,105853
2025-10-15 18:30:00+00:00,449.739990234375,450.6199951171875,447.8900146484375,448.17999267578125,81534
2025-10-15 19:30:00+00:00,448.1700134277344,449.1499938964844,446.7099914550781,448.6600036621094,213492
2025-10-16 13:30:00+00:00,450.3500061035156,452.4100036621094,445.5459899902344,447.1600036621094,166476
2025-10-16 14:30:00+00:00,447.44000244140625,453.7799987792969,447.3772888183594,451.67999267578125,185323
2025-10-16 15:30:00+00:00,451.8999938964844,454.1099853515625,451.7200012207031,452.95001220703125,136995
2025-10-16 16:30:00+00:00,452.739990234375,454.70001220703125,450.3900146484375,454.70001220703125,127511
2025-10-16 17:30:00+00:00,454.7699890136719,455.739990234375,452.70001220703125,453.7099914550781,185777
2025-10-16 18:30:00+00:00,453.57000732421875,456.760009765625,453.57000732421875,455.56500244140625,190984
2025-10-16 19:30:00+00:00,455.739990234375,457.739990234375,454.8900146484375,457.1700134277344,374621
2025-10-17 13:30:00+00:00,462.5199890136719,465.7049865722656,454.6199951171875,455.760009765625,276054
2025-10-17 14:30:00+00:00,455.760009765625,457.5199890136719,454.6099853515625,457.1449890136719,96342
2025-10-17 15:30:00+00:00,457.20001220703125,460.0050048828125,457.20001220703125,459.0150146484375,72747
2025-10-17 16:30:00+00:00,459.0350036621094,459.3900146484375,456.8349914550781,456.8349914550781,78243
2025-10-17 17:30:00+00:00,456.82501220703125,458.8800048828125,456.7452087402344,458.8699951171875,76710
2025-10-17 18:30:00+00:00,458.7550048828125,459.0877990722656,457.8599853515625,458.3900146484375,104032
2025-10-17 19:30:00+00:00,458.4599914550781,459.6099853515625,457.8399963378906,458.5,213183
2025-10-20 13:30:00+00:00,457.6099853515625,461.67999267578125,455.8934020996094,460.05999755859375,164767
2025-10-20 14:30:00+00:00,459.4649963378906,461.70001220703125,458.8999938964844,460.9800109863281,88720
2025-10-20 15:30:00+00:00,461.2699890136719,462.3900146484375,459.6000061035156,462.2099914550781,88467
2025-10-20 16:30:00+00:00,462.57501220703125,463.7200012207031,462.4100036621094,463.29998779296875,70040
2025-10-20 17:30:00+00:00,463.0799865722656,463.8900146484375,462.07000732421875,462.81500244140625,54563
2025-10-20 18:30:00+00:00,462.80999755859375,462.92999267578125,461.8500061035156,462.614990234375,67758
2025-10-20 19:30:00+00:00,462.44000244140625,463.260009765625,462.0400085449219,462.5199890136719,130091
2025-10-21 13:30:00+00:00,461.1099853515625,464.739990234375,458.75,464.375,99090
2025-10-21 14:30:00+00:00,464.375,466.7799987792969,463.7650146484375,465.6000061035156,90064
2025-10-21 15:30:00+00:00,465.94000244140625,466.54998779296875,463.6199951171875,464.7250061035156,129110
2025-10-21 16:30:00+00:00,464.7099914550781,464.760009765625,461.0899963378906,461.1000061035156,121860
2025-10-21 17:30:00+00:00,461.30499267578125,461.7900085449219,459.1400146484375,460.95001220703125,116572
2025-10-21 18:30:00+00:00,460.6400146484375,460.9674987792969,459.5,459.8599853515625,93520
2025-10-21 19:30:00+00:00,459.9100036621094,460.739990234375,459.6000061035156,459.7799987792969,160356
2025-10-22 13:30:00+00:00,460.1300048828125,467.0,460.1300048828125,464.9599914550781,265095
2025-10-22 14:30:00+00:00,465.2300109863281,470.5299987792969,464.92498779296875,469.79998779296875,242243
2025-10-22 15:30:00+00:00,470.2300109863281,472.2200012207031,466.7900085449219,467.42999267578125,149406
2025-10-22 16:30:00+00:00,467.260009765625,468.8500061035156,464.6499938964844,466.5199890136719,95262
2025-10-22 17:30:00+00:00,466.4800109863281,466.75,463.6400146484375,464.68499755859375,87473
2025-10-22 18:30:00+00:00,464.67999267578125,465.1300048828125,462.7699890136719,463.6000061035156,99706
2025-10-22 19:30:00+00:00,463.5249938964844,463.9100036621094,462.17999267578125,462.3500061035156,158156
2025-10-23 13:30:00+00:00,465.55999755859375,468.4999084472656,460.7099914550781,462.5150146484375,171980
2025-10-23 14:30:00+00:00,462.0299987792969,464.7699890136719,461.5199890136719,463.375,121410
2025-10-23 15:30:00+00:00,463.5199890136719,464.0199890136719,462.0,462.510009765625,74808
2025-10-23 16:30:00+00:00,462.489990234375,463.5899963378906,461.2099914550781,462.6200866699219,122651
2025-10-23 17:30:00+00:00,462.8500061035156,467.7300109863281,462.8500061035156,467.5799865722656,159164
2025-10-23 18:30:00+00:00,467.5799865722656,469.73760986328125,467.3599853515625,469.4700012207031,166621
2025-10-23 19:30:00+00:00,469.57000732421875,469.989990234375,468.3599853515625,469.5299987792969,189114
2025-10-24 13:30:00+00:00,473.45001220703125,477.6000061035156,471.6499938964844,471.94500732421875,283591
2025-10-24 14:30:00+00:00,471.94500732421875,474.1700134277344,470.8299865722656,472.3699951171875,145150
2025-10-24 15:30:00+00:00,472.55999755859375,472.80999755859375,470.6700134277344,471.5,106795
2025-10-24 16:30:00+00:00,471.70001220703125,472.2449951171875,470.5462951660156,471.6921081542969,82458
2025-10-24 17:30:00+00:00,471.80999755859375,472.1300048828125,471.2650146484375,471.7099914550781,71721
2025-10-24 18:30:00+00:00,471.7200012207031,473.79638671875,471.5799865722656,473.5849914550781,92171
2025-10-24 19:30:00+00:00,473.4800109863281,474.2099914550781,472.6650085449219,473.010009765625,251944
2025-10-27 13:30:00+00:00,480.55999755859375,483.0,478.5799865722656,481.0299987792969,225286
2025-10-27 14:30:00+00:00,480.4649963378906,481.0050048828125,476.6000061035156,477.3800048828125,155754
2025-10-27 15:30:00+00:00,477.5799865722656,477.889892578125,475.6199951171875,476.760009765625,133256
2025-10-27 16:30:00+00:00,476.5849914550781,476.5849914550781,474.16009521484375,475.25,56679
2025-10-27 17:30:00+00:00,475.4200134277344,476.1799011230469,475.17498779296875,475.8900146484375,49077
2025-10-27 18:30:00+00:00,475.7626037597656,476.70001220703125,475.5,475.8900146484375,73316
2025-10-27 19:30:00+00:00,476.0,478.5299987792969,475.7099914550781,478.2099914550781,286525
2025-10-28 13:30:00+00:00,475.45001220703125,476.5,472.0,474.1199951171875,137456
2025-10-28 14:30:00+00:00,474.1199951171875,474.9100036621094,472.0,472.1724853515625,66096
2025-10-28 15:30:00+00:00,472.2749938964844,472.32000732421875,470.1600036621094,470.6285095214844,92851
2025-10-28 16:30:00+00:00,470.4100036621094,472.3832092285156,470.05999755859375,471.2699890136719,98268
2025-10-28 17:30:00+00:00,471.2250061035156,471.2879943847656,469.0,470.70001220703125,93939
2025-10-28 18:30:00+00:00,470.7099914550781,471.0589904785156,467.8800048828125,469.20001220703125,86941
2025-10-28 19:30:00+00:00,469.20001220703125,469.7200012207031,468.05999755859375,468.3399963378906,204436
2025-10-29 13:30:00+00:00,471.8399963378906,477.8919982910156,469.0299987792969,473.81500244140625,163058
2025-10-29 14:30:00+00:00,473.9049987792969,475.4891052246094,472.4013977050781,475.04998779296875,88457
2025-10-29 15:30:00+00:00,474.7900085449219,475.89990234375,474.0700988769531,474.4800109863281,71346
2025-10-29 16:30:00+00:00,474.4100036621094,474.9898986816406,472.2099914550781,472.43499755859375,68575
2025-10-29 17:30:00+00:00,472.510009765625,475.5050048828125,471.6600036621094,474.6099853515625,104250
2025-10-29 18:30:00+00:00,474.6199951171875,476.0450134277344,472.67999267578125,473.3800048828125,177937
2025-10-29 19:30:00+00:00,473.1199951171875,474.3900146484375,472.29998779296875,473.55999755859375,211030
2025-10-30 13:30:00+00:00,472.1400146484375,478.5899963378906,470.0,477.8599853515625,128985
2025-10-30 14:30:00+00:00,478.25,479.8099060058594,476.2650146484375,476.2650146484375,81890
2025-10-30 15:30:00+00:00,476.510009765625,476.75360107421875,472.91900634765625,473.55999755859375,151859
2025-10-30 16:30:00+00:00,473.55999755859375,474.1099853515625,471.7950134277344,473.45001220703125,63992
2025-10-30 17:30:00+00:00,473.5011901855469,473.5011901855469,470.4049987792969,470.6300048828125,71054
2025-10-30 18:30:00+00:00,470.760009765625,471.3074951171875,467.57000732421875,468.9750061035156,122856
2025-10-30 19:30:00+00:00,469.0,469.19000244140625,465.2699890136719,465.4100036621094,232236
2025-10-31 13:30:00+00:00,463.57000732421875,464.05499267578125,458.7200012207031,463.18499755859375,211388
2025-10-31 14:30:00+00:00,462.9849853515625,464.5400085449219,461.79998779296875,462.22198486328125,101175
2025-10-31 15:30:00+00:00,462.1650085449219,462.4700012207031,460.05999755859375,461.92999267578125,104927
2025-10-31 16:30:00+00:00,461.7900085449219,461.8999938964844,458.8800048828125,459.2049865722656,62023
2025-10-31 17:30:00+00:00,459.2200012207031,462.1000061035156,458.8900146484375,461.8399963378906,84293
2025-10-31 18:30:00+00:00,461.8900146484375,463.5,461.63751220703125,463.45001220703125,91846
2025-10-31 19:30:00+00:00,463.5400085449219,464.0,461.1099853515625,461.6700134277344,217805
2025-11-03 14:30:00+00:00,459.79998779296875,460.9200134277344,454.5,457.9599914550781,151018
2025-11-03 15:30:00+00:00,457.9574890136719,461.25,457.4100036621094,460.1700134277344,62666
2025-11-03 16:30:00+00:00,460.0899963378906,463.6000061035156,460.0899963378906,461.98748779296875,65937
2025-11-03 17:30:00+00:00,461.9750061035156,462.25,460.5199890136719,461.0975036621094,73410
2025-11-03 18:30:00+00:00,461.1600036621094,463.79998779296875,460.25250244140625,463.79998779296875,125689
2025-11-03 19:30:00+00:00,463.79998779296875,463.79998779296875,461.5975036621094,461.6449890136719,117756
2025-11-03 20:30:00+00:00,461.6099853515625,462.5,460.8800048828125,462.05999755859375,217624
2025-11-04 14:30:00+00:00,457.2900085449219,466.2099914550781,456.0,465.5400085449219,264655
2025-11-04 15:30:00+00:00,465.5400085449219,466.6300048828125,464.5400085449219,466.4049987792969,220889
2025-11-04 16:30:00+00:00,466.4049987792969,468.5799865722656,465.9599914550781,467.05499267578125,200209
2025-11-04 17:30:00+00:00,467.05499267578125,467.6700134277344,465.8500061035156,466.8800048828125,123122
2025-11-04 18:30:00+00:00,466.8475036621094,468.2298889160156,466.8450012207031,467.6700134277344,107825
2025-11-04 19:30:00+00:00,467.70001220703125,468.3349914550781,465.85009765625,468.2900085449219,124662
2025-11-04 20:30:00+00:00,468.2699890136719,469.6700134277344,467.49609375,468.3399963378906,244437
2025-11-05 14:30:00+00:00,468.0,471.7703857421875,467.20001220703125,469.17999267578125,95274
2025-11-05 15:30:00+00:00,469.1300048828125,469.67999267578125,466.3999938964844,468.3500061035156,48699
2025-11-05 16:30:00+00:00,468.010009765625,473.7149963378906,467.8089904785156,473.3999938964844,69350
2025-11-05 17:30:00+00:00,473.44000244140625,474.8299865722656,473.0,473.7049865722656,86861
2025-11-05 18:30:00+00:00,473.7049865722656,475.5400085449219,473.45001220703125,475.1449890136719,110582
2025-11-05 19:30:00+00:00,475.0299987792969,476.2900085449219,474.70001220703125,475.3299865722656,109699
2025-11-05 20:30:00+00:00,475.32000732421875,475.5400085449219,473.7300109863281,473.7300109863281,157442
2025-11-06 14:30:00+00:00,475.1400146484375,478.1050109863281,472.8599853515625,474.6700134277344,144464
2025-11-06 15:30:00+00:00,474.0799865722656,475.44000244140625,470.0,470.80999755859375,119423
2025-11-06 16:30:00+00:00,470.8800048828125,471.80999755859375,470.17010498046875,471.3568115234375,69089
2025-11-06 17:30:00+00:00,471.1925048828125,472.6499938964844,469.5199890136719,470.79998779296875,55147
2025-11-06 18:30:00+00:00,470.7900085449219,472.6199951171875,470.6300048828125,472.364990234375,81318
2025-11-06 19:30:00+00:00,472.3699951171875,481.2799987792969,471.489990234375,478.5799865722656,270466
2025-11-06 20:30:00+00:00,478.5799865722656,478.5799865722656,474.29998779296875,475.29998779296875,267909
2025-11-07 14:30:00+00:00,463.9200134277344,471.25,457.6499938964844,467.9549865722656,329275
2025-11-07 15:30:00+00:00,468.3999938964844,470.67999267578125,465.3450012207031,466.2950134277344,274198
2025-11-07 16:30:00+00:00,466.0899963378906,466.6700134277344,463.2349853515625,464.9700012207031,190289
2025-11-07 17:30:00+00:00,464.6499938964844,464.82989501953125,462.82000732421875,463.6700134277344,121076
2025-11-07 18:30:00+00:00,463.7099914550781,465.79998779296875,462.8900146484375,464.7850036621094,153049
2025-11-07 19:30:00+00:00,464.9700012207031,468.239990234375,464.8999938964844,467.2300109863281,150101
2025-11-07 20:30:00+00:00,467.44000244140625,468.4200134277344,466.3800048828125,467.70001220703125,265065
2025-11-10 14:30:00+00:00,468.8999938964844,470.43218994140625,463.67999267578125,466.8800048828125,113755
2025-11-10 15:30:00+00:00,467.2799072265625,469.3800048828125,465.6300048828125,469.1000061035156,87886
2025-11-10 16:30:00+00:00,469.1199951171875,472.0,468.8299865722656,471.6499938964844,65389
2025-11-10 17:30:00+00:00,471.501708984375,474.3800048828125,471.501708984375,473.32000732421875,62598
2025-11-10 18:30:00+00:00,473.3599853515625,475.55499267578125,473.1400146484375,474.7431945800781,89555
2025-11-10 19:30:00+00:00,474.8900146484375,476.2699890136719,474.310791015625,476.1000061035156,71412
2025-11-10 20:30:00+00:00,475.8800048828125,476.54998779296875,474.3500061035156,474.3999938964844,156451
2025-11-11 14:30:00+00:00,474.55999755859375,476.54998779296875,472.0101013183594,476.54998779296875,205575
2025-11-11 15:30:00+00:00,476.44000244140625,478.1650085449219,475.7900085449219,476.6549987792969,80986
2025-11-11 16:30:00+00:00,476.67498779296875,478.27520751953125,476.6199951171875,477.1199951171875,50439
2025-11-11 17:30:00+00:00,477.5950012207031,479.07000732421875,477.29998779296875,478.9049987792969,51109
2025-11-11 18:30:00+00:00,478.8450012207031,480.2200012207031,478.7900085449219,479.989990234375,91451
2025-11-11 19:30:00+00:00,479.9049987792969,480.0,477.48309326171875,477.8550109863281,122207
2025-11-11 20:30:00+00:00,477.8550109863281,478.3515930175781,477.1050109863281,478.010009765625,175860
2025-11-12 14:30:00+00:00,479.0,483.3299865722656,478.4200134277344,480.68499755859375,122113
2025-11-12 15:30:00+00:00,480.68499755859375,484.92999267578125,479.3900146484375,483.7300109863281,80140
2025-11-12 16:30:00+00:00,483.6650085449219,484.1400146484375,480.8999938964844,481.3399963378906,77599
2025-11-12 17:30:00+00:00,481.4700012207031,482.5150146484375,478.8699951171875,479.0849914550781,75165
2025-11-12 18:30:00+00:00,479.0775146484375,479.6400146484375,477.7699890136719,479.1440124511719,84430
2025-11-12 19:30:00+00:00,479.06500244140625,479.8500061035156,478.04998779296875,479.44000244140625,77173
2025-11-12 20:30:00+00:00,479.3999938964844,482.6600036621094,478.7799987792969,480.55999755859375,356758
2025-11-13 14:30:00+00:00,481.32000732421875,482.7850036621094,478.2900085449219,482.29998779296875,146049
2025-11-13 15:30:00+00:00,482.5,482.75,476.4200134277344,477.1050109863281,110220
2025-11-13 16:30:00+00:00,476.9800109863281,479.489990234375,476.05999755859375,477.5249938964844,90249
2025-11-13 17:30:00+00:00,477.760009765625,478.8900146484375,476.9949951171875,477.4800109863281,66093
2025-11-13 18:30:00+00:00,477.29998779296875,479.4100036621094,476.55999755859375,479.010009765625,102628
2025-11-13 19:30:00+00:00,479.010009765625,479.0899963378906,473.25,474.2099914550781,137199
2025-11-13 20:30:00+00:00,474.2149963378906,474.80999755859375,472.8900146484375,473.57000732421875,194270
2025-11-14 14:30:00+00:00,473.2900085449219,479.6499938964844,471.0,475.4800109863281,220946
2025-11-14 15:30:00+00:00,475.489990234375,478.4399108886719,474.5400085449219,478.4399108886719,116150
2025-11-14 16:30:00+00:00,478.2099914550781,479.2900085449219,476.760009765625,477.3999938964844,116202
2025-11-14 17:30:00+00:00,477.1400146484375,477.8699951171875,475.45001220703125,476.3699951171875,131586
2025-11-14 18:30:00+00:00,476.3699951171875,476.5,474.2099914550781,475.69000244140625,78922
2025-11-14 19:30:00+00:00,475.39801025390625,476.5,474.30999755859375,475.7200012207031,111604
2025-11-14 20:30:00+00:00,475.6600036621094,477.04998779296875,475.510009765625,476.05999755859375,183814
2025-11-17 14:30:00+00:00,475.2699890136719,478.3399963378906,473.32000732421875,477.0740051269531,162578
2025-11-17 15:30:00+00:00,477.5400085449219,477.5899963378906,473.1077880859375,474.67999267578125,100921
2025-11-17 16:30:00+00:00,474.7900085449219,477.79998779296875,474.510009765625,477.6000061035156,89139
2025-11-17 17:30:00+00:00,477.67999267578125,478.2900085449219,476.9100036621094,478.1000061035156,99053
2025-11-17 18:30:00+00:00,477.8999938964844,479.760009765625,477.30999755859375,478.6400146484375,162672
2025-11-17 19:30:00+00:00,478.4949951171875,478.82501220703125,475.04998779296875,476.0,202271
2025-11-17 20:30:00+00:00,475.9750061035156,476.57989501953125,474.57000732421875,475.8399963378906,313559
2025-11-18 14:30:00+00:00,471.4700012207031,476.32000732421875,470.0,473.42999267578125,194442
2025-11-18 15:30:00+00:00,473.6099853515625,475.3800048828125,471.54998779296875,473.0799865722656,124283
2025-11-18 16:30:00+00:00,473.1499938964844,474.4880065917969,471.9822998046875,472.1650085449219,94146
2025-11-18 17:30:00+00:00,472.1600036621094,476.510009765625,471.54998779296875,475.9599914550781,81500
2025-11-18 18:30:00+00:00,475.9599914550781,477.0799865722656,474.8999938964844,475.8299865722656,75116
2025-11-18 19:30:00+00:00,475.8399963378906,477.1199951171875,473.9547119140625,474.17498779296875,76823
2025-11-18 20:30:00+00:00,474.17498779296875,474.92999267578125,473.760009765625,473.8699951171875,214631
2025-11-19 14:30:00+00:00,474.3599853515625,476.2200012207031,468.1600036621094,473.8550109863281,152714
2025-11-19 15:30:00+00:00,473.75,474.7900085449219,471.67999267578125,472.05499267578125,90608
2025-11-19 16:30:00+00:00,472.45989990234375,474.6700134277344,470.7349853515625,474.6700134277344,114250
2025-11-19 17:30:00+00:00,474.6700134277344,475.760009765625,473.57000732421875,474.7149963378906,79036
2025-11-19 18:30:00+00:00,474.8900146484375,476.1000061035156,471.07000732421875,471.5799865722656,212254
2025-11-19 19:30:00+00:00,471.18499755859375,476.3949890136719,471.18499755859375,475.25,121381
2025-11-19 20:30:00+00:00,475.25,475.32720947265625,473.9200134277344,474.7799987792969,251138
2025-11-20 14:30:00+00:00,478.0,484.2099914550781,477.5,483.57000732421875,219552
2025-11-20 15:30:00+00:00,484.05999755859375,484.05999755859375,477.2900085449219,477.75,156608
2025-11-20 16:30:00+00:00,477.75,478.239990234375,475.3529357910156,476.114990234375,211706
2025-11-20 17:30:00+00:00,476.3399963378906,478.1099853515625,473.7099914550781,476.7149963378906,166538
2025-11-20 18:30:00+00:00,476.7149963378906,478.5899963378906,474.6600036621094,478.55999755859375,126153
2025-11-20 19:30:00+00:00,478.3800048828125,479.0199890136719,476.8500061035156,477.8800048828125,141912
2025-11-20 20:30:00+00:00,478.0400085449219,478.20001220703125,475.7449951171875,476.5299987792969,295367
2025-11-21 14:30:00+00:00,477.6400146484375,487.6000061035156,476.510009765625,485.4674987792969,255200
2025-11-21 15:30:00+00:00,485.3999938964844,486.70001220703125,484.0299987792969,486.0,215013
2025-11-21 16:30:00+00:00,485.9200134277344,490.42999267578125,484.9599914550781,489.5126037597656,348991
2025-11-21 17:30:00+00:00,489.5849914550781,490.0,484.44500732421875,486.1700134277344,167239
2025-11-21 18:30:00+00:00,486.1549987792969,490.9299011230469,486.1549987792969,490.489990234375,89411
2025-11-21 19:30:00+00:00,490.6499938964844,491.0400085449219,486.7149963378906,486.7300109863281,200265
2025-11-21 20:30:00+00:00,486.7200012207031,487.7699890136719,485.82000732421875,487.2900085449219,302245
2025-11-24 14:30:00+00:00,488.6199951171875,489.8900146484375,484.1000061035156,486.760009765625,355365
2025-11-24 15:30:00+00:00,486.8599853515625,492.05999755859375,486.3999938964844,490.7650146484375,151441
2025-11-24 16:30:00+00:00,490.7850036621094,491.8699951171875,489.7601013183594,491.55999755859375,113672
2025-11-24 17:30:00+00:00,491.55999755859375,493.9200134277344,490.8699951171875,492.9700012207031,118298
2025-11-24 18:30:00+00:00,492.7699890136719,494.30999755859375,491.2362976074219,491.6000061035156,122879
2025-11-24 19:30:00+00:00,491.7550048828125,491.7699890136719,490.5299987792969,491.2799987792969,178620
2025-11-24 20:30:00+00:00,491.1300048828125,491.6099853515625,487.19000244140625,487.2200012207031,349551
2025-11-25 14:30:00+00:00,490.05999755859375,493.80999755859375,488.2149963378906,493.67999267578125,297951
2025-11-25 15:30:00+00:00,493.6400146484375,498.1300048828125,493.5400085449219,497.4100036621094,262484
2025-11-25 16:30:00+00:00,497.4700012207031,500.5199890136719,497.44500732421875,499.8800048828125,318182
2025-11-25 17:30:00+00:00,499.7950134277344,500.3500061035156,498.5299987792969,499.29998779296875,153691
2025-11-25 18:30:00+00:00,499.1650085449219,499.3800048828125,497.79998779296875,498.3450012207031,186962
2025-11-25 19:30:00+00:00,498.4700012207031,499.94000244140625,497.92999267578125,499.010009765625,228799
2025-11-25 20:30:00+00:00,499.0,500.260009765625,498.04998779296875,498.2300109863281,419942
2025-11-26 14:30:00+00:00,477.1300048828125,487.82000732421875,470.5,480.8299865722656,1760153
2025-11-26 15:30:00+00:00,481.0,481.29998779296875,469.92999267578125,472.9800109863281,908597
2025-11-26 16:30:00+00:00,472.6600036621094,474.9800109863281,469.7699890136719,474.739990234375,545482
2025-11-26 17:30:00+00:00,474.75,477.71990966796875,471.7799987792969,474.92999267578125,315778
2025-11-26 18:30:00+00:00,474.9800109863281,476.19000244140625,473.0799865722656,475.92498779296875,247424
2025-11-26 19:30:00+00:00,476.0799865722656,479.239990234375,471.260009765625,472.30999755859375,459483
2025-11-26 20:30:00+00:00,472.0539855957031,472.95001220703125,469.4100036621094,469.67999267578125,888665
2025-11-28 14:30:00+00:00,466.9100036621094,469.7298889160156,463.010009765625,469.3599853515625,527187
2025-11-28 15:30:00+00:00,469.25,473.42999267578125,469.25,472.8599853515625,280833
2025-11-28 16:30:00+00:00,472.92498779296875,473.6700134277344,466.7699890136719,467.56500244140625,237365
2025-12-01 14:30:00+00:00,463.7200012207031,469.4100036621094,461.4100036621094,469.07501220703125,410796
2025-12-01 15:30:00+00:00,469.07501220703125,473.4999084472656,469.07501220703125,471.2900085449219,215651
2025-12-01 16:30:00+00:00,471.1099853515625,474.3500061035156,470.66009521484375,473.489990234375,129508
2025-12-01 17:30:00+00:00,473.4849853515625,474.5,472.9599914550781,473.2799987792969,126399
2025-12-01 18:30:00+00:00,473.2699890136719,473.8399963378906,471.010009765625,471.1099853515625,126906
2025-12-01 19:30:00+00:00,471.010009765625,471.260009765625,469.9700012207031,470.8399963378906,169985
2025-12-01 20:30:00+00:00,470.94000244140625,471.239990234375,467.4200134277344,468.1499938964844,359175
2025-12-02 14:30:00+00:00,471.7200012207031,472.6400146484375,468.1000061035156,470.4100036621094,187605
2025-12-02 15:30:00+00:00,470.2200012207031,473.7699890136719,469.2099914550781,472.3399963378906,135329
2025-12-02 16:30:00+00:00,472.3399963378906,473.2699890136719,470.5199890136719,472.8399963378906,131747
2025-12-02 17:30:00+00:00,473.05999755859375,473.54998779296875,467.760009765625,468.489990234375,112704
2025-12-02 18:30:00+00:00,468.6000061035156,471.79998779296875,466.8800048828125,468.3699951171875,105818
2025-12-02 19:30:00+00:00,468.42999267578125,469.75,466.42999267578125,469.43499755859375,141178
2025-12-02 20:30:00+00:00,469.5799865722656,470.80999755859375,468.6700134277344,469.1099853515625,214129
2025-12-03 14:30:00+00:00,471.0,474.1719970703125,468.55999755859375,472.29998779296875,140857
2025-12-03 15:30:00+00:00,472.25,476.80999755859375,471.9700012207031,476.1700134277344,123104
2025-12-03 16:30:00+00:00,476.1050109863281,477.34991455078125,474.760009765625,477.0350036621094,93336
2025-12-03 17:30:00+00:00,476.8999938964844,477.8599853515625,476.6600036621094,477.7300109863281,57406
2025-12-03 18:30:00+00:00,477.8399963378906,481.4100036621094,477.75,480.56500244140625,124551
2025-12-03 19:30:00+00:00,480.57000732421875,481.20001220703125,480.0899963378906,480.5899963378906,104836
2025-12-03 20:30:00+00:00,480.82000732421875,482.45001220703125,480.75,481.92498779296875,218423
2025-12-04 14:30:00+00:00,480.989990234375,483.5,475.2099914550781,480.45001220703125,213976
2025-12-04 15:30:00+00:00,480.54998779296875,482.4800109863281,479.5700988769531,481.4649963378906,213623
2025-12-04 16:30:00+00:00,481.2799987792969,482.7300109863281,480.7799987792969,482.1700134277344,114752
2025-12-04 17:30:00+00:00,482.2200012207031,483.05499267578125,481.0273132324219,481.4700012207031,77951
2025-12-04 18:30:00+00:00,481.5799865722656,483.19989013671875,481.2699890136719,482.6300048828125,106467
2025-12-04 19:30:00+00:00,482.75,483.4100036621094,479.0299987792969,481.2950134277344,130637
2025-12-04 20:30:00+00:00,481.42999267578125,483.010009765625,481.18499755859375,483.010009765625,242951
2025-12-05 14:30:00+00:00,481.3900146484375,484.79998779296875,480.010009765625,483.989990234375,125303
2025-12-05 15:30:00+00:00,484.20001220703125,485.44000244140625,483.67999267578125,484.4599914550781,94936
2025-12-05 16:30:00+00:00,484.44000244140625,484.6199951171875,479.55999755859375,480.67498779296875,148387
2025-12-05 17:30:00+00:00,480.67498779296875,482.25,478.3399963378906,478.49749755859375,104201
2025-12-05 18:30:00+00:00,478.5799865722656,480.2799987792969,477.0249938964844,479.0600891113281,155422
2025-12-05 19:30:00+00:00,479.5,480.3699951171875,477.260009765625,477.260009765625,55511
2025-12-05 20:30:00+00:00,477.2550048828125,477.2550048828125,473.69000244140625,474.989990234375,291692
2025-12-08 14:30:00+00:00,479.0199890136719,479.4100036621094,472.5,479.4100036621094,131498
2025-12-08 15:30:00+00:00,479.4100036621094,488.989990234375,473.96099853515625,479.9800109863281,366384
2025-12-08 16:30:00+00:00,479.9800109863281,479.9800109863281,471.29998779296875,472.8550109863281,162192
2025-12-08 17:30:00+00:00,472.8999938964844,477.4100036621094,472.8699951171875,475.8800048828125,128620
2025-12-08 18:30:00+00:00,475.8900146484375,476.0465087890625,474.6099853515625,475.3800048828125,79175
2025-12-08 19:30:00+00:00,475.5199890136719,475.8999938964844,465.260009765625,465.4049987792969,526362
2025-12-08 20:30:00+00:00,465.2799987792969,467.0498962402344,464.9150085449219,466.42999267578125,263472
2025-12-09 14:30:00+00:00,464.8900146484375,469.32000732421875,463.822998046875,465.5400085449219,124213
2025-12-09 15:30:00+00:00,465.989990234375,467.489990234375,465.1000061035156,466.38751220703125,74715
2025-12-09 16:30:00+00:00,466.2699890136719,468.0,463.875,465.17999267578125,138732
2025-12-09 17:30:00+00:00,465.19000244140625,465.19000244140625,463.1400146484375,463.32501220703125,69526
2025-12-09 18:30:00+00:00,463.32501220703125,464.3399963378906,461.92999267578125,463.1499938964844,126809
2025-12-09 19:30:00+00:00,463.1099853515625,463.989990234375,461.79998779296875,462.760009765625,126080
2025-12-09 20:30:00+00:00,462.9849853515625,463.739990234375,462.2099914550781,462.8399963378906,178033
2025-12-10 14:30:00+00:00,462.6499938964844,462.6499938964844,455.9049987792969,458.1549987792969,202570
2025-12-10 15:30:00+00:00,458.1549987792969,463.3699951171875,457.0799865722656,462.3299865722656,147412
2025-12-10 16:30:00+00:00,462.2550048828125,462.4599914550781,460.8699951171875,461.3500061035156,81456
2025-12-10 17:30:00+00:00,461.2449951171875,462.5799865722656,460.9100036621094,462.2300109863281,67133
2025-12-10 18:30:00+00:00,462.2200012207031,464.30999755859375,461.3505859375,462.44000244140625,137029
2025-12-10 19:30:00+00:00,463.010009765625,469.9700012207031,462.7250061035156,468.6300048828125,198761
2025-12-10 20:30:00+00:00,468.3399963378906,469.55999755859375,467.6199951171875,469.05999755859375,224209
2025-12-11 14:30:00+00:00,471.8800048828125,478.95001220703125,470.1300048828125,477.875,218121
2025-12-11 15:30:00+00:00,477.989990234375,480.3500061035156,477.5,478.4750061035156,110981
2025-12-11 16:30:00+00:00,478.2200012207031,480.4200134277344,477.864501953125,480.20001220703125,91141
2025-12-11 17:30:00+00:00,480.06500244140625,480.743896484375,478.6050109863281,479.81451416015625,58001
2025-12-11 18:30:00+00:00,479.8450012207031,480.239990234375,477.49200439453125,477.79998779296875,95960
2025-12-11 19:30:00+00:00,477.8999938964844,478.2099914550781,476.3800964355469,476.79998779296875,123592
2025-12-11 20:30:00+00:00,476.7099914550781,477.4200134277344,475.239990234375,476.010009765625,221916
2025-12-12 14:30:00+00:00,478.2200012207031,485.69000244140625,477.6000061035156,484.25,403060
2025-12-12 15:30:00+00:00,484.25,487.1650085449219,484.0557861328125,486.7699890136719,229148
2025-12-12 16:30:00+00:00,486.5150146484375,486.7298889160156,480.0,480.125,206940
2025-12-12 17:30:00+00:00,480.125,483.7699890136719,480.125,483.3599853515625,130961
2025-12-12 18:30:00+00:00,483.3900146484375,484.7099914550781,482.9200134277344,483.4649963378906,88112
2025-12-12 19:30:00+00:00,483.5199890136719,485.75,483.510009765625,485.2200012207031,159994
2025-12-12 20:30:00+00:00,485.1099853515625,485.3500061035156,480.6300048828125,484.82000732421875,361499
2025-12-15 14:30:00+00:00,484.79998779296875,488.989990234375,484.79998779296875,486.30999755859375,300088
2025-12-15 15:30:00+00:00,486.4599914550781,488.9299011230469,485.6400146484375,488.6549987792969,141069
2025-12-15 16:30:00+00:00,488.5950012207031,488.7200012207031,485.9800109863281,486.7850036621094,139391
2025-12-15 17:30:00+00:00,486.7799987792969,487.32000732421875,485.1300048828125,485.6700134277344,190713
2025-12-15 18:30:00+00:00,485.70001220703125,486.9200134277344,485.3915100097656,486.7749938964844,159425
2025-12-15 19:30:00+00:00,486.8800048828125,488.3900146484375,486.8800048828125,488.2699890136719,135643
2025-12-15 20:30:00+00:00,488.239990234375,488.3900146484375,487.125,488.07000732421875,194493
2025-12-16 14:30:00+00:00,487.0,489.1499938964844,485.70001220703125,487.489990234375,152027
2025-12-16 15:30:00+00:00,487.375,488.70001220703125,486.739990234375,486.93499755859375,125854
2025-12-16 16:30:00+00:00,486.93499755859375,487.3599853515625,484.55999755859375,485.8599853515625,187996
2025-12-16 17:30:00+00:00,485.8500061035156,486.2799072265625,484.2049865722656,485.19000244140625,163041
2025-12-16 18:30:00+00:00,485.0,486.29998779296875,484.24200439453125,485.1199951171875,163188
2025-12-16 19:30:00+00:00,485.1099853515625,487.3900146484375,484.989990234375,487.3800048828125,138073
2025-12-16 20:30:00+00:00,487.4280090332031,487.44000244140625,485.44000244140625,485.44000244140625,362371
2025-12-17 14:30:00+00:00,484.95001220703125,490.4200134277344,483.4800109863281,489.0400085449219,229951
2025-12-17 15:30:00+00:00,488.8599853515625,489.1973876953125,483.0090026855469,484.3500061035156,180709
2025-12-17 16:30:00+00:00,484.07501220703125,485.5199890136719,483.4100036621094,484.4549865722656,156709
2025-12-17 17:30:00+00:00,484.4549865722656,485.2200012207031,481.90008544921875,483.17999267578125,69791
2025-12-17 18:30:00+00:00,483.0400085449219,485.8299865722656,482.7101135253906,485.239990234375,114490
2025-12-17 19:30:00+00:00,485.3699951171875,485.8900146484375,482.1650085449219,482.43798828125,212780
2025-12-17 20:30:00+00:00,482.2850036621094,483.6400146484375,479.68499755859375,481.2300109863281,301970
2025-12-18 14:30:00+00:00,483.0400085449219,487.1300048828125,477.0700988769531,477.5450134277344,157788
2025-12-18 15:30:00+00:00,477.5450134277344,479.3775939941406,474.3399963378906,476.9624938964844,279800
2025-12-18 16:30:00+00:00,476.8999938964844,478.3399963378906,469.7749938964844,470.9549865722656,158345
2025-12-18 17:30:00+00:00,470.6600036621094,473.6799011230469,470.5386047363281,473.2699890136719,81234
2025-12-18 18:30:00+00:00,473.43499755859375,476.5299987792969,473.3699951171875,476.5299987792969,140325
2025-12-18 19:30:00+00:00,476.5450134277344,476.92999267578125,473.2699890136719,474.964599609375,338722
2025-12-18 20:30:00+00:00,474.989990234375,477.32000732421875,473.510009765625,474.6099853515625,528514
2025-12-19 14:30:00+00:00,475.1000061035156,476.5,471.9200134277344,473.489990234375,493723
2025-12-19 15:30:00+00:00,473.3399963378906,474.6499938964844,470.760009765625,471.54998779296875,161118
2025-12-19 16:30:00+00:00,471.55999755859375,472.489990234375,469.42999267578125,470.06500244140625,89756
2025-12-19 17:30:00+00:00,470.1700134277344,472.0845947265625,470.0000915527344,471.260009765625,70496
2025-12-19 18:30:00+00:00,471.1700134277344,471.6499938964844,469.9700012207031,470.1400146484375,102810
2025-12-19 19:30:00+00:00,470.1400146484375,470.6499938964844,468.9200134277344,469.7699890136719,130329
2025-12-19 20:30:00+00:00,469.7099914550781,470.94000244140625,469.5299987792969,470.54998779296875,243298
2025-12-22 14:30:00+00:00,471.5,472.739990234375,469.4049987792969,471.3299865722656,129952
2025-12-22 15:30:00+00:00,471.385009765625,472.1099853515625,468.8800048828125,470.8970947265625,125673
2025-12-22 16:30:00+00:00,470.7650146484375,471.010009765625,468.5400085449219,469.1549987792969,81756
2025-12-22 17:30:00+00:00,468.9400939941406,469.7300109863281,467.8900146484375,469.1000061035156,88396
2025-12-22 18:30:00+00:00,469.1050109863281,469.42999267578125,467.6499938964844,468.04998779296875,108869
2025-12-22 19:30:00+00:00,468.0450134277344,469.489990234375,467.9750061035156,469.4049987792969,150718
2025-12-22 20:30:00+00:00,469.3800048828125,469.5299987792969,468.5199890136719,468.75,196691
2025-12-23 14:30:00+00:00,470.3900146484375,471.0,467.7012023925781,470.1700134277344,112059
2025-12-23 15:30:00+00:00,470.239990234375,471.17999267578125,467.16009521484375,467.375,79053
2025-12-23 16:30:00+00:00,467.4700012207031,467.989990234375,466.25,467.17999267578125,226827
2025-12-23 17:30:00+00:00,467.239990234375,468.1499938964844,466.05999755859375,466.25,81977
2025-12-23 18:30:00+00:00,466.17169189453125,467.5899963378906,465.4100036621094,467.1600036621094,112123
2025-12-23 19:30:00+00:00,467.260009765625,467.3500061035156,465.5101013183594,466.17999267578125,91707
2025-12-23 20:30:00+00:00,466.32000732421875,466.9849853515625,465.9100036621094,466.1000061035156,174407
2025-12-24 14:30:00+00:00,466.0299987792969,467.5,464.3999938964844,464.760009765625,58229
2025-12-24 15:30:00+00:00,464.5450134277344,466.79998779296875,464.5400085449219,466.79998779296875,104549
2025-12-24 16:30:00+00:00,466.7200012207031,468.3949890136719,466.6000061035156,467.510009765625,67277
2025-12-26 14:30:00+00:00,467.7300109863281,468.9898986816406,466.1300048828125,468.2200012207031,78693
2025-12-26 15:30:00+00:00,468.2300109863281,468.94000244140625,466.760009765625,467.9700012207031,62403
2025-12-26 16:30:00+00:00,467.8900146484375,468.1698913574219,466.44500732421875,467.7200012207031,47198
2025-12-26 17:30:00+00:00,467.7200012207031,467.9100036621094,467.17999267578125,467.75,44486
2025-12-26 18:30:00+00:00,467.6199951171875,468.35400390625,467.260009765625,467.3800048828125,42781
2025-12-26 19:30:00+00:00,467.3500061035156,468.54998779296875,467.25,468.3399963378906,51790
2025-12-26 20:30:00+00:00,468.2699890136719,469.4100036621094,468.20001220703125,469.07000732421875,107102
2025-12-29 14:30:00+00:00,469.489990234375,471.75,465.94000244140625,466.57000732421875,158425
2025-12-29 15:30:00+00:00,466.6400146484375,468.1799011230469,466.010009765625,467.0199890136719,88595
2025-12-29 16:30:00+00:00,467.0199890136719,467.1499938964844,465.7850036621094,465.8900146484375,77515
2025-12-29 17:30:00+00:00,465.82000732421875,468.8949890136719,465.7900085449219,468.260009765625,94921
2025-12-29 18:30:00+00:00,468.2850036621094,469.114990234375,467.6199951171875,468.6499938964844,73650
2025-12-29 19:30:00+00:00,468.6700134277344,470.0,468.54998779296875,469.79998779296875,89444
2025-12-29 20:30:00+00:00,469.8900146484375,470.6199951171875,469.42999267578125,470.2699890136719,181676
2025-12-30 14:30:00+00:00,469.8800048828125,473.20001220703125,468.3728942871094,470.2200012207031,97817
2025-12-30 15:30:00+00:00,470.2200012207031,472.7066955566406,469.1099853515625,472.7066955566406,109423
2025-12-30 16:30:00+00:00,472.739990234375,472.7900085449219,469.0,470.5950012207031,96486
2025-12-30 17:30:00+00:00,470.54998779296875,471.8399963378906,470.510009765625,471.4466857910156,50348
2025-12-30 18:30:00+00:00,471.5400085449219,473.1300048828125,471.2900085449219,471.83599853515625,70934
2025-12-30 19:30:00+00:00,471.79998779296875,472.45001220703125,471.4200134277344,471.69000244140625,77763
2025-12-30 20:30:00+00:00,471.6099853515625,471.7200012207031,469.9599914550781,470.07000732421875,170514
2025-12-31 14:30:00+00:00,466.989990234375,470.2300109863281,466.989990234375,468.8500061035156,109530
2025-12-31 15:30:00+00:00,468.760009765625,469.30999755859375,467.1499938964844,469.0400085449219,82382
2025-12-31 16:30:00+00:00,469.1000061035156,470.0,468.70001220703125,469.0050964355469,46777
2025-12-31 17:30:00+00:00,469.05999755859375,469.7099914550781,468.510009765625,468.79998779296875,56660
2025-12-31 18:30:00+00:00,468.79998779296875,469.3900146484375,468.7200927734375,468.9750061035156,53654
2025-12-31 19:30:00+00:00,468.9750061035156,468.9800109863281,467.1875,467.3900146484375,76826
2025-12-31 20:30:00+00:00,467.3599853515625,468.1499938964844,465.6000061035156,465.6000061035156,154612
2026-01-02 14:30:00+00:00,466.0,467.9700012207031,458.9200134277344,462.8299865722656,218317
2026-01-02 15:30:00+00:00,462.8299865722656,468.4200134277344,462.4599914550781,467.3999938964844,190549
2026-01-02 16:30:00+00:00,467.3599853515625,469.20001220703125,465.9599914550781,469.0199890136719,109486
2026-01-02 17:30:00+00:00,469.1499938964844,470.239990234375,468.7200012207031,469.4849853515625,107454
2026-01-02 18:30:00+00:00,469.2799987792969,469.54998779296875,468.30999755859375,469.19500732421875,99172
2026-01-02 19:30:00+00:00,469.19500732421875,470.4750061035156,467.489990234375,468.0199890136719,107008
2026-01-02 20:30:00+00:00,468.0299987792969,468.239990234375,466.32000732421875,466.9800109863281,175896
2026-01-05 14:30:00+00:00,462.30999755859375,464.6099853515625,458.9549865722656,464.4599914550781,231280
2026-01-05 15:30:00+00:00,464.57000732421875,465.2699890136719,459.25,461.07000732421875,171396
2026-01-05 16:30:00+00:00,460.94500732421875,466.0,459.2200012207031,463.875,224749
2026-01-05 17:30:00+00:00,463.9100036621094,465.19000244140625,463.2200012207031,465.19000244140625,103425
2026-01-05 18:30:00+00:00,465.1549987792969,467.4800109863281,464.95001220703125,467.30999755859375,96101
2026-01-05 19:30:00+00:00,467.30999755859375,467.885009765625,465.04998779296875,465.4750061035156,116656
2026-01-05 20:30:00+00:00,465.4949951171875,466.1400146484375,465.0,466.0899963378906,163866
2026-01-06 14:30:00+00:00,465.82000732421875,482.25,464.30999755859375,480.3900146484375,288697
2026-01-06 15:30:00+00:00,479.30999755859375,483.8299865722656,478.25,483.6650085449219,177425
2026-01-06 16:30:00+00:00,483.510009765625,484.9599914550781,482.42999267578125,483.5849914550781,179122
2026-01-06 17:30:00+00:00,484.1400146484375,486.19500732421875,483.9549865722656,486.1400146484375,129573
2026-01-06 18:30:00+00:00,485.8900146484375,487.0400085449219,485.2510070800781,485.6499938964844,145335
2026-01-06 19:30:00+00:00,485.62750244140625,485.739990234375,484.05999755859375,485.4100036621094,151399
2026-01-06 20:30:00+00:00,485.3999938964844,486.9906005859375,485.30999755859375,486.0,255507
2026-01-07 14:30:00+00:00,487.1400146484375,489.1000061035156,482.1499938964844,482.4150085449219,184615
2026-01-07 15:30:00+00:00,482.385009765625,483.7998962402344,478.2799987792969,478.989990234375,145076
2026-01-07 16:30:00+00:00,478.9849853515625,480.010009765625,478.5050048828125,479.260009765625,96265
2026-01-07 17:30:00+00:00,479.42999267578125,479.6199951171875,474.4200134277344,475.42999267578125,83960
2026-01-07 18:30:00+00:00,475.44000244140625,476.5799865722656,474.5899963378906,475.9599914550781,97521
2026-01-07 19:30:00+00:00,475.9700012207031,476.4179992675781,473.69000244140625,474.4200134277344,159880
2026-01-07 20:30:00+00:00,474.44500732421875,476.0299987792969,474.1600036621094,475.2699890136719,213926
2026-01-08 14:30:00+00:00,473.9200134277344,493.8999938964844,472.7200012207031,492.1099853515625,279526
2026-01-08 15:30:00+00:00,492.0899963378906,499.5400085449219,490.45001220703125,499.5400085449219,205069
2026-01-08 16:30:00+00:00,499.42999267578125,501.8599853515625,499.30999755859375,500.67999267578125,241486
2026-01-08 17:30:00+00:00,500.4700012207031,503.5799865722656,500.4700012207031,502.4200134277344,195059
2026-01-08 18:30:00+00:00,502.56439208984375,503.8800048828125,501.9599914550781,502.9700012207031,148726
2026-01-08 19:30:00+00:00,502.9800109863281,503.8500061035156,499.67999267578125,500.45001220703125,198983
2026-01-08 20:30:00+00:00,500.54998779296875,501.8800048828125,500.4024963378906,500.75,317965
2026-01-09 14:30:00+00:00,500.70001220703125,503.54998779296875,484.8599853515625,492.31500244140625,358566
2026-01-09 15:30:00+00:00,491.739990234375,494.4049987792969,487.8599853515625,489.4599914550781,216278
2026-01-09 16:30:00+00:00,489.1400146484375,489.67999267578125,487.3800048828125,489.4700012207031,167683
2026-01-09 17:30:00+00:00,489.4700012207031,490.9399108886719,487.7149963378906,489.57000732421875,109637
2026-01-09 18:30:00+00:00,489.57000732421875,490.5599060058594,488.0899963378906,488.7149963378906,95274
2026-01-09 19:30:00+00:00,488.7149963378906,489.25,487.0199890136719,488.3399963378906,151941
2026-01-09 20:30:00+00:00,488.1199951171875,488.7300109863281,486.80999755859375,488.03948974609375,419264
2026-01-12 14:30:00+00:00,486.32000732421875,494.80999755859375,484.3299865722656,494.3949890136719,210369
2026-01-12 15:30:00+00:00,494.4800109863281,495.9800109863281,493.05999755859375,495.70001220703125,129427
2026-01-12 16:30:00+00:00,495.7300109863281,497.0199890136719,492.69000244140625,493.75,121852
2026-01-12 17:30:00+00:00,493.7200012207031,495.5,489.0150146484375,489.68499755859375,126745
2026-01-12 18:30:00+00:00,489.68499755859375,490.70001220703125,484.7300109863281,485.8800048828125,184162
2026-01-12 19:30:00+00:00,485.9200134277344,489.9200134277344,485.6199951171875,489.1400146484375,253366
2026-01-12 20:30:00+00:00,489.1499938964844,492.92999267578125,488.760009765625,490.760009765625,285336
2026-01-13 14:30:00+00:00,492.3299865722656,495.3399963378906,490.0,493.6400146484375,95683
2026-01-13 15:30:00+00:00,493.6400146484375,495.5199890136719,491.8399963378906,492.2900085449219,70578
2026-01-13 16:30:00+00:00,492.1600036621094,494.3500061035156,490.7799987792969,494.0356140136719,51959
2026-01-13 17:30:00+00:00,494.0400085449219,495.1000061035156,493.82000732421875,494.4599914550781,57429
2026-01-13 18:30:00+00:00,494.5199890136719,499.409912109375,494.4649963378906,498.32000732421875,98156
2026-01-13 19:30:00+00:00,498.32000732421875,498.659912109375,496.70001220703125,497.2749938964844,115306
2026-01-13 20:30:00+00:00,497.20001220703125,499.5799865722656,496.9599914550781,499.5799865722656,166692
2026-01-14 14:30:00+00:00,503.2300109863281,509.8900146484375,501.2200012207031,506.5799865722656,248658
2026-01-14 15:30:00+00:00,506.6499938964844,514.9500122070312,504.1099853515625,514.6300048828125,203190
2026-01-14 16:30:00+00:00,514.5,514.8800048828125,510.5350036621094,513.0,148052
2026-01-14 17:30:00+00:00,512.8800048828125,515.5900268554688,511.54998779296875,515.125,197331
2026-01-14 18:30:00+00:00,515.0900268554688,516.0,512.6099853515625,514.3400268554688,212120
2026-01-14 19:30:00+00:00,514.385009765625,516.0900268554688,513.8200073242188,515.6749877929688,261453
2026-01-14 20:30:00+00:00,515.6749877929688,515.8300170898438,510.32000732421875,512.3400268554688,375682
2026-01-15 14:30:00+00:00,513.7999877929688,519.1799926757812,508.1499938964844,518.3350219726562,221072
2026-01-15 15:30:00+00:00,518.3350219726562,518.75,514.8499755859375,517.7050170898438,125691
2026-01-15 16:30:00+00:00,517.7100219726562,518.1799926757812,515.9400024414062,516.2999877929688,102699
2026-01-15 17:30:00+00:00,516.385009765625,517.3200073242188,514.0499877929688,514.3699951171875,80441
2026-01-15 18:30:00+00:00,514.3699951171875,515.1099853515625,513.3599853515625,515.0499877929688,95371
2026-01-15 19:30:00+00:00,514.9600219726562,516.8599853515625,514.6500244140625,514.9949951171875,117076
2026-01-15 20:30:00+00:00,514.9949951171875,515.52001953125,513.7600708007812,515.3099975585938,244844
2026-01-16 14:30:00+00:00,516.260009765625,516.5999145507812,510.0,516.0499877929688,302676
2026-01-16 15:30:00+00:00,516.4600219726562,516.8099975585938,513.280029296875,515.0700073242188,186814
2026-01-16 16:30:00+00:00,514.947509765625,516.0999755859375,512.760009765625,512.760009765625,79907
2026-01-16 17:30:00+00:00,512.77001953125,514.14501953125,511.9599914550781,514.1099853515625,76825
2026-01-16 18:30:00+00:00,513.9119873046875,514.510009765625,513.47998046875,514.1699829101562,107813
2026-01-16 19:30:00+00:00,514.14208984375,516.02001953125,513.7000122070312,513.739990234375,88969
2026-01-16 20:30:00+00:00,513.52001953125,515.739990234375,513.22998046875,514.5700073242188,233584
2026-01-20 14:30:00+00:00,514.5599975585938,515.2550048828125,507.0899963378906,510.70001220703125,238347
2026-01-20 15:30:00+00:00,510.489990234375,513.260009765625,510.0299987792969,513.169921875,140866
2026-01-20 16:30:00+00:00,512.9349975585938,513.0549926757812,509.5,511.3349914550781,119487
2026-01-20 17:30:00+00:00,511.5,513.510009765625,510.9200134277344,512.405029296875,152830
2026-01-20 18:30:00+00:00,512.3267822265625,512.3267822265625,508.7200012207031,511.17999267578125,118892
2026-01-20 19:30:00+00:00,511.17498779296875,511.3900146484375,509.2799987792969,510.5199890136719,118360
2026-01-20 20:30:00+00:00,510.4700012207031,511.385009765625,508.30999755859375,508.6700134277344,234744
2026-01-21 14:30:00+00:00,512.6900024414062,515.989990234375,511.5199890136719,514.60498046875,267448
2026-01-21 15:30:00+00:00,514.9500122070312,515.7399291992188,512.4500122070312,513.7899780273438,86910
2026-01-21 16:30:00+00:00,513.7899780273438,514.3699951171875,511.239990234375,512.25,72658
2026-01-21 17:30:00+00:00,512.4199829101562,518.760009765625,511.1300048828125,518.239990234375,125708
2026-01-21 18:30:00+00:00,520.3200073242188,525.5800170898438,519.5,525.0850219726562,164582
2026-01-21 19:30:00+00:00,525.0850219726562,528.1400146484375,524.7999877929688,525.8900146484375,211686
2026-01-21 20:30:00+00:00,526.0700073242188,530.2000122070312,525.4500122070312,529.7100219726562,427606
2026-01-22 14:30:00+00:00,529.260009765625,532.6099853515625,525.5,529.739990234375,222606
2026-01-22 15:30:00+00:00,529.6500244140625,530.52001953125,524.3400268554688,526.1599731445312,130477
2026-01-22 16:30:00+00:00,526.2025146484375,527.530029296875,525.2800903320312,527.0700073242188,64064
2026-01-22 17:30:00+00:00,527.2000122070312,527.6400146484375,524.344970703125,524.5499877929688,67650
2026-01-22 18:30:00+00:00,524.5499877929688,525.6699829101562,523.5999755859375,525.330078125,78487
2026-01-22 19:30:00+00:00,525.5150146484375,526.22998046875,524.1699829101562,524.8524780273438,103777
2026-01-22 20:30:00+00:00,524.8699951171875,524.9099731445312,521.1599731445312,521.1599731445312,247603
2026-01-23 14:30:00+00:00,518.260009765625,521.6300048828125,511.2099914550781,513.5900268554688,232306
2026-01-23 15:30:00+00:00,513.47998046875,514.5499877929688,510.489990234375,510.9599914550781,158183
2026-01-23 16:30:00+00:00,510.8900146484375,513.8099975585938,509.04998779296875,513.3900146484375,136994
2026-01-23 17:30:00+00:00,513.4600219726562,513.530029296875,507.6600036621094,508.1199951171875,108205
2026-01-23 18:30:00+00:00,508.2950134277344,509.1000061035156,506.42010498046875,507.739990234375,175657
2026-01-23 19:30:00+00:00,507.9549865722656,511.760009765625,506.6700134277344,511.5899963378906,200010
2026-01-23 20:30:00+00:00,511.7799987792969,515.010009765625,511.4825134277344,514.530029296875,357645
2026-01-26 14:30:00+00:00,515.719970703125,518.6599731445312,512.5700073242188,514.3555908203125,100410
2026-01-26 15:30:00+00:00,514.5599975585938,515.4299926757812,513.8258056640625,515.1749877929688,56830
2026-01-26 16:30:00+00:00,515.1799926757812,516.6898803710938,514.9299926757812,516.1099853515625,75122
2026-01-26 17:30:00+00:00,516.1099853515625,516.14501953125,514.1599731445312,515.5499877929688,44472
2026-01-26 18:30:00+00:00,515.7899780273438,515.9650268554688,513.77001953125,515.659912109375,42140
2026-01-26 19:30:00+00:00,515.7586059570312,516.0750122070312,514.7933959960938,515.2199096679688,55740
2026-01-26 20:30:00+00:00,514.97900390625,518.030029296875,514.7050170898438,516.3900146484375,239078
2026-01-27 14:30:00+00:00,517.3300170898438,521.489990234375,513.8499755859375,516.3800048828125,160612
2026-01-27 15:30:00+00:00,516.375,518.1099853515625,515.2800903320312,517.7899780273438,63856
2026-01-27 16:30:00+00:00,517.780029296875,520.219970703125,516.9500122070312,518.469970703125,75143
2026-01-27 17:30:00+00:00,518.4949951171875,518.530029296875,516.77001953125,517.9398193359375,42856
2026-01-27 18:30:00+00:00,517.9450073242188,518.510009765625,517.3599853515625,518.47998046875,51945
2026-01-27 19:30:00+00:00,518.3499755859375,521.22998046875,518.3499755859375,520.77001953125,89528
2026-01-27 20:30:00+00:00,520.6900024414062,520.989990234375,519.1099853515625,519.1099853515625,284978
2026-01-28 14:30:00+00:00,519.9400024414062,523.3900146484375,519.0900268554688,521.6950073242188,119312
2026-01-28 15:30:00+00:00,521.9600219726562,525.72998046875,521.9600219726562,525.6799926757812,94436
2026-01-28 16:30:00+00:00,525.510009765625,527.9400024414062,525.14501953125,526.7550048828125,94205
2026-01-28 17:30:00+00:00,526.8900146484375,526.8900146484375,523.974609375,524.3099975585938,59239
2026-01-28 18:30:00+00:00,524.1500244140625,524.4398803710938,521.6099853515625,524.0700073242188,83770
2026-01-28 19:30:00+00:00,523.8800048828125,528.77001953125,521.860107421875,523.5499877929688,126735
2026-01-28 20:30:00+00:00,523.6300048828125,525.1699829101562,521.0399780273438,525.030029296875,338004
2026-01-29 14:30:00+00:00,530.0,537.260009765625,524.6799926757812,527.1300048828125,295780
2026-01-29 15:30:00+00:00,526.7501220703125,526.9149780273438,521.5399780273438,525.1799926757812,128412
2026-01-29 16:30:00+00:00,525.2000122070312,526.7100219726562,523.989990234375,524.0599975585938,75872
2026-01-29 17:30:00+00:00,524.0700073242188,528.6799926757812,523.7150268554688,528.1400146484375,91334
2026-01-29 18:30:00+00:00,528.1400146484375,528.1599731445312,524.239990234375,527.0050048828125,60447
2026-01-29 19:30:00+00:00,527.4299926757812,528.3200073242188,525.7100830078125,527.4669189453125,112903
2026-01-29 20:30:00+00:00,527.6699829101562,530.1099853515625,525.22998046875,530.0,358601
2026-01-30 14:30:00+00:00,524.9299926757812,529.989990234375,523.81298828125,525.510009765625,128684
2026-02-02 18:30:00+00:00,531.4400024414062,532.030029296875,528.489990234375,529.6649780273438,570910
2026-02-02 19:30:00+00:00,529.52001953125,532.719970703125,529.3200073242188,531.9000244140625,124016
2026-02-02 20:30:00+00:00,532.010009765625,534.0,530.8250122070312,532.27001953125,353475
2026-02-03 14:30:00+00:00,533.260009765625,545.22998046875,533.0,544.5750122070312,274585
2026-02-03 15:30:00+00:00,544.469970703125,545.3200073242188,539.6400146484375,540.280029296875,193753
2026-02-03 16:30:00+00:00,539.8900146484375,539.9349975585938,537.010009765625,537.4249877929688,101919
2026-02-03 17:30:00+00:00,537.344970703125,538.3699951171875,535.2750244140625,536.5150146484375,169919
2026-02-03 18:30:00+00:00,536.5150146484375,539.2899780273438,534.0599975585938,538.1900024414062,225122
2026-02-03 19:30:00+00:00,538.5499877929688,543.8900146484375,538.1799926757812,541.89501953125,137503
2026-02-03 20:30:00+00:00,542.02001953125,545.010009765625,540.2100219726562,545.010009765625,293173
2026-02-04 14:30:00+00:00,548.0,563.0700073242188,548.0,560.52001953125,507108
2026-02-04 15:30:00+00:00,560.5150146484375,566.739990234375,554.85498046875,566.72998046875,436046
2026-02-04 16:30:00+00:00,566.47998046875,568.1998901367188,564.969970703125,565.8400268554688,358603
2026-02-04 17:30:00+00:00,565.5349731445312,568.2249755859375,560.9500122070312,563.2954711914062,382266
2026-02-04 18:30:00+00:00,563.14501953125,566.3499755859375,561.2000122070312,565.510009765625,179918
2026-02-04 19:30:00+00:00,565.6300048828125,571.5587768554688,565.02001953125,567.010009765625,349377
2026-02-04 20:30:00+00:00,567.010009765625,569.0999755859375,566.0499877929688,567.3499755859375,420875
2026-02-05 14:30:00+00:00,563.8300170898438,574.9400024414062,561.2000122070312,570.0150146484375,458271
2026-02-05 15:30:00+00:00,569.510009765625,573.5150146484375,566.76611328125,567.7100219726562,242881
2026-02-05 16:30:00+00:00,567.9000244140625,570.0,567.47998046875,569.5900268554688,114661
2026-02-05 17:30:00+00:00,569.8400268554688,570.010009765625,567.6699829101562,567.97998046875,79031
2026-02-05 18:30:00+00:00,567.97998046875,569.385009765625,564.0,569.385009765625,235448
2026-02-05 19:30:00+00:00,569.1500244140625,570.530029296875,566.3200073242188,566.4400024414062,151928
2026-02-05 20:30:00+00:00,566.7100219726562,566.7100219726562,562.5499877929688,565.7999877929688,387606
2026-02-06 14:30:00+00:00,569.094970703125,580.0,567.5499877929688,573.9949951171875,280034
2026-02-06 15:30:00+00:00,577.030029296875,579.88720703125,574.6799926757812,579.010009765625,194191
2026-02-06 16:30:00+00:00,579.0850219726562,581.344970703125,577.0900268554688,580.8499755859375,106136
2026-02-06 17:30:00+00:00,581.0,582.1599731445312,579.5700073242188,581.8900146484375,108783
2026-02-06 18:30:00+00:00,581.8800048828125,583.6099853515625,581.77001953125,583.4400024414062,127162
2026-02-06 19:30:00+00:00,583.4349975585938,583.739990234375,579.5399780273438,580.780029296875,124151
2026-02-06 20:30:00+00:00,580.8699951171875,584.0599975585938,580.719970703125,582.905029296875,298189
2026-02-09 14:30:00+00:00,580.0,582.9000244140625,574.2999877929688,582.8001098632812,161047
2026-02-09 15:30:00+00:00,583.0,587.7399291992188,583.0,583.4000244140625,111730
2026-02-09 16:30:00+00:00,583.8099975585938,585.0,582.944091796875,583.135009765625,67361
2026-02-09 17:30:00+00:00,582.97998046875,584.6799926757812,582.469970703125,584.4550170898438,93995
2026-02-09 18:30:00+00:00,584.6599731445312,585.1400146484375,582.1199951171875,583.5,116649
2026-02-09 19:30:00+00:00,583.2999877929688,585.4000244140625,583.0650024414062,585.2000122070312,106988
2026-02-09 20:30:00+00:00,585.1900024414062,586.5499877929688,584.3400268554688,585.719970703125,241983
2026-02-10 14:30:00+00:00,586.1099853515625,587.6099853515625,583.5900268554688,587.1400146484375,168894
2026-02-10 15:30:00+00:00,587.1300048828125,591.1500244140625,586.7254028320312,591.1500244140625,138482
2026-02-10 16:30:00+00:00,591.0750122070312,591.7999877929688,588.6849975585938,590.4249877929688,93737
2026-02-10 17:30:00+00:00,590.5,591.239990234375,588.3699951171875,591.0499877929688,146586
2026-02-10 18:30:00+00:00,590.7899780273438,592.6799926757812,590.469970703125,590.9400024414062,196070
2026-02-10 19:30:00+00:00,591.22998046875,592.0499877929688,589.3800048828125,591.0850219726562,196965
2026-02-10 20:30:00+00:00,591.0800170898438,593.75,590.469970703125,593.4199829101562,314780
2026-02-11 14:30:00+00:00,592.5,603.4500122070312,590.5001220703125,598.969970703125,254654
2026-02-11 15:30:00+00:00,598.6400146484375,605.780029296875,598.27001953125,605.219970703125,158379
2026-02-11 16:30:00+00:00,605.0,607.97998046875,604.7330932617188,605.9099731445312,198075
2026-02-11 17:30:00+00:00,606.0599975585938,607.1649780273438,603.4500122070312,604.7999877929688,126088
2026-02-11 18:30:00+00:00,605.1599731445312,608.7100219726562,605.1400146484375,607.7949829101562,181749
2026-02-11 19:30:00+00:00,607.7899780273438,612.0599975585938,606.8051147460938,611.4199829101562,221146
2026-02-11 20:30:00+00:00,611.3200073242188,614.3400268554688,611.0349731445312,612.4500122070312,342345
2026-02-12 14:30:00+00:00,612.8699951171875,626.25,612.5900268554688,620.2249755859375,380181
2026-02-12 15:30:00+00:00,620.47998046875,623.6199951171875,615.4099731445312,615.6799926757812,279117
2026-02-12 16:30:00+00:00,615.780029296875,617.9299926757812,601.110107421875,604.8198852539062,441156
2026-02-12 17:30:00+00:00,604.8200073242188,607.8049926757812,600.8099975585938,601.594970703125,255600
2026-02-12 18:30:00+00:00,602.0650024414062,605.9199829101562,600.1640014648438,604.1699829101562,216959
2026-02-12 19:30:00+00:00,604.1500244140625,607.3900146484375,597.9400024414062,599.5,345205
2026-02-12 20:30:00+00:00,599.2100219726562,599.9000244140625,596.780029296875,598.0900268554688,483388
2026-02-13 14:30:00+00:00,598.8599853515625,607.3399047851562,597.2000122070312,604.6199951171875,231862
2026-02-13 15:30:00+00:00,604.5999755859375,609.989990234375,602.9500122070312,608.9400024414062,267617
2026-02-13 16:30:00+00:00,608.9400024414062,610.9580078125,607.22998046875,609.0,148421
2026-02-13 17:30:00+00:00,609.4650268554688,610.4849853515625,606.6699829101562,607.5499877929688,113891
2026-02-13 18:30:00+00:00,607.7050170898438,609.8350219726562,607.1099853515625,607.1099853515625,74317
2026-02-13 19:30:00+00:00,607.3200073242188,608.2000122070312,604.469970703125,605.6013793945312,145260
2026-02-13 20:30:00+00:00,605.6749877929688,606.0999755859375,600.8300170898438,603.0800170898438,291203
2026-02-17 14:30:00+00:00,593.0499877929688,604.5700073242188,593.0499877929688,601.6300048828125,307407
2026-02-17 15:30:00+00:00,601.7050170898438,606.7999877929688,597.6179809570312,604.8800048828125,175623
2026-02-17 16:30:00+00:00,604.7899780273438,607.0399780273438,603.780029296875,604.52001953125,146274
2026-02-17 17:30:00+00:00,604.0429077148438,605.239990234375,602.280029296875,604.7949829101562,133143
2026-02-17 18:30:00+00:00,605.3499755859375,605.780029296875,604.0700073242188,605.1799926757812,114990
2026-02-17 19:30:00+00:00,605.0800170898438,605.4498901367188,603.9099731445312,605.219970703125,149871
2026-02-17 20:30:00+00:00,605.0800170898438,605.3599853515625,599.4400024414062,600.8499755859375,493713
2026-02-18 14:30:00+00:00,603.8099975585938,603.8099975585938,593.0499877929688,596.4149780273438,467427
2026-02-18 15:30:00+00:00,596.4149780273438,597.9398803710938,591.510009765625,596.85498046875,429883
2026-02-18 16:30:00+00:00,596.85498046875,598.75,595.6699829101562,597.7999877929688,230927
2026-02-18 17:30:00+00:00,597.7999877929688,598.3499755859375,595.4199829101562,596.844970703125,230681
2026-02-18 18:30:00+00:00,596.8699951171875,597.5089721679688,593.1500244140625,595.3699951171875,242733
2026-02-18 19:30:00+00:00,595.3800048828125,595.780029296875,590.9199829101562,591.780029296875,229378
2026-02-18 20:30:00+00:00,591.780029296875,593.969970703125,591.5599975585938,593.1900024414062,408029
2026-02-19 14:30:00+00:00,633.6099853515625,658.1699829101562,628.7160034179688,655.1801147460938,1467939
2026-02-19 15:30:00+00:00,655.7899780273438,667.239990234375,655.7899780273438,665.22998046875,998424
2026-02-19 16:30:00+00:00,664.9299926757812,671.8099975585938,662.0599975585938,671.5200805664062,880712
2026-02-19 17:30:00+00:00,671.7899780273438,672.9500122070312,667.8099975585938,668.7899780273438,528476
2026-02-19 18:30:00+00:00,668.5800170898438,674.1898803710938,668.1400146484375,671.8099975585938,522337
2026-02-19 19:30:00+00:00,671.7999877929688,672.9299926757812,662.7899780273438,662.7899780273438,614673
2026-02-19 20:30:00+00:00,662.9970092773438,663.5700073242188,649.5399780273438,662.1749877929688,1119881
2026-02-20 14:30:00+00:00,664.25,666.5800170898438,646.4000244140625,661.3499755859375,803437
2026-02-20 15:30:00+00:00,661.0900268554688,662.3699951171875,655.3900146484375,657.2000122070312,293944
2026-02-20 16:30:00+00:00,657.1900024414062,660.4598999023438,656.4400024414062,658.280029296875,176503
2026-02-20 17:30:00+00:00,658.0999755859375,661.010009765625,654.280029296875,656.89501953125,220650
2026-02-20 18:30:00+00:00,656.89501953125,664.510009765625,656.5100708007812,663.8250122070312,241564
2026-02-20 19:30:00+00:00,663.9299926757812,666.7000122070312,662.3200073242188,666.4949951171875,226020
2026-02-20 20:30:00+00:00,666.6300048828125,666.9199829101562,661.4099731445312,662.5800170898438,485066
2026-02-23 14:30:00+00:00,652.1799926757812,669.7999877929688,650.5,655.5650024414062,481287
2026-02-23 15:30:00+00:00,656.10498046875,658.2999877929688,652.260009765625,652.4199829101562,152187
2026-02-23 16:30:00+00:00,652.885009765625,654.3800048828125,647.6400146484375,647.6400146484375,196855
2026-02-23 17:30:00+00:00,647.3099975585938,649.1199951171875,645.010009765625,649.1099853515625,218687
2026-02-23 18:30:00+00:00,648.9500122070312,648.9500122070312,645.260009765625,645.3250122070312,147071
2026-02-23 19:30:00+00:00,645.0001220703125,649.3699951171875,644.4400024414062,649.14501953125,130596
2026-02-23 20:30:00+00:00,648.9500122070312,649.8400268554688,645.4400024414062,646.6799926757812,460913
2026-02-24 14:30:00+00:00,643.2999877929688,647.8099975585938,635.4099731445312,637.7000122070312,249492
2026-02-24 15:30:00+00:00,638.2899780273438,643.1300048828125,634.760009765625,637.489990234375,275174
2026-02-24 16:30:00+00:00,637.4099731445312,641.8200073242188,635.7999877929688,640.510009765625,106700
2026-02-24 17:30:00+00:00,641.0,643.9500122070312,639.8800048828125,643.6099853515625,96690
2026-02-24 18:30:00+00:00,643.8099975585938,646.280029296875,642.3400268554688,644.8400268554688,93427
2026-02-24 19:30:00+00:00,645.1699829101562,645.6345825195312,642.1699829101562,644.27001953125,104540
2026-02-24 20:30:00+00:00,644.3049926757812,646.3099975585938,643.97998046875,644.6699829101562,239842
2026-02-25 14:30:00+00:00,645.27001953125,646.9299926757812,630.3599853515625,631.9749755859375,253525
2026-02-25 15:30:00+00:00,631.7000122070312,632.8599853515625,628.3300170898438,630.47998046875,199696
2026-02-25 16:30:00+00:00,630.52001953125,630.8200073242188,627.5700073242188,628.626220703125,158092
2026-02-25 17:30:00+00:00,628.47998046875,630.280029296875,626.5800170898438,629.4500122070312,184859
2026-02-25 18:30:00+00:00,629.4550170898438,629.6199951171875,625.5499877929688,626.6099853515625,355559
2026-02-25 19:30:00+00:00,626.510009765625,629.780029296875,626.5,626.7034301757812,274520
2026-02-25 20:30:00+00:00,626.6799926757812,627.02001953125,623.5,623.6199951171875,385463
2026-02-26 14:30:00+00:00,624.9600219726562,626.9998779296875,614.5999755859375,617.760009765625,248602
2026-02-26 15:30:00+00:00,617.6699829101562,621.7999877929688,617.02001953125,620.47998046875,197568
2026-02-26 16:30:00+00:00,620.4901123046875,621.6199951171875,617.590087890625,619.6951293945312,109873
2026-02-26 17:30:00+00:00,619.7000122070312,623.1400146484375,618.0900268554688,623.1400146484375,82124
2026-02-26 18:30:00+00:00,623.1500244140625,623.989990234375,621.5,622.3455200195312,92202
2026-02-26 19:30:00+00:00,622.489990234375,623.2498779296875,621.3800048828125,621.6500244140625,135857
2026-02-26 20:30:00+00:00,621.6500244140625,621.9699096679688,619.1199951171875,619.489990234375,292694
2026-02-27 14:30:00+00:00,615.0,627.719970703125,613.489990234375,624.8099975585938,280911
2026-02-27 15:30:00+00:00,624.8049926757812,626.9998779296875,622.6300048828125,624.4400024414062,110330
2026-02-27 16:30:00+00:00,624.989990234375,626.10498046875,621.3049926757812,621.6649780273438,128433
2026-02-27 17:30:00+00:00,621.9000244140625,625.4453735351562,621.4700927734375,624.9299926757812,95074
2026-02-27 18:30:00+00:00,624.6849975585938,626.1400146484375,623.5700073242188,625.2100219726562,92088
2026-02-27 19:30:00+00:00,625.2000122070312,627.5499877929688,624.6500244140625,627.3900146484375,166796
2026-02-27 20:30:00+00:00,627.3300170898438,631.5050048828125,626.9099731445312,629.75,294626
2026-03-02 14:30:00+00:00,625.760009765625,636.4500122070312,619.7899780273438,629.3018798828125,188195
2026-03-02 15:30:00+00:00,628.969970703125,633.7498779296875,628.02001953125,629.6199951171875,112209
2026-03-02 16:30:00+00:00,629.7949829101562,631.9199829101562,628.030029296875,630.9400024414062,64131
2026-03-02 17:30:00+00:00,631.239990234375,634.4088745117188,629.8699951171875,634.3599853515625,85784
2026-03-02 18:30:00+00:00,634.23681640625,634.3599853515625,630.7100219726562,632.8200073242188,57025
2026-03-02 19:30:00+00:00,632.8800048828125,633.3574829101562,629.25,631.1500244140625,65530
2026-03-02 20:30:00+00:00,631.3800048828125,631.5700073242188,629.5499877929688,630.6500244140625,136729
2026-03-03 14:30:00+00:00,620.0,623.551025390625,609.2100219726562,610.5250244140625,262301
2026-03-03 15:30:00+00:00,610.5250244140625,618.3300170898438,609.489990234375,617.219970703125,139993
2026-03-03 16:30:00+00:00,616.8900146484375,621.0,615.489990234375,620.4650268554688,90907
2026-03-03 17:30:00+00:00,620.4299926757812,620.4600219726562,616.6799926757812,616.8099975585938,62503
2026-03-03 18:30:00+00:00,616.780029296875,619.614990234375,616.27001953125,616.4099731445312,87593
2026-03-03 19:30:00+00:00,616.27001953125,618.260986328125,614.8599853515625,617.27001953125,74037
2026-03-03 20:30:00+00:00,617.1699829101562,619.3800048828125,616.3400268554688,619.3699951171875,190047
2026-03-04 14:30:00+00:00,619.22998046875,622.719970703125,614.6699829101562,619.8599853515625,158347
2026-03-04 15:30:00+00:00,620.030029296875,620.2550048828125,614.4949951171875,615.4450073242188,102295
2026-03-04 16:30:00+00:00,615.4400024414062,618.1699829101562,615.4400024414062,616.77001953125,73559
2026-03-04 17:30:00+00:00,616.635009765625,618.6900024414062,615.6599731445312,617.989990234375,79797
2026-03-04 18:30:00+00:00,617.7449951171875,618.1599731445312,612.9500122070312,616.087890625,114275
2026-03-04 19:30:00+00:00,616.1799926757812,616.510009765625,614.5700073242188,615.7949829101562,124130
2026-03-04 20:30:00+00:00,615.7449951171875,616.0900268554688,613.9299926757812,613.969970703125,254995
2026-03-05 14:30:00+00:00,607.6099853515625,610.3599853515625,598.0999755859375,598.5700073242188,201199
2026-03-05 15:30:00+00:00,598.3300170898438,599.2000122070312,592.864990234375,593.6699829101562,221484
2026-03-05 16:30:00+00:00,593.2449951171875,594.5250244140625,588.9299926757812,589.2999877929688,167726
2026-03-05 17:30:00+00:00,589.375,590.155029296875,587.010009765625,588.9400024414062,125255
2026-03-05 18:30:00+00:00,588.6799926757812,591.3737182617188,587.0,587.0625,149707
2026-03-05 19:30:00+00:00,587.010009765625,589.8825073242188,586.2999877929688,589.3900146484375,171230
2026-03-05 20:30:00+00:00,589.3599853515625,590.7100219726562,587.5900268554688,590.6799926757812,264951
2026-03-06 14:30:00+00:00,585.239990234375,589.5900268554688,580.5399780273438,586.0150146484375,210673
2026-03-06 15:30:00+00:00,586.5499877929688,587.5599975585938,581.0,581.0,159771
2026-03-06 16:30:00+00:00,580.969970703125,582.5,578.6799926757812,579.4400024414062,127087
2026-03-06 17:30:00+00:00,579.989990234375,582.6400146484375,577.6300048828125,581.4949951171875,109979
2026-03-06 18:30:00+00:00,582.3099975585938,584.4600219726562,581.4349975585938,583.8900146484375,121856
2026-03-06 19:30:00+00:00,583.9099731445312,588.22998046875,583.9099731445312,587.4000244140625,153204
2026-03-06 20:30:00+00:00,587.469970703125,589.8400268554688,586.1900024414062,589.6099853515625,266281
2026-03-09 13:30:00+00:00,586.469970703125,586.469970703125,578.3200073242188,581.75,189618
2026-03-09 14:30:00+00:00,582.2000122070312,587.8599853515625,581.6199951171875,586.8499755859375,113564
2026-03-09 15:30:00+00:00,587.0999755859375,590.3300170898438,585.0,589.8046875,113182
2026-03-09 16:30:00+00:00,589.5999755859375,594.3400268554688,589.2000122070312,590.9000244140625,151084
2026-03-09 17:30:00+00:00,591.2999877929688,593.0800170898438,590.0800170898438,590.844970703125,153347
2026-03-09 18:30:00+00:00,591.2999877929688,597.0399780273438,590.967529296875,596.969970703125,108199
2026-03-09 19:30:00+00:00,596.8900146484375,600.7100219726562,595.760009765625,599.6300048828125,328301
2026-03-10 13:30:00+00:00,597.0800170898438,599.9949951171875,593.401611328125,598.625,137104
2026-03-10 14:30:00+00:00,599.030029296875,601.0,597.780029296875,599.614990234375,87370
2026-03-10 15:30:00+00:00,599.6099853515625,601.1300048828125,596.8800048828125,596.9199829101562,80444
2026-03-10 16:30:00+00:00,597.0399780273438,602.3099975585938,597.0399780273438,602.0800170898438,68047
2026-03-10 17:30:00+00:00,602.0800170898438,603.030029296875,595.7849731445312,597.218994140625,118813
2026-03-10 18:30:00+00:00,597.6400146484375,598.280029296875,592.1599731445312,592.5800170898438,120330
2026-03-10 19:30:00+00:00,592.2999877929688,594.3099975585938,591.4299926757812,592.8499755859375,254291
2026-03-11 13:30:00+00:00,590.760009765625,595.3200073242188,585.2999877929688,590.6300048828125,145110
2026-03-11 14:30:00+00:00,590.6300048828125,596.0,590.6300048828125,593.6300048828125,128510
2026-03-11 15:30:00+00:00,593.5050048828125,594.5700073242188,590.9099731445312,593.3099975585938,74216
2026-03-11 16:30:00+00:00,593.9500122070312,598.0,593.9500122070312,597.3900756835938,97514
2026-03-11 17:30:00+00:00,597.7999877929688,597.8150024414062,593.7650146484375,595.4500122070312,75674
2026-03-11 18:30:00+00:00,595.4400024414062,595.510009765625,591.5499877929688,592.7650146484375,96104
2026-03-11 19:30:00+00:00,592.5900268554688,594.6500244140625,592.5800170898438,594.22998046875,173461
2026-03-12 13:30:00+00:00,591.4600219726562,593.6649780273438,586.02001953125,587.125,157812
2026-03-12 14:30:00+00:00,587.0599975585938,588.405029296875,582.3099975585938,584.780029296875,236361
2026-03-12 15:30:00+00:00,584.780029296875,590.0900268554688,583.530029296875,587.4849853515625,116323
2026-03-12 16:30:00+00:00,587.2100219726562,590.2650146484375,585.5900268554688,587.9299926757812,188424
2026-03-12 17:30:00+00:00,587.719970703125,588.2899780273438,585.6599731445312,586.5050048828125,115464
2026-03-12 18:30:00+00:00,586.5050048828125,588.0798950195312,585.3300170898438,587.125,135031
2026-03-12 19:30:00+00:00,587.1400146484375,587.5999755859375,583.9099731445312,585.6500244140625,369308
2026-03-13 13:30:00+00:00,585.0,589.6680297851562,571.5999755859375,576.405029296875,260063
2026-03-13 14:30:00+00:00,576.405029296875,578.614990234375,571.7855224609375,573.6699829101562,217333
2026-03-13 15:30:00+00:00,574.02001953125,580.0,573.47998046875,577.6400146484375,163226
2026-03-13 16:30:00+00:00,577.4749755859375,578.5900268554688,574.7650146484375,575.22998046875,112743
2026-03-13 17:30:00+00:00,575.4149169921875,577.219970703125,574.8099975585938,575.8150024414062,114369
2026-03-13 18:30:00+00:00,575.8150024414062,578.510009765625,575.4099731445312,576.25,142404
2026-03-13 19:30:00+00:00,576.0399780273438,577.739990234375,574.2999877929688,577.739990234375,218548
2026-03-16 13:30:00+00:00,581.969970703125,582.9400024414062,575.6259765625,576.2249755859375,186378
2026-03-16 14:30:00+00:00,576.2249755859375,577.6900024414062,574.614990234375,576.8250122070312,92354
2026-03-16 15:30:00+00:00,577.030029296875,577.239990234375,574.8001098632812,575.6699829101562,79322
2026-03-16 16:30:00+00:00,575.5900268554688,576.1325073242188,573.010009765625,575.3800048828125,109234
2026-03-16 17:30:00+00:00,575.6799926757812,576.1300048828125,574.1400146484375,575.697509765625,81702
2026-03-16 18:30:00+00:00,575.7550048828125,575.7550048828125,573.6900024414062,574.1749877929688,104059
2026-03-16 19:30:00+00:00,574.0599975585938,574.469970703125,570.72998046875,572.6500244140625,270319
2026-03-17 13:30:00+00:00,576.3699951171875,576.8499755859375,562.1901245117188,567.8499755859375,302049
2026-03-17 14:30:00+00:00,568.25,575.760009765625,568.1400146484375,573.22998046875,127468
2026-03-17 15:30:00+00:00,573.625,574.8775024414062,571.3900146484375,573.4199829101562,80410
2026-03-17 16:30:00+00:00,573.1500244140625,576.52001953125,572.7800903320312,576.0599975585938,67851
2026-03-17 17:30:00+00:00,576.0499877929688,576.7999877929688,574.0850219726562,574.5374755859375,76582
2026-03-17 18:30:00+00:00,574.3400268554688,576.7750244140625,574.0,575.5599975585938,108695
2026-03-17 19:30:00+00:00,575.3699951171875,576.8099975585938,573.4400024414062,574.4000244140625,389216
2026-03-18 13:30:00+00:00,573.75,577.780029296875,570.8200073242188,574.5800170898438,105767
2026-03-18 14:30:00+00:00,575.3900146484375,577.3300170898438,574.279296875,576.7899780273438,116966
2026-03-18 15:30:00+00:00,576.7899780273438,578.4099731445312,575.5900268554688,575.6599731445312,79166
2026-03-18 16:30:00+00:00,575.8499755859375,576.5900268554688,574.3201293945312,575.405029296875,80448
2026-03-18 17:30:00+00:00,575.3699951171875,576.75,573.4600219726562,573.844970703125,71813
2026-03-18 18:30:00+00:00,573.8499755859375,574.2899169921875,569.1300048828125,571.9849853515625,213061
2026-03-18 19:30:00+00:00,571.9249877929688,572.47998046875,570.0499877929688,570.4299926757812,350944
2026-03-19 13:30:00+00:00,563.1900024414062,565.2750244140625,557.9400024414062,558.10498046875,240454
2026-03-19 14:30:00+00:00,558.0599975585938,564.0700073242188,558.010009765625,562.760009765625,178040
2026-03-19 15:30:00+00:00,562.5499877929688,565.4400024414062,560.8499755859375,565.4400024414062,149449
2026-03-19 16:30:00+00:00,565.510009765625,565.9299926757812,562.0700073242188,563.9099731445312,98350
2026-03-19 17:30:00+00:00,563.9149780273438,565.5499877929688,562.030029296875,564.1900024414062,132993
2026-03-19 18:30:00+00:00,564.0,570.0050048828125,562.489990234375,566.6649780273438,173744
2026-03-19 19:30:00+00:00,566.6649780273438,567.9500122070312,566.1680297851562,567.5800170898438,275774
2026-03-20 13:30:00+00:00,568.5700073242188,573.7100219726562,565.0,566.5700073242188,337807
2026-03-20 14:30:00+00:00,566.6400146484375,572.1500244140625,566.6400146484375,568.8499755859375,223291
2026-03-20 15:30:00+00:00,568.989990234375,569.72998046875,563.9299926757812,565.1699829101562,142715
2026-03-20 16:30:00+00:00,565.02001953125,567.7899780273438,563.9500122070312,564.880126953125,150196
2026-03-20 17:30:00+00:00,565.39990234375,566.72998046875,561.4500122070312,562.0,124766
2026-03-20 18:30:00+00:00,562.0700073242188,562.0750122070312,554.3800048828125,554.6199951171875,215714
2026-03-20 19:30:00+00:00,554.3800048828125,559.9199829101562,551.2750244140625,559.9000244140625,326055
2026-03-23 13:30:00+00:00,570.25,571.9400024414062,564.030029296875,568.260009765625,165519
2026-03-23 14:30:00+00:00,568.4099731445312,570.5499877929688,566.780029296875,567.6599731445312,101847
2026-03-23 15:30:00+00:00,567.8800048828125,568.5499877929688,564.3400268554688,565.594970703125,85333
2026-03-23 16:30:00+00:00,565.125,568.0,565.125,566.7899780273438,79829
2026-03-23 17:30:00+00:00,566.6699829101562,570.6799926757812,566.239990234375,569.760009765625,82834
2026-03-23 18:30:00+00:00,569.8200073242188,571.3809814453125,567.9400024414062,568.4600219726562,105240
2026-03-23 19:30:00+00:00,568.6199951171875,570.3200073242188,568.2000122070312,569.27001953125,244630
2026-03-24 13:30:00+00:00,560.5499877929688,574.6799926757812,560.0001220703125,573.02001953125,101424
2026-03-24 14:30:00+00:00,573.1475219726562,579.6950073242188,571.0001220703125,579.3200073242188,124336
2026-03-24 15:30:00+00:00,579.3900146484375,581.3355102539062,578.5700073242188,581.10498046875,79889
2026-03-24 16:30:00+00:00,581.0900268554688,583.5399780273438,580.47998046875,581.5449829101562,114049
2026-03-24 17:30:00+00:00,581.5260009765625,582.5800170898438,579.72998046875,581.3300170898438,70751
2026-03-24 18:30:00+00:00,581.6500244140625,582.9860229492188,581.280029296875,582.7150268554688,110704
2026-03-24 19:30:00+00:00,582.760009765625,584.5,581.780029296875,583.25,260228
2026-03-25 13:30:00+00:00,588.5800170898438,590.6900024414062,578.010009765625,578.010009765625,110537
2026-03-25 14:30:00+00:00,578.364990234375,583.1300048828125,577.5968017578125,581.4000244140625,98671
2026-03-25 15:30:00+00:00,581.239990234375,582.2899780273438,577.60498046875,579.5,65924
2026-03-25 16:30:00+00:00,579.4899291992188,580.97998046875,578.2000122070312,580.8400268554688,64511
2026-03-25 17:30:00+00:00,580.75,581.239990234375,578.4600219726562,579.0399780273438,65291
2026-03-25 18:30:00+00:00,579.3200073242188,579.530029296875,577.4299926757812,578.260009765625,88186
2026-03-25 19:30:00+00:00,578.1199951171875,579.3099975585938,577.1099853515625,577.9500122070312,150497
2026-03-26 13:30:00+00:00,573.9600219726562,582.4650268554688,573.9600219726562,580.6500244140625,150996
2026-03-26 14:30:00+00:00,581.0900268554688,587.844970703125,580.0800170898438,583.3150024414062,208231
2026-03-26 15:30:00+00:00,583.0499877929688,583.2000122070312,577.8699951171875,582.0499877929688,92883
2026-03-26 16:30:00+00:00,581.739990234375,583.2098999023438,580.3499755859375,583.0900268554688,90394
2026-03-26 17:30:00+00:00,583.114990234375,585.5549926757812,582.6699829101562,584.1950073242188,121856
2026-03-26 18:30:00+00:00,584.1900024414062,584.97998046875,579.5499877929688,580.7349853515625,180590
2026-03-26 19:30:00+00:00,580.7349853515625,581.9000244140625,579.9199829101562,581.6500244140625,436084
2026-03-27 13:30:00+00:00,580.719970703125,581.4400024414062,573.0501098632812,578.02001953125,114295
2026-03-27 14:30:00+00:00,578.0999755859375,580.6199951171875,575.4199829101562,579.7999877929688,148518
2026-03-27 15:30:00+00:00,580.4199829101562,581.9199829101562,571.97998046875,572.4749755859375,97745
2026-03-27 16:30:00+00:00,572.5850219726562,573.47998046875,569.219970703125,569.4299926757812,155762
2026-03-27 17:30:00+00:00,569.6749877929688,570.64501953125,564.0999755859375,565.155029296875,195191
2026-03-27 18:30:00+00:00,565.1749877929688,567.3099975585938,564.0501098632812,566.2899780273438,126260
2026-03-27 19:30:00+00:00,566.2899780273438,567.4400024414062,564.8200073242188,566.4000244140625,282498
2026-03-30 13:30:00+00:00,572.2999877929688,573.2899780273438,557.9000244140625,561.6900024414062,137080
2026-03-30 14:30:00+00:00,561.6900024414062,568.1199951171875,560.6400146484375,565.1160278320312,98623
2026-03-30 15:30:00+00:00,565.5599975585938,567.0700073242188,563.3599853515625,564.3300170898438,55854
2026-03-30 16:30:00+00:00,564.4400024414062,566.5700073242188,563.469970703125,563.9299926757812,199422
2026-03-30 17:30:00+00:00,563.9349975585938,564.8200073242188,561.2100219726562,562.97998046875,127221
2026-03-30 18:30:00+00:00,562.6920166015625,563.856201171875,556.9349975585938,557.5800170898438,134687
2026-03-30 19:30:00+00:00,557.9099731445312,558.5,555.0399780273438,555.510009765625,270593
2026-03-31 13:30:00+00:00,560.0,562.6567993164062,553.9199829101562,558.5399780273438,181066
2026-03-31 14:30:00+00:00,558.6099853515625,560.0599975585938,554.3300170898438,558.6500244140625,113923
2026-03-31 15:30:00+00:00,558.6400146484375,559.4600219726562,549.6799926757812,553.22998046875,162162
2026-03-31 16:30:00+00:00,553.0700073242188,565.2000122070312,551.4000244140625,554.5250244140625,138320
2026-03-31 17:30:00+00:00,554.219970703125,560.9000244140625,554.1300048828125,559.0650024414062,81162
2026-03-31 18:30:00+00:00,559.0650024414062,565.239990234375,558.4000854492188,565.239990234375,99555
2026-03-31 19:30:00+00:00,564.9249877929688,566.5198974609375,562.3200073242188,563.3300170898438,262360
2026-04-01 13:30:00+00:00,565.4400024414062,569.6099853515625,564.1699829101562,566.5900268554688,143777
2026-04-01 14:30:00+00:00,566.3200073242188,568.4500122070312,565.0,566.8699951171875,116776
2026-04-01 15:30:00+00:00,566.4849853515625,566.9400024414062,564.1500244140625,566.0700073242188,147186
2026-04-01 16:30:00+00:00,566.1799926757812,574.1799926757812,566.0,573.27001953125,176138
2026-04-01 17:30:00+00:00,573.719970703125,576.0,573.1799926757812,574.969970703125,192111
2026-04-01 18:30:00+00:00,575.0750122070312,579.3699951171875,573.6599731445312,578.5499877929688,181122
2026-04-01 19:30:00+00:00,578.6849975585938,578.9500122070312,569.77001953125,569.7999877929688,346916
2026-04-02 13:30:00+00:00,560.6950073242188,570.7000122070312,556.4500122070312,569.77001953125,283954
2026-04-02 14:30:00+00:00,569.8599853515625,580.6900024414062,569.8599853515625,574.864990234375,201609
2026-04-02 15:30:00+00:00,574.864990234375,575.2299194335938,569.8900146484375,572.1900024414062,74533
2026-04-02 16:30:00+00:00,571.719970703125,574.219970703125,571.719970703125,573.9199829101562,90760
2026-04-02 17:30:00+00:00,573.9199829101562,574.2849731445312,571.280029296875,572.4249877929688,107709
2026-04-02 18:30:00+00:00,572.4249877929688,574.9400024414062,572.1300048828125,574.0850219726562,99164
2026-04-02 19:30:00+00:00,573.9500122070312,575.8499755859375,573.3099975585938,575.6500244140625,256596
2026-04-06 13:30:00+00:00,572.3900146484375,574.0,567.7080078125,569.5750122070312,122538
2026-04-06 14:30:00+00:00,570.010009765625,570.8200073242188,566.6599731445312,568.2000122070312,110973
2026-04-06 15:30:00+00:00,568.3699951171875,569.280029296875,567.6699829101562,569.0599975585938,78821
2026-04-06 16:30:00+00:00,568.8599853515625,569.989990234375,567.9149780273438,569.4400024414062,58979
2026-04-06 17:30:00+00:00,569.280029296875,571.1649780273438,568.52001953125,570.719970703125,79951
2026-04-06 18:30:00+00:00,570.6500244140625,572.6400146484375,570.375,571.4299926757812,98859
2026-04-06 19:30:00+00:00,571.4299926757812,575.2100219726562,571.3236083984375,575.0800170898438,297851
2026-04-07 13:30:00+00:00,573.3099975585938,574.9500122070312,569.3099975585938,574.5399780273438,114070
2026-04-07 14:30:00+00:00,575.0,576.1300048828125,571.760009765625,572.3200073242188,92558
2026-04-07 15:30:00+00:00,572.0499877929688,575.3300170898438,569.75,574.260009765625,69088
2026-04-07 16:30:00+00:00,574.2550048828125,574.7999877929688,572.97998046875,573.4500122070312,62190
2026-04-07 17:30:00+00:00,573.6099853515625,575.75,572.0382080078125,572.75,43907
2026-04-07 18:30:00+00:00,572.989990234375,575.5599975585938,571.60498046875,574.6599731445312,75089
2026-04-07 19:30:00+00:00,574.6649780273438,576.1199951171875,572.9199829101562,576.1099853515625,239641
2026-04-08 13:30:00+00:00,592.239990234375,603.6199951171875,590.0,600.50732421875,415725
2026-04-08 14:30:00+00:00,600.9500122070312,603.719970703125,596.719970703125,603.27001953125,247669
2026-04-08 15:30:00+00:00,603.4199829101562,607.0700073242188,603.1900024414062,604.3499755859375,103682
2026-04-08 16:30:00+00:00,604.621826171875,606.0999755859375,604.0800170898438,605.4400024414062,54496
2026-04-08 17:30:00+00:00,605.2349853515625,608.7999877929688,605.0050048828125,608.0399780273438,137506
2026-04-08 18:30:00+00:00,608.114990234375,608.619873046875,607.1300048828125,608.3800048828125,140433
2026-04-08 19:30:00+00:00,608.1900024414062,609.6799926757812,607.760009765625,609.4099731445312,177173
2026-04-09 13:30:00+00:00,607.6900024414062,613.989990234375,607.4450073242188,611.219970703125,118137
2026-04-09 14:30:00+00:00,611.3400268554688,612.2849731445312,608.8400268554688,611.155029296875,90540
2026-04-09 15:30:00+00:00,610.969970703125,616.7999877929688,610.5,616.27001953125,106953
2026-04-09 16:30:00+00:00,616.25,618.9498901367188,615.0800170898438,615.6749877929688,81480
2026-04-09 17:30:00+00:00,615.6749877929688,617.4199829101562,614.340087890625,615.2100219726562,106872
2026-04-09 18:30:00+00:00,615.510009765625,617.9600219726562,614.8350219726562,617.719970703125,144854
2026-04-09 19:30:00+00:00,617.844970703125,618.3599853515625,616.0499877929688,618.0599975585938,329641
2026-04-10 13:30:00+00:00,618.4500122070312,619.0,611.6389770507812,617.3300170898438,102261
2026-04-10 14:30:00+00:00,617.489990234375,618.4199829101562,614.859619140625,618.3900146484375,75459
2026-04-10 15:30:00+00:00,618.5999755859375,619.239990234375,613.030029296875,613.8499755859375,112742
2026-04-10 16:30:00+00:00,613.9949951171875,613.9949951171875,611.1699829101562,613.0,105781
2026-04-10 17:30:00+00:00,613.0,616.1799926757812,612.6500244140625,613.1900024414062,106131
2026-04-10 18:30:00+00:00,613.032470703125,613.5900268554688,607.3699951171875,608.3588256835938,131845
2026-04-10 19:30:00+00:00,608.3200073242188,608.3200073242188,601.0599975585938,605.0999755859375,391354
2026-04-13 13:30:00+00:00,606.0499877929688,607.92822265625,599.0,600.0700073242188,161226
2026-04-13 14:30:00+00:00,600.3200073242188,601.6599731445312,598.8499755859375,599.8900146484375,73260
2026-04-13 15:30:00+00:00,599.989990234375,602.4600219726562,598.8499755859375,602.114990234375,105512
2026-04-13 16:30:00+00:00,602.114990234375,603.39501953125,602.0549926757812,602.3350219726562,108672
2026-04-13 17:30:00+00:00,602.3900146484375,602.5399780273438,600.780029296875,602.0150146484375,76520
2026-04-13 18:30:00+00:00,601.9500122070312,603.8200073242188,600.8699951171875,601.219970703125,83931
2026-04-13 19:30:00+00:00,601.3300170898438,604.6199951171875,600.25,603.0399780273438,204187
2026-04-14 13:30:00+00:00,599.4600219726562,602.4400024414062,593.6799926757812,597.280029296875,95821
2026-04-14 14:30:00+00:00,596.9600219726562,601.510009765625,596.5,601.1500244140625,88030
2026-04-14 15:30:00+00:00,601.239990234375,601.7899780273438,598.1599731445312,599.9000244140625,56609
2026-04-14 16:30:00+00:00,599.9400024414062,600.25,597.0,598.1849975585938,49024
2026-04-14 17:30:00+00:00,597.7501220703125,598.969970703125,596.6900024414062,597.2849731445312,46709
2026-04-14 18:30:00+00:00,597.2849731445312,598.0850219726562,596.5360107421875,597.1950073242188,71215
2026-04-14 19:30:00+00:00,597.0800170898438,598.635009765625,595.0900268554688,596.02001953125,230527
2026-04-15 13:30:00+00:00,590.780029296875,593.8599853515625,579.7999877929688,582.5349731445312,296891
2026-04-15 14:30:00+00:00,582.375,582.739990234375,575.3099975585938,578.969970703125,137537
2026-04-15 15:30:00+00:00,578.7249755859375,579.4099731445312,572.4600219726562,572.7999877929688,154941
2026-04-15 16:30:00+00:00,572.9199829101562,576.7598876953125,572.0999755859375,575.6199951171875,109308
2026-04-15 17:30:00+00:00,575.6099853515625,575.6199951171875,572.2100219726562,574.5499877929688,85951
2026-04-15 18:30:00+00:00,574.510009765625,576.3200073242188,572.11767578125,575.2999877929688,134429
2026-04-15 19:30:00+00:00,575.155029296875,579.030029296875,572.6300048828125,576.7999877929688,299946
2026-04-16 13:30:00+00:00,571.8499755859375,575.3699951171875,565.5900268554688,566.719970703125,167393
2026-04-16 14:30:00+00:00,566.6099853515625,584.77001953125,564.8200073242188,582.4149780273438,268867
2026-04-16 15:30:00+00:00,582.1099853515625,582.9699096679688,579.030029296875,582.5599975585938,108507
2026-04-16 16:30:00+00:00,582.5700073242188,582.5700073242188,577.469970703125,578.489990234375,74662
2026-04-16 17:30:00+00:00,578.6799926757812,579.8499755859375,577.5811157226562,579.2100219726562,96003
2026-04-16 18:30:00+00:00,578.9749755859375,581.72998046875,578.5800170898438,581.4400024414062,162299
2026-04-16 19:30:00+00:00,581.4299926757812,585.5250244140625,581.4000244140625,584.0499877929688,371200
2026-04-17 13:30:00+00:00,586.0,590.572509765625,582.030029296875,589.02001953125,258180
2026-04-17 14:30:00+00:00,588.760009765625,592.9199829101562,586.4099731445312,588.1699829101562,276898
2026-04-17 15:30:00+00:00,588.4199829101562,591.6599731445312,587.9199829101562,591.5499877929688,72460
2026-04-17 16:30:00+00:00,591.6699829101562,593.6998901367188,588.45751953125,589.0599975585938,75653
2026-04-17 17:30:00+00:00,589.4500122070312,590.6400146484375,588.0001220703125,590.4600219726562,68311
2026-04-17 18:30:00+00:00,590.219970703125,591.3200073242188,588.8800048828125,589.0750122070312,87472
2026-04-17 19:30:00+00:00,589.10498046875,591.7150268554688,589.10498046875,590.5,189730
2026-04-20 13:30:00+00:00,590.5,595.0,587.5499877929688,593.1500244140625,63258
2026-04-20 14:30:00+00:00,592.9149780273438,594.5700073242188,591.3099975585938,593.52001953125,94723
2026-04-20 15:30:00+00:00,593.5150146484375,594.780029296875,591.8759765625,593.0250244140625,50010
2026-04-20 16:30:00+00:00,593.3300170898438,593.3300170898438,590.8900756835938,591.780029296875,45746
2026-04-20 17:30:00+00:00,591.5,593.2449951171875,591.22998046875,591.7000122070312,73135
2026-04-20 18:30:00+00:00,591.8900146484375,593.8200073242188,590.7999877929688,592.8599853515625,91084
2026-04-20 19:30:00+00:00,592.9450073242188,595.6400146484375,592.02001953125,594.6599731445312,288985
2026-04-21 13:30:00+00:00,592.5599975585938,598.6599731445312,592.0399780273438,595.6849975585938,84529
2026-04-21 14:30:00+00:00,595.02001953125,595.1950073242188,589.8300170898438,591.0349731445312,91900
2026-04-21 15:30:00+00:00,591.3200073242188,592.6900024414062,590.760009765625,591.4199829101562,46716
2026-04-21 16:30:00+00:00,591.4199829101562,592.219970703125,589.4199829101562,589.9600219726562,48367
2026-04-21 17:30:00+00:00,589.95751953125,591.77001953125,587.3200073242188,588.0499877929688,45690
2026-04-21 18:30:00+00:00,588.1599731445312,591.0,587.239990234375,590.8099975585938,53496
2026-04-21 19:30:00+00:00,590.8099975585938,591.114990234375,586.6099853515625,587.4600219726562,122330
2026-04-22 13:30:00+00:00,589.489990234375,593.0999755859375,586.4149780273438,587.9000244140625,105792
2026-04-22 14:30:00+00:00,587.5999755859375,589.889892578125,586.85498046875,588.7650146484375,71007
2026-04-22 15:30:00+00:00,588.7650146484375,588.7650146484375,583.239990234375,583.8200073242188,130201
2026-04-22 16:30:00+00:00,583.5900268554688,585.469970703125,582.8250122070312,583.8900146484375,31950
2026-04-22 17:30:00+00:00,583.9600219726562,584.27001953125,582.0,582.5700073242188,54284
2026-04-22 18:30:00+00:00,582.9000244140625,583.3499755859375,580.2449951171875,582.9199829101562,73824
2026-04-22 19:30:00+00:00,582.6500244140625,582.7999877929688,579.8099975585938,580.030029296875,153890
2026-04-23 13:30:00+00:00,584.3699951171875,588.4600219726562,580.0,587.10498046875,124738
2026-04-23 14:30:00+00:00,587.1599731445312,589.5900268554688,585.989990234375,586.9299926757812,87026
2026-04-23 15:30:00+00:00,586.9600219726562,588.2000122070312,586.5250244140625,586.9299926757812,49733
2026-04-23 16:30:00+00:00,586.8599853515625,590.6992797851562,586.6300048828125,587.530029296875,69010
2026-04-23 17:30:00+00:00,587.5399780273438,592.6500244140625,584.5499877929688,592.6500244140625,119492
2026-04-23 18:30:00+00:00,592.72998046875,594.58251953125,592.0,593.7000122070312,80529
2026-04-23 19:30:00+00:00,593.7000122070312,594.969970703125,591.8499755859375,591.989990234375,161699
2026-04-24 13:30:00+00:00,585.3699951171875,588.1749877929688,573.7000122070312,576.219970703125,133628
2026-04-24 14:30:00+00:00,575.5,576.47998046875,571.0,573.6300048828125,110896
2026-04-24 15:30:00+00:00,573.6699829101562,577.0598754882812,572.5401000976562,572.8099975585938,73935
2026-04-24 16:30:00+00:00,572.8499755859375,573.0700073242188,567.1500244140625,571.1649780273438,112192
2026-04-24 17:30:00+00:00,571.47998046875,571.8099975585938,565.4199829101562,565.4600219726562,112269
2026-04-24 18:30:00+00:00,565.9498901367188,566.7999877929688,564.1199951171875,564.6799926757812,104592
2026-04-24 19:30:00+00:00,564.7449951171875,565.4199829101562,561.614990234375,562.5900268554688,276345
2026-04-27 13:30:00+00:00,566.6300048828125,577.989990234375,566.6199951171875,567.2449951171875,246954
2026-04-27 14:30:00+00:00,567.25,570.72998046875,565.010009765625,566.0800170898438,99286
2026-04-27 15:30:00+00:00,566.0700073242188,566.9400024414062,565.35009765625,566.219970703125,67055
2026-04-27 16:30:00+00:00,566.2249755859375,566.385009765625,564.1599731445312,566.0549926757812,72521
2026-04-27 17:30:00+00:00,566.2550048828125,567.8499755859375,565.9400024414062,567.52001953125,91139
2026-04-27 18:30:00+00:00,567.52001953125,569.280029296875,566.9299926757812,568.7899780273438,148677
2026-04-27 19:30:00+00:00,568.875,569.4000244140625,567.6099853515625,567.8300170898438,147093
2026-04-28 13:30:00+00:00,574.4500122070312,574.4600219726562,564.489990234375,566.0599975585938,180093
2026-04-28 14:30:00+00:00,566.0399780273438,566.5650024414062,563.6099853515625,564.8499755859375,84635
2026-04-28 15:30:00+00:00,564.8099975585938,566.7050170898438,564.0499877929688,564.1099853515625,50108
2026-04-28 16:30:00+00:00,564.0999755859375,564.4600219726562,561.8900146484375,562.1099853515625,51038
2026-04-28 17:30:00+00:00,562.0,564.6500244140625,560.9099731445312,561.260009765625,87307
2026-04-28 18:30:00+00:00,561.1400146484375,562.2100219726562,559.760009765625,561.1500244140625,87404
2026-04-28 19:30:00+00:00,561.1400146484375,564.4000244140625,560.1699829101562,564.030029296875,176521
2026-04-29 13:30:00+00:00,558.27001953125,563.4000244140625,557.760009765625,561.0800170898438,80568
2026-04-29 14:30:00+00:00,561.614990234375,562.1500244140625,559.6099853515625,561.5449829101562,51856
2026-04-29 15:30:00+00:00,561.5399780273438,563.5599975585938,560.9299926757812,562.6199951171875,75714
2026-04-29 16:30:00+00:00,562.6199951171875,563.8599853515625,560.8400268554688,561.9099731445312,73094
2026-04-29 17:30:00+00:00,561.875,563.4199829101562,559.6400146484375,560.89501953125,86755
2026-04-29 18:30:00+00:00,560.635009765625,561.0499877929688,558.8599853515625,559.3250122070312,91302
2026-04-29 19:30:00+00:00,559.3699951171875,560.9400024414062,558.4099731445312,560.2000122070312,174924
2026-04-30 13:30:00+00:00,562.4600219726562,587.989990234375,562.4600219726562,587.6799926757812,250429
2026-04-30 14:30:00+00:00,588.4500122070312,590.6199951171875,584.489990234375,590.4099731445312,195872
2026-04-30 15:30:00+00:00,591.0,594.409912109375,590.2899780273438,593.9450073242188,137819
2026-04-30 16:30:00+00:00,593.9349975585938,594.0800170898438,589.4400024414062,590.0800170898438,157459
2026-04-30 17:30:00+00:00,590.1599731445312,592.1599731445312,589.8350219726562,590.0900268554688,101349
2026-04-30 18:30:00+00:00,590.0900268554688,592.280029296875,589.0349731445312,592.02001953125,142605
2026-04-30 19:30:00+00:00,592.0750122070312,592.27001953125,589.0599975585938,590.030029296875,237813
2026-05-01 13:30:00+00:00,588.2999877929688,590.0650024414062,581.5399780273438,584.1099243164062,122910
2026-05-01 14:30:00+00:00,582.8900146484375,585.2100219726562,575.7000122070312,576.905029296875,123286
2026-05-01 15:30:00+00:00,577.2210083007812,580.1400146484375,576.52001953125,579.1950073242188,79153
2026-05-01 16:30:00+00:00,578.3499755859375,579.72998046875,577.8099975585938,579.1500244140625,55945
2026-05-01 17:30:00+00:00,578.989990234375,580.0700073242188,577.4401245117188,578.0499877929688,59869
2026-05-01 18:30:00+00:00,578.0700073242188,580.0599975585938,577.1400146484375,578.3400268554688,89147
2026-05-01 19:30:00+00:00,578.4099731445312,579.1599731445312,576.719970703125,577.4099731445312,146420
