id,date,platform,handle,text,favorite_count,repost_count,quote_flag,repost_flag,deleted_flag,word_count,hashtags,urls,user_mentions,media_count,media_urls,post_url,in_reply_to
116516271982832945,2026-05-04T07:20:16-05:00,Truth Social,realDonaldTrump,"When a devastated (he was crying like a baby!) Van Jones of CNN came to me with a group of African American leaders, he had “DEAD” in getting Criminal Justice Reform approved in Congress. Van Jones and these Black reps had been unsuccessfully fighting to get “Reform” for many years.  He was just wasting everyone’s time - Needed 5 Conservative Senators - there was no chance, or even hope, for a win. I liked some of the people he was with, agreed with what they were saying, and quickly rounded up the votes needed to get CRIMINAL JUSTICE REFORM approved. It was NOT easy! Nobody else, including Obama, who tried to for years, could have done this! Now I watch this guy, Van Jones, every chance he gets, calling me a “Dictator,” and far worse. He should be ashamed of himself!!! President DJT",1744,532,False,False,False,143,,,,0,nan,https://truthsocial.com/@realDonaldTrump/116516271982832945,nan
116514034239300873,2026-05-03T21:51:11-05:00,Truth Social,realDonaldTrump,"TERMINATE THE FILIBUSTER, AND WIN!!! President DJT",21268,5883,False,False,False,7,,,,0,nan,https://truthsocial.com/@realDonaldTrump/116514034239300873,nan
116513195579187634,2026-05-03T18:17:54-05:00,Truth Social,realDonaldTrump,"Our fabulous Rudy Giuliani, a True Warrior, and the Best Mayor in the History of New York City, BY FAR, has been hospitalized, and is in critical condition. What a tragedy that he was treated so badly by the Radical Left Lunatics, Democrats ALL — AND HE WAS RIGHT ABOUT EVERYTHING! They cheated on the Elections, fabricated hundreds of stories, did anything possible to destroy our Nation, and now, look at Rudy. So sad! President DONALD J. TRUMP",33832,8893,False,False,False,78,,,,0,nan,https://truthsocial.com/@realDonaldTrump/116513195579187634,nan
116513163772009550,2026-05-03T18:09:49-05:00,Truth Social,realDonaldTrump,"We cannot allow there to be an Election that is conducted unconstitutionally simply for the “convenience” of State Legislatures. If they have to vote twice, so be it. We should demand that State Legislatures do what the Supreme Court says must be done. That is more important than administrative convenience. The byproduct is that the Republicans will receive more than 20 House Seats in the upcoming Midterms! President DONALD J. TRUMP",26624,6951,False,False,False,71,,,,0,nan,https://truthsocial.com/@realDonaldTrump/116513163772009550,nan
116513161545641614,2026-05-03T18:09:15-05:00,Truth Social,realDonaldTrump,,9731,2701,False,False,False,0,,,,0,nan,https://truthsocial.com/@realDonaldTrump/116513161545641614,nan
116513141481569905,2026-05-03T18:04:08-05:00,Truth Social,realDonaldTrump,,18068,4321,False,False,False,0,,,,0,nan,https://truthsocial.com/@realDonaldTrump/116513141481569905,nan
116513139072353838,2026-05-03T18:03:32-05:00,Truth Social,realDonaldTrump,,16378,3324,False,False,False,0,,,,0,nan,https://truthsocial.com/@realDonaldTrump/116513139072353838,nan
116513086831283231,2026-05-03T17:50:14-05:00,Truth Social,realDonaldTrump,"Hakeem Jeffries, a Low IQ individual, said our Supreme Court is “illegitimate.” After saying such a thing, isn’t he subject to Impeachment? I got impeached for A PERFECT PHONE CALL. Where are you Republicans? Why not get it started? They’ll be doing this to me! President DONALD J. TRUMP",21454,5469,False,False,False,49,,,,0,nan,https://truthsocial.com/@realDonaldTrump/116513086831283231,nan
116512992340359826,2026-05-03T17:26:13-05:00,Truth Social,realDonaldTrump,"Bill Maher got “eaten up” by Gavin Newscum when Newscum said how well California is doing, A COMPLETE LIE, and Bill Maher never challenged him, not even a little bit. Also, Bill Maher’s “Ratings” SUCK! President DONALD J. TRUMP",17418,3638,False,False,False,39,,,,0,nan,https://truthsocial.com/@realDonaldTrump/116512992340359826,nan
116512989815567980,2026-05-03T17:25:34-05:00,Truth Social,realDonaldTrump,"Fannie Mae Headquarters in Reston, Virginia. MAGA!",15938,3282,False,False,False,7,,,,0,nan,https://truthsocial.com/@realDonaldTrump/116512989815567980,nan
116512970609978827,2026-05-03T17:20:41-05:00,Truth Social,realDonaldTrump,,12444,2224,False,False,False,0,,,,0,nan,https://truthsocial.com/@realDonaldTrump/116512970609978827,nan
116512968790021543,2026-05-03T17:20:13-05:00,Truth Social,realDonaldTrump,,16310,3496,False,False,False,0,,,,0,nan,https://truthsocial.com/@realDonaldTrump/116512968790021543,nan
116512555123589170,2026-05-03T15:35:01-05:00,Truth Social,realDonaldTrump,"Countries from all over the World, almost all of which are not involved in the Middle Eastern dispute going on so visibly, and violently, for all to see, have asked the United States if we could help free up their Ships, which are locked up in the Strait of Hormuz, on something which they have absolutely nothing to do with — They are merely neutral and innocent bystanders! For the good of Iran, the Middle East, and the United States, we have told these Countries that we will guide their Ships safely out of these restricted Waterways, so that they can freely and ably get on with their business. Again, these are Ships from areas of the World that are not in any way involved with that which is currently taking place in the Middle East. I have told my Representatives to inform them that we will use best efforts to get their Ships and Crews safely out of the Strait. In all cases, they said they will not be returning until the area becomes safe for navigation, and everything else. This process, Project Freedom, will begin Monday morning, Middle East time. I am fully aware that my Representatives are having very positive discussions with the Country of Iran, and that these discussions could lead to something very positive for all. The Ship movement is merely meant to free up people, companies, and Countries that have done absolutely nothing wrong — They are victims of circumstance. This is a Humanitarian gesture on behalf of the United States, Middle Eastern Countries but, in particular, the Country of Iran. Many of these Ships are running low on food, and everything else necessary for largescale crews to stay on board in a healthy and sanitary manner. I think it would go a long way in showing Goodwill on behalf of all of those who have been fighting so strenuously over the last number of months. If, in any way, this Humanitarian process is interfered with, that interference will, unfortunately, have to be dealt with forcefully. Thank you for your attention to this matter!  DONALD J. TRUMP PRESIDENT OF THE UNITED STATES OF AMERICA",43302,9704,False,False,False,360,,,,0,nan,https://truthsocial.com/@realDonaldTrump/116512555123589170,nan
116511293838078879,2026-05-03T10:14:16-05:00,Truth Social,realDonaldTrump,"Trump Tells German Chancellor Merz ‘Fix Your Broken Country,’ Mulls Pulling U.S. Troops from Spain and Italy:   https://www.  breitbart.com/europe/2026/05/0  1/trump-tells-german-chancellor-merz-to-fix-his-broken-country-mulls-pulling-u-s-troops-from-spain-and-italy/",19761,4852,False,False,False,20,,https://www.,,0,nan,https://truthsocial.com/@realDonaldTrump/116511293838078879,nan
116511291851057573,2026-05-03T10:13:45-05:00,Truth Social,realDonaldTrump,"Trump Administration to Withdraw Thousands of Troops From NATO Ally Germany, Pentagon Says:   https://www.  breitbart.com/europe/2026/05/0  2/trump-admin-to-withdraw-thousands-of-troops-from-nato-ally-germany/",19124,4431,False,False,False,16,,https://www.,,0,nan,https://truthsocial.com/@realDonaldTrump/116511291851057573,nan
116511160749911403,2026-05-03T09:40:25-05:00,Truth Social,realDonaldTrump,Exclusive — Deputy Italian Prime Minister Matteo Salvini: Trump’s ‘Courage’ for ‘Cultural Foundation’ Critical to Survival of the West:   https://www.  breitbart.com/politics/2026/05  /03/exclusive-deputy-italian-prime-minister-matteo-salvini-trumps-courage-for-cultural-foundation-critical-to-survival-of-the-west/,14929,3636,False,False,False,22,,https://www.,,0,nan,https://truthsocial.com/@realDonaldTrump/116511160749911403,nan
116507513607934090,2026-05-02T18:12:54-05:00,Truth Social,realDonaldTrump,"I hate seeing Fox, and other Conservative Outlets, constantly making Low Rated Bill Maher “relevant” as it pertains to the Republican Party, and beyond. Bill Maher is a weak and ineffective person who I got to know very well during my dinner with him at the White House. He was nervous, scared, and the first words he uttered as he entered the Oval Office were, “Can I have a drink?” It was very endearing but, at the same time, absolutely pathetic. He was much different from what people think but, last night, I happened to watch Gavin Newscum, an admittedly Low IQ person, who said he can’t read a speech, is dumb, and essentially, incompetent, and he took Bill Maher “over the coals.” Bill Maher was defenseless, and totally deficient. Either he didn’t have the knowledge, or he choked, because Gavin went on and on about how good California is doing, while it’s doing very poorly, having, by far, the worst year it’s ever had where, for the first time in History, more people are leaving than coming. Bill Maher started by saying that California was doing poorly, only to have Newscum speak for an extended period of time, and lie about the facts. All you have to do is look at what’s happened to Los Angeles, San Francisco, the horrendous homeless problem all over every street, the Railway catastrophe that is Billions of Dollars over budget, and has never been built, the inability to rebuild the 25,000 homes that were destroyed by the fire because he refused to allow water into the street from the Southwest (If it weren’t for our Superstar EPA Administrator Lee Zeldin, and me, they wouldn’t have any homes being built right now!). Fox should stop putting this person on. He’s not representing us. You look weak, stupid, and ineffective, and I hate seeing that. DON’T USE BILL MAHER ANY LONGER AS A REPRESENTATIVE OF YOU! I hate hearing that “Bill Maher said…” — Bill Maher is a MORON, though slightly more talented than Jimmy Kimmel. President DONALD J. TRUMP",29978,7108,False,False,False,345,,,,0,nan,https://truthsocial.com/@realDonaldTrump/116507513607934090,nan
116507501775457290,2026-05-02T18:09:53-05:00,Truth Social,realDonaldTrump,"So ironic that Cryin’ Chuck Schumer and the Democrats are hiring SLEAZEBAGS like Barack Hussein Obama’s Crooked former Attorney General, Eric Holder, and others of that ilk, to look into Voter Integrity, when this same group of Human Garbage RIGGED the 2020 Presidential Election. GET TOUGH REPUBLICANS — THEY’RE COMING, AND THEY’RE COMING FAST! They’re no good for our Country, they almost destroyed it, and we don’t want to let that happen again! These are highly dishonest people who are, in many ways, treasonous, in that they are trying to destabilize the United States of America in what, some would call, a War. Republicans must TERMINATE THE FILIBUSTER, and approve all of the necessary Safeguards we need for Elections to protect the American Public during the upcoming Midterms. MAKE AMERICA GREAT AGAIN! President DONALD J. TRUMP",31762,9231,False,False,False,136,,,,0,nan,https://truthsocial.com/@realDonaldTrump/116507501775457290,nan
116507414650995614,2026-05-02T17:47:44-05:00,Truth Social,realDonaldTrump,"I will soon be reviewing the plan that Iran has just sent to us, but can’t imagine that it would be acceptable in that they have not yet paid a big enough price for what they have done to Humanity, and the World, over the last 47 years. Thank you for your attention to this matter! President DONALD J. TRUMP",29899,6943,False,False,False,60,,,,0,nan,https://truthsocial.com/@realDonaldTrump/116507414650995614,nan
116502923327437911,2026-05-01T22:45:32-05:00,Truth Social,realDonaldTrump,,34402,6553,False,False,False,0,,,,0,nan,https://truthsocial.com/@realDonaldTrump/116502923327437911,nan
116502906556000308,2026-05-01T22:41:16-05:00,Truth Social,realDonaldTrump,,24679,3921,False,False,False,0,,,,0,nan,https://truthsocial.com/@realDonaldTrump/116502906556000308,nan
116502902374252861,2026-05-01T22:40:12-05:00,Truth Social,realDonaldTrump,"This is what our Country was before, and after, “TRUMP!”",32467,6955,False,False,False,10,,,,0,nan,https://truthsocial.com/@realDonaldTrump/116502902374252861,nan
116502893543384666,2026-05-01T22:37:57-05:00,Truth Social,realDonaldTrump,,22275,3633,False,False,False,0,,,,0,nan,https://truthsocial.com/@realDonaldTrump/116502893543384666,nan
116502871108388206,2026-05-01T22:32:15-05:00,Truth Social,realDonaldTrump,,28355,4459,False,False,False,0,,,,0,nan,https://truthsocial.com/@realDonaldTrump/116502871108388206,nan
116502848851907459,2026-05-01T22:26:35-05:00,Truth Social,realDonaldTrump,,33009,6340,False,False,False,0,,,,0,nan,https://truthsocial.com/@realDonaldTrump/116502848851907459,nan
116502833969390552,2026-05-01T22:22:48-05:00,Truth Social,realDonaldTrump,,24661,4232,False,False,False,0,,,,0,nan,https://truthsocial.com/@realDonaldTrump/116502833969390552,nan
116502804889768576,2026-05-01T22:15:25-05:00,Truth Social,realDonaldTrump,,31044,6213,False,False,False,0,,,,0,nan,https://truthsocial.com/@realDonaldTrump/116502804889768576,nan
116502796687355089,2026-05-01T22:13:19-05:00,Truth Social,realDonaldTrump,"Low IQ Democrat Minority Leader, Hakeem Jeffries, is nothing but a THUG, and he is a danger to our Country! President DONALD J. TRUMP",31327,7399,False,False,False,24,,,,0,nan,https://truthsocial.com/@realDonaldTrump/116502796687355089,nan
116502761909535615,2026-05-01T22:04:29-05:00,Truth Social,realDonaldTrump,,28430,4574,False,False,False,0,,,,0,nan,https://truthsocial.com/@realDonaldTrump/116502761909535615,nan
116502756484361615,2026-05-01T22:03:06-05:00,Truth Social,realDonaldTrump,,24232,4181,False,False,False,0,,,,0,nan,https://truthsocial.com/@realDonaldTrump/116502756484361615,nan
116502605614258580,2026-05-01T21:24:44-05:00,Truth Social,realDonaldTrump,,20336,4615,False,False,False,0,,,,0,nan,https://truthsocial.com/@realDonaldTrump/116502605614258580,nan
116501828501933903,2026-05-01T18:07:06-05:00,Truth Social,realDonaldTrump,"RT   @ realDonaldTrump   It is my Great Honor to endorse America First Patriot, Ralph Alvarado, M.D., who is running to represent the incredible people of Kentucky’s 6th Congressional District.   A true friend to MAGA, Ralph was a featured Speaker at the 2016 Republican National Convention, and a Member of the National Hispanic Advisory Council for “TRUMP” – RALPH HAS BEEN WITH US FROM THE VERY BEGINNING! A very successful Family Physician, and former Kentucky State Senator, Ralph has dedicated his life to serving his Community. As your next Congressman, Ralph will fight tirelessly to Grow the Economy, Promote our Amazing Farmers and Ranchers, Advance American Energy DOMINANCE, Cut Taxes and Regulations, Promote MADE IN THE U.S.A., Keep our Border SECURE, Stop Migrant Crime, Support our Brave Military/Veterans, and Protect our always under siege Second Amendment.   Dr. Ralph Alvarado has my Complete and Total Endorsement to be the next Representative from Kentucky’s 6th Congressional District — HE WILL NEVER LET YOU DOWN!",0,0,False,False,False,161,,,,0,nan,https://truthsocial.com/@realDonaldTrump/116501828501933903,nan
116501828255499541,2026-05-01T18:07:02-05:00,Truth Social,realDonaldTrump,"RT   @ realDonaldTrump   Proven Political Winner Andy Barr is running for the United States Senate in the Great Commonwealth of Kentucky, a place I love and WON BIG, six times, including Primaries, in 2016, 2020, and 2024!   I know Andy well, and he is always a Vote we can count on because he knows what it takes to GET THINGS DONE and, MAKE AMERICA GREAT AGAIN! I Endorsed Andy years ago, in his first Race, and all others, for Congress, and he never let me down — He is a 100% solid American Patriot! Andy Barr is a Strong Supporter of TERMINATING THE FILIBUSTER, before the Democrats do it (which they will, on Day One, if they get control of the U.S. Senate!). He will do everything in his power to get it done. It is desperately needed by the Republican Party to pass the SAVE AMERICA ACT, and all other things necessary for a strong and brilliant Country! In the Senate, Andy will fight tirelessly to Grow our Economy, Cut Taxes and Regulations, Champion the Interests of our Amazing Farmers and Ranchers, Promote MADE IN THE U.S.A., Unleash American Energy DOMINANCE, Keep our Border SECURE, Stop Migrant Crime, Strengthen our Military/Veterans, Safeguard our Elections, and Defend our always under siege Second Amendment.   Andy is the only Candidate who will easily defeat the Democrat in what will be one of the most important Elections in American History. He will help ensure Victory against these Radical Left, Country Destroying, THUGS. Andy Barr has my Complete and Total Endorsement to be the next United States Senator from Kentucky – HE WILL NEVER LET YOU DOWN!",0,0,False,False,False,273,,,,0,nan,https://truthsocial.com/@realDonaldTrump/116501828255499541,nan
116501828083781749,2026-05-01T18:07:00-05:00,Truth Social,realDonaldTrump,"RT   @ realDonaldTrump   I had a great meeting with Mr. Nate Morris, of Kentucky, yesterday. Nate is a terrific businessman and strong MAGA Warrior. I will be making an Endorsement for U.S. Senate in Kentucky shortly, but I’ve asked Nate to step aside from that Race to take a role in my Administration as an Ambassador. Nate is Oxford educated, tough as nails, LOVES our Great Nation, and will represent the United States very well, overseas, or otherwise. He has a great future in politics, or anything else he chooses to do. We will be announcing Nate’s new role soon. Stay tuned for my important Endorsement for Senate in Kentucky. It will be a big one, and straight from the heart. Republicans must win the Senate! President DONALD J. TRUMP",0,0,False,False,False,130,,,,0,nan,https://truthsocial.com/@realDonaldTrump/116501828083781749,nan
116501816483688599,2026-05-01T18:04:03-05:00,Truth Social,realDonaldTrump,"To the amazing Patriots in Indiana’s 41st State Senate District: PLEASE GET OUT AND VOTE for a tremendous Candidate, Michelle Davis, a Highly Respected State Representative, and a true MAGA Warrior, who has my Complete and Total Endorsement. Early Voting ends May 4th, and Election Day is May 5th, in this very important Republican Primary for SD-41 – You can win this Election for Michelle!   Unlike incumbent Greg Walker, a “RINO” LOSER, who has failed the wonderful people of Indiana so badly, MICHELLE DAVIS IS A WINNER WHO WILL NEVER LET YOU DOWN. GET OUT AND VOTE FOR MICHELLE DAVIS BY MAY 5TH!   Find your Voting Location at:   https://  swampthevoteusa.com/indiana/",14442,3494,False,False,False,110,,,,0,nan,https://truthsocial.com/@realDonaldTrump/116501816483688599,nan
116501815507913279,2026-05-01T18:03:48-05:00,Truth Social,realDonaldTrump,"To the incredible Patriots in Indiana’s 39th State Senate District: PLEASE GET OUT AND VOTE for a fantastic Candidate, Jeff Ellington, the Highly Respected Greene County GOP Chairman, and a true America First Champion, who has my Complete and Total Endorsement. Early Voting ends May 4th, and Election Day is May 5th, in this very important Republican Primary for SD-39 – You can win this Election for Jeff!   JEFF ELLINGTON IS A WINNER WHO WILL NEVER LET YOU DOWN – GET OUT AND VOTE FOR JEFF BY MAY 5TH!   Find your Voting Location at:   https://  swampthevoteusa.com/indiana/",12889,3007,False,False,False,96,,,,0,nan,https://truthsocial.com/@realDonaldTrump/116501815507913279,nan
116501814630910015,2026-05-01T18:03:34-05:00,Truth Social,realDonaldTrump,"To the amazing Patriots in Indiana’s 38th State Senate District: PLEASE GET OUT AND VOTE for a tremendous Candidate, “BRENDA” Wilson, a Highly Respected Vigo County Council Member, and a proven America First Champion, who has my Complete and Total Endorsement. Early Voting ends May 4th, and Election Day is May 5th, in this very important Republican Primary for SD-38 – You can win this Election for BRENDA!   Unlike incumbent “No Goode” Greg Goode (BAD FOR THE U.S.A.!), a RINO LOSER, who has failed the wonderful people of Indiana so badly, BRENDA IS A WINNER WHO WILL NEVER LET YOU DOWN. GET OUT AND VOTE FOR BRENDA BY MAY 5TH!   Find your Voting Location at:   https://  swampthevoteusa.com/indiana/",12064,2770,False,False,False,117,,,,0,nan,https://truthsocial.com/@realDonaldTrump/116501814630910015,nan
116501813635219695,2026-05-01T18:03:19-05:00,Truth Social,realDonaldTrump,"To the wonderful Patriots in Indiana’s 23rd State Senate District: PLEASE GET OUT AND VOTE for an incredible Candidate, Paula Copenhaver, the Highly Respected Fountain County GOP Chair, and a true MAGA Warrior, who has my Complete and Total Endorsement. Early Voting ends May 4th, and Election Day is May 5th, in this very important Republican Primary for SD-23 – You can win this Election for Paula!   Unlike incumbent Spencer Deery, a “RINO” LOSER, who has failed the fantastic people of Indiana so badly, PAULA COPENHAVER IS A WINNER WHO WILL NEVER LET YOU DOWN. GET OUT AND VOTE FOR PAULA COPENHAVER BY MAY 5TH!   Find your Voting Location at:   https://  swampthevoteusa.com/indiana/",11474,2643,False,False,False,112,,,,0,nan,https://truthsocial.com/@realDonaldTrump/116501813635219695,nan
116501812537382758,2026-05-01T18:03:02-05:00,Truth Social,realDonaldTrump,"To the fantastic Patriots in Indiana’s 21st State Senate District: PLEASE GET OUT AND VOTE for a GREAT Candidate, Tracey Powell, a Highly Respected Tipton County Commissioner, and true America First Champion, who has my Complete and Total Endorsement. Early Voting ends May 4th, and Election Day is May 5th, in this very important Republican Primary for SD-21 – You can win this Election for Tracey!   Unlike incumbent Jim Buck, a “RINO” LOSER, who has failed the amazing people of Indiana so badly, TRACEY POWELL IS A WINNER WHO WILL NEVER LET YOU DOWN. GET OUT AND VOTE FOR TRACEY POWELL BY MAY 5TH!   Find your Voting Location at:   https://  swampthevoteusa.com/indiana/",11079,2526,False,False,False,111,,,,0,nan,https://truthsocial.com/@realDonaldTrump/116501812537382758,nan
116501811511192146,2026-05-01T18:02:47-05:00,Truth Social,realDonaldTrump,"To the tremendous Patriots in Indiana’s 19th State Senate District: PLEASE GET OUT AND VOTE for an amazing Candidate, Blake Fiechter, a Highly Respected Bluffton City Councilman, and true America First Champion, who has my Complete and Total Endorsement. Early Voting ends May 4th, and Election Day is May 5th, in this very important Republican Primary for SD-19 – You can win this Election for Blake!   Unlike incumbent Travis Holdman, a “RINO” LOSER, who has failed the wonderful people of Indiana so badly, BLAKE FIECHTER IS A WINNER WHO WILL NEVER LET YOU DOWN. GET OUT AND VOTE FOR BLAKE FIECHTER BY MAY 5TH!   Find your Voting Location at:   https://  swampthevoteusa.com/indiana/",10679,2465,False,False,False,111,,,,0,nan,https://truthsocial.com/@realDonaldTrump/116501811511192146,nan
116501809611050315,2026-05-01T18:02:18-05:00,Truth Social,realDonaldTrump,"To the incredible Patriots in Indiana’s 11th State Senate District: PLEASE GET OUT AND VOTE for a wonderful Candidate, Dr. Brian Schmutzler, a Highly Respected Anesthesiologist, and REAL Republican, who has my Complete and Total Endorsement. Early Voting ends May 4th, and Election Day is May 5th, in this very important Republican Primary for SD-11 — You can win this Election for Brian!   Unlike incumbent Linda Rogers, a “RINO” LOSER, who has failed the tremendous people of Indiana so badly, DR. BRIAN SCHMUTZLER IS A WINNER WHO WILL NEVER LET YOU DOWN. GET OUT AND VOTE FOR DR. BRIAN SCHMUTZLER BY MAY 5TH!   Find your Voting Location at:   https://  swampthevoteusa.com/indiana/",10480,2423,False,False,False,110,,,,0,nan,https://truthsocial.com/@realDonaldTrump/116501809611050315,nan
116501807970154632,2026-05-01T18:01:53-05:00,Truth Social,realDonaldTrump,"To the Great Patriots in Indiana’s 1st State Senate District: PLEASE GET OUT AND VOTE for a fantastic Candidate, Trevor De Vries, a successful Businessman, and REAL Republican, who has my Complete and Total Endorsement. Early Voting ends May 4th, and Election Day is May 5th, in this very important Republican Primary for SD-1 – You can win this Election for Trevor!   Unlike incumbent Dan Dernulc, a “RINO” LOSER, who has failed the incredible people of Indiana so badly, TREVOR DE VRIES IS A WINNER WHO WILL NOT LET YOU DOWN. GET OUT AND VOTE FOR TREVOR DE VRIES BY MAY 5TH!   Find your Voting Location at:   https://  swampthevoteusa.com/indiana/",10283,2395,False,False,False,109,,,,0,nan,https://truthsocial.com/@realDonaldTrump/116501807970154632,nan
116501805768129307,2026-05-01T18:01:19-05:00,Truth Social,realDonaldTrump,"It is my Great Honor to endorse America First Patriot, Ralph Alvarado, M.D., who is running to represent the incredible people of Kentucky’s 6th Congressional District.   A true friend to MAGA, Ralph was a featured Speaker at the 2016 Republican National Convention, and a Member of the National Hispanic Advisory Council for “TRUMP” – RALPH HAS BEEN WITH US FROM THE VERY BEGINNING! A very successful Family Physician, and former Kentucky State Senator, Ralph has dedicated his life to serving his Community. As your next Congressman, Ralph will fight tirelessly to Grow the Economy, Promote our Amazing Farmers and Ranchers, Advance American Energy DOMINANCE, Cut Taxes and Regulations, Promote MADE IN THE U.S.A., Keep our Border SECURE, Stop Migrant Crime, Support our Brave Military/Veterans, and Protect our always under siege Second Amendment.   Dr. Ralph Alvarado has my Complete and Total Endorsement to be the next Representative from Kentucky’s 6th Congressional District — HE WILL NEVER LET YOU DOWN!",17639,3775,False,False,False,158,,,,0,nan,https://truthsocial.com/@realDonaldTrump/116501805768129307,nan
116501798869145857,2026-05-01T17:59:34-05:00,Truth Social,realDonaldTrump,"Proven Political Winner Andy Barr is running for the United States Senate in the Great Commonwealth of Kentucky, a place I love and WON BIG, six times, including Primaries, in 2016, 2020, and 2024!   I know Andy well, and he is always a Vote we can count on because he knows what it takes to GET THINGS DONE and, MAKE AMERICA GREAT AGAIN! I Endorsed Andy years ago, in his first Race, and all others, for Congress, and he never let me down — He is a 100% solid American Patriot! Andy Barr is a Strong Supporter of TERMINATING THE FILIBUSTER, before the Democrats do it (which they will, on Day One, if they get control of the U.S. Senate!). He will do everything in his power to get it done. It is desperately needed by the Republican Party to pass the SAVE AMERICA ACT, and all other things necessary for a strong and brilliant Country! In the Senate, Andy will fight tirelessly to Grow our Economy, Cut Taxes and Regulations, Champion the Interests of our Amazing Farmers and Ranchers, Promote MADE IN THE U.S.A., Unleash American Energy DOMINANCE, Keep our Border SECURE, Stop Migrant Crime, Strengthen our Military/Veterans, Safeguard our Elections, and Defend our always under siege Second Amendment.   Andy is the only Candidate who will easily defeat the Democrat in what will be one of the most important Elections in American History. He will help ensure Victory against these Radical Left, Country Destroying, THUGS. Andy Barr has my Complete and Total Endorsement to be the next United States Senator from Kentucky – HE WILL NEVER LET YOU DOWN!",16007,3472,False,False,False,270,,,,0,nan,https://truthsocial.com/@realDonaldTrump/116501798869145857,nan
116501735314599862,2026-05-01T17:43:24-05:00,Truth Social,realDonaldTrump,"I had a great meeting with Mr. Nate Morris, of Kentucky, yesterday. Nate is a terrific businessman and strong MAGA Warrior. I will be making an Endorsement for U.S. Senate in Kentucky shortly, but I’ve asked Nate to step aside from that Race to take a role in my Administration as an Ambassador. Nate is Oxford educated, tough as nails, LOVES our Great Nation, and will represent the United States very well, overseas, or otherwise. He has a great future in politics, or anything else he chooses to do. We will be announcing Nate’s new role soon. Stay tuned for my important Endorsement for Senate in Kentucky. It will be a big one, and straight from the heart. Republicans must win the Senate! President DONALD J. TRUMP",15717,3323,False,False,False,127,,,,0,nan,https://truthsocial.com/@realDonaldTrump/116501735314599862,nan
116501316416820739,2026-05-01T15:56:52-05:00,Truth Social,realDonaldTrump,,12869,3108,False,False,False,0,,,,0,nan,https://truthsocial.com/@realDonaldTrump/116501316416820739,nan
116500127694152404,2026-05-01T10:54:34-05:00,Truth Social,realDonaldTrump,"WE JUST DELIVERED A HUGE WIN for our Great Fishermen and Anglers in FLORIDA, GEORGIA, SOUTH CAROLINA, and NORTH CAROLINA! We have just officially approved ALL STATE PERMITS for the 2026 Red Snapper recreational season. For years, our Great Fishermen have been punished with VERY short Federal fishing seasons despite RECORD HIGH fish populations and the States begging to oversee these permits. The incompetent Biden Administration tried to SHUT DOWN THE OCEANS to our Fishermen, entirely. We love and respect our Fishermen and, unlike the Democrats, will only do good for them. To all those who fish “Red Snapper” — TRUMP and NOAA are delivering for you. ENJOY!! President DONALD J. TRUMP",23598,5668,False,False,False,112,,,,0,nan,https://truthsocial.com/@realDonaldTrump/116500127694152404,nan
116500111621281950,2026-05-01T10:50:28-05:00,Truth Social,realDonaldTrump,"I am pleased to announce that, based on the fact the European Union is not complying with our fully agreed to Trade Deal, next week I will be increasing Tariffs charged to the European Union for Cars and Trucks coming into the United States. The Tariff will be increased to 25%. It is fully understood and agreed that, if they produce Cars and Trucks in U.S.A. Plants, there will be NO TARIFF. Many Automobile and Truck Plants are currently under construction, with over 100 Billion Dollars being invested, A RECORD in the History of Car and Truck Manufacturing. These Plants, staffed with American Workers, will be opening soon — There has never been anything like what is happening in America today! Thank you for your attention to this matter. President DONALD J. TRUMP",38970,8478,False,False,False,133,,,,0,nan,https://truthsocial.com/@realDonaldTrump/116500111621281950,nan
116496713231472397,2026-04-30T20:26:13-05:00,Truth Social,realDonaldTrump,"Great job by highly respected Navy Commander Kirk Lippold in interview with Jesse Watters on FoxNews. Very smart and insightful concerning Iran, and more. Thank you, Commander! President DJT",28508,5566,False,False,False,29,,,,0,nan,https://truthsocial.com/@realDonaldTrump/116496713231472397,nan
116495078448348822,2026-04-30T13:30:28-05:00,Truth Social,realDonaldTrump,"In Honor of the King and Queen of the United Kingdom, who have just left the White House, soon headed back to their wonderful Country, I will be removing the Tariffs and Restrictions on Whiskey having to do with Scotland’s ability to work with the Commonwealth of Kentucky on Whiskey and Bourbon, two very important Industries within Scotland and Kentucky. People have wanted to do this for a long time, in that there had been great Inter-Country Trade, especially having to do with the Wooden Barrels used. The King and Queen got me to do something that nobody else was able to do, without hardly even asking! A wonderful Honor to have them both in the U.S.A.  President DONALD J. TRUMP",30536,6319,False,False,False,121,,,,0,nan,https://truthsocial.com/@realDonaldTrump/116495078448348822,nan
116494993665115165,2026-04-30T13:08:55-05:00,Truth Social,realDonaldTrump,"Congratulations to Ali al-Zaidi on his Nomination to be the next Prime Minister of Iraq! We wish him success as he works to form a new Government free from terrorism that could deliver a brighter future for Iraq. We look forward to a strong, vibrant, and highly productive new relationship between Iraq and the United States. This is the beginning of a tremendous new chapter between our Nations — Prosperity, Stability, and Success like never seen before. Again, Ali, CONGRATULATIONS! President DONALD J. TRUMP",23200,4908,False,False,False,84,,,,0,nan,https://truthsocial.com/@realDonaldTrump/116494993665115165,nan
116494922708605309,2026-04-30T12:50:52-05:00,Truth Social,realDonaldTrump,"Anybody running for President or Vice President should be forced to take a Cognitive Examination prior to entering the Race! By doing so, we wouldn’t be surprised at people like Barack “Hussein” Obama, or Sleepy Joe Biden, getting “ELECTED.” Our Country would be a much better place! I took the Exam three times during my (“THREE!”) Terms as President, and ACED IT ALL THREE TIMES — An Achievement that, even on a single Exam, according to the Doctors, has rarely been done before! President DONALD J. TRUMP",49209,11128,False,False,False,87,,,,0,nan,https://truthsocial.com/@realDonaldTrump/116494922708605309,nan
116494898897346360,2026-04-30T12:44:49-05:00,Truth Social,realDonaldTrump,"Hakeem Jeffries just called the Supreme Court of the United States an illegitimate Court! This is a Low IQ individual, who should not be allowed to talk that way about one of the Greatest Institutions anywhere in the World. He should withdraw the statement, IMMEDIATELY! President DONALD J. TRUMP",30557,7772,False,False,False,49,,,,0,nan,https://truthsocial.com/@realDonaldTrump/116494898897346360,nan
116494895594528861,2026-04-30T12:43:58-05:00,Truth Social,realDonaldTrump,"Thank you to the Great Governor of Louisiana, Jeff Landry, for his leadership on the very important Callais case, and for moving so quickly to fix the Unconstitutionality of Louisiana’s Congressional Maps. He has shown tremendous Vision, Strength, and Leadership. Thank you Jeff, keep up the GREAT work! President DONALD J. TRUMP",21865,4600,False,False,False,52,,,,0,nan,https://truthsocial.com/@realDonaldTrump/116494895594528861,nan
116494706928688681,2026-04-30T11:55:59-05:00,Truth Social,realDonaldTrump,"I had a very good conversation with Governor Bill Lee, of Tennessee, this morning, wherein he stated that he would work hard to correct the unconstitutional flaw in the Congressional Maps of the Great State of Tennessee. Likewise, all of the other Political Representatives of Tennessee have promised to do so. This should give us one extra seat, and help Save our Country from the Radical Left Democrats, and their Country destroying Policies of High Tax, Open Borders, Transgender Mutilization, Defunding the Police, ICE, and Border Patrol, No Voter ID, Soft on Crime, and so much more. Thank you Governor Lee — PUSH HARD! President DONALD J. TRUMP",39228,8093,False,False,False,108,,,,0,nan,https://truthsocial.com/@realDonaldTrump/116494706928688681,nan
116494658794846023,2026-04-30T11:43:45-05:00,Truth Social,realDonaldTrump,"I am pleased to announce that I am nominating Dr. Nicole B. Saphier to be the next SURGEON GENERAL OF THE UNITED STATES OF AMERICA. Nicole is a STAR physician who has spent her career guiding women facing breast cancer through their diagnosis and treatment while tirelessly advocating to increase early cancer detection and prevention, while at the same time working with men and women on all other forms of cancer diagnoses and treatments. She is also an INCREDIBLE COMMUNICATOR, who makes complicated health issues more easily understood by all Americans. Dr. Nicole Saphier will do great things for our Country, and help, “MAKE AMERICA HEALTHY AGAIN.” Congratulations Nicole, our Country has long been waiting for you! President DONALD J. TRUMP",19785,4317,False,False,False,121,,,,0,nan,https://truthsocial.com/@realDonaldTrump/116494658794846023,nan
116494601149993417,2026-04-30T11:29:05-05:00,Truth Social,realDonaldTrump,"Hopefully all of the Great Republican People of Louisiana, which I won, BIG, three times, will be voting Bill Cassidy OUT OF OFFICE in the upcoming Republican Primary! President DONALD J. TRUMP",20566,4960,False,False,False,32,,,,0,nan,https://truthsocial.com/@realDonaldTrump/116494601149993417,nan
116494574440493725,2026-04-30T11:22:18-05:00,Truth Social,realDonaldTrump,"For months, Senator Bill Cassidy (of the GREAT State of Louisiana!), a very disloyal person whose “TRUMP” Endorsement got him elected, but later voted to impeach “President Trump” on what has now proven to be a total Hoax and Scam, has stood in the way of Robert F. Kennedy Jr.’s Nominee, Casey Means, for the important position of U.S. Surgeon General. I nominated Casey, a strong MAHA Warrior, at the recommendation of Secretary Kennedy, who understands the MAHA Movement better than anyone, with perhaps the possible exception of ME! Nevertheless, despite Senator Cassidy’s intransigence and political games, Casey will continue to fight for MAHA on the many important Health issues facing our Country, such as the rising childhood disease epidemic, increased autism rates, poor nutrition, over-medicalization, and researching the root causes of infertility, and many other difficult medical problems. Casey, thank you for your service to our Nation! President DONALD J. TRUMP",18101,4524,False,False,False,152,,,,0,nan,https://truthsocial.com/@realDonaldTrump/116494574440493725,nan
116493981794549356,2026-04-30T08:51:35-05:00,Truth Social,realDonaldTrump,"How much abuse can the Republican Senate take from the Radical Left Lunatics in the form of Democrat Senators, before they BLOW UP (TERMINATE!) THE FILIBUSTER, and approve things at a record clip, including The Save America Act, that would be unthinkable without the Filibuster Termination??? The Dems will do it on the first hour of their first day. DO NOT BE STUPID!!! President DONALD J. TRUMP",26917,7840,False,False,False,67,,,,0,nan,https://truthsocial.com/@realDonaldTrump/116493981794549356,nan
116493939901285486,2026-04-30T08:40:56-05:00,Truth Social,realDonaldTrump,"The Chancellor of Germany should spend more time on ending the war with Russia/Ukraine (Where he has been totally ineffective!), and fixing his broken Country, especially Immigration and Energy, and less time on interfering with those that are getting rid of the Iran Nuclear threat, thereby making the World, including Germany, a safer place! President DJT",24284,5689,False,False,False,56,,,,0,nan,https://truthsocial.com/@realDonaldTrump/116493939901285486,nan
116493885293364425,2026-04-30T08:27:02-05:00,Truth Social,realDonaldTrump,https://  truthsocial.com/@realDonaldTru  mp/116482569681977454,14355,3333,False,False,False,3,,,@realDonaldTru,0,nan,https://truthsocial.com/@realDonaldTrump/116493885293364425,nan
116493880308071365,2026-04-30T08:25:46-05:00,Truth Social,realDonaldTrump,"When is ABC Fake News Network firing seriously unfunny Jimmy Kimmel, who incompetently presides over one of the Lowest Rated shows on Television? People are angry. It better be soon!!! President DJT",23139,5477,False,False,False,32,,,,0,nan,https://truthsocial.com/@realDonaldTrump/116493880308071365,nan
116491559257751897,2026-04-29T22:35:30-05:00,Truth Social,realDonaldTrump,"“86” is a mob term for “kill him.” They say 86 him! 86 47 means “kill President Trump.”James Comey, who is a Dirty Cop, one of the worst, knows this full well! EIGHT MILES OUT, SIX FEET DOWN! Didn’t he also lie to the FBI about this??? I think so! President DJT",35174,9261,False,False,False,52,,,,0,nan,https://truthsocial.com/@realDonaldTrump/116491559257751897,nan
116491469825575424,2026-04-29T22:12:45-05:00,Truth Social,realDonaldTrump,Harvard Harris Poll: Strong Majority back President Trump on Iran Nuclear stoppage.,28242,5642,False,False,False,12,,,,0,nan,https://truthsocial.com/@realDonaldTrump/116491469825575424,nan
116491457397348713,2026-04-29T22:09:36-05:00,Truth Social,realDonaldTrump,https://  truthsocial.com/users/Spiritua  lStreetfighter/statuses/116423375731645658,24064,6738,False,False,False,3,,,,0,nan,https://truthsocial.com/@realDonaldTrump/116491457397348713,nan
116491035609991866,2026-04-29T20:22:20-05:00,Truth Social,realDonaldTrump,https://  truthsocial.com/users/IStandWi  thTrump47/statuses/116423365916813680,23829,5399,False,False,False,3,,,,0,nan,https://truthsocial.com/@realDonaldTrump/116491035609991866,nan
116490493540315586,2026-04-29T18:04:28-05:00,Truth Social,realDonaldTrump,"Robert Hardman has written an amazing book about the incredible life of the beloved and deeply respected Queen Elizabeth II. In his research, Robert discovers many interesting things about the Queen, King Charles, and other members of the Royal Family. Robert's book, ""Elizabeth II: In Private. In Public. Her Story,"" promises to be a MUST READ, and can be purchased on Amazon, and at every major bookstore. Congratulations on what will soon be a Bestseller! President DONALD J. TRUMP   https://www.  amazon.com/Elizabeth-II-Privat  e-Public-Story/dp/B0FXVC6PHH/ref=tmm_hrd_swatch_0",16423,3242,False,False,False,82,,https://www.,,0,nan,https://truthsocial.com/@realDonaldTrump/116490493540315586,nan
116490320065457761,2026-04-29T17:20:21-05:00,Truth Social,realDonaldTrump,"Intel Stock continues to rise. I’m very proud of that Company in that I am responsible for making the United States of America over 30 Billion Dollars in the last 90 days on that stock alone. There are others that, likewise, I have been very successful with by taking pieces of the Equity for support. Congratulations to Intel on doing such a great job and, more importantly, congratulations to the People of the United States for making such a good investment! President DONALD J. TRUMP",24167,4963,False,False,False,85,,,,0,nan,https://truthsocial.com/@realDonaldTrump/116490320065457761,nan
116490221112397902,2026-04-29T16:55:11-05:00,Truth Social,realDonaldTrump,Jerome “Too Late” Powell wants to stay at the Fed because he can’t get a job anywhere else — Nobody wants him. President DONALD J. TRUMP,28627,6344,False,False,False,26,,,,0,nan,https://truthsocial.com/@realDonaldTrump/116490221112397902,nan
116490196510215628,2026-04-29T16:48:56-05:00,Truth Social,realDonaldTrump,"The United States is studying and reviewing the possible reduction of Troops in Germany, with a determination to be made over the next short period of time. Thank you for your attention to this matter! President DONALD J. TRUMP",28238,5998,False,False,False,39,,,,0,nan,https://truthsocial.com/@realDonaldTrump/116490196510215628,nan
116490075773072322,2026-04-29T16:18:14-05:00,Truth Social,realDonaldTrump,"Today's 6-3 Supreme Court decision in the Callais case is a BIG WIN for Equal Protection under the Law, as it returns the Voting Rights Act to its Original Intent, which was to protect against intentional Racial Discrimination. Thank you to brilliant Justice Samuel Alito for authoring this important and appropriate Opinion. Congratulations! President DONALD J. TRUMP",53951,11463,False,False,False,57,,,,0,nan,https://truthsocial.com/@realDonaldTrump/116490075773072322,nan
116486959174837748,2026-04-29T03:05:38-05:00,Truth Social,realDonaldTrump,Iran can’t get their act together. They don’t know how to sign a nonnuclear deal. They better get smart soon! President DJT,43383,9953,False,False,False,22,,,,0,nan,https://truthsocial.com/@realDonaldTrump/116486959174837748,nan
116483733181582907,2026-04-28T13:25:13-05:00,Truth Social,realDonaldTrump,"The Chancellor of Germany, Friedrich Merz, thinks it’s OK for Iran to have a Nuclear Weapon. He doesn’t know what he’s talking about! If Iran had a Nuclear Weapon, the whole World would be held hostage. I am doing something with Iran, right now, that other Nations, or Presidents, should have done long ago. No wonder Germany is doing so poorly, both Economically, and otherwise! President DONALD J. TRUMP",44745,9946,False,False,False,69,,,,0,nan,https://truthsocial.com/@realDonaldTrump/116483733181582907,nan
116483559424106831,2026-04-28T12:41:02-05:00,Truth Social,realDonaldTrump,,27258,5851,False,False,False,0,,,,0,nan,https://truthsocial.com/@realDonaldTrump/116483559424106831,nan
116482569681977454,2026-04-28T08:29:20-05:00,Truth Social,realDonaldTrump,"Iran has just informed us that they are in a “State of Collapse.” They want us to “Open the Hormuz Strait,” as soon as possible, as they try to figure out their leadership situation (Which I believe they will be able to do!). Thank you for your attention to this matter! President DONALD J. TRUMP",56125,11924,False,False,False,55,,,,0,nan,https://truthsocial.com/@realDonaldTrump/116482569681977454,nan
116482505797913052,2026-04-28T08:13:05-05:00,Truth Social,realDonaldTrump,"Wow, that’s nice. I’ve always wanted to live in Buckingham Palace!!! I’ll talk to the King and Queen about this in a few minutes!!! President DJT",29186,6961,False,False,False,26,,,,0,nan,https://truthsocial.com/@realDonaldTrump/116482505797913052,nan
116482210260744436,2026-04-28T06:57:55-05:00,Truth Social,realDonaldTrump,Hate Incorporated: The left's intolerance machine threatens to change security forever:   https://  justthenews.com/government/sec  urity/tuehate-incorporated-lefts-intolerance-machine-threatens-change-security,20905,5368,False,False,False,14,,,,0,nan,https://truthsocial.com/@realDonaldTrump/116482210260744436,nan
116481910110003463,2026-04-28T05:41:36-05:00,Truth Social,realDonaldTrump,,16451,4403,False,False,False,0,,,,0,nan,https://truthsocial.com/@realDonaldTrump/116481910110003463,nan
116481905845926385,2026-04-28T05:40:31-05:00,Truth Social,realDonaldTrump,,14380,3611,False,False,False,0,,,,0,nan,https://truthsocial.com/@realDonaldTrump/116481905845926385,nan
116481901824435078,2026-04-28T05:39:29-05:00,Truth Social,realDonaldTrump,,13118,3253,False,False,False,0,,,,0,nan,https://truthsocial.com/@realDonaldTrump/116481901824435078,nan
116481894340265231,2026-04-28T05:37:35-05:00,Truth Social,realDonaldTrump,,13063,3275,False,False,False,0,,,,0,nan,https://truthsocial.com/@realDonaldTrump/116481894340265231,nan
116479452865634973,2026-04-27T19:16:41-05:00,Truth Social,realDonaldTrump,"America’s Elections are Rigged, Stolen, and a Laughingstock all over the World. We are either going to fix them, or we won’t have a Country any longer. I am asking all Republicans to fight for the following:   SAVE AMERICA ACT!  1. ALL VOTERS MUST SHOW VOTER I.D. (IDENTIFICATION!).  2. ALL VOTERS MUST SHOW PROOF OF CITIZENSHIP IN ORDER TO VOTE.  3. NO MAIL-IN BALLOTS (EXCEPT FOR ILLNESS, DISABILITY, MILITARY, OR TRAVEL!).",47683,14333,False,False,False,71,,,,0,nan,https://truthsocial.com/@realDonaldTrump/116479452865634973,nan
116479450564881147,2026-04-27T19:16:06-05:00,Truth Social,realDonaldTrump,https://www.  usatoday.com/story/graphics/20  24/11/15/how-did-america-vote-2024-election-analysis/76292995007/,21840,5679,False,False,False,3,,https://www.,,0,nan,https://truthsocial.com/@realDonaldTrump/116479450564881147,nan
116478469092308736,2026-04-27T15:06:30-05:00,Truth Social,realDonaldTrump,RT: https://truthsocial.com/users/realDonaldTrump/statuses/116478468387174911,19504,4217,False,False,False,2,,https://truthsocial.com/users/realDonaldTrump/statuses/116478468387174911,,0,nan,https://truthsocial.com/@realDonaldTrump/116478469092308736,nan
116478468387174911,2026-04-27T15:06:19-05:00,Truth Social,realDonaldTrump,RT: https://truthsocial.com/users/realDonaldTrump/statuses/116478466541183406,26851,5797,False,False,False,2,,https://truthsocial.com/users/realDonaldTrump/statuses/116478466541183406,,0,nan,https://truthsocial.com/@realDonaldTrump/116478468387174911,nan
116478466541183406,2026-04-27T15:05:51-05:00,Truth Social,realDonaldTrump,,17707,3495,False,False,False,0,,,,0,nan,https://truthsocial.com/@realDonaldTrump/116478466541183406,nan
116478462755354807,2026-04-27T15:04:53-05:00,Truth Social,realDonaldTrump,Former Governor Roy Cooper made this Tragedy happen. Vote for Michael Whatley!,22389,7024,False,False,False,12,,,,0,nan,https://truthsocial.com/@realDonaldTrump/116478462755354807,nan
116478461999751272,2026-04-27T15:04:41-05:00,Truth Social,realDonaldTrump,,14810,3484,False,False,False,0,,,,0,nan,https://truthsocial.com/@realDonaldTrump/116478461999751272,nan
116478460968847845,2026-04-27T15:04:26-05:00,Truth Social,realDonaldTrump,"RT: https://truthsocial.com/users/realDonaldTrump/statuses/116478459241932393 When this project is finished, it will be fantastic!",20473,4521,False,False,False,11,,https://truthsocial.com/users/realDonaldTrump/statuses/116478459241932393,,0,nan,https://truthsocial.com/@realDonaldTrump/116478460968847845,nan
116478459241932393,2026-04-27T15:03:59-05:00,Truth Social,realDonaldTrump,,13802,2585,False,False,False,0,,,,0,nan,https://truthsocial.com/@realDonaldTrump/116478459241932393,nan
116478194977749312,2026-04-27T13:56:47-05:00,Truth Social,realDonaldTrump,"The Radical Left Democrats have kept DHS shut down since February 14th. Our Great Speaker, Mike Johnson, is working hard to end the Democrat Shut Down, and pass the first step of a plan to get FULL FUNDING for our incredible ICE and Border Patrol Agents. We need all Republicans to join together and support this Budget Blueprint, which will allow us to bypass Democrat obstruction in the Senate, and fund Immigration Enforcement with only Republican Votes. The Senate passed this Blueprint last week on Thursday morning, and now, House Republicans must UNIFY, and pass the same Blueprint to get the Bill done. I’ve asked for the final Bill on my desk by June 1st, and we can make that deadline if we keep to the plan, FAST and FOCUSED. Let’s take care of our Great Agents of Law Enforcement. Thank you for your attention to this matter! President DONALD J. TRUMP",24276,6296,False,False,False,152,,,,0,nan,https://truthsocial.com/@realDonaldTrump/116478194977749312,nan
116477838570626860,2026-04-27T12:26:09-05:00,Truth Social,realDonaldTrump,"Wow, Jimmy Kimmel, who is in no way funny as attested to by his terrible Television Ratings, made a statement on his Show that is really shocking. He showed a fake video of the First Lady, Melania, and our son, Barron, like they were actually sitting in his studio, listening to him speak, which they weren’t, and never would be. He then stated, “Our First Lady, Melania, is here. Look at Melania, so beautiful. Mrs. Trump, you have a glow like an expectant widow."" A day later a lunatic tried entering the ballroom of the White House Correspondents Dinner, loaded up with a shotgun, handgun, and many knives. He was there for a very obvious and sinister reason. I appreciate that so many people are incensed by Kimmel’s despicable call to violence, and normally would not be responsive to anything that he said but, this is something far beyond the pale. Jimmy Kimmel should be immediately fired by Disney and ABC. Thank you for your attention to this matter! President DONALD J. TRUMP",63982,16834,False,False,False,173,,,,0,nan,https://truthsocial.com/@realDonaldTrump/116477838570626860,nan
116474434041424846,2026-04-26T22:00:20-05:00,Truth Social,realDonaldTrump,GREAT IDEA!!! DO IT.  President DJT,55879,12736,False,False,False,6,,,,0,nan,https://truthsocial.com/@realDonaldTrump/116474434041424846,nan
116474402720502063,2026-04-26T21:52:22-05:00,Truth Social,realDonaldTrump,"Lee and Kim Greenwood, two of the most spectacular people, had their first grandchild on April 17th. They were with me from the very beginning - Total loyalty, and Lee gave me the greatest walk on song of all time, nothing even close!!! Congratulations to you both!!! Love, President DJT",39032,6417,False,False,False,50,,,,0,nan,https://truthsocial.com/@realDonaldTrump/116474402720502063,nan
116473845703268740,2026-04-26T19:30:42-05:00,Truth Social,realDonaldTrump,,36766,6510,False,False,False,0,,,,0,nan,https://truthsocial.com/@realDonaldTrump/116473845703268740,nan
116473382808707752,2026-04-26T17:32:59-05:00,Truth Social,realDonaldTrump,RT   @ realDonaldTrump   I will be interviewed on 60 Minutes tonight at 7 P.M. EST — CBS Television Network. Enjoy! President DONALD J. TRUMP,1,0,False,False,False,24,,,,0,nan,https://truthsocial.com/@realDonaldTrump/116473382808707752,nan
116473381652573189,2026-04-26T17:32:42-05:00,Truth Social,realDonaldTrump,Trump push to restrain birthright citizenship gets ammo from unlikely source: liberal polling group:   https://  justthenews.com/politics-polic  y/all-things-trump/trump-push-restrain-birthright-citizenship-gets-ammo-unlikely,21685,5116,False,False,False,17,,,,0,nan,https://truthsocial.com/@realDonaldTrump/116473381652573189,nan
116472726275191719,2026-04-26T14:46:01-05:00,Truth Social,realDonaldTrump,I will be interviewed on 60 Minutes tonight at 7 P.M. EST — CBS Television Network. Enjoy! President DONALD J. TRUMP,33353,6072,False,False,False,21,,,,0,nan,https://truthsocial.com/@realDonaldTrump/116472726275191719,nan
116471074928310119,2026-04-26T07:46:04-05:00,Truth Social,realDonaldTrump,"What happened last night is exactly the reason that our great Military, Secret Service, Law Enforcement and, for different reasons, every President for the last 150 years, have been DEMANDING that a large, safe, and secure Ballroom be built ON THE GROUNDS OF THE WHITE HOUSE. This event would never have happened with the Militarily Top Secret Ballroom currently under construction at the White House. It cannot be built fast enough! While beautiful, it has every highest level security feature there is plus, there are no rooms sitting on top for unsecured people to pour in, and is inside the gates of the most secure building in the World, The White House. The ridiculous Ballroom lawsuit, brought by a woman walking her dog, who has absolutely No Standing to bring such a suit, must be dropped, immediately. Nothing should be allowed to interfere with with its construction, which is on budget and substantially ahead of schedule!!! Thank you for your attention to this matter. President DONALD J. TRUMP",52989,12568,False,False,False,168,,,,0,nan,https://truthsocial.com/@realDonaldTrump/116471074928310119,nan
116468652963767750,2026-04-25T21:30:08-05:00,Truth Social,realDonaldTrump,,46938,12042,False,False,False,0,,,,0,nan,https://truthsocial.com/@realDonaldTrump/116468652963767750,nan
116468652052256305,2026-04-25T21:29:54-05:00,Truth Social,realDonaldTrump,,33172,7194,False,False,False,0,,,,0,nan,https://truthsocial.com/@realDonaldTrump/116468652052256305,nan
116468650367386223,2026-04-25T21:29:28-05:00,Truth Social,realDonaldTrump,,32103,9435,False,False,False,0,,,,0,nan,https://truthsocial.com/@realDonaldTrump/116468650367386223,nan
116468441221231506,2026-04-25T20:36:17-05:00,Truth Social,realDonaldTrump,"Law Enforcement has requested that we leave the premises, consistent with protocol, which we will do, immediately. I will be giving a press conference in 30 minutes from the White House Press Briefing Room. The First Lady, plus the Vice President, and all Cabinet members, are in perfect condition. We will be speaking to you in a half an hour. I have spoken with all the representatives in charge of the event, and we will be rescheduling within 30 days. President DONALD J. TRUMP",75326,14489,False,False,False,84,,,,0,nan,https://truthsocial.com/@realDonaldTrump/116468441221231506,nan
116468367583052130,2026-04-25T20:17:33-05:00,Truth Social,realDonaldTrump,"Quite an evening in D.C. Secret Service and Law Enforcement did a fantastic job. They acted quickly and bravely. The shooter has been apprehended, and I have recommended that we “LET THE SHOW GO ON” but, will entirely be guided by Law Enforcement. They will make a decision shortly. Regardless of that decision, the evening will be much different than planned, and we’ll just, plain, have to do it again. President DONALD J. TRUMP",56242,11556,False,False,False,74,,,,0,nan,https://truthsocial.com/@realDonaldTrump/116468367583052130,nan
116467189750648826,2026-04-25T15:18:01-05:00,Truth Social,realDonaldTrump,"Once again, The Failing New York Times has attempted to grossly mischaracterize what should be hailed as the restoration of Beauty and Grandeur to our Nation’s Capital as something else completely. Lafayette Park, across the street from the White House, had been left in disarray after decades of neglect and lack of maintenance. The fountains didn’t work, the grass and trees had died, the walking paths and benches were almost unusable. Also, because of security threats caused by rioters and protestors ripping up the stone pavers, and throwing them at our brave men and women from the Secret Service and Law Enforcement, my Administration decided to rebuild and beautify the Park. I made a multimillion contribution to the effort, and got others to do the same, but was not in charge of handing out the contract. That was done by the National Parks Service, and they gave it to the largest and most respected Construction Firm, for many years, in D.C., Clark Construction — A greatly respected firm, by far, the biggest in D.C. Not only did we add brand new fountains, but we completely beautified the Park, adding a new irrigation system, sod, trees, park benches, and more. It’s turning out magnificent, under budget, and way ahead of schedule! We want to have it complete by July 4th. Once again, people will come to the front door of the White House by walking through a magnificent Park befitting these Hollowed Grounds, not a dead, dirty, rusting, and very dangerous place like it was before we got involved. In fact, D.C. itself is now a safe and bustling place again. The Crime Numbers are the best they’ve had in Recorded History. The New York Times should congratulate us, instead of trying to make us look bad. We look forward to continuing to MAKE WASHINGTON, D.C. GREAT AGAIN, and want to thank Clark Construction, the Department of Interior, and the National Parks Service on A JOB WELL DONE! President DONALD J. TRUMP",38523,8282,False,False,False,331,,,,0,nan,https://truthsocial.com/@realDonaldTrump/116467189750648826,nan
116466723361470977,2026-04-25T13:19:24-05:00,Truth Social,realDonaldTrump,"I just cancelled the trip of my representatives going to Islamabad, Pakistan, to meet with the Iranians. Too much time wasted on traveling, too much work! Besides which, there is tremendous infighting and confusion within their “leadership.” Nobody knows who is in charge, including them. Also, we have all the cards, they have none! If they want to talk, all they have to do is call!!! President DONALD J. TRUMP",37528,7561,False,False,False,70,,,,0,nan,https://truthsocial.com/@realDonaldTrump/116466723361470977,nan
116466187198141340,2026-04-25T11:03:03-05:00,Truth Social,realDonaldTrump,"Not passing the SAVE AMERICA ACT will lead to the the worst results for a political party in the HISTORY of the United States Senate. An Unrecoverable Death Wish!!! Likewise, the FILIBUSTER - TERMINATE IT NOW!!! President DONALD J. TRUMP",41010,11363,False,False,False,40,,,,0,nan,https://truthsocial.com/@realDonaldTrump/116466187198141340,nan
116465549353948113,2026-04-25T08:20:50-05:00,Truth Social,realDonaldTrump,,34755,7517,False,False,False,0,,,,0,nan,https://truthsocial.com/@realDonaldTrump/116465549353948113,nan
116461998031415884,2026-04-24T17:17:41-05:00,Truth Social,realDonaldTrump,RT: https://truthsocial.com/users/realDonaldTrump/statuses/116461727359731405,34252,7144,False,False,False,2,,https://truthsocial.com/users/realDonaldTrump/statuses/116461727359731405,,0,nan,https://truthsocial.com/@realDonaldTrump/116461998031415884,nan
116461907614781054,2026-04-24T16:54:42-05:00,Truth Social,realDonaldTrump,"RT   @ realDonaldTrump   The first time Lafayette Park Fountains, opposite the White House, have worked in decades. My Great Honor to have funded this project (and many others!), and helped. President DONALD J. TRUMP",1,0,False,False,False,34,,,,0,nan,https://truthsocial.com/@realDonaldTrump/116461907614781054,nan
116461907413801229,2026-04-24T16:54:39-05:00,Truth Social,realDonaldTrump,"RT   @ realDonaldTrump   This is the Reflecting Pool at The Lincoln Memorial. Two thousand five hundred feet, the length of the tallest Building in the World. Starting the final phase of Renovation that was supposed to cost 301 Million Dollars, and take three years, and was instead done, with the help of Secretary of the Interior Doug Burgum, and his entire Department, and a much better final result – 2 Million Dollars in one week! I do many such things for Government and, as President, it is my Honor to do so. This is just one of them. Another, and one far more exciting, is Most Favored Nations for Prescription Drugs, where the United States paid the highest price in the World, and now they are paying the lowest, with a drop of 50, 60, 70, and even 80%! President DONALD J. TRUMP",1,0,False,False,False,143,,,,0,nan,https://truthsocial.com/@realDonaldTrump/116461907413801229,nan
116461888951176964,2026-04-24T16:49:57-05:00,Truth Social,realDonaldTrump,"Hakeem “High Tax” Jeffries is a Low IQ individual who is not smart enough to be “running” the Democrat Party, and certainly not smart enough to be involved in running the United States of America. It’s people like this who almost destroyed our Nation with their High Tax, Open Border Policies. In the future, Hakeem, a fine American name, will forever be known as HIGH TAX!",27717,7126,False,False,False,66,,,,0,nan,https://truthsocial.com/@realDonaldTrump/116461888951176964,nan
116461858227528789,2026-04-24T16:42:08-05:00,Truth Social,realDonaldTrump,"Candace Owens’ stock, which was never very high, has fallen a long way. Her attack on the First Lady of France is despicable. I believe, in this case, without verification, she is an extremely Low IQ individual!",22377,5400,False,False,False,37,,,,0,nan,https://truthsocial.com/@realDonaldTrump/116461858227528789,nan
116461762059093125,2026-04-24T16:17:41-05:00,Truth Social,realDonaldTrump,"The first time Lafayette Park Fountains, opposite the White House, have worked in decades. My Great Honor to have funded this project (and many others!), and helped. President DONALD J. TRUMP",43290,9146,False,False,False,31,,,,0,nan,https://truthsocial.com/@realDonaldTrump/116461762059093125,nan
116461727359731405,2026-04-24T16:08:51-05:00,Truth Social,realDonaldTrump,"This is the Reflecting Pool at The Lincoln Memorial. Two thousand five hundred feet, the length of the tallest Building in the World. Starting the final phase of Renovation that was supposed to cost 301 Million Dollars, and take three years, and was instead done, with the help of Secretary of the Interior Doug Burgum, and his entire Department, and a much better final result – 2 Million Dollars in one week! I do many such things for Government and, as President, it is my Honor to do so. This is just one of them. Another, and one far more exciting, is Most Favored Nations for Prescription Drugs, where the United States paid the highest price in the World, and now they are paying the lowest, with a drop of 50, 60, 70, and even 80%! President DONALD J. TRUMP",37172,7563,False,False,False,140,,,,0,nan,https://truthsocial.com/@realDonaldTrump/116461727359731405,nan
116461251395384536,2026-04-24T14:07:48-05:00,Truth Social,realDonaldTrump,"People and Companies that have taken advantage of our Country for decades, because of the horrible and ridiculous United States Supreme Court decision on Tariffs, are now supposed to be given back 159 Billion Dollars. All they had to do was one little half sentence, “that the United States does not have to pay back monies that were already paid” — and our Country would be 159 Billion Dollars richer. That’s more than most Countries are worth! Think of it — Just one half sentence, and we would have saved 159 Billion Dollars. Couldn’t they have done that for our Nation? President DONALD J. TRUMP",25085,6755,False,False,False,105,,,,0,nan,https://truthsocial.com/@realDonaldTrump/116461251395384536,nan
116460723071984462,2026-04-24T11:53:27-05:00,Truth Social,realDonaldTrump,RT   @ realDonaldTrump,1,0,False,False,False,3,,,,0,nan,https://truthsocial.com/@realDonaldTrump/116460723071984462,nan
116459464443597925,2026-04-24T06:33:22-05:00,Truth Social,realDonaldTrump,Trump push to restrain birthright citizenship gets ammo from unlikely source: liberal polling group:   https://  justthenews.com/politics-polic  y/all-things-trump/trump-push-restrain-birthright-citizenship-gets-ammo-unlikely,21349,5552,False,False,False,17,,,,0,nan,https://truthsocial.com/@realDonaldTrump/116459464443597925,nan
116459463235747487,2026-04-24T06:33:03-05:00,Truth Social,realDonaldTrump,Report: Leftist SPLC’s Former Head Margaret Huang Weaponized Group Against Conservatives:   https://www.  breitbart.com/politics/2026/04  /23/report-leftist-splcs-former-head-margaret-huang-weaponized-group-against-conservatives/,16705,5693,False,False,False,14,,https://www.,,0,nan,https://truthsocial.com/@realDonaldTrump/116459463235747487,nan
116458331768962924,2026-04-24T01:45:19-05:00,Truth Social,realDonaldTrump,"Schweizer Exclusive: Walls Are Closing In on Birth Tourism Industry, But We Must Act Now Episode 392 - 4/23/26:   https://  web.breitbart.com/videos/schwe  izer-exclusive-walls-are-closing-in-on-birth-tourism-industry-but-we-must-act-now",18713,4860,False,False,False,22,,,,0,nan,https://truthsocial.com/@realDonaldTrump/116458331768962924,nan
116458329742658852,2026-04-24T01:44:48-05:00,Truth Social,realDonaldTrump,RT: https://truthsocial.com/users/realDonaldTrump/statuses/116458328588094795   https://  x.com/elonmusk/status/20472247  80374610091?s=10,19631,6002,False,False,False,5,,https://truthsocial.com/users/realDonaldTrump/statuses/116458328588094795,,0,nan,https://truthsocial.com/@realDonaldTrump/116458329742658852,nan
116458328588094795,2026-04-24T01:44:30-05:00,Truth Social,realDonaldTrump,,14279,3432,False,False,False,0,,,,0,nan,https://truthsocial.com/@realDonaldTrump/116458328588094795,nan
116458327255007454,2026-04-24T01:44:10-05:00,Truth Social,realDonaldTrump,,17776,5577,False,False,False,0,,,,0,nan,https://truthsocial.com/@realDonaldTrump/116458327255007454,nan
116458325640305213,2026-04-24T01:43:45-05:00,Truth Social,realDonaldTrump,,23816,7244,False,False,False,0,,,,0,nan,https://truthsocial.com/@realDonaldTrump/116458325640305213,nan
116457972455781406,2026-04-24T00:13:56-05:00,Truth Social,realDonaldTrump,"The Southern Poverty Law Center, one of the greatest political scams in American History, has been charged with FRAUD. This is another Democrat Hoax, along with Act Blue, and many others. If it is true, the 2020 Presidential Election should be permanently wiped from the books and be of no further force or effect! Thank you for your attention to this matter. President DJT",26849,7725,False,False,False,64,,,,0,nan,https://truthsocial.com/@realDonaldTrump/116457972455781406,nan
116457796297442684,2026-04-23T23:29:08-05:00,Truth Social,realDonaldTrump,,25440,7337,False,False,False,0,,,,0,nan,https://truthsocial.com/@realDonaldTrump/116457796297442684,nan
116457792791951924,2026-04-23T23:28:14-05:00,Truth Social,realDonaldTrump,,22395,6544,False,False,False,0,,,,0,nan,https://truthsocial.com/@realDonaldTrump/116457792791951924,nan
116457791902483604,2026-04-23T23:28:01-05:00,Truth Social,realDonaldTrump,,21223,5854,False,False,False,0,,,,0,nan,https://truthsocial.com/@realDonaldTrump/116457791902483604,nan
116457789709036829,2026-04-23T23:27:27-05:00,Truth Social,realDonaldTrump,RT: https://truthsocial.com/users/realDonaldTrump/statuses/116457788834581503,18685,6217,False,False,False,2,,https://truthsocial.com/users/realDonaldTrump/statuses/116457788834581503,,0,nan,https://truthsocial.com/@realDonaldTrump/116457789709036829,nan
116457788834581503,2026-04-23T23:27:14-05:00,Truth Social,realDonaldTrump,,13552,3600,False,False,False,0,,,,0,nan,https://truthsocial.com/@realDonaldTrump/116457788834581503,nan
116457770297154205,2026-04-23T23:22:31-05:00,Truth Social,realDonaldTrump,RT: https://truthsocial.com/users/realDonaldTrump/statuses/116457769351723599,15616,4230,False,False,False,2,,https://truthsocial.com/users/realDonaldTrump/statuses/116457769351723599,,0,nan,https://truthsocial.com/@realDonaldTrump/116457770297154205,nan
116457769351723599,2026-04-23T23:22:17-05:00,Truth Social,realDonaldTrump,,13169,3723,False,False,False,0,,,,0,nan,https://truthsocial.com/@realDonaldTrump/116457769351723599,nan
116457768187860591,2026-04-23T23:21:59-05:00,Truth Social,realDonaldTrump,,9656,2221,False,False,False,0,,,,0,nan,https://truthsocial.com/@realDonaldTrump/116457768187860591,nan
116457759429935034,2026-04-23T23:19:45-05:00,Truth Social,realDonaldTrump,RT: https://truthsocial.com/users/realDonaldTrump/statuses/116446310089816543,16583,6026,False,False,False,2,,https://truthsocial.com/users/realDonaldTrump/statuses/116446310089816543,,0,nan,https://truthsocial.com/@realDonaldTrump/116457759429935034,nan
116457756634688413,2026-04-23T23:19:03-05:00,Truth Social,realDonaldTrump,Great Patriots!!! President DJT,11446,2735,False,False,False,4,,,,0,nan,https://truthsocial.com/@realDonaldTrump/116457756634688413,nan
116457753768206600,2026-04-23T23:18:19-05:00,Truth Social,realDonaldTrump,Cryin’ Chuck Schumer should resign over this. He won’t be missed! President DJT,14938,4557,False,False,False,13,,,,0,nan,https://truthsocial.com/@realDonaldTrump/116457753768206600,nan
116457698503699594,2026-04-23T23:04:16-05:00,Truth Social,realDonaldTrump,Trump admin live updates: Prez announces Israel-Lebanon cease-fire extended by 3 weeks:   https://  nypost.com/2026/04/20/us-news/  trump-admin-live-updates-april-20-21-22-23-24/,10347,2444,False,False,False,15,,,,0,nan,https://truthsocial.com/@realDonaldTrump/116457698503699594,nan
116456468852658900,2026-04-23T17:51:33-05:00,Truth Social,realDonaldTrump,"It was my Great Honor to meet with the Mayor of Los Angeles, Karen Bass, Fifth District Supervisor Kathryn Barger (Los Angeles County Board of Supervisors), and the Supervisor’s Chief of Staff, Anna Mouradian, to discuss the progress made on the horrific fires that ravaged Los Angeles, and the surrounding area. Since my strong action and statements with respect to Insurance Companies, and the way they were treating the Home Owners, that aspect of this Disaster has proceeded well — Big progress has been made, and those Companies are “stepping up to the plate,” as they should be. The Banks, however, have a long way to go, and we will be looking into their actions, effective immediately. Wells Fargo, in particular, has been very difficult to deal with. The Banks must treat those people, who so horribly lost their Homes in this tragic fire, very fairly and well. I will be working with the Mayor, Supervisor, and everyone else to help this tragic situation go smoothly. In particular, I want to thank our Great EPA Administrator, Lee Zeldin, for the incredible speed with which he has already accomplished his very complex Environmental work. Thank you for your attention to this matter! President DONALD J. TRUMP",15308,3766,False,False,False,205,,,,0,nan,https://truthsocial.com/@realDonaldTrump/116456468852658900,nan
116456358242090182,2026-04-23T17:23:25-05:00,Truth Social,realDonaldTrump,I LOVE TRUTH SOCIAL! President DONALD J. TRUMP,24703,5124,False,False,False,8,,,,0,nan,https://truthsocial.com/@realDonaldTrump/116456358242090182,nan
116456354024090916,2026-04-23T17:22:21-05:00,Truth Social,realDonaldTrump,"In December, I signed a very important Executive Order calling for Research and Innovation for Hemp-derived CBD — Something that has made a HUGE difference for so many people. In fact, ONE in FIVE adults used it in the past year, and many say it improved their chronic pain enormously. Our wonderful Dr. Mehmet Oz moved fast to follow the directive in the Executive Order, and launched a model for some Seniors earlier this month. But more must be done! I am calling on Congress to update the Law to ensure that Americans can continue to access the full-spectrum CBD products they have come to rely on, and that help them, while preserving Congress's intent to restrict the sale of products that pose Health risks. We must get this done RIGHT and FAST, especially for those who saw that CBD helps them. Plus, I am told it will also help our GREAT FARMERS, who we love, and will always be there for. Please get it done, and SOON. Thank you for your attention to this matter! President DONALD J. TRUMP",16013,3970,False,False,False,180,,,,0,nan,https://truthsocial.com/@realDonaldTrump/116456354024090916,nan
116456113408853958,2026-04-23T16:21:09-05:00,Truth Social,realDonaldTrump,"The President of the United States, DONALD J. TRUMP, Vice President of the United States, JD Vance, Secretary of State, Marco Rubio, Ambassador to Israel, Mike Huckabee, and Ambassador to Lebanon, Michel Issa, met today with High Ranking Representatives of Israel and Lebanon in the Oval Office. The Meeting went very well! The United States is going to work with Lebanon in order to help it protect itself from Hezbollah. The Ceasefire between Israel and Lebanon will be extended by THREE WEEKS. I look forward in the near future to hosting the Prime Minister of Israel, Bibi Netanyahu, and the President of Lebanon, Joseph Aoun. It was a Great Honor to be a participant at this very Historic Meeting! President DONALD J. TRUMP",19172,4610,False,False,False,123,,,,0,nan,https://truthsocial.com/@realDonaldTrump/116456113408853958,nan
116455604892115486,2026-04-23T14:11:50-05:00,Truth Social,realDonaldTrump,,29935,7672,False,False,False,0,,,,0,nan,https://truthsocial.com/@realDonaldTrump/116455604892115486,nan
116455405423651208,2026-04-23T13:21:06-05:00,Truth Social,realDonaldTrump,"For those people, fewer in number now than ever before, that are reading The Failing New York Times, or watching Fake News CNN, that think that I am “anxious” to end the War (if you would even call it that!) with Iran, please be advised that I am possibly the least pressured person ever to be in this position. I have all the time in the World, but Iran doesn’t — The clock is ticking! The reason some of the Media is doing so poorly with Subscribers and Viewers is because they no longer have credibility. Iran’s Navy is lying at the bottom of the Sea, their Air Force is demolished, their Anti Aircraft and Radar Weaponry is gone, their leaders are no longer with us, the Blockade is airtight and strong and, from there, it only gets worse — Time is not on their side! A Deal will only be made when it’s appropriate and good for the United States of America, our Allies and, in fact, the rest of the World. President DONALD J. TRUMP",21690,5425,False,False,False,177,,,,0,nan,https://truthsocial.com/@realDonaldTrump/116455405423651208,nan
116455187676369886,2026-04-23T12:25:43-05:00,Truth Social,realDonaldTrump,"John Phelan is a long time friend, and very successful businessman, who did an outstanding job serving as my Secretary Of The Navy for the last year. John helped my Administration rebuild Sleepy Joe Biden’s rapidly depleted, and almost abandoned, Navy. Now, because of John, and all of the Great Men and Women lovingly and tirelessly involved, we have the strongest Navy in the World — BY FAR! John Phelan is smart, tough, and respected by all, and although he has decided to move on from his position as Secretary Of The Navy, I very much appreciate the job that he has done, and would certainly like to have him back within the Trump Administration sometime in the future. A very special thank you to John for his service to the United States of America! President DONALD J. TRUMP",17952,3996,False,False,False,139,,,,0,nan,https://truthsocial.com/@realDonaldTrump/116455187676369886,nan
116455074765622801,2026-04-23T11:57:01-05:00,Truth Social,realDonaldTrump,RT: https://truthsocial.com/users/realDonaldTrump/statuses/116455073673687636,12548,3198,False,False,False,2,,https://truthsocial.com/users/realDonaldTrump/statuses/116455073673687636,,0,nan,https://truthsocial.com/@realDonaldTrump/116455074765622801,nan
116455073673687636,2026-04-23T11:56:44-05:00,Truth Social,realDonaldTrump,,8909,1881,False,False,False,0,,,,0,nan,https://truthsocial.com/@realDonaldTrump/116455073673687636,nan
116454478250206122,2026-04-23T09:25:19-05:00,Truth Social,realDonaldTrump,"Wow! Cryin’ Chuck Schumer just said, for the whole World to hear, that “NOBODY RESPECTS BORDER PATROL OR ICE.” That is one of the most egregious, incorrect, unpatriotic, and dangerous statements I have EVER heard from a “professional” politician. HE MUST IMMEDIATELY APOLOGIZE TO THESE GREAT PATRIOTS, AND I MEAN NOW! President DONALD J. TRUMP",30219,8720,False,False,False,55,,,,0,nan,https://truthsocial.com/@realDonaldTrump/116454478250206122,nan
116454250724920799,2026-04-23T08:27:27-05:00,Truth Social,realDonaldTrump,Very true!!! President DJT  Marc Thiessen: Trump doesn’t need a deal to get what he wants from Iran:   https://www.  washingtonpost.com/opinions/20  26/04/22/trump-best-move-iran-negotiations/,18652,4138,False,False,False,21,,https://www.,,0,nan,https://truthsocial.com/@realDonaldTrump/116454250724920799,nan
116454200707517482,2026-04-23T08:14:44-05:00,Truth Social,realDonaldTrump,"Iran is having a very hard time figuring out who their leader is! They just don’t know! The infighting is between the “Hardliners,” who have been losing BADLY on the battlefield, and the “Moderates,” who are not very moderate at all (but gaining respect!), is CRAZY! We have total control over the Strait of Hormuz. No ship can enter or leave without the approval of the United States Navy. It is “Sealed up Tight,” until such time as Iran is able to make a DEAL!!! Thank you for your attention to this matter. President DONALD J. TRUMP",40723,8911,False,False,False,97,,,,0,nan,https://truthsocial.com/@realDonaldTrump/116454200707517482,nan
116454087460626531,2026-04-23T07:45:56-05:00,Truth Social,realDonaldTrump,"I have ordered the United States Navy to shoot and kill any boat, small boats though they may be (Their naval ships are ALL, 159 of them, at the bottom of the sea!), that is putting mines in the waters of the Strait of Hormuz. There is to be no hesitation. Additionally, our mine “sweepers” are clearing the Strait right now. I am hereby ordering that activity to continue, but at a tripled up level! Thank you for your attention to this matter. President DONALD J. TRUMP",26262,6424,False,False,False,87,,,,0,nan,https://truthsocial.com/@realDonaldTrump/116454087460626531,nan
116454085728043553,2026-04-23T07:45:29-05:00,Truth Social,realDonaldTrump,RT: https://truthsocial.com/users/realDonaldTrump/statuses/116454084432361586,14946,3785,False,False,False,2,,https://truthsocial.com/users/realDonaldTrump/statuses/116454084432361586,,0,nan,https://truthsocial.com/@realDonaldTrump/116454085728043553,nan
116454084432361586,2026-04-23T07:45:09-05:00,Truth Social,realDonaldTrump,,10150,2203,False,False,False,0,,,,0,nan,https://truthsocial.com/@realDonaldTrump/116454084432361586,nan
116451794319444191,2026-04-22T22:02:45-05:00,Truth Social,realDonaldTrump,Trump says Iran won’t execute 8 women after he demanded their release:   https://  nypost.com/2026/04/22/us-news/  trump-says-iran-wont-execute-8-women-after-he-pleaded-for-their-release/,21132,4905,False,False,False,15,,,,0,nan,https://truthsocial.com/@realDonaldTrump/116451794319444191,nan
116451791676032346,2026-04-22T22:02:05-05:00,Truth Social,realDonaldTrump,Norm Eisen is a major Sleazebag. You don’t get much lower than him!!!,17596,5740,False,False,False,13,,,,0,nan,https://truthsocial.com/@realDonaldTrump/116451791676032346,nan
116451790242657015,2026-04-22T22:01:43-05:00,Truth Social,realDonaldTrump,,12473,3198,False,False,False,0,,,,0,nan,https://truthsocial.com/@realDonaldTrump/116451790242657015,nan
116451783206320481,2026-04-22T21:59:55-05:00,Truth Social,realDonaldTrump,"DAVE BOSSIE: At Trump’s War Department, The Arsenal Of Freedom Roars Again:   https://  dailycaller.com/2026/03/14/opi  nion-at-trumps-war-department-the-arsenal-of-freedom-roars-again-dave-bossie/",13851,3370,False,False,False,15,,,,0,nan,https://truthsocial.com/@realDonaldTrump/116451783206320481,nan
116451781911005042,2026-04-22T21:59:36-05:00,Truth Social,realDonaldTrump,DAVE BOSSIE: Senate Republicans Must Stand Tall And Pass SAVE America Act:   https://  dailycaller.com/2026/02/14/opi  nion-senate-republicans-must-stand-tall-and-pass-the-save-america-act-dave-bosie-opinion/,16863,4737,False,False,False,15,,,,0,nan,https://truthsocial.com/@realDonaldTrump/116451781911005042,nan
116451779493321892,2026-04-22T21:58:59-05:00,Truth Social,realDonaldTrump,Federal government must step up for election integrity:   https://www.  washingtontimes.com/news/2026/  jan/27/federal-government-must-step-election-integrity/,15426,4274,False,False,False,11,,https://www.,,0,nan,https://truthsocial.com/@realDonaldTrump/116451779493321892,nan
116451778358145321,2026-04-22T21:58:41-05:00,Truth Social,realDonaldTrump,"DAVE BOSSIE: One Year Since Taking Office, Trump Is Decimating Failed DC Status Quo:   https://  dailycaller.com/2026/01/18/opi  nion-one-year-since-taking-office-trump-is-decimating-failed-dc-status-quo-dave-bossie/",13270,3121,False,False,False,17,,,,0,nan,https://truthsocial.com/@realDonaldTrump/116451778358145321,nan
116450605050795046,2026-04-22T17:00:18-05:00,Truth Social,realDonaldTrump,RT: https://truthsocial.com/users/realDonaldTrump/statuses/116450600815188099,17178,5731,False,False,False,2,,https://truthsocial.com/users/realDonaldTrump/statuses/116450600815188099,,0,nan,https://truthsocial.com/@realDonaldTrump/116450605050795046,nan
116450600815188099,2026-04-22T16:59:14-05:00,Truth Social,realDonaldTrump,,11224,2913,False,False,False,0,,,,0,nan,https://truthsocial.com/@realDonaldTrump/116450600815188099,nan
116449943298064625,2026-04-22T14:12:01-05:00,Truth Social,realDonaldTrump,"Mollie Hemingway, an extraordinarily talented writer, highly respected commentator, and a truly good person, has written a powerful new book, “Alito: The Justice Who Reshaped the Supreme Court and Restored the Constitution.” Justice Alito understands the Wisdom and Courage required to Uphold the Rule of Law, and Honor our Constitution, as our Founders intended. He is an incredible Justice, and will go down as one of the best, EVER! Everyone would do well to read this book, and learn from his example. Get your copy today:   https://  a.co/d/00SMqkvt",19846,5108,False,False,False,88,,,,0,nan,https://truthsocial.com/@realDonaldTrump/116449943298064625,nan
116449875545717304,2026-04-22T13:54:47-05:00,Truth Social,realDonaldTrump,“YOU CAN’T COMPROMISE ON SANITY AND COMMON SENSE!”,25110,5798,False,False,False,8,,,,0,nan,https://truthsocial.com/@realDonaldTrump/116449875545717304,nan
116449863099320049,2026-04-22T13:51:37-05:00,Truth Social,realDonaldTrump,Exclusive—‘Breaking the Law’: Exposé Reveals Biden White House Orchestrated Lawfare Against Trump to Rig 2024 Election:   https://www.  breitbart.com/politics/2025/08  /04/exclusive-breaking-the-law-expose-reveals-biden-white-house-orchestrated-lawfare-against-trump-to-rig-2024-election/,18773,5887,False,False,False,19,,https://www.,,0,nan,https://truthsocial.com/@realDonaldTrump/116449863099320049,nan
116449861947664236,2026-04-22T13:51:19-05:00,Truth Social,realDonaldTrump,,15620,5138,False,False,False,0,,,,0,nan,https://truthsocial.com/@realDonaldTrump/116449861947664236,nan
116449851372799866,2026-04-22T13:48:38-05:00,Truth Social,realDonaldTrump,Producer Behind BBC’s Donald Trump Film Was Kept In Dark About Editing Error:   https://  deadline.com/2025/11/bbc-donal  d-trump-saga-october-films-kept-in-dark-1236613974/,11313,3159,False,False,False,16,,,,0,nan,https://truthsocial.com/@realDonaldTrump/116449851372799866,nan
116449588860876736,2026-04-22T12:41:52-05:00,Truth Social,realDonaldTrump,"Senate Majority Leader John Thune, and Senator Lindsey Graham, have taken a critical first step to passing another Reconciliation Bill to fund our Great Border Patrol and ICE Agents. The Radical Left Democrats, and their so-called “Leader,” Cryin’ Chuck Schumer, one of the most incompetent Senators in American History, will try to offer “Amendments” during this process to divide Republicans. Republicans must stick together and UNIFY to get this done, and to keep America safe — something which the Democrats don’t care about. Thank you for your attention to this matter. MAKE AMERICA GREAT AGAIN! President DONALD J. TRUMP",19800,4995,False,False,False,99,,,,0,nan,https://truthsocial.com/@realDonaldTrump/116449588860876736,nan
116449559745815736,2026-04-22T12:34:28-05:00,Truth Social,realDonaldTrump,"A RIGGED ELECTION TOOK PLACE LAST NIGHT IN THE GREAT COMMONWEALTH OF VIRGINIA! All day long Republicans were winning, the Spirit was unbelievable, until the very end when, of course, there was a massive “Mail In Ballot Drop!” Where have I heard that before — And the Democrats eked out another Crooked Victory! Six to five goes to ten to one, and yet the Presidential Election in November was very close to a 50-50 split. In addition to everything else, the language on the Referendum was purposefully unintelligible and deceptive. As everyone knows, I am an extraordinarily brilliant person, and even I had no idea what the hell they were talking about in the Referendum, and neither do they! Let’s see if the Courts will fix this travesty of “Justice.” President DONALD J. TRUMP",42518,12171,False,False,False,134,,,,0,nan,https://truthsocial.com/@realDonaldTrump/116449559745815736,nan
116449429763121963,2026-04-22T12:01:25-05:00,Truth Social,realDonaldTrump,"RT: https://truthsocial.com/users/realDonaldTrump/statuses/116442908819175250 Very good news! I have just been informed that the eight women protestors who were going to be executed tonight in Iran will no longer be killed. Four will be released immediately, and four will be sentenced to one month in prison. I very much appreciate that Iran, and its leaders, respected my request, as President of the United States, and terminated the planned execution. Thank you for your attention to this matter! President DONALD J. TRUMP",24221,6597,False,False,False,79,,https://truthsocial.com/users/realDonaldTrump/statuses/116442908819175250,,0,nan,https://truthsocial.com/@realDonaldTrump/116449429763121963,nan
116449106781093966,2026-04-22T10:39:16-05:00,Truth Social,realDonaldTrump,RT: https://truthsocial.com/users/realDonaldTrump/statuses/116449097739614343,12465,2997,False,False,False,2,,https://truthsocial.com/users/realDonaldTrump/statuses/116449097739614343,,0,nan,https://truthsocial.com/@realDonaldTrump/116449106781093966,nan
116449097739614343,2026-04-22T10:36:59-05:00,Truth Social,realDonaldTrump,Last Season of my Apprentice Juggernaut!,10656,2221,False,False,False,6,,,,0,nan,https://truthsocial.com/@realDonaldTrump/116449097739614343,nan
116449089632063189,2026-04-22T10:34:55-05:00,Truth Social,realDonaldTrump,MORNING GLORY: Will President Trump go full Sherman in the war on Iran?   https://www.  foxnews.com/opinion/morning-gl  ory-president-trump-go-full-sherman-war-iran,11731,2934,False,False,False,16,,https://www.,,0,nan,https://truthsocial.com/@realDonaldTrump/116449089632063189,nan
116449087766053163,2026-04-22T10:34:26-05:00,Truth Social,realDonaldTrump,Time for the grown-ups to pull the plug on Mamdani’s fiscal fantasies:   https://  nypost.com/2026/03/19/opinion/  time-for-the-grown-ups-to-halt-mamdanis-fiscal-fantasies/,14666,3797,False,False,False,15,,,,0,nan,https://truthsocial.com/@realDonaldTrump/116449087766053163,nan
116448643198694972,2026-04-22T08:41:23-05:00,Truth Social,realDonaldTrump,"How can the Democrats not like how the U.S. Supreme Court votes. The Democrat Justices stick together like glue, NEVER failing to wander from the warped and perverse policies, ideas, and cases put before them. They ALWAYS vote as a group, or BLOCK, even that new, Low IQ person, that somehow found her way to the bench (Sleepy Joe!). The Republican Justices don’t stick together, they give the Democrats win after win, like a 159 Billion Dollar pile of cash on a completely ridiculous Tariff decision, and nasty, one sided questions on the  country destroying subject of Birthright Citizenship, something which virtually NO OTHER COUNTRY IN THE WORLD IS STUPID ENOUGH TO ALLOW. It was meant for the babies of slaves, not for the babies of Chinese Billionaires. No, certain “Republican” Justices have just gone weak, stupid, and bad, completely violating what they “supposedly” stood for. Handing over 159 Billion Dollars in Tariff refunds to people who have been Ripping Off our Country for years, is unexplainable. One little sentence would have stoped this record setting payment  from having to be made. It is a travesty! Their Tariff decision was an unnecessary and expensive slap in the face to the U.S.A., and a giant victory for its opponents. If they rule against our Country on Birthright Citizenship, which they probably will, it will be even worse, if that’s possible. It will cost America massive amounts of money but, more importantly, it will cost America its DIGNITY! No, the Radical Left Democrats don’t need to “Pack the Court,” it’s already Packed! President DONALD J. TRUMP",21633,6361,False,False,False,264,,,,0,nan,https://truthsocial.com/@realDonaldTrump/116448643198694972,nan
116447797219146012,2026-04-22T05:06:14-05:00,Truth Social,realDonaldTrump,RT: https://truthsocial.com/users/realDonaldTrump/statuses/116447790396994341,19303,5619,False,False,False,2,,https://truthsocial.com/users/realDonaldTrump/statuses/116447790396994341,,0,nan,https://truthsocial.com/@realDonaldTrump/116447797219146012,nan
116447790396994341,2026-04-22T05:04:30-05:00,Truth Social,realDonaldTrump,,13317,3043,False,False,False,0,,,,0,nan,https://truthsocial.com/@realDonaldTrump/116447790396994341,nan
116447782392372172,2026-04-22T05:02:28-05:00,Truth Social,realDonaldTrump,RT: https://truthsocial.com/users/realDonaldTrump/statuses/116447780917933451,16865,5055,False,False,False,2,,https://truthsocial.com/users/realDonaldTrump/statuses/116447780917933451,,0,nan,https://truthsocial.com/@realDonaldTrump/116447782392372172,nan
116447780917933451,2026-04-22T05:02:05-05:00,Truth Social,realDonaldTrump,,11636,2799,False,False,False,0,,,,0,nan,https://truthsocial.com/@realDonaldTrump/116447780917933451,nan
116446362429862966,2026-04-21T23:01:21-05:00,Truth Social,realDonaldTrump,RT   @ realDonaldTrump   Iran is collapsing financially! They want the Strait of Hormuz opened immediately- Starving for cash! Losing 500 Million Dollars a day. Military and Police complaining that they are not getting paid. SOS!!!,2,0,False,False,False,35,,,,0,nan,https://truthsocial.com/@realDonaldTrump/116446362429862966,nan
116446361617264811,2026-04-21T23:01:09-05:00,Truth Social,realDonaldTrump,Great job of explaining USA “winning” by Jim Hanson of “Middle East Forum” on Jesse Watters Primetime!,17232,4488,False,False,False,17,,,,0,nan,https://truthsocial.com/@realDonaldTrump/116446361617264811,nan
116446360871879482,2026-04-21T23:00:57-05:00,Truth Social,realDonaldTrump,,11932,3628,False,False,False,0,,,,0,nan,https://truthsocial.com/@realDonaldTrump/116446360871879482,nan
116446335551982968,2026-04-21T22:54:31-05:00,Truth Social,realDonaldTrump,RT: https://truthsocial.com/users/realDonaldTrump/statuses/116446334841894274,18168,5417,False,False,False,2,,https://truthsocial.com/users/realDonaldTrump/statuses/116446334841894274,,0,nan,https://truthsocial.com/@realDonaldTrump/116446335551982968,nan
116446334841894274,2026-04-21T22:54:20-05:00,Truth Social,realDonaldTrump,,13414,3236,False,False,False,0,,,,0,nan,https://truthsocial.com/@realDonaldTrump/116446334841894274,nan
116446330315917700,2026-04-21T22:53:11-05:00,Truth Social,realDonaldTrump,RT: https://truthsocial.com/users/realDonaldTrump/statuses/116446328769135923,18490,6575,False,False,False,2,,https://truthsocial.com/users/realDonaldTrump/statuses/116446328769135923,,0,nan,https://truthsocial.com/@realDonaldTrump/116446330315917700,nan
116446328769135923,2026-04-21T22:52:47-05:00,Truth Social,realDonaldTrump,,12045,3204,False,False,False,0,,,,0,nan,https://truthsocial.com/@realDonaldTrump/116446328769135923,nan
116446317258178323,2026-04-21T22:49:52-05:00,Truth Social,realDonaldTrump,RT: https://truthsocial.com/users/realDonaldTrump/statuses/116446316208872381,14401,4209,False,False,False,2,,https://truthsocial.com/users/realDonaldTrump/statuses/116446316208872381,,0,nan,https://truthsocial.com/@realDonaldTrump/116446317258178323,nan
116446316208872381,2026-04-21T22:49:36-05:00,Truth Social,realDonaldTrump,,10556,2664,False,False,False,0,,,,0,nan,https://truthsocial.com/@realDonaldTrump/116446316208872381,nan
116446310089816543,2026-04-21T22:48:02-05:00,Truth Social,realDonaldTrump,,15963,5896,False,False,False,0,,,,0,nan,https://truthsocial.com/@realDonaldTrump/116446310089816543,nan
116446283085364326,2026-04-21T22:41:10-05:00,Truth Social,realDonaldTrump,Iran is collapsing financially! They want the Strait of Hormuz opened immediately- Starving for cash! Losing 500 Million Dollars a day. Military and Police complaining that they are not getting paid. SOS!!!,25734,5962,False,False,False,32,,,,0,nan,https://truthsocial.com/@realDonaldTrump/116446283085364326,nan
116446193585410965,2026-04-21T22:18:25-05:00,Truth Social,realDonaldTrump,Federal grand jury charges Southern Poverty Law Center with fraud over hate ratings:   https://  justthenews.com/nation/crime/j  ustice-department-launches-criminal-investigation-against-southern-poverty-law-center,11203,3142,False,False,False,16,,,,0,nan,https://truthsocial.com/@realDonaldTrump/116446193585410965,nan
116446191940811375,2026-04-21T22:17:59-05:00,Truth Social,realDonaldTrump,"US intel secretly flagged major 2020 election vulnerabilities, including voter data, memo:   https://  justthenews.com/politics-polic  y/elections/us-intel-flagged-major-2020-election-vulnerabilities-including-voter",10615,3228,False,False,False,15,,,,0,nan,https://truthsocial.com/@realDonaldTrump/116446191940811375,nan
116446189168001047,2026-04-21T22:17:17-05:00,Truth Social,realDonaldTrump,Terrible!   https://  justthenews.com/accountability  /whistleblowers/ided-witness-2-helped-ukraine-whistleblower-worked-strzok-wrote-2016,9112,2784,False,False,False,4,,,,0,nan,https://truthsocial.com/@realDonaldTrump/116446189168001047,nan
116445894900653474,2026-04-21T21:02:27-05:00,Truth Social,realDonaldTrump,Salena Zito: Trump has a way with Pennsylvania. This interview shows why.   https://www.  washingtonpost.com/opinions/20  25/11/19/trump-interview-pennsylvania-steel-tariffs/,9215,2273,False,False,False,15,,https://www.,,0,nan,https://truthsocial.com/@realDonaldTrump/116445894900653474,nan
116445555373723862,2026-04-21T19:36:06-05:00,Truth Social,realDonaldTrump,"Iran doesn’t want the Strait of Hormuz closed, they want it open so they can make $500 Million Dollars a day (which is, therefore, what they are losing if it is closed!). They only say they want it closed because I have it totally BLOCKADED (CLOSED!), so they merely want to “save face.” People approached me four days ago, saying, “Sir, Iran wants to open up the Strait, immediately.” But if we do that, there can never be a Deal with Iran, unless we blow up the rest of their Country, their leaders included! President DONALD J. TRUMP",19311,4960,False,False,False,98,,,,0,nan,https://truthsocial.com/@realDonaldTrump/116445555373723862,nan
116445354771430027,2026-04-21T18:45:05-05:00,Truth Social,realDonaldTrump,"Wacko James Carville, a so-called Democrat “strategist,” wants the Democrats to make D.C. and Puerto Rico States and, most importantly, pack the Supreme Court, putting 13 Justices on the Court. Other Dems want 21 Justices. If they pull off adding these two States, these Country Destroying Sleazebags will dominate politics in America, if we even have a Nation left, for 100 years (TERMINATE THE FILIBUSTER!). They are already doing great with the Supreme Court, however. The Democrat Justices stick together like glue, totally loyal to the people and ideology that got them there. They are an immovable force, and there is nothing that can be done to change that. Frankly, I respect that, a lot! Certain Republican Appointees let the Democrats push them around, always wanting to be popular, politically correct, or even worse, wanting to show how “independent” they are, with very little loyalty to the man who appointed them or, more importantly, the ideology from which they came to be Nominated and Confirmed. Everyone knows that, as an example, Birthright Citizenship, which is Unconditional and Absent from any other developed or successful Country, is a disaster for the United States of America. No Country can be successful with such an anchor wrapped firmly around its neck but, based on the questioning by Republican Nominated Justices that I watched firsthand in the Court, we lose. As another example, if the Supreme Court put in one sentence stating that any money paid in Tariffs to the United States of America, to this point, does not have to be returned (to many people who hate our Country!), they would have saved American Taxpayers a minimum of $159 Billion Dollars. All they had to do was read the Dissent, written by Justice Kavanaugh, it was a close call, it wasn’t a 9-0 decision — What a difference it would have made for our Country. I put certain people on the United States Supreme Court who totally misrepresented who they were, and the true ideology for which they stand! President DONALD J. TRUMP",19065,5680,False,False,False,340,,,,0,nan,https://truthsocial.com/@realDonaldTrump/116445354771430027,nan
116445317344745621,2026-04-21T18:35:34-05:00,Truth Social,realDonaldTrump,"THE WALL STREET JOURNAL HAS LOST ITS WAY!  An IDIOT on The Wall Street Journal’s Editorial Board, named Elliot Kaufman, just wrote an Op Ed entitled, “The Iranians Take Trump for a Sucker.” Really? For 47 years, they have killed our people, and many others, and taken advantage of every President, except me — And what did I give to them, a Country in tatters! Their entire Navy is at the bottom of the Sea, their Air Force is gone, their Anti Aircraft and Radar is wiped out, their Nuclear Labs and Storage Areas were OBLITERATED late one dark June evening by our Great B-2 Bombers, their leaders are DEAD, including General Soleimani, their evil genius who destroyed the lives of so many with his favored roadside bombs, the Strait of Hormuz is BLOCKADED and totally controlled by the U.S., with no Ships allowed to go to Iranian Ports — It is said that they are losing 500 Million Dollars a day because of this — Their Country is an Economic Catastrophe, that is hanging by a thread. Barack Hussein Obama gave them 1.7 Billion Dollars in “Green” Cash, flown in by a Boeing 757 to their leaders, and Hundreds of Billions of Dollars in order to help them on their way to a Nuclear Bomb. Other Presidents did nothing to stop them, a BLIGHT on the Office of the Presidency! But despite all of this, I have a MORON on the Editorial Board of The Wall Street Journal writing about me being taken for a “sucker.” Iran certainly doesn’t think so! Neither does anyone else. I guess Rupert Murdoch told him to write it this way, because The Wall Street Journal has lost its way, no longer required reading, just another failing political “RAG!” President DONALD J. TRUMP",17159,4561,False,False,False,299,,,,0,nan,https://truthsocial.com/@realDonaldTrump/116445317344745621,nan
116445165496999724,2026-04-21T17:56:57-05:00,Truth Social,realDonaldTrump,"My Administration just delivered a BIG WIN for the Great Commonwealth of Pennsylvania, which I love, and WON by the largest margin in History. Based on this, the Commerce Department worked with Governor Josh Shapiro, who has now agreed to keep open TWO BEAUTIFUL, CLEAN COAL PLANTS in Indiana and Armstrong Counties. Radical Left Lunatics wanted to get rid of these wonderful Plants in favor of WIND FARMS, which kill the birds, and are both costly and ineffective. We will never allow that to happen! Thankfully, we struck a deal to guarantee these Plants will not be “retired.” I WILL ALWAYS FIGHT FOR THE FANTASTIC PEOPLE OF PENNSYLVANIA! President DONALD J. TRUMP",18480,4533,False,False,False,112,,,,0,nan,https://truthsocial.com/@realDonaldTrump/116445165496999724,nan
116444507618729432,2026-04-21T15:09:39-05:00,Truth Social,realDonaldTrump,"STATEMENT OF PRESIDENT DONALD J. TRUMP:  Based on the fact that the Government of Iran is seriously fractured, not unexpectedly so and, upon the request of Field Marshal Asim Munir, and Prime Minister Shehbaz Sharif, of Pakistan, we have been asked to hold our Attack on the Country of Iran until such time as their leaders and representatives can come up with a unified proposal. I have therefore directed our Military to continue the Blockade and, in all other respects, remain ready and able, and will therefore extend the Ceasefire until such time as their proposal is submitted, and discussions are concluded, one way or the other. President DONALD J. TRUMP",45222,10110,False,False,False,111,,,,0,nan,https://truthsocial.com/@realDonaldTrump/116444507618729432,nan
116443819653096454,2026-04-21T12:14:41-05:00,Truth Social,realDonaldTrump,"It is my Great Honor to endorse America First Patriot, Anthony Constantino, who is running to represent the fantastic people of New York’s 21st Congressional District. Anthony is strongly supported by many of the most Highly Respected MAGA Warriors in our Movement, including Mayor Rudy Giuliani and Roger Stone! Anthony has been such a Great Supporter that he actually put up a somewhat “controversial” sign, against strong opposition, in my honor. The sign is still there!  A Successful Entrepreneur, Businessman, and Professional Boxer, before running for Congress, Anthony is a Proven Leader who has dedicated his life to serving his Community. In Congress, Anthony will fight tirelessly to Grow the Economy, Cut Taxes and Regulations, Promote MADE IN THE U.S.A., Champion American Energy DOMINANCE, Keep our Border SECURE, Stop Migrant Crime, Ensure LAW AND ORDER, Strengthen our Military/Veterans, Safeguard our Elections, and Defend our always under siege Second Amendment.  Anthony Constantino has my Complete and Total Endorsement to be the next Representative from New York’s 21st Congressional District — HE IS A GREAT GUY WHO WILL NEVER LET YOU DOWN!",16737,3923,False,False,False,180,,,,0,nan,https://truthsocial.com/@realDonaldTrump/116443819653096454,nan
116443610885264454,2026-04-21T11:21:36-05:00,Truth Social,realDonaldTrump,"My friend, Congresswoman Elise Stefanik, of New York, has written a new book, ""POISONED IVIES: The Inside Account of the Academic and Moral Rot at America’s Elite Universities."" There is nobody more qualified to speak on this important subject than Elise, who totally exposed the Crooked Former Presidents of Harvard, UPenn, and MIT, in a Congressional Hearing that was seen and heard around the World. Elise is strong, smart, and tough. Order her book today:   https://www.  amazon.com/dp/1668087537/ref=c  m_sw_r_as_gl_api_gl_i_F1HP3EQ4PA3662DXX9QF?linkCode=ml1&tag=elisestefanik-20&linkId=5c58a09e0bbc53374caf5377b4c777d3",18109,4478,False,False,False,78,,https://www.,,0,nan,https://truthsocial.com/@realDonaldTrump/116443610885264454,nan
116443610204575272,2026-04-21T11:21:25-05:00,Truth Social,realDonaldTrump,,12441,2518,False,False,False,0,,,,0,nan,https://truthsocial.com/@realDonaldTrump/116443610204575272,nan
116442964943642737,2026-04-21T08:37:19-05:00,Truth Social,realDonaldTrump,"Never allow the Traitor Democrats like Low IQ person Hakeem Jeffries, or Cryin’ Chuck Schumer, or the totally corrupt Fake News Media such as the phony and decaying Wall Street Journal, the Failing New York Times (Subscriptions way down!), or dying “60 Minutes,” to demean or criticize Operation Midnight Hammer, which totally obliterated the Nuclear Dust locations to the point where bloodthirsty Iran has been unable to get to it, or dig it out. Space Force has cameras on every inch of the 3 sites that were so brilliantly hit last June! Thank you for your attention to this matter! President DJT",26627,6647,False,False,False,102,,,,0,nan,https://truthsocial.com/@realDonaldTrump/116442964943642737,nan
116442908819175250,2026-04-21T08:23:03-05:00,Truth Social,realDonaldTrump,"To the Iranian leaders, who will soon be in negotiations with my representatives: I would greatly appreciate the release of these women. I am sure that they will respect the fact that you did so. Please do them no harm! Would be a great start to our negotiations!!! Thank you for your attention to this matter. President DONALD J. TRUMP",27783,9659,False,False,False,60,,,,0,nan,https://truthsocial.com/@realDonaldTrump/116442908819175250,nan
116442383515973098,2026-04-21T06:09:28-05:00,Truth Social,realDonaldTrump,Iran has Violated the Cease Fire numerous times!,25627,5985,False,False,False,8,,,,0,nan,https://truthsocial.com/@realDonaldTrump/116442383515973098,nan
116442307914306085,2026-04-21T05:50:14-05:00,Truth Social,realDonaldTrump,"VIRGINIA, VOTE “NO”TO SAVE YOUR COUNTRY!",26752,7153,False,False,False,6,,,,0,nan,https://truthsocial.com/@realDonaldTrump/116442307914306085,nan
116442276577696798,2026-04-21T05:42:16-05:00,Truth Social,realDonaldTrump,"I have always been a big fan of Tim Cook, and likewise, Steve Jobs, but if Steve was not taken from the Planet Earth so young, and ran the company instead of Tim, the company would have done well, but nowhere near as well as it has under Tim. For me it began with a phone call from Tim at the beginning of my First Term. He had a fairly large problem that only I, as President, could fix. Most people would have paid millions of dollars to a consultant, who I probably would not have known, but who would say that he knew me well. The fees would be paid but the job would not have gotten done. When I got the call I said, wow, it’s Tim Apple (Cook!) calling, how big is that? I was very impressed with myself to have the head of Apple calling to “kiss my ass.” Anyway, he explained his problem, a tough one it was, I felt he was right and got it taken care of, quickly and effectively. That was the beginning of a long and very nice relationship. During my five years as President, Tim would call me, but never too much, and I would help him where I could. Years latter, after 3 or 4 BIG HELPS,  I started to say to people, anyone who would listen, that this guy is an amazing manager and leader. He makes these calls to me, I help him out (but not always, because he will, on occasion, be too aggressive in his ask!), and he gets the job done, QUICKLY, without a dime being given to those very expensive (millions of dollars!) consultants around town who sometimes get it done, and sometimes don’t. Anyway, Tim Cook had an AMAZING career, almost incomparable, and will go on and continue to do great work for Apple, and whatever else he chooses to work on. Quite simply, Tim Cook is an incredible guy!!! President DONALD J. TRUMP",30972,5794,False,False,False,332,,,,0,nan,https://truthsocial.com/@realDonaldTrump/116442276577696798,nan
116440547673226976,2026-04-20T22:22:35-05:00,Truth Social,realDonaldTrump,"Operation Midnight Hammer was a complete and total obliteration of the Nuclear Dust sites in Iran. Therefore, digging it out will be a long and difficult process. Fake News CNN, and other corrupt Media Networks and Platforms, fail to give our great aviators the credit they deserve - Always trying to demean and belittle - LOSERS!!!",29780,6631,False,False,False,56,,,,0,nan,https://truthsocial.com/@realDonaldTrump/116440547673226976,nan
116440475208030352,2026-04-20T22:04:09-05:00,Truth Social,realDonaldTrump,"Prime Minister Keir Starmer of the United Kingdom acknowledged that he “exercised wrong judgement” when he chose his Ambassador to Washington. I agree, he was a really bad pick. Plenty of time to recover, however! President DJT",23407,4679,False,False,False,37,,,,0,nan,https://truthsocial.com/@realDonaldTrump/116440475208030352,nan
116440126689763629,2026-04-20T20:35:31-05:00,Truth Social,realDonaldTrump,Trump’s historic rating with seniors boosted by tax deductions:   https://  justthenews.com/government/whi  te-house/trumps-historic-high-rating-seniors-sweetened-tax-deductions,19247,4186,False,False,False,12,,,,0,nan,https://truthsocial.com/@realDonaldTrump/116440126689763629,nan
116440125310523388,2026-04-20T20:35:10-05:00,Truth Social,realDonaldTrump,Trump Economy: Retail sales and housing suggest a resilient consumer:   https://  justthenews.com/nation/states/  center-square/everyday-economics-retail-sales-and-housing-suggest-resilient-consumer,15469,3289,False,False,False,13,,,,0,nan,https://truthsocial.com/@realDonaldTrump/116440125310523388,nan
116440123694064271,2026-04-20T20:34:45-05:00,Truth Social,realDonaldTrump,Treason!!! President DJT   https://  justthenews.com/accountability  /political-ethics/democrats-ukraine-narrative-has-gone-reverse-gop-seeks-expunge,18073,4792,False,False,False,6,,,,0,nan,https://truthsocial.com/@realDonaldTrump/116440123694064271,nan
116440120057142433,2026-04-20T20:33:50-05:00,Truth Social,realDonaldTrump,"Thank you to Senator Rick Scott. Hopefully, Justice will finally prevail!!! President DJT   https://  justthenews.com/accountability  /political-ethics/sen-rick-scott-introduces-legislation-repudiate-2019-trump",18338,4435,False,False,False,16,,,,0,nan,https://truthsocial.com/@realDonaldTrump/116440120057142433,nan
116438578505730644,2026-04-20T14:01:48-05:00,Truth Social,realDonaldTrump,"RT   @ realDonaldTrump   The Iranian leadership has forced hundreds of Ships toward the United States, mostly Texas, Louisiana, and Alaska, to get their Oil — Thank you very much! President DONALD J. TRUMP",1,0,False,False,False,33,,,,0,nan,https://truthsocial.com/@realDonaldTrump/116438578505730644,nan
116438577686057718,2026-04-20T14:01:35-05:00,Truth Social,realDonaldTrump,"RT   @ realDonaldTrump   I’m winning a War, BY A LOT, things are going very well, our Military has been amazing and, if you read the Fake News, like The Failing New York Times, the absolutely horrendous and disgusting Wall Street Journal, or the now almost defunct, fortunately, Washington Post, you would actually think we are losing the War. The enemy is confused, because they get these same Media “reports,” and yet they realize their Navy has been completely wiped out, their Air Force has gone onto darker runways, they have no Anti Missile or Anti Airplane Equipment, their former leaders are mostly gone (This has been, in addition to everything else, Regime Change!), and perhaps, most important of all, THE BLOCKADE, which we will not take off until there is a “DEAL,” is absolutely destroying Iran. They are losing $500 Million Dollars a day, an unsustainable number, even in the short run. The Anti-America Fake News Media is rooting for Iran to win, but it’s not going to happen, because I’m in charge! Just like these unpatriotic people used every ounce of their limited strength to fight me in the Election, they continue to do so with Iran. The result will be the same — It already is! President DONALD J. TRUMP",1,0,False,False,False,212,,,,0,nan,https://truthsocial.com/@realDonaldTrump/116438577686057718,nan
116438577531873145,2026-04-20T14:01:33-05:00,Truth Social,realDonaldTrump,"RT   @ realDonaldTrump   The Democrats are doing everything possible to hurt the very strong position we are in with respect to Iran. Despite World War I lasting 4 years, 3 months, and 14 days, World War II lasting 6 years and 1 day, the Korean War lasting 3 years, 1 month, and 2 days, the Vietnam War lasting 19 years, 5 months, and 29 days, and Iraq lasting 8 years, 8 months, and 28 days, they like to say that I promised 6 weeks to defeat Iran, and actually, from the Military standpoint, it was far faster than that, but I’m not going to let them rush the United States into making a Deal that is not as good as it could have been. I read the Fake News saying that I am under “pressure” to make a Deal. THIS IS NOT TRUE! I am under no pressure whatsoever, although, it will all happen, relatively quickly! Time is not my adversary, the only thing that matters is that we finally, after 47 years, straighten out the MESS that other Presidents let happen because they didn’t have the Courage or Foresight to do what had to be done with respect to Iran. We’re in it, and it will be done RIGHT, and we won’t let the Weak and Pathetic Democrats, TRAITORS ALL, who for years have been talking about the Dangers of Iran, and that something has to be done, but now, since I’m the one doing it, belittle the accomplishments of our Military and the Trump Administration. This is being perfectly executed, on the scale of Venezuela, just a bigger, more complex operation. The result will be the same. In my First Term, I built the Greatest Military our Country has ever seen, including adding Space Force. In my Second Term, I am properly and judiciously using our Military to solve problems left to us by others of far less understanding or competence. MAKE AMERICA GREAT AGAIN! President DONALD J. TRUMP",1,0,False,False,False,331,,,,0,nan,https://truthsocial.com/@realDonaldTrump/116438577531873145,nan
116438577360067480,2026-04-20T14:01:30-05:00,Truth Social,realDonaldTrump,"RT   @ realDonaldTrump   The DEAL that we are making with Iran will be FAR BETTER than the JCPOA, commonly referred to as “The Iran Nuclear Deal,” penned by Barack Hussein Obama and Sleepy Joe Biden, one of the Worst Deals ever made having to do with the Security of our Country. It was a guaranteed Road to a Nuclear Weapon, which will not, and cannot, happen with the Deal we’re working on. They actually gave $1.7 Billion Dollars in “GREEN” Cash, loaded into a Boeing 757, and flown to Iran for Iranian leadership to spend anyway they saw fit. He emptied out all of the Cash from Banks in D.C., Virginia, and Maryland. Those Bankers said they’ve never seen anything like it before. In addition, Hundreds of Billions of Dollars was paid to Iran. If I did not terminate that “Deal,” Nuclear Weapons would have been used on Israel, and all over the Middle East, including our cherished U.S. Military Bases. The Fake News, like Lightweight Washington Post “Journalist” David Ignatius, loves to talk about the JCPOA, knowing that it was DANGEROUS, and a Complete Embarrassment to our Country. If a Deal happens under “TRUMP,” it will guarantee Peace, Security, and Safety, not only for Israel and the Middle East, but for Europe, America, and everywhere else. It will be something that the entire World will be proud of, instead of the years of Embarrassment and Humiliation that we have been forced to suffer due to incompetent and cowardly leadership! President DONALD J. TRUMP",1,0,False,False,False,254,,,,0,nan,https://truthsocial.com/@realDonaldTrump/116438577360067480,nan
116438576363006337,2026-04-20T14:01:15-05:00,Truth Social,realDonaldTrump,,15403,3062,False,False,False,0,,,,0,nan,https://truthsocial.com/@realDonaldTrump/116438576363006337,nan
116438575354486441,2026-04-20T14:01:00-05:00,Truth Social,realDonaldTrump,,15146,2908,False,False,False,0,,,,0,nan,https://truthsocial.com/@realDonaldTrump/116438575354486441,nan
116438574503451483,2026-04-20T14:00:47-05:00,Truth Social,realDonaldTrump,,14619,2802,False,False,False,0,,,,0,nan,https://truthsocial.com/@realDonaldTrump/116438574503451483,nan
116438448094769480,2026-04-20T13:28:38-05:00,Truth Social,realDonaldTrump,"The Iranian leadership has forced hundreds of Ships toward the United States, mostly Texas, Louisiana, and Alaska, to get their Oil — Thank you very much! President DONALD J. TRUMP",37016,7879,False,False,False,30,,,,0,nan,https://truthsocial.com/@realDonaldTrump/116438448094769480,nan
116438381520104888,2026-04-20T13:11:42-05:00,Truth Social,realDonaldTrump,"I’m winning a War, BY A LOT, things are going very well, our Military has been amazing and, if you read the Fake News, like The Failing New York Times, the absolutely horrendous and disgusting Wall Street Journal, or the now almost defunct, fortunately, Washington Post, you would actually think we are losing the War. The enemy is confused, because they get these same Media “reports,” and yet they realize their Navy has been completely wiped out, their Air Force has gone onto darker runways, they have no Anti Missile or Anti Airplane Equipment, their former leaders are mostly gone (This has been, in addition to everything else, Regime Change!), and perhaps, most important of all, THE BLOCKADE, which we will not take off until there is a “DEAL,” is absolutely destroying Iran. They are losing $500 Million Dollars a day, an unsustainable number, even in the short run. The Anti-America Fake News Media is rooting for Iran to win, but it’s not going to happen, because I’m in charge! Just like these unpatriotic people used every ounce of their limited strength to fight me in the Election, they continue to do so with Iran. The result will be the same — It already is! President DONALD J. TRUMP",52171,11684,False,False,False,209,,,,0,nan,https://truthsocial.com/@realDonaldTrump/116438381520104888,nan
116438260195246849,2026-04-20T12:40:51-05:00,Truth Social,realDonaldTrump,"The Democrats are doing everything possible to hurt the very strong position we are in with respect to Iran. Despite World War I lasting 4 years, 3 months, and 14 days, World War II lasting 6 years and 1 day, the Korean War lasting 3 years, 1 month, and 2 days, the Vietnam War lasting 19 years, 5 months, and 29 days, and Iraq lasting 8 years, 8 months, and 28 days, they like to say that I promised 6 weeks to defeat Iran, and actually, from the Military standpoint, it was far faster than that, but I’m not going to let them rush the United States into making a Deal that is not as good as it could have been. I read the Fake News saying that I am under “pressure” to make a Deal. THIS IS NOT TRUE! I am under no pressure whatsoever, although, it will all happen, relatively quickly! Time is not my adversary, the only thing that matters is that we finally, after 47 years, straighten out the MESS that other Presidents let happen because they didn’t have the Courage or Foresight to do what had to be done with respect to Iran. We’re in it, and it will be done RIGHT, and we won’t let the Weak and Pathetic Democrats, TRAITORS ALL, who for years have been talking about the Dangers of Iran, and that something has to be done, but now, since I’m the one doing it, belittle the accomplishments of our Military and the Trump Administration. This is being perfectly executed, on the scale of Venezuela, just a bigger, more complex operation. The result will be the same. In my First Term, I built the Greatest Military our Country has ever seen, including adding Space Force. In my Second Term, I am properly and judiciously using our Military to solve problems left to us by others of far less understanding or competence. MAKE AMERICA GREAT AGAIN! President DONALD J. TRUMP",30017,7625,False,False,False,328,,,,0,nan,https://truthsocial.com/@realDonaldTrump/116438260195246849,nan
116438239629407600,2026-04-20T12:35:37-05:00,Truth Social,realDonaldTrump,"The DEAL that we are making with Iran will be FAR BETTER than the JCPOA, commonly referred to as “The Iran Nuclear Deal,” penned by Barack Hussein Obama and Sleepy Joe Biden, one of the Worst Deals ever made having to do with the Security of our Country. It was a guaranteed Road to a Nuclear Weapon, which will not, and cannot, happen with the Deal we’re working on. They actually gave $1.7 Billion Dollars in “GREEN” Cash, loaded into a Boeing 757, and flown to Iran for Iranian leadership to spend anyway they saw fit. He emptied out all of the Cash from Banks in D.C., Virginia, and Maryland. Those Bankers said they’ve never seen anything like it before. In addition, Hundreds of Billions of Dollars was paid to Iran. If I did not terminate that “Deal,” Nuclear Weapons would have been used on Israel, and all over the Middle East, including our cherished U.S. Military Bases. The Fake News, like Lightweight Washington Post “Journalist” David Ignatius, loves to talk about the JCPOA, knowing that it was DANGEROUS, and a Complete Embarrassment to our Country. If a Deal happens under “TRUMP,” it will guarantee Peace, Security, and Safety, not only for Israel and the Middle East, but for Europe, America, and everywhere else. It will be something that the entire World will be proud of, instead of the years of Embarrassment and Humiliation that we have been forced to suffer due to incompetent and cowardly leadership! President DONALD J. TRUMP",24114,6073,False,False,False,251,,,,0,nan,https://truthsocial.com/@realDonaldTrump/116438239629407600,nan
116437457191403164,2026-04-20T09:16:38-05:00,Truth Social,realDonaldTrump,"Israel never talked me into the war with Iran, the results of Oct. 7th, added to my lifelong opinion that IRAN CAN NEVER HAVE A NUCLEAR WEAPON, did. I watch and read the FAKE NEWS Pundits and Polls in total disbelief. 90% of what they say are lies and made up stories, and the polls are rigged, much as the 2020 Presidential Election was rigged. Just like the results in Venezuela, which the media doesn’t like talking about, the results in Iran will be amazing - And if Iran’s new leaders (Regime Change!) are smart, Iran can have a great and prosperous future! President DJT",40163,9246,False,False,False,105,,,,0,nan,https://truthsocial.com/@realDonaldTrump/116437457191403164,nan
116436865777263574,2026-04-20T06:46:13-05:00,Truth Social,realDonaldTrump,Trump Economy: Retail sales and housing suggest a resilient consumer:   https://  justthenews.com/nation/states/  center-square/everyday-economics-retail-sales-and-housing-suggest-resilient-consumer,13828,3244,False,False,False,13,,,,0,nan,https://truthsocial.com/@realDonaldTrump/116436865777263574,nan
116434776225677515,2026-04-19T21:54:49-05:00,Truth Social,realDonaldTrump,Ruddy: Trump Already Won the War With 9 Victories:   https://www.  newsmax.com/ruddy/ruddy-donald  -trump-iran/2026/04/16/id/1253115/,19974,4649,False,False,False,12,,https://www.,,0,nan,https://truthsocial.com/@realDonaldTrump/116434776225677515,nan
116434773211303526,2026-04-19T21:54:03-05:00,Truth Social,realDonaldTrump,McLaughlin Poll: Voters Back Trump on Iran:   https://www.  newsmax.com/mclaughlin/midterm  -republican-voters/2026/04/17/id/1253286/,20085,4506,False,False,False,10,,https://www.,,0,nan,https://truthsocial.com/@realDonaldTrump/116434773211303526,nan
116433972349508843,2026-04-19T18:30:23-05:00,Truth Social,realDonaldTrump,https://  x.com/americafirsst/status/204  5609944037077104?s=46,23150,6199,False,False,False,3,,,,0,nan,https://truthsocial.com/@realDonaldTrump/116433972349508843,nan
116433035427727878,2026-04-19T14:32:07-05:00,Truth Social,realDonaldTrump,How the White House drew a new battle plan to take on the Washington press corps:   https://www.  washingtontimes.com/news/2025/  dec/26/white-house-drew-new-battle-plan-take-washington-press-corps/,20622,4708,False,False,False,19,,https://www.,,0,nan,https://truthsocial.com/@realDonaldTrump/116433035427727878,nan
116433033991904343,2026-04-19T14:31:45-05:00,Truth Social,realDonaldTrump,"Tariffs Are a Discipline, Not a Press Release:   https://www.  wsj.com/opinion/tariffs-are-a-  discipline-not-a-press-release-4022e09e",19061,4298,False,False,False,11,,https://www.,,0,nan,https://truthsocial.com/@realDonaldTrump/116433033991904343,nan
116433033114293290,2026-04-19T14:31:32-05:00,Truth Social,realDonaldTrump,Vance’s Anti-Fraud Task Force Hits Ground Running with Collection of Wins:   https://www.  breitbart.com/politics/2026/04  /03/vances-anti-fraud-task-force-hits-ground-running-with-collection-of-wins/,22088,5126,False,False,False,14,,https://www.,,0,nan,https://truthsocial.com/@realDonaldTrump/116433033114293290,nan
116433000897070863,2026-04-19T14:23:20-05:00,Truth Social,realDonaldTrump,"Today, an Iranian-flagged cargo ship named TOUSKA, nearly 900 feet long and weighing almost as much as an aircraft carrier, tried to get past our Naval Blockade, and it did not go well for them. The U.S. Navy Guided Missile Destroyer USS SPRUANCE intercepted the TOUSKA in the Gulf of Oman, and gave them fair warning to stop. The Iranian crew refused to listen, so our Navy ship stopped them right in their tracks by blowing a hole in the engineroom. Right now, U.S. Marines have custody of the vessel. The TOUSKA is under U.S. Treasury Sanctions because of their prior history of illegal activity. We have full custody of the ship, and are seeing what’s on board! President DONALD J. TRUMP",37965,9139,False,False,False,122,,,,0,nan,https://truthsocial.com/@realDonaldTrump/116433000897070863,nan
116432861817731743,2026-04-19T13:47:58-05:00,Truth Social,realDonaldTrump,Why The Supreme Court Must Strike Down Birthright Citizenship:   https://  paulingrassia.substack.com/p/w  hy-the-supreme-court-must-strike,22644,6302,False,False,False,12,,,,0,nan,https://truthsocial.com/@realDonaldTrump/116432861817731743,nan
116432860421226752,2026-04-19T13:47:37-05:00,Truth Social,realDonaldTrump,McLaughlin Poll: Voters Back Trump on Iran:   https://www.  newsmax.com/mclaughlin/midterm  -republican-voters/2026/04/17/id/1253286/,18935,4248,False,False,False,10,,https://www.,,0,nan,https://truthsocial.com/@realDonaldTrump/116432860421226752,nan
116432859604499088,2026-04-19T13:47:24-05:00,Truth Social,realDonaldTrump,"Trump, Iran and the Bottom Line for American Interests:   https://www.  realclearpolitics.com/articles  /2026/04/17/trump_iran_and_the_bottom_line_for_american_interests.html",14319,3273,False,False,False,12,,https://www.,,0,nan,https://truthsocial.com/@realDonaldTrump/116432859604499088,nan
116432858497606616,2026-04-19T13:47:07-05:00,Truth Social,realDonaldTrump,"Thank you to the Great Gregg Jarrett — A Giant Scam on the American Public. Hopefully, it will be rectified!   https://www.  foxnews.com/opinion/gregg-jarr  ett-long-hidden-documents-reveal-first-trump-impeachment-total-fraud",17557,4653,False,False,False,23,,https://www.,,0,nan,https://truthsocial.com/@realDonaldTrump/116432858497606616,nan
116432320888234010,2026-04-19T11:30:24-05:00,Truth Social,realDonaldTrump,,23839,5175,False,False,False,0,,,,0,nan,https://truthsocial.com/@realDonaldTrump/116432320888234010,nan
116431649506344777,2026-04-19T08:39:40-05:00,Truth Social,realDonaldTrump,,21564,4994,False,False,False,0,,,,0,nan,https://truthsocial.com/@realDonaldTrump/116431649506344777,nan
116431297579272777,2026-04-19T07:10:10-05:00,Truth Social,realDonaldTrump,"Iran decided to fire bullets yesterday in the Strait of Hormuz — A Total Violation of our Ceasefire Agreement! Many of them were aimed at a French Ship, and a Freighter from the United Kingdom. That wasn’t nice, was it? My Representatives are going to Islamabad, Pakistan — They will be there tomorrow evening, for Negotiations. Iran recently announced that they were closing the Strait, which is strange, because our BLOCKADE has already closed it. They’re helping us without knowing, and they are the ones that lose with the closed passage, $500 Million Dollars a day! The United States loses nothing. In fact, many Ships are headed, right now, to the U.S., Texas, Louisiana, and Alaska, to load up, compliments of the IRGC, always wanting to be “the tough guy!” We’re offering a very fair and reasonable DEAL, and I hope they take it because, if they don’t, the United States is going to knock out every single Power Plant, and every single Bridge, in Iran. NO MORE MR. NICE GUY! They’ll come down fast, they’ll come down easy and, if they don’t take the DEAL, it will be my Honor to do what has to be done, which should have been done to Iran, by other Presidents, for the last 47 years. IT’S TIME FOR THE IRAN KILLING MACHINE TO END! President DONALD J. TRUMP",75200,17313,False,False,False,226,,,,0,nan,https://truthsocial.com/@realDonaldTrump/116431297579272777,nan
116428897394715191,2026-04-18T20:59:46-05:00,Truth Social,realDonaldTrump,,34266,10401,False,False,False,0,,,,0,nan,https://truthsocial.com/@realDonaldTrump/116428897394715191,nan
116428892032687901,2026-04-18T20:58:24-05:00,Truth Social,realDonaldTrump,,22640,5887,False,False,False,0,,,,0,nan,https://truthsocial.com/@realDonaldTrump/116428892032687901,nan
116428880438091450,2026-04-18T20:55:27-05:00,Truth Social,realDonaldTrump,RT: https://truthsocial.com/users/realDonaldTrump/statuses/116428873226666382,23777,7499,False,False,False,2,,https://truthsocial.com/users/realDonaldTrump/statuses/116428873226666382,,0,nan,https://truthsocial.com/@realDonaldTrump/116428880438091450,nan
116428873226666382,2026-04-18T20:53:37-05:00,Truth Social,realDonaldTrump,,17578,4675,False,False,False,0,,,,0,nan,https://truthsocial.com/@realDonaldTrump/116428873226666382,nan
116428861791276634,2026-04-18T20:50:42-05:00,Truth Social,realDonaldTrump,RT: https://truthsocial.com/users/realDonaldTrump/statuses/116428860408281064,25120,7354,False,False,False,2,,https://truthsocial.com/users/realDonaldTrump/statuses/116428860408281064,,0,nan,https://truthsocial.com/@realDonaldTrump/116428861791276634,nan
116428860408281064,2026-04-18T20:50:21-05:00,Truth Social,realDonaldTrump,,15949,3583,False,False,False,0,,,,0,nan,https://truthsocial.com/@realDonaldTrump/116428860408281064,nan
116428859104382462,2026-04-18T20:50:01-05:00,Truth Social,realDonaldTrump,,23541,7175,False,False,False,0,,,,0,nan,https://truthsocial.com/@realDonaldTrump/116428859104382462,nan
116428857516654596,2026-04-18T20:49:37-05:00,Truth Social,realDonaldTrump,RT: https://truthsocial.com/users/realDonaldTrump/statuses/116428856333288529,20014,5848,False,False,False,2,,https://truthsocial.com/users/realDonaldTrump/statuses/116428856333288529,,0,nan,https://truthsocial.com/@realDonaldTrump/116428857516654596,nan
116428856333288529,2026-04-18T20:49:19-05:00,Truth Social,realDonaldTrump,,12657,2941,False,False,False,0,,,,0,nan,https://truthsocial.com/@realDonaldTrump/116428856333288529,nan
116428852861595010,2026-04-18T20:48:26-05:00,Truth Social,realDonaldTrump,RT: https://truthsocial.com/users/realDonaldTrump/statuses/116428849678471426,18279,6135,False,False,False,2,,https://truthsocial.com/users/realDonaldTrump/statuses/116428849678471426,,0,nan,https://truthsocial.com/@realDonaldTrump/116428852861595010,nan
116428849678471426,2026-04-18T20:47:38-05:00,Truth Social,realDonaldTrump,,12026,2950,False,False,False,0,,,,0,nan,https://truthsocial.com/@realDonaldTrump/116428849678471426,nan
116428832890179882,2026-04-18T20:43:21-05:00,Truth Social,realDonaldTrump,RT: https://truthsocial.com/users/realDonaldTrump/statuses/116428830946804053,16435,5392,False,False,False,2,,https://truthsocial.com/users/realDonaldTrump/statuses/116428830946804053,,0,nan,https://truthsocial.com/@realDonaldTrump/116428832890179882,nan
116428830946804053,2026-04-18T20:42:52-05:00,Truth Social,realDonaldTrump,,11224,2665,False,False,False,0,,,,0,nan,https://truthsocial.com/@realDonaldTrump/116428830946804053,nan
116428829391689009,2026-04-18T20:42:28-05:00,Truth Social,realDonaldTrump,RT: https://truthsocial.com/users/realDonaldTrump/statuses/116428826144790728,21114,7206,False,False,False,2,,https://truthsocial.com/users/realDonaldTrump/statuses/116428826144790728,,0,nan,https://truthsocial.com/@realDonaldTrump/116428829391689009,nan
116428826144790728,2026-04-18T20:41:38-05:00,Truth Social,realDonaldTrump,,16940,4779,False,False,False,0,,,,0,nan,https://truthsocial.com/@realDonaldTrump/116428826144790728,nan
116428799005359701,2026-04-18T20:34:44-05:00,Truth Social,realDonaldTrump,,19417,4781,False,False,False,0,,,,0,nan,https://truthsocial.com/@realDonaldTrump/116428799005359701,nan
116428798366067572,2026-04-18T20:34:35-05:00,Truth Social,realDonaldTrump,,14307,3129,False,False,False,0,,,,0,nan,https://truthsocial.com/@realDonaldTrump/116428798366067572,nan
116428798207542172,2026-04-18T20:34:32-05:00,Truth Social,realDonaldTrump,,19927,5914,False,False,False,0,,,,0,nan,https://truthsocial.com/@realDonaldTrump/116428798207542172,nan
116428796514884732,2026-04-18T20:34:06-05:00,Truth Social,realDonaldTrump,,11404,2752,False,False,False,0,,,,0,nan,https://truthsocial.com/@realDonaldTrump/116428796514884732,nan
116428793295421075,2026-04-18T20:33:17-05:00,Truth Social,realDonaldTrump,,11855,3089,False,False,False,0,,,,0,nan,https://truthsocial.com/@realDonaldTrump/116428793295421075,nan
116428791956114205,2026-04-18T20:32:57-05:00,Truth Social,realDonaldTrump,,12162,3021,False,False,False,0,,,,0,nan,https://truthsocial.com/@realDonaldTrump/116428791956114205,nan
116428788120538347,2026-04-18T20:31:58-05:00,Truth Social,realDonaldTrump,,11494,2865,False,False,False,0,,,,0,nan,https://truthsocial.com/@realDonaldTrump/116428788120538347,nan
116428786219065175,2026-04-18T20:31:29-05:00,Truth Social,realDonaldTrump,,11021,2601,False,False,False,0,,,,0,nan,https://truthsocial.com/@realDonaldTrump/116428786219065175,nan
116428785291027481,2026-04-18T20:31:15-05:00,Truth Social,realDonaldTrump,,11395,3205,False,False,False,0,,,,0,nan,https://truthsocial.com/@realDonaldTrump/116428785291027481,nan
116428784275063522,2026-04-18T20:31:00-05:00,Truth Social,realDonaldTrump,,11459,3462,False,False,False,0,,,,0,nan,https://truthsocial.com/@realDonaldTrump/116428784275063522,nan
116428765639502248,2026-04-18T20:26:15-05:00,Truth Social,realDonaldTrump,,12157,2854,False,False,False,0,,,,0,nan,https://truthsocial.com/@realDonaldTrump/116428765639502248,nan
116428764693486865,2026-04-18T20:26:01-05:00,Truth Social,realDonaldTrump,,24432,9895,False,False,False,0,,,,0,nan,https://truthsocial.com/@realDonaldTrump/116428764693486865,nan
116428756798700218,2026-04-18T20:24:00-05:00,Truth Social,realDonaldTrump,,10027,2465,False,False,False,0,,,,0,nan,https://truthsocial.com/@realDonaldTrump/116428756798700218,nan
116428755316820311,2026-04-18T20:23:38-05:00,Truth Social,realDonaldTrump,,10898,2720,False,False,False,0,,,,0,nan,https://truthsocial.com/@realDonaldTrump/116428755316820311,nan
116428719135549075,2026-04-18T20:14:26-05:00,Truth Social,realDonaldTrump,"Great words and wisdom by Robert Greenway, Heritage Foundation Allison Center Director, on the Mark Levin Show tonight. Thank you, Robert!",9946,2100,False,False,False,21,,,,0,nan,https://truthsocial.com/@realDonaldTrump/116428719135549075,nan
116428690626427742,2026-04-18T20:07:11-05:00,Truth Social,realDonaldTrump,"Whether people like Israel or not, they have proven to be a GREAT Ally of the United States of America. They are Courageous, Bold, Loyal, and Smart and, unlike others that have shown their true colors in a moment of conflict and stress, Israel fights hard, and knows how to WIN! President DJT",17330,4267,False,False,False,53,,,,0,nan,https://truthsocial.com/@realDonaldTrump/116428690626427742,nan
116428390999409071,2026-04-18T18:50:59-05:00,Truth Social,realDonaldTrump,RT: https://truthsocial.com/users/realDonaldTrump/statuses/116428389676890619   https://  x.com/real_robn/status/2045552  110100758533?s=10,13621,4984,False,False,False,5,,https://truthsocial.com/users/realDonaldTrump/statuses/116428389676890619,,0,nan,https://truthsocial.com/@realDonaldTrump/116428390999409071,nan
116428389676890619,2026-04-18T18:50:38-05:00,Truth Social,realDonaldTrump,,9912,2601,False,False,False,0,,,,0,nan,https://truthsocial.com/@realDonaldTrump/116428389676890619,nan
116428386907912654,2026-04-18T18:49:56-05:00,Truth Social,realDonaldTrump,,15380,4792,False,False,False,0,,,,0,nan,https://truthsocial.com/@realDonaldTrump/116428386907912654,nan
116428370306928773,2026-04-18T18:45:43-05:00,Truth Social,realDonaldTrump,RT: https://truthsocial.com/users/realDonaldTrump/statuses/116428368589554834 A RIGGED ELECTION!!!,15757,5234,False,False,False,5,,https://truthsocial.com/users/realDonaldTrump/statuses/116428368589554834,,0,nan,https://truthsocial.com/@realDonaldTrump/116428370306928773,nan
116428369346021412,2026-04-18T18:45:28-05:00,Truth Social,realDonaldTrump,,11907,3012,False,False,False,0,,,,0,nan,https://truthsocial.com/@realDonaldTrump/116428369346021412,nan
116428368589554834,2026-04-18T18:45:17-05:00,Truth Social,realDonaldTrump,,10885,2880,False,False,False,0,,,,0,nan,https://truthsocial.com/@realDonaldTrump/116428368589554834,nan
116428350579951040,2026-04-18T18:40:42-05:00,Truth Social,realDonaldTrump,https://  x.com/thescif/status/204503443  7813903700?s=10,11915,3768,False,False,False,3,,,,0,nan,https://truthsocial.com/@realDonaldTrump/116428350579951040,nan
116428348509835258,2026-04-18T18:40:10-05:00,Truth Social,realDonaldTrump,RT: https://truthsocial.com/users/realDonaldTrump/statuses/116428347307445462,13144,4304,False,False,False,2,,https://truthsocial.com/users/realDonaldTrump/statuses/116428347307445462,,0,nan,https://truthsocial.com/@realDonaldTrump/116428348509835258,nan
116428347307445462,2026-04-18T18:39:52-05:00,Truth Social,realDonaldTrump,,10206,2634,False,False,False,0,,,,0,nan,https://truthsocial.com/@realDonaldTrump/116428347307445462,nan
116425653087220924,2026-04-18T07:14:41-05:00,Truth Social,realDonaldTrump,"Has anybody looked at how badly the country of Spain is doing. Their financial numbers, despite contributing almost nothing to NATO and their military defense, are absolutely horrendous. Sad to watch!!!",42668,8840,False,False,False,31,,,,0,nan,https://truthsocial.com/@realDonaldTrump/116425653087220924,nan
116425474897187697,2026-04-18T06:29:22-05:00,Truth Social,realDonaldTrump,RT: https://truthsocial.com/users/realDonaldTrump/statuses/116425396492356069,19647,5243,False,False,False,2,,https://truthsocial.com/users/realDonaldTrump/statuses/116425396492356069,,0,nan,https://truthsocial.com/@realDonaldTrump/116425474897187697,nan
116425396492356069,2026-04-18T06:09:26-05:00,Truth Social,realDonaldTrump,,14425,3206,False,False,False,0,,,,0,nan,https://truthsocial.com/@realDonaldTrump/116425396492356069,nan
116424006276973261,2026-04-18T00:15:53-05:00,Truth Social,realDonaldTrump,RT: https://truthsocial.com/users/realDonaldTrump/statuses/116424005080834976,31490,7019,False,False,False,2,,https://truthsocial.com/users/realDonaldTrump/statuses/116424005080834976,,0,nan,https://truthsocial.com/@realDonaldTrump/116424006276973261,nan
116424005080834976,2026-04-18T00:15:35-05:00,Truth Social,realDonaldTrump,,20156,3642,False,False,False,0,,,,0,nan,https://truthsocial.com/@realDonaldTrump/116424005080834976,nan
116423988271914275,2026-04-18T00:11:18-05:00,Truth Social,realDonaldTrump,RT: https://truthsocial.com/users/realDonaldTrump/statuses/116423987219362297,20591,5902,False,False,False,2,,https://truthsocial.com/users/realDonaldTrump/statuses/116423987219362297,,0,nan,https://truthsocial.com/@realDonaldTrump/116423988271914275,nan
116423987219362297,2026-04-18T00:11:02-05:00,Truth Social,realDonaldTrump,,13813,3007,False,False,False,0,,,,0,nan,https://truthsocial.com/@realDonaldTrump/116423987219362297,nan
116423986073917126,2026-04-18T00:10:45-05:00,Truth Social,realDonaldTrump,RT: https://truthsocial.com/users/realDonaldTrump/statuses/116423985260460652,18553,4643,False,False,False,2,,https://truthsocial.com/users/realDonaldTrump/statuses/116423985260460652,,0,nan,https://truthsocial.com/@realDonaldTrump/116423986073917126,nan
116423985260460652,2026-04-18T00:10:32-05:00,Truth Social,realDonaldTrump,,12359,2588,False,False,False,0,,,,0,nan,https://truthsocial.com/@realDonaldTrump/116423985260460652,nan
116423970008317740,2026-04-18T00:06:40-05:00,Truth Social,realDonaldTrump,RT: https://truthsocial.com/users/realDonaldTrump/statuses/116423967114156778 THANK YOU!,19404,5419,False,False,False,4,,https://truthsocial.com/users/realDonaldTrump/statuses/116423967114156778,,0,nan,https://truthsocial.com/@realDonaldTrump/116423970008317740,nan
116423967114156778,2026-04-18T00:05:56-05:00,Truth Social,realDonaldTrump,,12621,2852,False,False,False,0,,,,0,nan,https://truthsocial.com/@realDonaldTrump/116423967114156778,nan
116423807916848984,2026-04-17T23:25:26-05:00,Truth Social,realDonaldTrump,RT: https://truthsocial.com/users/realDonaldTrump/statuses/116423805453465694,17106,4926,False,False,False,2,,https://truthsocial.com/users/realDonaldTrump/statuses/116423805453465694,,0,nan,https://truthsocial.com/@realDonaldTrump/116423807916848984,nan
116423805453465694,2026-04-17T23:24:49-05:00,Truth Social,realDonaldTrump,,11875,2698,False,False,False,0,,,,0,nan,https://truthsocial.com/@realDonaldTrump/116423805453465694,nan
116423804513065079,2026-04-17T23:24:35-05:00,Truth Social,realDonaldTrump,RT: https://truthsocial.com/users/realDonaldTrump/statuses/116423801851760712,17951,6011,False,False,False,2,,https://truthsocial.com/users/realDonaldTrump/statuses/116423801851760712,,0,nan,https://truthsocial.com/@realDonaldTrump/116423804513065079,nan
116423801851760712,2026-04-17T23:23:54-05:00,Truth Social,realDonaldTrump,,11794,3271,False,False,False,0,,,,0,nan,https://truthsocial.com/@realDonaldTrump/116423801851760712,nan
116423800077115968,2026-04-17T23:23:27-05:00,Truth Social,realDonaldTrump,,15596,4910,False,False,False,0,,,,0,nan,https://truthsocial.com/@realDonaldTrump/116423800077115968,nan
116423756564080425,2026-04-17T23:12:23-05:00,Truth Social,realDonaldTrump,,14363,3385,False,False,False,0,,,,0,nan,https://truthsocial.com/@realDonaldTrump/116423756564080425,nan
116423572074498917,2026-04-17T22:25:28-05:00,Truth Social,realDonaldTrump,ANYONE SICK OF WINNING YET?,21864,5308,False,False,False,5,,,,0,nan,https://truthsocial.com/@realDonaldTrump/116423572074498917,nan
116423452270235983,2026-04-17T21:55:00-05:00,Truth Social,realDonaldTrump,"Was Reed Hastings forced to leave the Netflix Board because he’s a SLEAZEBAG? What was his Crime, and how many did he commit?",13821,3536,False,False,False,23,,,,0,nan,https://truthsocial.com/@realDonaldTrump/116423452270235983,nan
116423346036127010,2026-04-17T21:27:59-05:00,Truth Social,realDonaldTrump,"Trump Tours Pharmaceutical Manufacturing Site in Cincinnati, Gives Update on Iran: 'Way Ahead of Schedule’:   https://www.  breitbart.com/middle-east/2026  /03/11/trump-tours-pharmaceutical-manufacturing-site-in-cincinnati-gives-update-on-iran-way-ahead-of-schedule/amp/",11879,2730,False,False,False,18,,https://www.,,0,nan,https://truthsocial.com/@realDonaldTrump/116423346036127010,nan
116423336936103421,2026-04-17T21:25:40-05:00,Truth Social,realDonaldTrump,"President Xi is very happy that the Strait of Hormuz is open and/or rapidly opening. Our meeting in China will be a special one and, potentially, Historic. I look forward to being with President Xi — Much will be accomplished! President DONALD J. TRUMP",16267,3602,False,False,False,44,,,,0,nan,https://truthsocial.com/@realDonaldTrump/116423336936103421,nan
116423303405254078,2026-04-17T21:17:08-05:00,Truth Social,realDonaldTrump,"Mueller probe cut corners, broke rules to ‘get Trump,’ whistleblower claims:   https://  nypost.com/2026/03/16/us-news/  mueller-probe-cut-corners-broke-rules-to-get-trump-whistleblower-claims/",13040,3999,False,False,False,14,,,,0,nan,https://truthsocial.com/@realDonaldTrump/116423303405254078,nan
116423281657895037,2026-04-17T21:11:36-05:00,Truth Social,realDonaldTrump,Trump touts ‘historic’ $300B Texas refinery as first new US plant in nearly 50 years:   https://www.  foxbusiness.com/energy/trump-t  outs-historic-300b-texas-refinery-first-new-us-plant-nearly-50-years,15077,3874,False,False,False,18,,https://www.,,0,nan,https://truthsocial.com/@realDonaldTrump/116423281657895037,nan
116423145937825528,2026-04-17T20:37:05-05:00,Truth Social,realDonaldTrump,"Trump: Policies Like No Tax on Tips, Overtime Show GOP Is Party of Working Class:   https://www.  breitbart.com/politics/2026/04  /16/trump-policies-like-no-tax-on-tips-overtime-show-gop-is-party-of-working-class/",13763,3172,False,False,False,18,,https://www.,,0,nan,https://truthsocial.com/@realDonaldTrump/116423145937825528,nan
116423143761972299,2026-04-17T20:36:32-05:00,Truth Social,realDonaldTrump,Trump: Tax Deductions Deliver 'Biggest Refunds' for Tipped Workers:   https://www.  newsmax.com/us/las-vegas-donal  d-trump-tips/2026/04/17/id/1253271/,12037,2656,False,False,False,12,,https://www.,,0,nan,https://truthsocial.com/@realDonaldTrump/116423143761972299,nan
116423140793678361,2026-04-17T20:35:47-05:00,Truth Social,realDonaldTrump,"Trump credits Las Vegas as the ‘birthplace’ of no tax on tips policy, touts up to ‘$8,000′ refunds for workers:   https://  nypost.com/2026/04/16/us-news/  trump-credits-las-vegas-as-the-birthplace-of-no-tax-on-tips-policy-touts-up-to-8000-refunds-for-workers/",12004,2644,False,False,False,23,,,,0,nan,https://truthsocial.com/@realDonaldTrump/116423140793678361,nan
116423134926254421,2026-04-17T20:34:17-05:00,Truth Social,realDonaldTrump,"Trump reflects on Charlie Kirk at TPUSA rally: 'Charlie's voice is not silenced, it's roaring':   https://  justthenews.com/politics-polic  y/all-things-trump/trump-reflects-charlie-kirk-tpusa-rally-charlies-voice-not",12811,3082,False,False,False,18,,,,0,nan,https://truthsocial.com/@realDonaldTrump/116423134926254421,nan
116423133703021080,2026-04-17T20:33:59-05:00,Truth Social,realDonaldTrump,Trump reveals 'very interesting' findings in top secret government UFO files and says they'll be released 'very soon':   https://www.  dailymail.co.uk/news/article-1  5743779/donald-trump-pete-hegseth-ufo-files.html,11496,2851,False,False,False,21,,https://www.,,0,nan,https://truthsocial.com/@realDonaldTrump/116423133703021080,nan
116423050201559655,2026-04-17T20:12:45-05:00,Truth Social,realDonaldTrump,,11533,3061,False,False,False,0,,,,0,nan,https://truthsocial.com/@realDonaldTrump/116423050201559655,nan
116422927270730327,2026-04-17T19:41:29-05:00,Truth Social,realDonaldTrump,,11900,3320,False,False,False,0,,,,0,nan,https://truthsocial.com/@realDonaldTrump/116422927270730327,nan
116421975390940454,2026-04-17T15:39:24-05:00,Truth Social,realDonaldTrump,"Later today, I will be speaking to a BIG CROWD for Turning Point USA in the Great State of Arizona, then flying back to the White House and, therefore, will not be at Mar-a-Lago tonight for a very special event honoring our wonderful Congressman from Texas’ 13th Congressional District, “Doc” Ronny Jackson. He is a good friend, 100% MAGA, and one of the most talented Medical Doctors and Politicians in our Country. HAPPY BIRTHDAY RONNY!   A respected Admiral, Congressman, and Doctor, “Doc” Ronny Jackson knows the Wisdom and Courage that is necessary to Defend our Country, Support our Brave Military/Veterans, and Ensure PEACE THROUGH STRENGTH. During my First Term, “Doc” Ronny served as one of my Senior Advisors and, as my personal Physician, prior to becoming a distinguished Congressman. In Congress, he is fighting tirelessly to Grow our Economy, Cut Taxes and Regulations, Promote MADE IN THE U.S.A., Champion American Energy DOMINANCE, Keep our Border SECURE, Advance Election Integrity, and Protect our always under siege Second Amendment.  Ronny Jackson is a fighter and WINNER, and has my Complete and Total Endorsement for Re-Election. HE IS ONE OF MY ALL TIME FAVORITES, AND WILL NEVER LET YOU DOWN! President DONALD J. TRUMP",21147,4577,False,False,False,201,,,,0,nan,https://truthsocial.com/@realDonaldTrump/116421975390940454,nan
116421679527758966,2026-04-17T14:24:10-05:00,Truth Social,realDonaldTrump,,21439,5341,False,False,False,0,,,,0,nan,https://truthsocial.com/@realDonaldTrump/116421679527758966,nan
116421678154340515,2026-04-17T14:23:49-05:00,Truth Social,realDonaldTrump,They were not there for us!,15046,4295,False,False,False,6,,,,0,nan,https://truthsocial.com/@realDonaldTrump/116421678154340515,nan
116421677114471130,2026-04-17T14:23:33-05:00,Truth Social,realDonaldTrump,,15690,3838,False,False,False,0,,,,0,nan,https://truthsocial.com/@realDonaldTrump/116421677114471130,nan
116421676094382308,2026-04-17T14:23:17-05:00,Truth Social,realDonaldTrump,,12948,3296,False,False,False,0,,,,0,nan,https://truthsocial.com/@realDonaldTrump/116421676094382308,nan
116421675274870411,2026-04-17T14:23:05-05:00,Truth Social,realDonaldTrump,,13921,4255,False,False,False,0,,,,0,nan,https://truthsocial.com/@realDonaldTrump/116421675274870411,nan
116421674102557870,2026-04-17T14:22:47-05:00,Truth Social,realDonaldTrump,,12772,3688,False,False,False,0,,,,0,nan,https://truthsocial.com/@realDonaldTrump/116421674102557870,nan
116421673135051159,2026-04-17T14:22:32-05:00,Truth Social,realDonaldTrump,DeSantis signs bill to rename Palm Beach International Airport after Donald J. Trump:   https://www.  wptv.com/news/trump/desantis-s  igns-bill-to-rename-palm-beach-international-airport-after-donald-j-trump,14899,3500,False,False,False,16,,https://www.,,0,nan,https://truthsocial.com/@realDonaldTrump/116421673135051159,nan
116421671494376872,2026-04-17T14:22:07-05:00,Truth Social,realDonaldTrump,Senate confirms DOJ’s new ‘War on Fraud’ prosecutor Colin McDonald — with VP Vance’s backing:   https://  nypost.com/2026/03/24/us-news/  senate-confirms-dojs-new-top-fraud-prosecutor-colin-mcdonald/,13568,3301,False,False,False,18,,,,0,nan,https://truthsocial.com/@realDonaldTrump/116421671494376872,nan
116421668823698549,2026-04-17T14:21:26-05:00,Truth Social,realDonaldTrump,Trump Effect: Apple Expands American Manufacturing Program with 4 Partners:   https://www.  breitbart.com/tech/2026/03/26/  trump-effect-apple-expands-american-manufacturing-program-with-4-partners/,11499,2704,False,False,False,13,,https://www.,,0,nan,https://truthsocial.com/@realDonaldTrump/116421668823698549,nan
116421667191616857,2026-04-17T14:21:01-05:00,Truth Social,realDonaldTrump,,12420,3520,False,False,False,0,,,,0,nan,https://truthsocial.com/@realDonaldTrump/116421667191616857,nan
116420635683173112,2026-04-17T09:58:42-05:00,Truth Social,realDonaldTrump,"The Failing New York Times, FAKE NEWS CNN, and others, just don’t know what to do. They are desperately looking for a reason to criticize President Donald J. Trump on the Iran situation, but just can’t find it. Why don’t they just say, at the right time, JOB WELL DONE, MR. PRESIDENT, and start to gain back their credibility???",30951,6910,False,False,False,59,,,,0,nan,https://truthsocial.com/@realDonaldTrump/116420635683173112,nan
116420562510387829,2026-04-17T09:40:05-05:00,Truth Social,realDonaldTrump,Iran has agreed to never close the Strait of Hormuz again. It will no longer be used as a weapon against the World! President DONALD J. TRUMP,52024,10853,False,False,False,27,,,,0,nan,https://truthsocial.com/@realDonaldTrump/116420562510387829,nan
116420534754267698,2026-04-17T09:33:02-05:00,Truth Social,realDonaldTrump,A GREAT AND BRILLIANT DAY FOR THE WORLD! DJT,31531,6218,False,False,False,9,,,,0,nan,https://truthsocial.com/@realDonaldTrump/116420534754267698,nan
116420525257407908,2026-04-17T09:30:37-05:00,Truth Social,realDonaldTrump,"Thank you to Pakistan and its Great Prime Minister and Field Marshall, two fantastic people!!! President DONALD J. TRUMP",25315,4412,False,False,False,19,,,,0,nan,https://truthsocial.com/@realDonaldTrump/116420525257407908,nan
116420512192383443,2026-04-17T09:27:18-05:00,Truth Social,realDonaldTrump,"Again! This deal is not tied, in any way, to Lebanon, but we will, MAKE LEBANON GREAT AGAIN!",24622,4389,False,False,False,18,,,,0,nan,https://truthsocial.com/@realDonaldTrump/116420512192383443,nan
116420484827577347,2026-04-17T09:20:20-05:00,Truth Social,realDonaldTrump,"Iran, with the help of the U.S.A., has removed, or is removing, all sea mines! Thank you! President DJT",27913,5241,False,False,False,19,,,,0,nan,https://truthsocial.com/@realDonaldTrump/116420484827577347,nan
116420468063226470,2026-04-17T09:16:04-05:00,Truth Social,realDonaldTrump,"Thank you to Saudi Arabia, UAE, and Qatar for your great bravery and help! President DONALD J. TRUMP",28311,5361,False,False,False,18,,,,0,nan,https://truthsocial.com/@realDonaldTrump/116420468063226470,nan
116420456436213944,2026-04-17T09:13:07-05:00,Truth Social,realDonaldTrump,"Now that the Hormuz Strait situation is over, I received a call from NATO asking if we would need some help. I  TOLD THEM TO STAY AWAY, UNLESS THEY JUST WANT TO LOAD UP THEIR SHIPS WITH OIL. They were useless when needed, a Paper Tiger! President DJT",33045,7502,False,False,False,48,,,,0,nan,https://truthsocial.com/@realDonaldTrump/116420456436213944,nan
116420395293904982,2026-04-17T08:57:34-05:00,Truth Social,realDonaldTrump,"The U.S.A. will get all Nuclear “Dust,” created by our great B2 Bombers - No money will exchange hands in any way, shape, or form. This deal is in no way subject to Lebanon, either, but the USA will, separately, work with Lebanon, and deal with the Hezboolah situation in an appropriate manner. Israel will not be bombing Lebanon any longer. They are PROHIBITED from doing so by the U.S.A. Enough is enough!!! Thank you! President DJT",40078,8695,False,False,False,77,,,,0,nan,https://truthsocial.com/@realDonaldTrump/116420395293904982,nan
116420275523158052,2026-04-17T08:27:06-05:00,Truth Social,realDonaldTrump,"THE STRAIT OF HORMUZ IS COMPLETELY OPEN AND READY FOR BUSINESS AND FULL PASSAGE, BUT THE NAVAL BLOCKADE WILL REMAIN IN FULL FORCE AND EFFECT AS IT PERTAINS TO IRAN, ONLY, UNTIL SUCH TIME AS OUR TRANSACTION WITH IRAN IS 100% COMPLETE. THIS PROCESS SHOULD GO VERY QUICKLY IN THAT MOST OF THE POINTS ARE ALREADY NEGOTIATED. THANK YOU FOR YOUR ATTENTION TO THIS MATTER! PRESIDENT DONALD J.TRUMP",30499,6878,False,False,False,68,,,,0,nan,https://truthsocial.com/@realDonaldTrump/116420275523158052,nan
116420194853200133,2026-04-17T08:06:35-05:00,Truth Social,realDonaldTrump,IRAN HAS JUST ANNOUNCED THAT THE STRAIT OF IRAN IS FULLY OPEN AND READY FOR FULL PASSAGE. THANK YOU!,45126,8918,False,False,False,19,,,,0,nan,https://truthsocial.com/@realDonaldTrump/116420194853200133,nan
116420038210190121,2026-04-17T07:26:45-05:00,Truth Social,realDonaldTrump,"The U.S.A. is the “HOTTEST” Country in the World right now. Just a short time ago, under Sleepy Joe Biden, IT WAS DEAD, LAUGHED AT ALL OVER THE WORLD!!! But not anymore - Nobody’s laughing!!! President DJT",25687,5237,False,False,False,37,,,,0,nan,https://truthsocial.com/@realDonaldTrump/116420038210190121,nan
116419983493630857,2026-04-17T07:12:50-05:00,Truth Social,realDonaldTrump,"It’s easy! Tucker is a Low IQ person - Always easy to beat, and highly overrated!!! So are Megyn Kelly, “Candace”(Really Dumb and mentally ill!), and Bankrupt Alex Jones, who is completely “fried.” There are others, also! Then we have some that are VERY GOOD, true MAGA all the way, and smart. I should do a list of good, bad, and somewhere in the middle. Wouldn’t that be fascinating??? President DJT   https://www.  mediaite.com/media/tv/he-is-cr  ushing-crushing-tucker-carlson-cnn-data-guru-reveals-trump-has-ruined-his-old-friend/",20432,4821,False,False,False,74,,https://www.,,0,nan,https://truthsocial.com/@realDonaldTrump/116419983493630857,nan
116417764784525982,2026-04-16T21:48:35-05:00,Truth Social,realDonaldTrump,May have been a historic day for Lebanon. Good things are happening!!! President DJT,27173,5014,False,False,False,14,,,,0,nan,https://truthsocial.com/@realDonaldTrump/116417764784525982,nan
116417754017474357,2026-04-16T21:45:51-05:00,Truth Social,realDonaldTrump,,28290,7457,False,False,False,0,,,,0,nan,https://truthsocial.com/@realDonaldTrump/116417754017474357,nan
116416955297746034,2026-04-16T18:22:44-05:00,Truth Social,realDonaldTrump,I hope Hezbollah acts nicely and well during this important period of time. It will be an GREAT moment for them if they do. No more killing. Must finally have PEACE! Thank you for your attention to this matter. President DONALD J. TRUMP,27446,5519,False,False,False,43,,,,0,nan,https://truthsocial.com/@realDonaldTrump/116416955297746034,nan
116416913508887403,2026-04-16T18:12:06-05:00,Truth Social,realDonaldTrump,"RT   @ realDonaldTrump   A Trump Hating Judge, for the first time in History, wants Congress to pay Hundreds of Millions of Dollars for a Glorious Ballroom, instead of accepting Donations from Great American Companies and Citizens. This is a first — In other words, he wants Tax Payers to pay for the Ballroom, instead of Donors and Patriots! The Ballroom is FREE to our Country, A GIFT, and vital for our National Security. This Judge, who works for another Judge who was just MANDAMUSED for the unfair and biased way he treats me, should be ashamed of himself! President DONALD J. TRUMP",1,0,False,False,False,102,,,,0,nan,https://truthsocial.com/@realDonaldTrump/116416913508887403,nan
116416912660014403,2026-04-16T18:11:53-05:00,Truth Social,realDonaldTrump,"RT   @ realDonaldTrump   The out of control Trump Hating, Washington, D.C. District Court Judge, who doesn’t want to accept a $400 Million Dollar GIFT of one of the most beautiful Ballrooms anywhere in the World, desperately needed by the White House and its future Presidents (Due to time constraints, I will barely get to use it!), wants me to build the “underground” portion of the Ballroom, without the “above ground” portion, but the underground doesn’t work, isn’t necessary, and would indeed be useless, without the above ground sections. The underground portion is wedded to, and serves, the upper portion, including the Bomb Shelters, a State of the Art Hospital and Medical Facilities, Protective Partitioning, Top Secret Military Installations, Structures, and Equipment, Protective Missile Resistant Steel, Columns, Roofs, and Beams, Drone Proof Ceilings and Roofs, Military Grade Venting, and Bullet, Ballistic, and Blast Proof Glass. It’s all tied together as one big, expensive, and very complex unit, which is vital for National Security and Military Operations of the United States of America! The Judge’s decision, which doesn’t even discuss the vital subject of STANDING, of which the plaintiff has none, severely jeopardizes the lives and welfare of the people who work, and will be working, at the White House — including all future Presidents of the United States, and their families. President DONALD J. TRUMP",1,0,False,False,False,224,,,,0,nan,https://truthsocial.com/@realDonaldTrump/116416912660014403,nan
116416912306613720,2026-04-16T18:11:48-05:00,Truth Social,realDonaldTrump,"RT   @ realDonaldTrump   The person who filed the meritless and lawless suit on the desperately needed White House Ballroom, being built as a GIFT to America (without Tax Dollars!), a woman walking her dog, has absolutely NO STANDING to bring such a monumentally important case against our Country. The Trump Hating Judge’s opinion is radically different from his first opinion, that was issued weeks ago, while still being unlawful and ambiguous, which never even addressed her COMPLETE lack of Standing. Every Political “Pundit” has said this case is meritless, even a JOKE, but it’s not a joke to me, or the people of America. Too much hard work, time, and money spent in order that a Judge can claim that he ruled against “DONALD TRUMP,” something which I have gotten very used to, BUT WILL NOT ACCEPT! President DJT",1,0,False,False,False,139,,,,0,nan,https://truthsocial.com/@realDonaldTrump/116416912306613720,nan
116416912057267664,2026-04-16T18:11:44-05:00,Truth Social,realDonaldTrump,"RT   @ realDonaldTrump   The White House doesn’t have a Ballroom (No Taxpayer Money!), which Presidents have desperately wanted and desired for over 150 years, but a Trump Hating, Washington, D.C. District Court Judge, a man who has gone out of his way to undermine National Security, and to make sure that this Great Gift to America gets delayed, or doesn’t get built, is attempting to prevent future Presidents and World Leaders from having a safe and secure large scale Meeting Place, or Ballroom, one with Bomb Shelters, a State of the Art Hospital and Medical Facilities, Protective Partitioning, Top Secret Military Installations, Structures, and Equipment, Protective Missile Resistant Steel, Columns, Roofs, and Beams, Drone Proof Ceilings and Roofs, Military Grade Venting, and Bullet, Ballistic, and Blast Proof Glass —which all means that no future President, living in the White House without this Ballroom, can ever be Safe and Secure at Events, Future Inaugurations, or Global Summits. This Magnificent Space will allow them to carry out their vital duties as the Leader of our Nation. Furthermore, the Ballroom, which is being constructed on budget and ahead of schedule, is needed now. Almost all material necessary for its construction is being built and/or on its way to the site, ready for installation and erection. Much of it has already been paid for, costing Hundreds of Millions of Dollars. If somebody, especially one with no standing, had a complaint — Why wasn’t it filed many months earlier, long before Construction was started? The Public Record was open for all to see. Everybody knew that it was planned, and going to be built. This highly political Judge, and his illegal overreach, is out of control, and costing our Nation greatly. This is a mockery to our Court System! The Ballroom is deeply important to our National Security, and no Judge can be allowed to stop this Historic and Militarily Imperative Project. Thank you for your attention to this matter! President DONALD J. TRUMP",0,0,False,False,False,329,,,,0,nan,https://truthsocial.com/@realDonaldTrump/116416912057267664,nan
116416794492386540,2026-04-16T17:41:50-05:00,Truth Social,realDonaldTrump,"A Trump Hating Judge, for the first time in History, wants Congress to pay Hundreds of Millions of Dollars for a Glorious Ballroom, instead of accepting Donations from Great American Companies and Citizens. This is a first — In other words, he wants Tax Payers to pay for the Ballroom, instead of Donors and Patriots! The Ballroom is FREE to our Country, A GIFT, and vital for our National Security. This Judge, who works for another Judge who was just MANDAMUSED for the unfair and biased way he treats me, should be ashamed of himself! President DONALD J. TRUMP",27626,7242,False,False,False,99,,,,0,nan,https://truthsocial.com/@realDonaldTrump/116416794492386540,nan
116416736627974477,2026-04-16T17:27:07-05:00,Truth Social,realDonaldTrump,"I’m on Air Force One heading to Las Vegas and Arizona for Greetings and Speeches on NO TAX ON TIPS, a WINDFALL for our Great American Citizens. I am watching one of the Least Attractive and Talented People on all of Television, Jessica Tarlov. Her voice is so grating and terrible, I had to “turn her off!” Her Democrat soundbites are FAKE. She makes up “Poll Numbers,” and nobody challenges her, because she is so boring. I have among the best Poll Numbers I have ever had, and why shouldn’t I, ALL THE COUNTRY DOES IS WIN. CNN had me at 100%, saying they never saw that before. GET HER OFF THE AIR, SHE IS BAD FOR OUR COUNTRY! I hear Megyn Kelly, Tucker Carlson, and Candace Owens are dying fast. Their numbers are terrible. Nobody believes them anymore. They were FAKE MAGA, and now they’ve been exposed! President DJT",16147,3755,False,False,False,150,,,,0,nan,https://truthsocial.com/@realDonaldTrump/116416736627974477,nan
116416709748686625,2026-04-16T17:20:17-05:00,Truth Social,realDonaldTrump,MORNING GLORY: Trump has restored the GOP as the party of defense and deterrence:   https://www.  foxnews.com/opinion/morning-gl  ory-trump-has-restored-gop-party-defense-deterrence,11729,2698,False,False,False,17,,https://www.,,0,nan,https://truthsocial.com/@realDonaldTrump/116416709748686625,nan
116416706794158280,2026-04-16T17:19:32-05:00,Truth Social,realDonaldTrump,SAVE America Act Will Make Absentee Ballots Great Again:   https://www.  dailysignal.com/2026/03/20/sav  e-america-act-will-make-absentee-ballots-great-again/,12124,3005,False,False,False,12,,https://www.,,0,nan,https://truthsocial.com/@realDonaldTrump/116416706794158280,nan
116416663301119812,2026-04-16T17:08:28-05:00,Truth Social,realDonaldTrump,"Who’s dumber, Tucker Carlson or Joe Kent? It’s very interesting! I met Joe Kent at Dover Air Force Base, along with numerous others who had lost their loved ones in War. I said hello to all of the families. Kent, horribly, lost his wife. Her casket was being brought to Dover, along with the rest, although he married again, quite quickly, in my opinion. In any event, a number of years later, I noticed the same person was running for Congress in Washington State, and lost. I then noticed a couple of years later, he was running again, and lost. While I didn’t know him other than our brief Dover encounter, but feeling sorry for him after the two Election losses, I told my people, “Hire him for the White House. Give him a job, make him feel good, he lost his wife and two Elections.” They did so and, while I rarely saw him, I certainly didn’t expect disloyalty, but that’s what I got. He was really a SLEAZEBAG, and some would say, on top of it all, A LEAKER! I don’t know whether or not that was true, but next time, NO MORE MR. NICE GUY! Kent is a LOSER, just like Tucker, Candace, Megyn, and the rest of them are LOSERS — You’re born that way, LOW IQ, and there’s not a damn thing they’re going to be able to do about it! President DONALD J. TRUMP",14597,3783,False,False,False,240,,,,0,nan,https://truthsocial.com/@realDonaldTrump/116416663301119812,nan
116416546243019353,2026-04-16T16:38:42-05:00,Truth Social,realDonaldTrump,"RT   @ realDonaldTrump   Sadly, Mayor Mamdani is DESTROYING New York! It has no chance! The United States of America should not contribute to its failure. It will only get WORSE. The TAX, TAX, TAX Policies are SO WRONG. People are fleeing. They must change their ways, AND FAST. History has proven, THIS “STUFF” JUST DOESN’T WORK. Thank you for your attention to this matter! President DJT",1,0,False,False,False,66,,,,0,nan,https://truthsocial.com/@realDonaldTrump/116416546243019353,nan
116416544142618799,2026-04-16T16:38:10-05:00,Truth Social,realDonaldTrump,https://www.  cadillacchampionship.com/news/  2026/03/18/cadillac-championship-and-boeing-join-forces-to-honor-military-and-veterans-at-2026-tournament,7549,1793,False,False,False,3,,https://www.,,0,nan,https://truthsocial.com/@realDonaldTrump/116416544142618799,nan
116416543351755031,2026-04-16T16:37:58-05:00,Truth Social,realDonaldTrump,,9715,2226,False,False,False,0,,,,0,nan,https://truthsocial.com/@realDonaldTrump/116416543351755031,nan
116416541127655458,2026-04-16T16:37:24-05:00,Truth Social,realDonaldTrump,"Trump Birthright Citizenship View Rests on Originalism, Not Vibes:   https://  news.bloomberglaw.com/legal-ex  change-insights-and-commentary/trump-birthright-citizenship-view-rests-on-originalism-not-vibes",9035,2236,False,False,False,12,,,,0,nan,https://truthsocial.com/@realDonaldTrump/116416541127655458,nan
116416538843797671,2026-04-16T16:36:49-05:00,Truth Social,realDonaldTrump,Trump Is Right On Birthright Citizenship:   https://www.  wsj.com/opinion/trump-is-right  -on-birthright-citizenship-954ae377,9742,2412,False,False,False,9,,https://www.,,0,nan,https://truthsocial.com/@realDonaldTrump/116416538843797671,nan
116416485819231887,2026-04-16T16:23:20-05:00,Truth Social,realDonaldTrump,Terrible!   https://www.  foxnews.com/us/slain-college-f  reshmans-mother-vows-fight-justice-illegal-immigrant-charged-chicago-killing,8492,2301,False,False,False,4,,https://www.,,0,nan,https://truthsocial.com/@realDonaldTrump/116416485819231887,nan
116416480932586388,2026-04-16T16:22:05-05:00,Truth Social,realDonaldTrump,"Sadly, Mayor Mamdani is DESTROYING New York! It has no chance! The United States of America should not contribute to its failure. It will only get WORSE. The TAX, TAX, TAX Policies are SO WRONG. People are fleeing. They must change their ways, AND FAST. History has proven, THIS “STUFF” JUST DOESN’T WORK. Thank you for your attention to this matter! President DJT",37728,8819,False,False,False,63,,,,0,nan,https://truthsocial.com/@realDonaldTrump/116416480932586388,nan
116416477611505249,2026-04-16T16:21:15-05:00,Truth Social,realDonaldTrump,"Harmeet Dhillon, Trump’s Civil-Rights Enforcer in Action:   https://www.  wsj.com/opinion/harmeet-dhillo  n-trumps-civil-rights-enforcer-in-action-9e93b66d",7832,1921,False,False,False,10,,https://www.,,0,nan,https://truthsocial.com/@realDonaldTrump/116416477611505249,nan
116416475839280604,2026-04-16T16:20:48-05:00,Truth Social,realDonaldTrump,Trump: ‘The farm bill is going to happen!’   https://www.  agri-pulse.com/articles/24440-  trump-the-farm-bill-is-going-to-happen,8302,1878,False,False,False,11,,https://www.,,0,nan,https://truthsocial.com/@realDonaldTrump/116416475839280604,nan
116416471379285688,2026-04-16T16:19:40-05:00,Truth Social,realDonaldTrump,"Italy wasn’t there for us, we won’t be there for them! President DONALD J. TRUMP   https://www.  theguardian.com/world/2026/mar  /31/italy-denies-sicily-airbase-us-planes-carrying-weapons-iran-war",10080,2566,False,False,False,18,,https://www.,,0,nan,https://truthsocial.com/@realDonaldTrump/116416471379285688,nan
116416279702594826,2026-04-16T15:30:55-05:00,Truth Social,realDonaldTrump,,11282,3300,False,False,False,0,,,,0,nan,https://truthsocial.com/@realDonaldTrump/116416279702594826,nan
116416234640313369,2026-04-16T15:19:27-05:00,Truth Social,realDonaldTrump,"Congratulations to Taranjit Sandhu on becoming the new Lt Governor of Delhi! As a seasoned Diplomat and former Ambassador to the United States, he has always shown deep commitment to strengthening the U.S.-India relationship. Wishing him success in leading Delhi’s progress, and furthering global ties! President DONALD J. TRUMP",9379,2038,False,False,False,49,,,,0,nan,https://truthsocial.com/@realDonaldTrump/116416234640313369,nan
116416177838768498,2026-04-16T15:05:01-05:00,Truth Social,realDonaldTrump,"The out of control Trump Hating, Washington, D.C. District Court Judge, who doesn’t want to accept a $400 Million Dollar GIFT of one of the most beautiful Ballrooms anywhere in the World, desperately needed by the White House and its future Presidents (Due to time constraints, I will barely get to use it!), wants me to build the “underground” portion of the Ballroom, without the “above ground” portion, but the underground doesn’t work, isn’t necessary, and would indeed be useless, without the above ground sections. The underground portion is wedded to, and serves, the upper portion, including the Bomb Shelters, a State of the Art Hospital and Medical Facilities, Protective Partitioning, Top Secret Military Installations, Structures, and Equipment, Protective Missile Resistant Steel, Columns, Roofs, and Beams, Drone Proof Ceilings and Roofs, Military Grade Venting, and Bullet, Ballistic, and Blast Proof Glass. It’s all tied together as one big, expensive, and very complex unit, which is vital for National Security and Military Operations of the United States of America! The Judge’s decision, which doesn’t even discuss the vital subject of STANDING, of which the plaintiff has none, severely jeopardizes the lives and welfare of the people who work, and will be working, at the White House — including all future Presidents of the United States, and their families. President DONALD J. TRUMP",23905,6179,False,False,False,221,,,,0,nan,https://truthsocial.com/@realDonaldTrump/116416177838768498,nan
116416069269152200,2026-04-16T14:37:24-05:00,Truth Social,realDonaldTrump,"The person who filed the meritless and lawless suit on the desperately needed White House Ballroom, being built as a GIFT to America (without Tax Dollars!), a woman walking her dog, has absolutely NO STANDING to bring such a monumentally important case against our Country. The Trump Hating Judge’s opinion is radically different from his first opinion, that was issued weeks ago, while still being unlawful and ambiguous, which never even addressed her COMPLETE lack of Standing. Every Political “Pundit” has said this case is meritless, even a JOKE, but it’s not a joke to me, or the people of America. Too much hard work, time, and money spent in order that a Judge can claim that he ruled against “DONALD TRUMP,” something which I have gotten very used to, BUT WILL NOT ACCEPT! President DJT",22313,5441,False,False,False,136,,,,0,nan,https://truthsocial.com/@realDonaldTrump/116416069269152200,nan
116416019325047452,2026-04-16T14:24:42-05:00,Truth Social,realDonaldTrump,"I am pleased to announce the new leadership of the Centers for Disease Control and Prevention (CDC). It is my Honor to nominate the incredibly talented Dr. Erica Schwartz, MD, JD, MPH, as my Director of the CDC. Erica graduated from Brown University for College and Medical School, and served a distinguished career as a Doctor of Medicine in the United States Military, the Greatest and Most Powerful Force in the World, and then served as my Deputy Surgeon General during my First Term. She is a STAR! I am also pleased to announce the appointment of Sean Slovenski as the CDC Deputy Director and Chief Operating Officer, Dr. Jennifer Shuford, MD, MPH, as the CDC Deputy Director and Chief Medical Officer, and Dr. Sara Brenner, MD, MPH, as Senior Counselor for Public Health to Secretary Robert F. Kennedy, Jr.  These Highly Respected Doctors of Medicine have the knowledge, experience, and TOP degrees to restore the GOLD STANDARD OF SCIENCE at the CDC, which was an absolute disaster focused on “mandates” under Sleepy Joe. Together, they will do a TREMENDOUS job leading the CDC as we continue to MAKE AMERICA HEALTHY AND GREAT AGAIN! President DONALD J. TRUMP",9991,2539,False,False,False,198,,,,0,nan,https://truthsocial.com/@realDonaldTrump/116416019325047452,nan
116415864463373443,2026-04-16T13:45:19-05:00,Truth Social,realDonaldTrump,"The White House doesn’t have a Ballroom (No Taxpayer Money!), which Presidents have desperately wanted and desired for over 150 years, but a Trump Hating, Washington, D.C. District Court Judge, a man who has gone out of his way to undermine National Security, and to make sure that this Great Gift to America gets delayed, or doesn’t get built, is attempting to prevent future Presidents and World Leaders from having a safe and secure large scale Meeting Place, or Ballroom, one with Bomb Shelters, a State of the Art Hospital and Medical Facilities, Protective Partitioning, Top Secret Military Installations, Structures, and Equipment, Protective Missile Resistant Steel, Columns, Roofs, and Beams, Drone Proof Ceilings and Roofs, Military Grade Venting, and Bullet, Ballistic, and Blast Proof Glass —which all means that no future President, living in the White House without this Ballroom, can ever be Safe and Secure at Events, Future Inaugurations, or Global Summits. This Magnificent Space will allow them to carry out their vital duties as the Leader of our Nation. Furthermore, the Ballroom, which is being constructed on budget and ahead of schedule, is needed now. Almost all material necessary for its construction is being built and/or on its way to the site, ready for installation and erection. Much of it has already been paid for, costing Hundreds of Millions of Dollars. If somebody, especially one with no standing, had a complaint — Why wasn’t it filed many months earlier, long before Construction was started? The Public Record was open for all to see. Everybody knew that it was planned, and going to be built. This highly political Judge, and his illegal overreach, is out of control, and costing our Nation greatly. This is a mockery to our Court System! The Ballroom is deeply important to our National Security, and no Judge can be allowed to stop this Historic and Militarily Imperative Project. Thank you for your attention to this matter! President DONALD J. TRUMP",21562,5443,False,False,False,326,,,,0,nan,https://truthsocial.com/@realDonaldTrump/116415864463373443,nan
116415190299043508,2026-04-16T10:53:52-05:00,Truth Social,realDonaldTrump,"RT: https://truthsocial.com/users/realDonaldTrump/statuses/116415122630904602 In addition to the statement just issued, I will be inviting the Prime Minister of Israel, Bibi Netanyahu, and the President of Lebanon, Joseph Aoun, to the White House for the first meaningful talks between Israel and Lebanon since 1983, a very long time ago. Both sides want to see PEACE, and I believe that will happen, quickly! President DONALD J. TRUMP",18089,4360,False,False,False,64,,https://truthsocial.com/users/realDonaldTrump/statuses/116415122630904602,,0,nan,https://truthsocial.com/@realDonaldTrump/116415190299043508,nan
116415122630904602,2026-04-16T10:36:39-05:00,Truth Social,realDonaldTrump,"I just had excellent conversations with the Highly Respected President Joseph Aoun, of Lebanon, and Prime Minister Bibi Netanyahu, of Israel. These two Leaders have agreed that in order to achieve PEACE between their Countries, they will formally begin a 10 Day CEASEFIRE at 5 P.M. EST. On Tuesday, the two Countries met for the first time in 34 years here in Washington, D.C., with our Great Secretary of State, Marco Rubio. I have directed Vice President JD Vance and Secretary of State Rubio, together with the Chairman of the Joint Chiefs of Staff, Dan Razin' Caine, to work with Israel and Lebanon to achieve a Lasting PEACE. It has been my Honor to solve 9 Wars across the World, and this will be my 10th, so let's, GET IT DONE! President DONALD J. TRUMP",34631,7459,False,False,False,135,,,,0,nan,https://truthsocial.com/@realDonaldTrump/116415122630904602,nan
116412252214963423,2026-04-15T22:26:40-05:00,Truth Social,realDonaldTrump,"Trying to get a little breathing room between Israel and Lebanon. It has been a long time since the two leaders have spoken, like 34 years. It will happen tomorrow. Nice! President DJT",30439,6214,False,False,False,33,,,,0,nan,https://truthsocial.com/@realDonaldTrump/116412252214963423,nan
116412203941124262,2026-04-15T22:14:24-05:00,Truth Social,realDonaldTrump,Gabbard refers impeachment whistleblower to DOJ for criminal investigation:   https://  justthenews.com/government/sec  urity/gabbard-refers-impeachment-whistleblower-doj-criminal-investigation,22445,5852,False,False,False,12,,,,0,nan,https://truthsocial.com/@realDonaldTrump/116412203941124262,nan
116410473540647394,2026-04-15T14:54:20-05:00,Truth Social,realDonaldTrump,,28994,7544,False,False,False,0,,,,0,nan,https://truthsocial.com/@realDonaldTrump/116410473540647394,nan
116409709209391344,2026-04-15T11:39:57-05:00,Truth Social,realDonaldTrump,"Why is FoxNews showing SLEAZEBAG Tom Steyer, doing a big piece on him right now, and probably putting him “into play,” instead of talking about Republican Candidates, and really good ones like Steve Hilton, and Republicans? How can a Republican expect to win that State, with their Mail In Voting and Rigged Elections, when you have FoxNews promoting the Democrats? Nobody cares about Tom Steyer, he is a LOSER, but Fox is making it possible for a guy like this to win. VOTE FOR STEVE HILTON, AND TURN CALIFORNIA AROUND! President DONALD J. TRUMP",33043,9021,False,False,False,94,,,,0,nan,https://truthsocial.com/@realDonaldTrump/116409709209391344,nan
116409146419851362,2026-04-15T09:16:50-05:00,Truth Social,realDonaldTrump,"I am working very hard with our Great Speaker, Mike Johnson, along with Chairman Jim Jordan and Chairman Rick Crawford, to get a clean extension of FISA 702 through the House of Representatives this week. I am asking Republicans to UNIFY, and vote together on the test vote to bring a clean Bill to the floor. We need to stick together when this Bill comes before the House Rules Committee today to keep it CLEAN!  When the Dirty Cop, James Comey, the failed Head of the FBI went after me, he was using FISA Title I, the Domestic Collection, not FISA 702, the Foreign Collection, which needs to be extended today. While parts of FISA were illegally and unfortunately used against me in the Democrats’ disgraceful Witch Hunt and Attack in the RUSSIA, RUSSIA, RUSSIA Hoax, and perhaps would be used against me in the future, I am willing to risk the giving up of my Rights and Privileges as a Citizen for our Great Military and Country! Our Military Patriots desperately need FISA 702, and it is one of the reasons we have had such tremendous SUCCESS on the battlefield. I have spoken with many in our Military who say FISA is necessary in order to protect our Troops overseas, as well as our people here at home, from the threat of Foreign Terror Attacks. It has already prevented MANY such Attacks, and it is very important that it remain in full force and effect. Thank you for your attention to this matter! President DONALD J. TRUMP",25598,6278,False,False,False,258,,,,0,nan,https://truthsocial.com/@realDonaldTrump/116409146419851362,nan
116408744846668712,2026-04-15T07:34:42-05:00,Truth Social,realDonaldTrump,,31557,7237,False,False,False,0,,,,0,nan,https://truthsocial.com/@realDonaldTrump/116408744846668712,nan
116408742801619405,2026-04-15T07:34:11-05:00,Truth Social,realDonaldTrump,"The Radical Left Lunatics might not like this, but I think it is quite nice!!!  President DJT",33210,7967,False,False,False,17,,,,0,nan,https://truthsocial.com/@realDonaldTrump/116408742801619405,nan
116408647042304061,2026-04-15T07:09:50-05:00,Truth Social,realDonaldTrump,JEROME STARKEY: If hot air was a weapon Starmer would have rearmed Britain – but words don’t win wars:   https://www.  thesun.co.uk/news/38819687/sta  rmer-words-dont-win-wars-iran-russia-jerome-starkey/,17645,4102,False,False,False,22,,https://www.,,0,nan,https://truthsocial.com/@realDonaldTrump/116408647042304061,nan
116408640587669422,2026-04-15T07:08:11-05:00,Truth Social,realDonaldTrump,,15250,4624,False,False,False,0,,,,0,nan,https://truthsocial.com/@realDonaldTrump/116408640587669422,nan
116408554531050811,2026-04-15T06:46:18-05:00,Truth Social,realDonaldTrump,"China is very happy that I am permanently opening the Strait of Hormuz. I am doing it for them, also - And the World. This situation will never happen again. They have agreed not to send weapons to Iran. President Xi will give me a big, fat, hug when I get there in a few weeks. We are working together smartly, and very well! Doesn’t that beat fighting??? BUT REMEMBER, we are very good at fighting, if we have to - far better than anyone else!!! President DJT",47201,10006,False,False,False,88,,,,0,nan,https://truthsocial.com/@realDonaldTrump/116408554531050811,nan
116407008352376346,2026-04-15T00:13:05-05:00,Truth Social,realDonaldTrump,RT   @ realDonaldTrump   Will be interviewed tomorrow morning by Maria B. FoxBusiness. Enjoy!!! President DJT,1,0,False,False,False,15,,,,0,nan,https://truthsocial.com/@realDonaldTrump/116407008352376346,nan
116407007495166895,2026-04-15T00:12:52-05:00,Truth Social,realDonaldTrump,,18484,6037,False,False,False,0,,,,0,nan,https://truthsocial.com/@realDonaldTrump/116407007495166895,nan
116407002124993541,2026-04-15T00:11:30-05:00,Truth Social,realDonaldTrump,,20243,6891,False,False,False,0,,,,0,nan,https://truthsocial.com/@realDonaldTrump/116407002124993541,nan
116406998034563593,2026-04-15T00:10:28-05:00,Truth Social,realDonaldTrump,Not good!!!,18687,6320,False,False,False,2,,,,0,nan,https://truthsocial.com/@realDonaldTrump/116406998034563593,nan
116406752873105015,2026-04-14T23:08:07-05:00,Truth Social,realDonaldTrump,Will be interviewed tomorrow morning by Maria B. FoxBusiness. Enjoy!!! President DJT,23519,4145,False,False,False,12,,,,0,nan,https://truthsocial.com/@realDonaldTrump/116406752873105015,nan
116406733740752601,2026-04-14T23:03:15-05:00,Truth Social,realDonaldTrump,"Chokehold: Iran could run out of oil storage with Trump blockade, wreaking havoc with its economy:   https://  justthenews.com/politics-polic  y/energy/strait-hormuz-blockaded-globe-has-limited-options-address-energy-shortfall",15852,3751,False,False,False,19,,,,0,nan,https://truthsocial.com/@realDonaldTrump/116406733740752601,nan
116406731985636134,2026-04-14T23:02:48-05:00,Truth Social,realDonaldTrump,The most corrupt group in Government! President DJT   https://  justthenews.com/government/con  gress/house-committees-probing-actblue-suggest-company-obstructed-misled-congress,14326,3955,False,False,False,11,,,,0,nan,https://truthsocial.com/@realDonaldTrump/116406731985636134,nan
116406729293309103,2026-04-14T23:02:07-05:00,Truth Social,realDonaldTrump,'Abuse of discretion': Appeals court slaps down Judge Boasberg over contempt probe:   https://  justthenews.com/government/cou  rts-law/appeals-court-shuts-down-boasberg-contempt-investigation,14092,3605,False,False,False,15,,,,0,nan,https://truthsocial.com/@realDonaldTrump/116406729293309103,nan
116406727478332442,2026-04-14T23:01:40-05:00,Truth Social,realDonaldTrump,"Biden administration weaponized law to infringe rights of pro-life activists, DOJ says:   https://  justthenews.com/politics-polic  y/abortion/biden-administration-weaponized-law-infringe-rights-pro-life-activists-doj",12848,3469,False,False,False,15,,,,0,nan,https://truthsocial.com/@realDonaldTrump/116406727478332442,nan
116406725461292907,2026-04-14T23:01:09-05:00,Truth Social,realDonaldTrump,Alan Dershowitz: Trump could move to expunge 2019 impeachment after release of bombshell evidence:   https://  justthenews.com/politics-polic  y/all-things-trump/alan-dershowitz-trump-could-move-expunge-2019-impeachment-after,13794,3376,False,False,False,17,,,,0,nan,https://truthsocial.com/@realDonaldTrump/116406725461292907,nan
116406639178992552,2026-04-14T22:39:12-05:00,Truth Social,realDonaldTrump,"NATO wasn’t there for us, and they won’t be there for us in the future! President DONALD J. TRUMP",19678,4947,False,False,False,19,,,,0,nan,https://truthsocial.com/@realDonaldTrump/116406639178992552,nan
116406622416293152,2026-04-14T22:34:56-05:00,Truth Social,realDonaldTrump,"Will someone please tell Pope Leo that Iran has killed at least 42,000 innocent, completely unarmed, protesters in the last two months, and that for Iran to have a Nuclear Bomb is absolutely unacceptable. Thank you for your attention to this matter. AMERICA IS BACK!!! President DONALD J. TRUMP",24626,7004,False,False,False,49,,,,0,nan,https://truthsocial.com/@realDonaldTrump/116406622416293152,nan
116405146221540576,2026-04-14T16:19:31-05:00,Truth Social,realDonaldTrump,"This was put out by the CATO Institute, who hates “TRUMP,” but they can’t hide the facts. The Democrats were a DISASTER on the Border, and we were the best in the History of the U.S.A.! President DONALD J. TRUMP",23515,6015,False,False,False,40,,,,0,nan,https://truthsocial.com/@realDonaldTrump/116405146221540576,nan
116404717003537033,2026-04-14T14:30:22-05:00,Truth Social,realDonaldTrump,"It is my Great Honor to endorse Highly Respected State Senator, Carrie Buck, who is running to represent the fantastic people of Nevada’s 1st Congressional District.  Carrie is running against a Career Politician named Dina Titus, who tried to raise Taxes by over $4 Trillion Dollars, and voted against all of our Tax Cuts, notably NO TAX ON TIPS for the Working Men and Women of Nevada! Dina Titus wants to abolish our Borders, stop deporting Criminal Illegal Aliens, and supports dangerous “Soft on Crime” Policies like cashless bail that let repeat Violent Criminals roam free on our streets. She voted to allow Men in Women’s Sports, is in favor of the transgender mutilization of children, and voted AGAINST Voter I.D., but in favor of allowing Illegal Aliens to vote in our Sacred Elections. She is Reckless, Radical, and Dangerous!  In contrast, a Successful School Principal and Civic Leader, prior to becoming a distinguished State Senator, Carrie Buck has dedicated her life to serving her Community. As your next Congresswoman, she will fight hard to Grow our Economy, Cut Taxes and Regulations, Promote NO TAX ON TIPS, Champion School Choice, Promote MADE IN THE U.S.A., Keep our Border SECURE, Stop Migrant Crime, Strengthen our Brave Military/Veterans, Ensure PEACE THROUGH STRENGTH, and Protect our always under siege Second Amendment.  Carrie Buck has my Complete and Total Endorsement to be the next Representative from Nevada’s 1st Congressional District — SHE WILL NEVER LET YOU DOWN!",15255,3400,False,False,False,243,,,,0,nan,https://truthsocial.com/@realDonaldTrump/116404717003537033,nan
116404659067780412,2026-04-14T14:15:38-05:00,Truth Social,realDonaldTrump,"It is my Great Honor to endorse America First Patriot, Marty O'Donnell, who is running to represent the incredible people of Nevada’s 3rd Congressional District.  Marty is running against Susie Lee, a true Radical Left Extremist who does not represent the Values of Southern Nevada. Susie Lee wants Open Borders, Men playing in Women’s Sports, Transgender for Everyone, Defund the Police, and wants to take away your Second Amendment, meaning, your guns. Sadly, she voted against the Biggest Tax Cut in History (including NO TAX ON TIPS!), and fought ferociously to knock out Rural Healthcare, a big factor in Nevada’s 3rd Congressional District.  In contrast, Marty O’Donnell is a World-Class Composer and Entrepreneur who knows the America First Policies required to Create GREAT Jobs, Cut Taxes and Regulations, Promote NO TAX ON TIPS, Advance MADE IN THE U.S.A., and Champion our Nation’s Golden Age. As your next Congressman, Marty will fight tirelessly to Unleash American Energy DOMINANCE, Keep our Border SECURE, Stop Migrant Crime, Ensure LAW AND ORDER, Strengthen our Brave Military/Veterans, and Protect our always under siege Second Amendment.  Marty O'Donnell has my Complete and Total Endorsement to be the next Representative from Nevada’s 3rd Congressional District — HE WILL NOT LET YOU DOWN!",13747,3016,False,False,False,205,,,,0,nan,https://truthsocial.com/@realDonaldTrump/116404659067780412,nan
116404627442914911,2026-04-14T14:07:36-05:00,Truth Social,realDonaldTrump,"It is my Great Honor to endorse Highly Respected State Senator, and brave U.S. Navy Veteran, John Braun, who is running to represent the amazing people of Washington’s 3rd Congressional District.  John is running against Marie Gluesenkamp Perez, a true Radical Left Extremist with a Track Record that REEKS, and who does not represent the Values of Southwestern Washington. Marie Gluesenkamp Perez wants Open Borders, Men playing in Women’s Sports, Transgender for Everyone, Defund the Police, and wants to take away your Second Amendment, meaning, your guns. Sadly, she voted against the Biggest Tax Cut in History, and fought ferociously to knock out Rural Healthcare, a big factor in Washington’s 3rd Congressional District.  In contrast, John Braun fights tirelessly to Advance Pro Growth Policies, Champion American Energy DOMINANCE, and Prioritize CLEAN AIR, CLEAN WATER, AND CLEAN SOIL FOR ALL WASHINGTONIANS. In Congress, John will work hard to Grow the Economy, Cut Taxes and Regulations, Promote MADE IN THE U.S.A., Keep our Border SECURE, Stop Migrant Crime, Support our Great Military/Veterans, and Defend our always under siege Second Amendment.  John Braun has my Complete and Total Endorsement to be the next Representative from Washington's 3rd Congressional District — HE WILL NEVER LET YOU DOWN!",13151,2879,False,False,False,203,,,,0,nan,https://truthsocial.com/@realDonaldTrump/116404627442914911,nan
116404602696446666,2026-04-14T14:01:18-05:00,Truth Social,realDonaldTrump,"It is my Great Honor to endorse U.S. Marine Corps Veteran and former Albuquerque Police Detective, Greg Cunningham, who is running to represent the wonderful people of New Mexico’s 2nd Congressional District.   Greg is running against a Radical Left Democrat named Gabe Vasquez, who tried to raise Taxes by over $4 Trillion Dollars, and voted against all of our Tax Cuts, including NO TAX ON TIPS, NO TAX ON SOCIAL SECURITY, and NO TAX ON OVERTIME. Gabe Vasquez wants to abolish our Borders, stop deporting Criminal Illegal Aliens, and supports dangerous “Soft on Crime” Policies like cashless bail that let repeat Violent Criminals roam free on our streets. He voted to allow Men in Women’s Sports, is in favor of the transgender mutilization of children, and voted AGAINST Voter I.D., but in favor of allowing Illegal Aliens to vote in our Sacred Elections. He is Reckless, Radical, and Dangerous!  In contrast, U.S. Marine Corps Combat Veteran and former Albuquerque Police Detective, Greg Cunningham, knows the Wisdom and Courage required to Defend our Country, Support our Brave Military, Veterans, and Law Enforcement and Ensure PEACE THROUGH STRENGTH. As your next Congressman, he will work tirelessly to Grow the Economy, Cut Taxes and Regulations, Unleash American Energy DOMINANCE, Promote MADE IN THE U.S.A., Keep our Border SECURE, Stop Migrant Crime, and Defend our always under siege Second Amendment.  Greg Cunningham has my Complete and Total Endorsement to be the next Representative from New Mexico’s 2nd Congressional District — HE WILL NEVER LET YOU DOWN!",13133,2880,False,False,False,252,,,,0,nan,https://truthsocial.com/@realDonaldTrump/116404602696446666,nan
116404554093132959,2026-04-14T13:48:56-05:00,Truth Social,realDonaldTrump,"It is my Great Honor to endorse Highly Respected Omaha City Councilman, Brinker Harding, who is running to represent the Fantastic People of Nebraska’s 2nd Congressional District.  A Fourth Generation Omahan, Businessman, and very popular Omaha City Councilman, Brinker has dedicated his life to serving his Community. As your next Congressman, Brinker will work tirelessly to Champion our Amazing Farmers and Ranchers, Grow our Economy, Cut Taxes and Regulations, Promote MADE IN THE U.S.A., Unleash American Energy DOMINANCE, Keep our Border SECURE, Stop Migrant Crime, Ensure LAW AND ORDER, Support our Brave Military, Veterans, and Law Enforcement, and Protect our always under siege Second Amendment.  Brinker Harding has my Complete and Total Endorsement to be the next Representative from Nebraska’s 2nd Congressional District – HE WILL NEVER LET YOU DOWN!",12432,2680,False,False,False,130,,,,0,nan,https://truthsocial.com/@realDonaldTrump/116404554093132959,nan
116404544522100081,2026-04-14T13:46:30-05:00,Truth Social,realDonaldTrump,"It is my Great Honor to endorse America First Patriot, Eric Conroy, who is running to represent the wonderful people of Ohio’s 1st Congressional District. He is running against Greg Landsman, a true Radical Left Extremist who does not represent the Values of Southwest Ohio and the Great City of Cincinnati. Greg Landsman wants Open Borders, Men playing in Women’s Sports, Transgender for Everyone, and Defund the Police. Sadly, Greg also voted against the Biggest Tax Cut in History, and fought ferociously against my America First Trade Policies, most specifically TARIFFS, which charge other Countries for access to our Markets while protecting our important Industries, and strengthening our Supply Chains. Eric Conroy is one of the strongest Republican Candidates in the Country, whereas the current Congressman, Greg Landsman, is a weak Radical Left Democrat, who puts our Country, and Safety, LAST. Eric, on the other hand, will ALWAYS put Ohio, and America, FIRST.  A Brave U.S. Air Force Veteran, and former Central Intelligence Agency (CIA) Officer, Eric knows the Wisdom and Courage it takes to Ensure LAW AND ORDER, Strongly Support our Great Heroes in Law Enforcement, and Champion our Military and Veterans. In Congress, Eric will work hard to Grow the Economy, Cut Taxes and Regulations, Promote MADE IN THE U.S.A., Advance American Energy DOMINANCE, Keep our Border SECURE, Stop Migrant Crime, and Defend our always under siege Second Amendment.  Eric Conroy has my Complete and Total Endorsement to be the next Representative from Ohio’s 1st Congressional District — HE WILL NEVER LET YOU DOWN!",12050,2619,False,False,False,256,,,,0,nan,https://truthsocial.com/@realDonaldTrump/116404544522100081,nan
116404524514355598,2026-04-14T13:41:25-05:00,Truth Social,realDonaldTrump,"It is my Great Honor to endorse Highly Respected State Representative Houston Gaines, who is running to represent the Incredible People of Georgia’s 10th Congressional District.  An Eighth-Generation Georgian, Houston has served as a State Representative since 2019, authoring more than 20 bills that have passed the Georgia Legislature, and championing our AMERICA FIRST Policies. As your next Congressman, he will fight tirelessly to Promote our Great Farmers and American Agriculture, Cut Taxes and Regulations, Advance American Energy DOMINANCE, Promote MADE IN THE U.S.A., Keep our Border SECURE, Stop Migrant Crime, Strengthen our Military/Veterans, and Protect our always under siege Second Amendment.  Houston Gaines has my Complete and Total Endorsement to be the next Representative from Georgia’s 10th Congressional District – HE WILL NEVER LET YOU DOWN!",11775,2564,False,False,False,127,,,,0,nan,https://truthsocial.com/@realDonaldTrump/116404524514355598,nan
116404472864736440,2026-04-14T13:28:17-05:00,Truth Social,realDonaldTrump,"It is my Great Honor to endorse MAGA Warrior, Jim Kingston, who is running to represent the fantastic people of Georgia’s 1st Congressional District.  A very successful Businessman, Civic Leader, and Conservative Activist, Jim has dedicated his life to serving his Community. Jim's father is the GREAT Former Congressman from Georgia, Jack Kingston – He and his family are fierce advocates for our Movement to, MAKE AMERICA GREAT AGAIN! In Congress, Jim will fight tirelessly to Grow our Economy, Cut Taxes and Regulations, Promote MADE IN THE U.S.A., Champion American Energy DOMINANCE, Keep our Border SECURE, Stop Migrant Crime, Champion School Choice, Strengthen our Military/Veterans, and Protect our always under siege Second Amendment.   Jim Kingston has my Complete and Total Endorsement to be the next Representative from Georgia’s 1st Congressional District – HE WILL NEVER LET YOU DOWN!",12045,2601,False,False,False,138,,,,0,nan,https://truthsocial.com/@realDonaldTrump/116404472864736440,nan
116404449008520677,2026-04-14T13:22:13-05:00,Truth Social,realDonaldTrump,"It is my Great Honor to endorse Highly Respected San Diego County Supervisor, Jim Desmond, who is running to represent the tremendous people of California’s 48th Congressional District.  A Brave U.S. Navy Veteran, Jim knows the Wisdom and Courage required to Defend our Country, Support our incredible Military/Veterans, and Ensure PEACE THROUGH STRENGTH. A Successful Businessman, Pilot, and Highly Respected Mayor of San Marcos, prior to becoming a distinguished San Diego County Supervisor, Jim has dedicated his life to serving his Community. As your next Congressman, Jim will fight hard to Grow our Economy, Cut Taxes and Regulations, Champion American Energy DOMINANCE, Promote MADE IN THE U.S.A., Keep our Border SECURE, Stop Migrant Crime, and Defend our always under siege Second Amendment.  Jim Desmond has my Complete and Total Endorsement to be the next Representative from California’s 48th Congressional District – HE WILL NEVER LET YOU DOWN!",12073,2679,False,False,False,147,,,,0,nan,https://truthsocial.com/@realDonaldTrump/116404449008520677,nan
116404390855989138,2026-04-14T13:07:26-05:00,Truth Social,realDonaldTrump,"I am working very hard with our Great Speaker, Mike Johnson, along with Chairman Jim Jordan and Chairman Rick Crawford, to get a clean extension of FISA 702 through the House of Representatives this week. I am asking Republicans to UNIFY, and vote together on the test vote to bring a clean Bill to the floor. We need to stick together when this Bill comes before the House Rules Committee today to keep it CLEAN!  I was a victim of the worst and most illegal abuse of FISA in our Nation’s History, by Radical Left Lunatics, who lied to the FISA Court to spy on my 2016 Presidential Campaign in their attempt to RIG the Election in favor of Crooked Hillary Clinton. Their use of this instrument in the 2020 Presidential Election was even worse! When the Dirty Cop, James Comey, the failed Head of the FBI, went after me, he was using FISA Title I, the Domestic Collection, not FISA 702, the Foreign Collection, which needs to be extended today. While parts of FISA were illegally and unfortunately used against me in the Democrats’ disgraceful Witch Hunt and Attack in the RUSSIA, RUSSIA, RUSSIA Hoax, and perhaps would be used against me in the future, I am willing to risk that as a Citizen in order to do what is right for our Country. Our Military desperately needs FISA 702, and it is one of the reasons we have had such tremendous SUCCESS on the battlefield, both in Venezuela and Iran. Since the first day of my already Historic Second Term, my Administration has worked tirelessly to ensure these FISA Reforms are being aggressively executed at every level of the Executive Branch to keep Americans safe, while protecting our sacred Civil Liberties guaranteed by our Great Constitution. With the ongoing successful Military activities against the Terrorist Iranian Regime, it is more important than ever that we remain vigilant, PROTECT our Homeland, Troops, and Diplomats stationed abroad, and maintain our ability to quickly stop bad actors seeking to cause harm to our People and our Country. The fact is, whether you like FISA or not, it is extremely important to our Military. I have spoken to many Generals about this, and they consider it VITAL. Not one said, even tacitly, that they can do without it — especially right now with our brilliant Military Operation in Iran. Thank you for your attention to this matter! President DONALD J. TRUMP",29584,7570,False,False,False,409,,,,0,nan,https://truthsocial.com/@realDonaldTrump/116404390855989138,nan
116403535989117537,2026-04-14T09:30:01-05:00,Truth Social,realDonaldTrump,"Europe is desperate for Energy, and yet the United Kingdom refuses to open North Sea Oil, one of the greatest fields in the World. Tragic!!! Aberdeen should be booming. Norway sells its North Sea Oil to the U.K. at double the price. They are making a fortune. U.K., which is better situated on the North Sea for purposes of energy than Norway, should, DRILL, BABY, DRILL!!! It is absolutely crazy that they don’t… AND, NO MORE WINDMILLS! President DJT",39919,9000,False,False,False,79,,,,0,nan,https://truthsocial.com/@realDonaldTrump/116403535989117537,nan
116403452696175100,2026-04-14T09:08:50-05:00,Truth Social,realDonaldTrump,Watch: Rep. Burchett Reveals Gov’t Giving $40 Million per Week to the Taliban and Dems Oppose Ending It:   https://www.  thegatewaypundit.com/2026/04/w  atch-rep-burchett-reveals-govt-giving-40-million/,17637,6800,False,False,False,21,,https://www.,,0,nan,https://truthsocial.com/@realDonaldTrump/116403452696175100,nan
116402983435251784,2026-04-14T07:09:30-05:00,Truth Social,realDonaldTrump,"Bruce Blakeman, the highly respected and very popular Nassau County Executive, who is running for Governor, is surging in the New York State Polls. He is one of the best politicians in the U.S. Watch him work his magic!!! President DJT",20104,4537,False,False,False,41,,,,0,nan,https://truthsocial.com/@realDonaldTrump/116402983435251784,nan
116402914290291580,2026-04-14T06:51:55-05:00,Truth Social,realDonaldTrump,"Alan, one of the greats, should do it! President DJT   https://  justthenews.com/politics-polic  y/all-things-trump/alan-dershowitz-trump-could-move-expunge-2019-impeachment-after",17904,4674,False,False,False,13,,,,0,nan,https://truthsocial.com/@realDonaldTrump/116402914290291580,nan
116402906638546831,2026-04-14T06:49:58-05:00,Truth Social,realDonaldTrump,"Biden administration weaponized law to infringe rights of pro-life activists, DOJ says:   https://  justthenews.com/politics-polic  y/abortion/biden-administration-weaponized-law-infringe-rights-pro-life-activists-doj",15859,4651,False,False,False,15,,,,0,nan,https://truthsocial.com/@realDonaldTrump/116402906638546831,nan
116400917684001165,2026-04-13T22:24:09-05:00,Truth Social,realDonaldTrump,Georgia lawmaker wants Fani Willis to answer questions about $2 million grant from Biden DOJ:   https://  justthenews.com/accountability  /political-ethics/georgia-lawmaker-wants-fani-willis-answer-questions-about-grant,22876,6347,False,False,False,18,,,,0,nan,https://truthsocial.com/@realDonaldTrump/116400917684001165,nan
116400914571664797,2026-04-13T22:23:22-05:00,Truth Social,realDonaldTrump,Alan Dershowitz: Trump could move to expunge 2019 impeachment after release of bombshell evidence:   https://  justthenews.com/politics-polic  y/all-things-trump/alan-dershowitz-trump-could-move-expunge-2019-impeachment-after,20584,5365,False,False,False,17,,,,0,nan,https://truthsocial.com/@realDonaldTrump/116400914571664797,nan
116400802731525729,2026-04-13T21:54:55-05:00,Truth Social,realDonaldTrump,https://www.  washingtonpost.com/opinions/20  26/04/13/trump-blockade-strait-hormuz-iran-war/,19449,4745,False,False,False,3,,https://www.,,0,nan,https://truthsocial.com/@realDonaldTrump/116400802731525729,nan
116399897710782846,2026-04-13T18:04:46-05:00,Truth Social,realDonaldTrump,,22791,7305,False,False,False,0,,,,0,nan,https://truthsocial.com/@realDonaldTrump/116399897710782846,nan
116399455398170606,2026-04-13T16:12:16-05:00,Truth Social,realDonaldTrump,"Scott Bedke has been a tremendous Lieutenant Governor of Idaho, a place I love and WON BIG in 2016, 2020, and 2024!  A very successful Businessman, Cattle Rancher, and Highly Respected Speaker of the Idaho House, prior to becoming a very distinguished Lieutenant Governor, working with the wonderful Governor, Brad Little, and outstanding Senator, Jim Risch, Scott has dedicated his life to serving his Community. Scott is fighting tirelessly to Grow our Economy, Cut Taxes and Regulations, Promote MADE IN THE U.S.A., Unleash American Energy DOMINANCE, Keep our Border SECURE, Stop Migrant Crime, Champion our Amazing Farmers and Ranchers, Strengthen our Military/Veterans, and Protect our always under siege Second Amendment.  Scott Bedke has my Complete and Total Endorsement for Re-Election — HE WILL NEVER LET YOU DOWN!",18622,3840,False,False,False,127,,,,0,nan,https://truthsocial.com/@realDonaldTrump/116399455398170606,nan
116399450887993236,2026-04-13T16:11:08-05:00,Truth Social,realDonaldTrump,"Stavros Anthony has been a fantastic Lieutenant Governor for the Great People of Nevada!  A Highly Respected Police Officer, Civic Leader, and Las Vegas City Council Member, and now, as a distinguished Lieutenant Governor, working with outstanding Governor Joe Lombardo, Stavros has proven he has the Courage and Wisdom to deliver strong results for the incredible people of his wonderful State and Nation. He is working hard to Grow the Economy, Cut Taxes and Regulations, Promote NO TAX ON TIPS, Advance MADE IN THE U.S.A., Unleash American Energy DOMINANCE, Champion School Choice, Keep our Border SECURE, Stop Migrant Crime, Ensure LAW AND ORDER, and Protect our always under siege Second Amendment.  Stavros Anthony has my Complete and Total Endorsement for Re-Election — HE WILL NEVER LET YOU DOWN!",15568,3265,False,False,False,128,,,,0,nan,https://truthsocial.com/@realDonaldTrump/116399450887993236,nan
116399385880639539,2026-04-13T15:54:36-05:00,Truth Social,realDonaldTrump,"For those people that still read The Failing New York Times and, despite the fact that Iran has been totally OBLITERATED, Militarily, and otherwise, you would think that Iran is actually winning or, at the very least, doing quite well — But that’s not true, and The New York Times knows that it’s FAKE NEWS! When does this Corrupt Media Outlet apologize for their LIES and horrible actions against me, my supporters, and our Country itself! HAVE THEY NO SHAME? HAVE THEY NO SENSE OF DECENCY? President DONALD J. TRUMP",24173,6027,False,False,False,90,,,,0,nan,https://truthsocial.com/@realDonaldTrump/116399385880639539,nan
116398358272601798,2026-04-13T11:33:16-05:00,Truth Social,realDonaldTrump,"34 Ships went through the Strait of Hormuz yesterday, which is by far the highest number since this foolish closure began. President DONALD J. TRUMP",34040,7151,False,False,False,25,,,,0,nan,https://truthsocial.com/@realDonaldTrump/116398358272601798,nan
116398354806956903,2026-04-13T11:32:23-05:00,Truth Social,realDonaldTrump,"Our powerful case against The Wall Street Journal, and other defendants, was asked to be re-filed by the Judge. It is not a termination, it is a suggested re-filing, and we will be, as per the Order, re-filing an updated lawsuit on or before April 27th. President DONALD J. TRUMP",27202,5729,False,False,False,50,,,,0,nan,https://truthsocial.com/@realDonaldTrump/116398354806956903,nan
116397847496142849,2026-04-13T09:23:22-05:00,Truth Social,realDonaldTrump,"Iran’s Navy is laying at the bottom of the sea, completely obliterated - 158 ships. What we have not hit are their small number of, what they call, “fast attack ships,” because we did not consider them much of a threat. Warning: If any of these ships come anywhere close to our BLOCKADE, they will be immediately ELIMINATED, using the same system of kill that we use against the drug dealers on boats at Sea. It is quick and brutal. P.S. 98.2% of Drugs coming into the U.S. by Ocean or Sea have STOPPED! Thank you for your attention to this matter. President DJT",60509,12539,False,False,False,104,,,,0,nan,https://truthsocial.com/@realDonaldTrump/116397847496142849,nan
116396382206568435,2026-04-13T03:10:43-05:00,Truth Social,realDonaldTrump,Trump brilliantly calls Iran’s bluff — with his own Strait of Hormuz blockade:   https://  nypost.com/2026/04/12/opinion/  trump-brilliantly-calls-irans-bluff-with-his-own-strait-of-hormuz-blockade/,29841,6658,False,False,False,16,,,,0,nan,https://truthsocial.com/@realDonaldTrump/116396382206568435,nan
116396018564238264,2026-04-13T01:38:15-05:00,Truth Social,realDonaldTrump,Appeals court rules Trump’s White House ballroom construction can move forward until April 17:   https://  justthenews.com/government/cou  rts-law/appeals-court-rules-trumps-white-house-ballroom-construction-can-move-forward,24558,4914,False,False,False,17,,,,0,nan,https://truthsocial.com/@realDonaldTrump/116396018564238264,nan
116396016565406676,2026-04-13T01:37:44-05:00,Truth Social,realDonaldTrump,"Impeachment Bombshell: Secret memos expose Ukraine accuser’s bias, hearsay, and false claim:   https://  justthenews.com/accountability  /whistleblowers/ukraine-bombshell-long-secret-memos-expose-whistleblower-bias-hearsay",19933,5400,False,False,False,15,,,,0,nan,https://truthsocial.com/@realDonaldTrump/116396016565406676,nan
116396014283361917,2026-04-13T01:37:09-05:00,Truth Social,realDonaldTrump,Swalwell suspends his campaign for California governor amid furor over sex assault allegations:   https://  justthenews.com/politics-polic  y/elections/swalwell-says-hes-suspending-his-campaign-calif-governor,21878,4816,False,False,False,16,,,,0,nan,https://truthsocial.com/@realDonaldTrump/116396014283361917,nan
116396012068955371,2026-04-13T01:36:35-05:00,Truth Social,realDonaldTrump,The Trump card the president holds if Iran won’t bend: a naval blockade:   https://  justthenews.com/government/sec  urity/trump-card-president-holds-if-iran-wont-bend-naval-blockade,20525,4404,False,False,False,16,,,,0,nan,https://truthsocial.com/@realDonaldTrump/116396012068955371,nan
116396009153482976,2026-04-13T01:35:51-05:00,Truth Social,realDonaldTrump,"Impeachment Bombshell: Secret memos expose Ukraine accuser’s bias, hearsay, and false claim:   https://  justthenews.com/accountability  /whistleblowers/ukraine-bombshell-long-secret-memos-expose-whistleblower-bias-hearsay",14411,3106,False,False,False,15,,,,0,nan,https://truthsocial.com/@realDonaldTrump/116396009153482976,nan
116395566253303665,2026-04-12T23:43:13-05:00,Truth Social,realDonaldTrump,The United States to Blockade Ships Entering or Exiting Iranian Ports on April 13 at 10:00 A.M. ET. Thank you for your attention to this matter! President DJT,26787,5725,False,False,False,28,,,,0,nan,https://truthsocial.com/@realDonaldTrump/116395566253303665,nan
116395134909243812,2026-04-12T21:53:31-05:00,Truth Social,realDonaldTrump,,14631,3683,False,False,False,0,,,,0,nan,https://truthsocial.com/@realDonaldTrump/116395134909243812,nan
116395052461858611,2026-04-12T21:32:33-05:00,Truth Social,realDonaldTrump,,11847,2616,False,False,False,0,,,,0,nan,https://truthsocial.com/@realDonaldTrump/116395052461858611,nan
116394964157828494,2026-04-12T21:10:06-05:00,Truth Social,realDonaldTrump,,30439,7498,False,False,False,0,,,,0,nan,https://truthsocial.com/@realDonaldTrump/116394964157828494,nan
116394885575318850,2026-04-12T20:50:07-05:00,Truth Social,realDonaldTrump,,30793,5768,False,False,False,0,,,,0,nan,https://truthsocial.com/@realDonaldTrump/116394885575318850,nan
116394883403228203,2026-04-12T20:49:33-05:00,Truth Social,realDonaldTrump,DHS investigating claim about Swalwell nanny filed by conspiracy theorist:   https://www.  theguardian.com/us-news/2026/a  pr/12/dhs-investigates-eric-swalwell-brazilian-nanny,14826,3343,False,False,False,13,,https://www.,,0,nan,https://truthsocial.com/@realDonaldTrump/116394883403228203,nan
116394878579443980,2026-04-12T20:48:20-05:00,Truth Social,realDonaldTrump,"Eric Swalwell paid illegal Brazilian live-in nanny under the table with campaign funds, complaint alleges:   https://  nypost.com/2026/04/11/us-news/  eric-swalwell-paid-illegal-brazilian-live-in-nanny-under-the-table-with-campaign-funds-complaint-alleges/",16521,4696,False,False,False,18,,,,0,nan,https://truthsocial.com/@realDonaldTrump/116394878579443980,nan
116394704213456431,2026-04-12T20:03:59-05:00,Truth Social,realDonaldTrump,"Pope Leo is WEAK on Crime, and terrible for Foreign Policy. He talks about “fear” of the Trump Administration, but doesn’t mention the FEAR that the Catholic Church, and all other Christian Organizations, had during COVID when they were arresting priests, ministers, and everybody else, for holding Church Services, even when going outside, and being ten and even twenty feet apart. I like his brother Louis much better than I like him, because Louis is all MAGA. He gets it, and Leo doesn’t! I don’t want a Pope who thinks it’s OK for Iran to have a Nuclear Weapon. I don’t want a Pope who thinks it’s terrible that America attacked Venezuela, a Country that was sending massive amounts of Drugs into the United States and, even worse, emptying their prisons, including murderers, drug dealers, and killers, into our Country. And I don’t want a Pope who criticizes the President of the United States because I’m doing exactly what I was elected, IN A LANDSLIDE, to do, setting Record Low Numbers in Crime, and creating the Greatest Stock Market in History. Leo should be thankful because, as everyone knows, he was a shocking surprise. He wasn’t on any list to be Pope, and was only put there by the Church because he was an American, and they thought that would be the best way to deal with President Donald J. Trump. If I wasn’t in the White House, Leo wouldn’t be in the Vatican. Unfortunately, Leo’s Weak on Crime, Weak on Nuclear Weapons, does not sit well with me, nor does the fact that he meets with Obama Sympathizers like David Axelrod, a LOSER from the Left, who is one of those who wanted churchgoers and clerics to be arrested. Leo should get his act together as Pope, use Common Sense, stop catering to the Radical Left, and focus on being a Great Pope, not a Politician. It’s hurting him very badly and, more importantly, it’s hurting the Catholic Church! President DONALD J. TRUMP",32994,8723,False,False,False,334,,,,0,nan,https://truthsocial.com/@realDonaldTrump/116394704213456431,nan
116394673326324766,2026-04-12T19:56:08-05:00,Truth Social,realDonaldTrump,"Rory, and his father Gerry, also a very good Golfer, at Trump International Golf Club, Palm Beach County, Florida!",19941,3278,False,False,False,19,,,,0,nan,https://truthsocial.com/@realDonaldTrump/116394673326324766,nan
116394253351977606,2026-04-12T18:09:20-05:00,Truth Social,realDonaldTrump,Congratulations to Paulo Costa on a Great UFC Fight last night in Miami. He will absolutely be a future Champion. It was great talking to him outside the ring after his Big Victory last night in Miami! President DONALD J. TRUMP,23931,4522,False,False,False,41,,,,0,nan,https://truthsocial.com/@realDonaldTrump/116394253351977606,nan
116394252667019873,2026-04-12T18:09:09-05:00,Truth Social,realDonaldTrump,"Congratulations to Rory McIlroy on another Great Championship, The Masters! He performed tremendously under intense pressure, something which few people would be able to even think about doing. With each year, Rory is becoming more and more a LEGEND! I look forward to watching him compete in two weeks at Doral. The quality of Professional Golfers today has become extraordinary, each and every one of them. They should all be proud of the way they played at The Masters this weekend! President DONALD J. TRUMP",21845,3749,False,False,False,85,,,,0,nan,https://truthsocial.com/@realDonaldTrump/116394252667019873,nan
116392655867913780,2026-04-12T11:23:04-05:00,Truth Social,realDonaldTrump,Bruce Springsteen prior to plastic surgery???,18024,4544,False,False,False,6,,,,0,nan,https://truthsocial.com/@realDonaldTrump/116392655867913780,nan
116392449978703637,2026-04-12T10:30:42-05:00,Truth Social,realDonaldTrump,"RT: https://truthsocial.com/users/realDonaldTrump/statuses/116392448970133700 Iran promised to open the Strait of Hormuz, and they knowingly failed to do so. This caused anxiety, dislocation, and pain to many people and Countries throughout the World. They say they put mines in the water, even though all of their Navy, and most of their “mine droppers,” have been completely blown up. They may have done so, but what ship owner would want to take the chance? There is great dishonor and permanent harm to the reputation of Iran, and what’s left of their “Leaders,” but we are beyond all of that. As they promised, they better begin the process of getting this INTERNATIONAL WATERWAY OPEN AND FAST! Every Law in the book is being violated by them. I have been fully debriefed by Vice President JD Vance, Special Envoy Steve Witkoff, and Jared Kushner, on the meeting that took place in Islamabad through the kind and very competent leadership of Field Marshal Asim Munir, and Prime Minister Shehbaz Sharif, of Pakistan. They are very extraordinary men, and continuously thank me for saving 30 to 50 million lives in what would have been a horrendous War with India. I always appreciate hearing that — The amount of Humanity spoken of is incomprehensible.   The meeting with Iran began early in the morning, and lasted throughout the night — Close to 20 hours. I could go into great detail, and talk about much that has been gotten but, there is only one thing that matters — IRAN IS UNWILLING TO GIVE UP ITS NUCLEAR AMBITIONS! In many ways, the points that were agreed to are better than us continuing our Military Operations to conclusion, but all of those points don’t matter compared to allowing Nuclear Power to be in the hands of such volatile, difficult, unpredictable people. My three Representatives, as all of this time went by, became, not surprisingly, very friendly and respectful of Iran’s Representatives, Mohammad-Bagher Ghalibaf, Abbas Araghchi, and Ali Bagheri, but that doesn’t matter because they were very unyielding as to the single most important issue and, as I have always said, right from the beginning, and many years ago, IRAN WILL NEVER HAVE A NUCLEAR WEAPON!",31132,7784,False,False,False,363,,https://truthsocial.com/users/realDonaldTrump/statuses/116392448970133700,,0,nan,https://truthsocial.com/@realDonaldTrump/116392449978703637,nan
116392448970133700,2026-04-12T10:30:27-05:00,Truth Social,realDonaldTrump,"So, there you have it, the meeting went well, most points were agreed to, but the only point that really mattered, NUCLEAR, was not. Effective immediately, the United States Navy, the Finest in the World, will begin the process of BLOCKADING any and all Ships trying to enter, or leave, the Strait of Hormuz. At some point, we will reach an “ALL BEING ALLOWED TO GO IN, ALL BEING ALLOWED TO GO OUT” basis, but Iran has not allowed that to happen by merely saying, “There may be a mine out there somewhere,” that nobody knows about but them. THIS IS WORLD EXTORTION, and Leaders of Countries, especially the United States of America, will never be extorted. I have also instructed our Navy to seek and interdict every vessel in International Waters that has paid a toll to Iran. No one who pays an illegal toll will have safe passage on the high seas. We will also begin destroying the mines the Iranians laid in the Straits. Any Iranian who fires at us, or at peaceful vessels, will be BLOWN TO HELL! Iran knows, better than anyone, how to END this situation which has already devastated their Country. Their Navy is gone, their Air Force is gone, their Anti Aircraft and Radar are useless, Khamenei, and most of their “Leaders,” are dead, all because of their Nuclear ambition. The Blockade will begin shortly. Other Countries will be involved with this Blockade. Iran will not be allowed to profit off this Illegal Act of EXTORTION. They want money and, more importantly, they want Nuclear. Additionally and, at an appropriate moment, we are fully “LOCKED AND LOADED,” and our Military will finish up the little that is left of Iran! President DONALD J. TRUMP",25133,6006,False,False,False,292,,,,0,nan,https://truthsocial.com/@realDonaldTrump/116392448970133700,nan
116389942787694873,2026-04-11T23:53:05-05:00,Truth Social,realDonaldTrump,RT: https://truthsocial.com/users/realDonaldTrump/statuses/116389941415211064,25211,6485,False,False,False,2,,https://truthsocial.com/users/realDonaldTrump/statuses/116389941415211064,,0,nan,https://truthsocial.com/@realDonaldTrump/116389942787694873,nan
116389941415211064,2026-04-11T23:52:45-05:00,Truth Social,realDonaldTrump,,18174,3940,False,False,False,0,,,,0,nan,https://truthsocial.com/@realDonaldTrump/116389941415211064,nan
116389926695146999,2026-04-11T23:49:00-05:00,Truth Social,realDonaldTrump,,28296,8216,False,False,False,0,,,,0,nan,https://truthsocial.com/@realDonaldTrump/116389926695146999,nan
116389798405349626,2026-04-11T23:16:22-05:00,Truth Social,realDonaldTrump,The Trump card the president holds if Iran won’t bend: a naval blockade:   https://  justthenews.com/government/sec  urity/trump-card-president-holds-if-iran-wont-bend-naval-blockade,21032,5397,False,False,False,16,,,,0,nan,https://truthsocial.com/@realDonaldTrump/116389798405349626,nan
116388699619594013,2026-04-11T18:36:56-05:00,Truth Social,realDonaldTrump,,17499,3875,False,False,False,0,,,,0,nan,https://truthsocial.com/@realDonaldTrump/116388699619594013,nan
116388414661607621,2026-04-11T17:24:28-05:00,Truth Social,realDonaldTrump,"From Newt Gingrich: “Pro Trump and pro USA rally in Bern with large Iranian participation and pro Trump signs-photo by Callista Supporters of U.S. actions in Iran, including many Iranians, gathered in Bern today for a peaceful demonstration.”",30570,7623,False,False,False,38,,,,0,nan,https://truthsocial.com/@realDonaldTrump/116388414661607621,nan
116388088422208563,2026-04-11T16:01:30-05:00,Truth Social,realDonaldTrump,"From Newt Gingrich: “Seth Keshel, the best student of voter registration in the country just reported that ‘First time in history GOP leads registration - now R +2k. 107k right of the 2024 election when Trump won by 3.2% What this means is transplants are overwhelmingly R.’”",25011,5604,False,False,False,47,,,,0,nan,https://truthsocial.com/@realDonaldTrump/116388088422208563,nan
116387494976973956,2026-04-11T13:30:35-05:00,Truth Social,realDonaldTrump,,30435,9035,False,False,False,0,,,,0,nan,https://truthsocial.com/@realDonaldTrump/116387494976973956,nan
116386735130758581,2026-04-11T10:17:21-05:00,Truth Social,realDonaldTrump,"The Fake News Media is CRAZY, or just plain CORRUPT! The United States has completely destroyed Iran’s Military, including their entire Navy and Air Force, and everything else. Their Leadership is DEAD! The Strait of Hormuz will soon be open, and the empty ships are rushing to the United States to “load up.” But, if you listen to the Fake News, we’re losing! President DONALD J. TRUMP",54818,12872,False,False,False,67,,,,0,nan,https://truthsocial.com/@realDonaldTrump/116386735130758581,nan
116386223863837276,2026-04-11T08:07:19-05:00,Truth Social,realDonaldTrump,"RT   @ realDonaldTrump   The Fake News Media has lost total credibility, not that they had any to begin with. Because of their massive Trump Derangement Syndrome (Sometimes referred to as TDS!), they love saying that Iran is “winning” when, in fact, everyone knows that they are LOSING, and LOSING BIG! Their Navy is gone, their Air Force is gone, their Anti Aircraft apparatus is nonexistent, Radar is dead, their Missile and Drone Factories have been largely obliterated along with the Missiles and Drones themselves and, most importantly, their longtime “Leaders” are no longer with us, praise be to Allah! The only thing they have going is the threat that a ship may “bunk” into one of their sea mines which, by the way, all 28 of their mine dropper boats are also lying at the bottom of the sea. We’re now starting the process of clearing out the Strait of Hormuz as a favor to Countries all over the World, including China, Japan, South Korea, France, Germany, and many others. Incredibly, they don’t have the Courage or Will to do this work themselves. Very interestingly, however, empty Oil carrying ships from many Nations are all heading to the United States of America to LOAD UP with Oil. Thank you for your attention to this matter! President DONALD J. TRUMP",3,0,False,False,False,219,,,,0,nan,https://truthsocial.com/@realDonaldTrump/116386223863837276,nan
116386223692842982,2026-04-11T08:07:17-05:00,Truth Social,realDonaldTrump,"RT   @ realDonaldTrump   Heading to Virginia for meetings at Trump National. I can’t believe what this new Governor, Spanberger, has done to the Commonwealth — So sad! She is adding so many Taxes, a Food and Beverage Tax, Digital Services Tax, Utilities Tax, and more. It has lost its Energy, Vitality, and Strength. People are leaving that would never have even thought of doing so! New companies that signed to come into the Commonwealth under Governor Youngkin are now looking for ways to get out — Break their Deal. It all happened so fast! This went from a thriving and powerful place, one envied by all, to a Commonwealth run by a person who has no concept of Low Taxes and Economic Strength. People that voted for Spanberger are saying to themselves, “Why did I do that, what have I done?” We have a similar situation in New York and, most of all, in California, where Rich, Job Producing people and companies are being forced to FLEE at levels never seen before. The Tax Base in California is literally disappearing, as some of the richest people and companies in the World have no choice but to leave. They want to put on a Wealth Tax, which gives them absolutely no alternative — As President of the United States, I am embarrassed to watch the Destruction of once Great and Thriving States! These politicians are all sinking in the Polls, but that doesn’t help because they will create Trillions of Dollars worth of Destruction — Incalculable amounts. Remember, once people and companies leave, they are never coming back! President DONALD J. TRUMP",5,0,False,False,False,271,,,,0,nan,https://truthsocial.com/@realDonaldTrump/116386223692842982,nan
116386222716690641,2026-04-11T08:07:02-05:00,Truth Social,realDonaldTrump,"I am watching fertilizer prices CLOSELY during our FIGHT FOR FREEDOM in Iran. The United States will not accept PRICE GOUGING from the fertilizer monopoly! American Farmers, we have your back! President DONALD J. TRUMP",28645,6411,False,False,False,35,,,,0,nan,https://truthsocial.com/@realDonaldTrump/116386222716690641,nan
116386190374675994,2026-04-11T07:58:48-05:00,Truth Social,realDonaldTrump,"The Fake News Media has lost total credibility, not that they had any to begin with. Because of their massive Trump Derangement Syndrome (Sometimes referred to as TDS!), they love saying that Iran is “winning” when, in fact, everyone knows that they are LOSING, and LOSING BIG! Their Navy is gone, their Air Force is gone, their Anti Aircraft apparatus is nonexistent, Radar is dead, their Missile and Drone Factories have been largely obliterated along with the Missiles and Drones themselves and, most importantly, their longtime “Leaders” are no longer with us, praise be to Allah! The only thing they have going is the threat that a ship may “bunk” into one of their sea mines which, by the way, all 28 of their mine dropper boats are also lying at the bottom of the sea. We’re now starting the process of clearing out the Strait of Hormuz as a favor to Countries all over the World, including China, Japan, South Korea, France, Germany, and many others. Incredibly, they don’t have the Courage or Will to do this work themselves. Very interestingly, however, empty Oil carrying ships from many Nations are all heading to the United States of America to LOAD UP with Oil. Thank you for your attention to this matter! President DONALD J. TRUMP",35807,8460,False,False,False,216,,,,0,nan,https://truthsocial.com/@realDonaldTrump/116386190374675994,nan
116386141086849907,2026-04-11T07:46:16-05:00,Truth Social,realDonaldTrump,"Heading to Virginia for meetings at Trump National. I can’t believe what this new Governor, Spanberger, has done to the Commonwealth — So sad! She is adding so many Taxes, a Food and Beverage Tax, Digital Services Tax, Utilities Tax, and more. It has lost its Energy, Vitality, and Strength. People are leaving that would never have even thought of doing so! New companies that signed to come into the Commonwealth under Governor Youngkin are now looking for ways to get out — Break their Deal. It all happened so fast! This went from a thriving and powerful place, one envied by all, to a Commonwealth run by a person who has no concept of Low Taxes and Economic Strength. People that voted for Spanberger are saying to themselves, “Why did I do that, what have I done?” We have a similar situation in New York and, most of all, in California, where Rich, Job Producing people and companies are being forced to FLEE at levels never seen before. The Tax Base in California is literally disappearing, as some of the richest people and companies in the World have no choice but to leave. They want to put on a Wealth Tax, which gives them absolutely no alternative — As President of the United States, I am embarrassed to watch the Destruction of once Great and Thriving States! These politicians are all sinking in the Polls, but that doesn’t help because they will create Trillions of Dollars worth of Destruction — Incalculable amounts. Remember, once people and companies leave, they are never coming back! President DONALD J. TRUMP",28684,7477,False,False,False,268,,,,0,nan,https://truthsocial.com/@realDonaldTrump/116386141086849907,nan
116386046419532399,2026-04-11T07:22:12-05:00,Truth Social,realDonaldTrump,,11492,2348,False,False,False,0,,,,0,nan,https://truthsocial.com/@realDonaldTrump/116386046419532399,nan
116385843841281126,2026-04-11T06:30:41-05:00,Truth Social,realDonaldTrump,"Massive numbers of completely empty oil tankers, some of the largest anywhere in the World, are heading, right now, to the United States to load up with the best and “sweetest” oil (and gas!) anywhere in the World. We have more oil than the next two largest oil economies combined - and higher quality. We are waiting for you. Quick turnaround! President DJT",23965,5973,False,False,False,63,,,,0,nan,https://truthsocial.com/@realDonaldTrump/116385843841281126,nan
116384077225474834,2026-04-10T23:01:24-05:00,Truth Social,realDonaldTrump,GREAT!!!,22781,5928,False,False,False,1,,,,0,nan,https://truthsocial.com/@realDonaldTrump/116384077225474834,nan
116383366460984028,2026-04-10T20:00:39-05:00,Truth Social,realDonaldTrump,"Congratulations to the Great and Very Talented Crew of Artemis II. The entire trip was spectacular, the landing was perfect and, as President of the United States, I could not be more proud! I look forward to seeing you all at the White House soon. We’ll be doing it again and then, next step, Mars! President DONALD J. TRUMP",33884,6855,False,False,False,59,,,,0,nan,https://truthsocial.com/@realDonaldTrump/116383366460984028,nan
116382683954564544,2026-04-10T17:07:04-05:00,Truth Social,realDonaldTrump,"I am pleased to announce that TODAY my Administration officially filed the presentation and plans to the highly respected Commission of Fine Arts for what will be the GREATEST and MOST BEAUTIFUL Triumphal Arch, anywhere in the World. This will be a wonderful addition to the Washington D.C. area for all Americans to enjoy for many decades to come! President DONALD J. TRUMP",35300,7540,False,False,False,63,,,,0,nan,https://truthsocial.com/@realDonaldTrump/116382683954564544,nan
116382563202541274,2026-04-10T16:36:22-05:00,Truth Social,realDonaldTrump,"It is my Honor to nominate Matthew Schwartz to serve as Judge on the United States Court of Appeals for the Second Circuit in New York. Matt graduated with Honors from Princeton University and Columbia Law School, later clerking for Justice Samuel Alito on both the Supreme Court and Third Circuit Court of Appeals. A Partner at Sullivan and Cromwell, Matt has fought fiercely against Lawfare and Government Overreach, representing clients at all levels of Federal and State Judiciaries. Recognized as one of the Sharpest Lawyers in America, Matt will do an incredible job serving the people of New York in this new position. Congratulations Matt!",19955,3886,False,False,False,106,,,,0,nan,https://truthsocial.com/@realDonaldTrump/116382563202541274,nan
116382335872193342,2026-04-10T15:38:33-05:00,Truth Social,realDonaldTrump,"RT   @ realDonaldTrump   James Blair, my Deputy Chief of Staff, is one of the brightest political minds in the Country who has done tremendous work to prepare Republicans to DEFY LONGSTANDING HISTORY AND WIN the Midterms, just as he helped me do in 2024, BY A LANDSLIDE. James never wavered from the fight because he is a Political WARRIOR! Now, James will be taking a short leave of absence to lead the charge from the outside against the Radical Left, Country Destroying Democrats. He will do a fantastic job, and then, after the Election, return again to the White House, so we can finish the job and, KEEP AMERICA GREAT! President DONALD J. TRUMP",0,0,False,False,False,114,,,,0,nan,https://truthsocial.com/@realDonaldTrump/116382335872193342,nan
116382335330123013,2026-04-10T15:38:25-05:00,Truth Social,realDonaldTrump,"My Administration stands ready to use the full Economic Might of the United States to strengthen Hungary’s Economy, as we have done for our Great Allies in the past, if Prime Minister Viktor Orbán and the Hungarian People ever need it. We are excited to invest in the future Prosperity that will be generated by Orbán’s continued Leadership! President DONALD J. TRUMP",22823,4595,False,False,False,62,,,,0,nan,https://truthsocial.com/@realDonaldTrump/116382335330123013,nan
116382331013274742,2026-04-10T15:37:19-05:00,Truth Social,realDonaldTrump,"I just met with Senators Lindsey Graham and John Barrasso to talk about funding for our Great ICE Agents and Border Patrol. Reconciliation is ON TRACK, and we are moving FAST and FOCUSED in keeping our Border SECURE, and getting funding to the Department of Homeland Security and the Justice Department to continue our incredible SUCCESS at MAKING AMERICA SAFE AGAIN! Crime is at an ALL TIME LOW, and Murders are at the Lowest Number in 125 years — Year 1900. Radical Left Democrats like Cryin’ Chuck Schumer, and Hakeem “High-Tax” Jeffries, will do their best to stop us, but we don’t need their votes on this Bill, as long as Republicans UNIFY, and stick together. I am calling for the Bill to be done no later than June 1st, and on my desk. The Department cannot wait any longer for full funding. We must beat the Radical Left Democrats at their own game. Thank you for your attention to this matter! President DONALD J. TRUMP",20626,4548,False,False,False,166,,,,0,nan,https://truthsocial.com/@realDonaldTrump/116382331013274742,nan
116382254441825770,2026-04-10T15:17:51-05:00,Truth Social,realDonaldTrump,"James Blair, my Deputy Chief of Staff, is one of the brightest political minds in the Country who has done tremendous work to prepare Republicans to DEFY LONGSTANDING HISTORY AND WIN the Midterms, just as he helped me do in 2024, BY A LANDSLIDE. James never wavered from the fight because he is a Political WARRIOR! Now, James will be taking a short leave of absence to lead the charge from the outside against the Radical Left, Country Destroying Democrats. He will do a fantastic job, and then, after the Election, return again to the White House, so we can finish the job and, KEEP AMERICA GREAT! President DONALD J. TRUMP",25088,5179,False,False,False,111,,,,0,nan,https://truthsocial.com/@realDonaldTrump/116382254441825770,nan
116382212683078684,2026-04-10T15:07:13-05:00,Truth Social,realDonaldTrump,"The Wonderful People of Alaska desperately want to restore Free, Fair, and Honest Elections in their Great State, and get rid of their disastrous, and very fraudulent, “Ranked-Choice Voting” and, accordingly, will vote to Repeal Ranked-Choice Voting in the November 3, 2026 Election! I want to congratulate the many hardworking America First Patriots in Alaska, including my friends, Governor Mike Dunleavy, Senator Dan Sullivan, Congressman Nick Begich, and Alaska GOP Chair Carmela Warfield, who are working tirelessly to restore TRUE “Democracy” to Alaska Elections — They have my Complete and Total Support! RANKED-CHOICE VOTING IS ONE OF THE GREATEST THREATS TO DEMOCRACY, and every single Alaskan should support the effort to repeal it once and for all. MAKE ALASKA, AND AMERICA, GREAT AGAIN! President DONALD J. TRUMP",19672,4645,False,False,False,127,,,,0,nan,https://truthsocial.com/@realDonaldTrump/116382212683078684,nan
116382196783520781,2026-04-10T15:03:11-05:00,Truth Social,realDonaldTrump,"Paul Dans has just dropped out of the South Carolina Senatorial Race against the Great Lindsey Graham. It all started to fall apart for Paul when a very Low IQ individual named Tucker Carlson ENDORSED him — THE KISS OF DEATH! Lindsey has a BIG lead, and is on his way to a spectacular VICTORY because he just, GETS THINGS DONE! President DONALD J. TRUMP",14270,3066,False,False,False,65,,,,0,nan,https://truthsocial.com/@realDonaldTrump/116382196783520781,nan
116382183704204825,2026-04-10T14:59:51-05:00,Truth Social,realDonaldTrump,"Senator Lindsey Graham is doing a fantastic job. He is running against a LUNATIC named Mark Lynch, who supports perhaps the Worst Congressman in the History of our Country, Thomas Massie, of the Great Commonwealth of Kentucky. I don’t have to go into great detail, but needless to say, Mark Lynch would be a DISASTER for the Republican Party, and Lindsey Graham just, GETS THE JOB DONE. VOTE FOR LINDSEY ALL THE WAY. MAGA! President DONALD J. TRUMP",12774,2827,False,False,False,78,,,,0,nan,https://truthsocial.com/@realDonaldTrump/116382183704204825,nan
116382124929663354,2026-04-10T14:44:54-05:00,Truth Social,realDonaldTrump,"Mike Hilgers has been a fantastic Attorney General of Nebraska, a place I love and WON BIG, six times, including Primaries, in 2016, 2020, and 2024!   A Highly Respected Entrepreneur, Civic Leader, and Speaker of the Nebraska Legislature, prior to becoming a distinguished Attorney General, Mike has dedicated his life to serving his Community. A true MAGA Warrior, Mike knows the Wisdom and Courage it takes to ensure LAW AND ORDER, advocate for our Heroes in Law Enforcement, and strongly support our Military and Veterans. Mike is also relentlessly focused on helping us to Grow the Economy, Promote our Amazing Farmers and Ranchers, Safeguard our Elections, Stop Migrant Crime, Keep Men out of Women’s Sports, and Defend our always under siege Second Amendment.   Mike Hilgers has my Complete and Total Endorsement for Re-Election – HE WILL NEVER LET YOU DOWN!",11964,2561,False,False,False,140,,,,0,nan,https://truthsocial.com/@realDonaldTrump/116382124929663354,nan
116382105271047123,2026-04-10T14:39:54-05:00,Truth Social,realDonaldTrump,"Congressman Rudy Yakym is a Fantastic Advocate for Indiana’s 2nd Congressional District!   As a Member of the POWERFUL House Ways & Means Committee, Rudy knows the America First Policies required to Create GREAT Jobs, Cut Taxes and Regulations, Unleash American Energy DOMINANCE, Promote MADE IN THE U.S.A., and Champion our Nation’s Golden Age. He is also fighting tirelessly to Keep our Border SECURE, Stop Migrant Crime, Support our Brave Military/Veterans, Advance Election Integrity, and Defend our always under siege Second Amendment.   Rudy Yakym has my Complete and Total Endorsement for Re-Election — HE WILL NEVER LET YOU DOWN!",10933,2347,False,False,False,98,,,,0,nan,https://truthsocial.com/@realDonaldTrump/116382105271047123,nan
116381352865496679,2026-04-10T11:28:34-05:00,Truth Social,realDonaldTrump,"The Iranians don’t seem to realize they have no cards, other than a short term extortion of the World by using International Waterways. The only reason they are alive today is to negotiate! President DONALD J. TRUMP",29524,6913,False,False,False,37,,,,0,nan,https://truthsocial.com/@realDonaldTrump/116381352865496679,nan
116381349587924418,2026-04-10T11:27:44-05:00,Truth Social,realDonaldTrump,"The Iranians are better at handling the Fake News Media, and “Public Relations,” than they are at fighting! President DONALD J. TRUMP",24391,5100,False,False,False,22,,,,0,nan,https://truthsocial.com/@realDonaldTrump/116381349587924418,nan
116380894672815869,2026-04-10T09:32:02-05:00,Truth Social,realDonaldTrump,Palantir Technologies (PLTR) has proven to have great war fighting capabilities and equipment. Just ask our enemies!!! President DJT,33348,6381,False,False,False,19,,,,0,nan,https://truthsocial.com/@realDonaldTrump/116380894672815869,nan
116380657463593385,2026-04-10T08:31:43-05:00,Truth Social,realDonaldTrump,WORLD’S MOST POWERFUL RESET!!! President DJT,35166,8748,False,False,False,6,,,,0,nan,https://truthsocial.com/@realDonaldTrump/116380657463593385,nan
116378705268992787,2026-04-10T00:15:15-05:00,Truth Social,realDonaldTrump,"Trump upends China’s lucrative sanctioned oil import scheme after Iran, Venezuela interventions:   https://  justthenews.com/government/dip  lomacy/trump-upends-chinas-lucrative-sanctioned-oil-import-scheme-after-iran",23130,5717,False,False,False,15,,,,0,nan,https://truthsocial.com/@realDonaldTrump/116378705268992787,nan
116378701821538787,2026-04-10T00:14:22-05:00,Truth Social,realDonaldTrump,Two more major pharmaceutical companies to launch products through TrumpRx:   https://  justthenews.com/politics-polic  y/health/two-more-major-pharmaceutical-companies-launch-products-through-trumprx,18827,4102,False,False,False,13,,,,0,nan,https://truthsocial.com/@realDonaldTrump/116378701821538787,nan
116378699040694200,2026-04-10T00:13:40-05:00,Truth Social,realDonaldTrump,"With Trump at the joystick, moon mission launches patriotism ahead of America’s 250th:   https://  justthenews.com/government/whi  te-house/trump-hard-launched-summer-patriotism-artemis-ii-return-and-upcoming-250",18254,3748,False,False,False,16,,,,0,nan,https://truthsocial.com/@realDonaldTrump/116378699040694200,nan
116377422440266990,2026-04-09T18:49:00-05:00,Truth Social,realDonaldTrump,"An Illegal Alien Criminal from Haiti, who was released into our Country by the WORST President in History, Crooked Joe Biden, and the Radical Democrats in Congress, just beat an innocent woman to death with a hammer at a gas station in Florida. The video of her brutal slaying is one of the most vicious things you will ever see. This animal was allowed to stay here because the Biden Administration granted him, and all Haitians, “Temporary Protective Status,” a massively abused and fraudulent program which my Administration is working to terminate, but Deranged Liberal District Court Judges are standing in our way. This one killing should be enough for these Radical Judges to STOP impeding my Administration’s Immigration Policies, and allow us to END THIS SCAM ONCE AND FOR ALL. To my fellow Republicans, and frankly all Common Sense Americans, NEVER FORGET that Joe Biden and the Democrat Party turned the United States of America into a dumping ground, allowing Tens of MILLIONS of Criminals, Lunatics, and the Mentally Insane from all over the World to pour into our Country, totally unvetted and unchecked through our wide Open Borders. As I’ve said all along, if you import the Third World, you become the Third World, and that is what happened over the four years of Democrat Control. We are rapidly trying to reverse this decline through Deportations, but if the Democrats are ever given another chance at power, they will immediately REOPEN the Border, and allow America to once again be a Safe Haven for Criminals. Please say a prayer for this innocent woman’s family. We will ensure quick and severe JUSTICE is served in this case! I don’t recommend you watch this tape, because it is so terrible, but felt I had an obligation to put it up so that people can see what Democrats are protecting, and wanting to come into our Country, even now, after all we’ve been through. Again, viewer discretion advised — Not for children! President DONALD J. TRUMP",27910,11897,False,False,False,335,,,,0,nan,https://truthsocial.com/@realDonaldTrump/116377422440266990,nan
116377410587246089,2026-04-09T18:45:59-05:00,Truth Social,realDonaldTrump,"Highly Respected Prime Minister of Hungary, Viktor Orbán, is a truly strong and powerful Leader, with a proven track record of delivering phenomenal results. He fights tirelessly for, and loves, his Great Country and People, just like I do for the United States of America. Viktor works hard to Protect Hungary, Grow the Economy, Create Jobs, Promote Trade, Stop Illegal Immigration, and Ensure LAW AND ORDER! Relations between Hungary and the United States have reached new heights of cooperation and spectacular achievement under my Administration, thanks largely to Prime Minister Orbán. I look forward to continuing working closely with him so that both of our Countries can further advance this tremendous path to SUCCESS and cooperation. I was proud to ENDORSE Viktor for Re-Election in 2022, and am honored to do so again.   Election Day is Sunday, April 12, 2026. Hungary: GET OUT AND VOTE FOR VIKTOR ORBÁN. He is a true friend, fighter, and WINNER, and has my Complete and Total Endorsement for Re-Election as Prime Minister of Hungary — VIKTOR ORBÁN WILL NEVER LET THE GREAT PEOPLE OF HUNGARY DOWN. I AM WITH HIM ALL THE WAY! President DONALD J. TRUMP",26010,5677,False,False,False,193,,,,0,nan,https://truthsocial.com/@realDonaldTrump/116377410587246089,nan
116377366086619888,2026-04-09T18:34:40-05:00,Truth Social,realDonaldTrump,"My friend, Congresswoman Elise Stefanik, of New York, has written a new book, ""POISONED IVIES: The Inside Account of the Academic and Moral Rot at America’s Elite Universities."" There is nobody more qualified to speak on this important subject than Elise, who totally exposed the Crooked Former Presidents of Harvard, UPenn, and MIT, in a Congressional Hearing that was seen and heard around the World. Elise is strong, smart, and tough. Order her book today:   https://www.  amazon.com/dp/1668087537/ref=c  m_sw_r_as_gl_api_gl_i_F1HP3EQ4PA3662DXX9QF?linkCode=ml1&tag=elisestefanik-20&linkId=5c58a09e0bbc53374caf5377b4c777d3",22572,5630,False,False,False,78,,https://www.,,0,nan,https://truthsocial.com/@realDonaldTrump/116377366086619888,nan
116377358457034052,2026-04-09T18:32:44-05:00,Truth Social,realDonaldTrump,"I am pleased to nominate Benjamin Flowers to serve as Judge on the United States Court of Appeals for the Sixth Circuit in Ohio. Ben is a Highly Respected attorney who served as the Solicitor General of Ohio, where he represented the State before the Ohio Supreme Court, Sixth Circuit, and U.S. Supreme Court. Ben successfully challenged dangerous and unlawful Policies of the Biden Administration. Ben graduated Summa Cum Laude from The Ohio State University, with High Honors from the University of Chicago Law School, and clerked for both Justice Antonin Scalia and Judge Sandra Ikuta. I am confident that Ben will fight for the Great People of Ohio, and strongly uphold the Rule of Law in his new role. Congratulations Ben!",17976,3649,False,False,False,122,,,,0,nan,https://truthsocial.com/@realDonaldTrump/116377358457034052,nan
116377109535639790,2026-04-09T17:29:26-05:00,Truth Social,realDonaldTrump,"Iran is doing a very poor job, dishonorable some would say, of allowing Oil to go through the Strait of Hormuz. That is not the agreement we have! President DONALD J. TRUMP",29357,6899,False,False,False,32,,,,0,nan,https://truthsocial.com/@realDonaldTrump/116377109535639790,nan
116376930602843706,2026-04-09T16:43:55-05:00,Truth Social,realDonaldTrump,"President Donald J. Trump and Secretary of the Interior, Doug Burgum, are proud to be fixing the once beautiful Reflecting Pool between The Washington Monument and The Lincoln Memorial. We were told it was going to take YEARS to do this job, and it will take a fraction of that time, at a fraction of the cost — and it will be much more beautiful than the day it was built! President DONALD J. TRUMP",27922,5486,False,False,False,75,,,,0,nan,https://truthsocial.com/@realDonaldTrump/116376930602843706,nan
116376868752554780,2026-04-09T16:28:12-05:00,Truth Social,realDonaldTrump,"The Wall Street Journal, one of the worst and most inaccurate “Editorial Boards” in the World, stated that I “declared premature victory in Iran.” Actually, it is a Victory, and there’s nothing “premature” about it! Because of me, IRAN WILL NEVER HAVE A NUCLEAR WEAPON and, very quickly, you’ll see Oil start flowing, with or without the help of Iran and, to me, it makes no difference, either way. The Wall Street Journal will, as usual, live to eat their words. They are always quick to criticize, but never to admit when they’re wrong, which is most of the time! President DONALD J. TRUMP",27042,6116,False,False,False,104,,,,0,nan,https://truthsocial.com/@realDonaldTrump/116376868752554780,nan
116376791555549648,2026-04-09T16:08:34-05:00,Truth Social,realDonaldTrump,"There are reports that Iran is charging fees to tankers going through the Hormuz Strait — They better not be and, if they are, they better stop now! President DONALD J. TRUMP",29901,6544,False,False,False,32,,,,0,nan,https://truthsocial.com/@realDonaldTrump/116376791555549648,nan
116376634773749603,2026-04-09T15:28:41-05:00,Truth Social,realDonaldTrump,"I know why Tucker Carlson, Megyn Kelly, Candace Owens, and Alex Jones have all been fighting me for years, especially by the fact that they think it is wonderful for Iran, the Number One State Sponsor of Terror, to have a Nuclear Weapon — Because they have one thing in common, Low IQs. They’re stupid people, they know it, their families know it, and everyone else knows it, too! Look at their past, look at their record. They don’t have what it takes, and they never did! They’ve all been thrown off Television, lost their Shows, and aren’t even invited on TV because nobody cares about them, they’re NUT JOBS, TROUBLEMAKERS, and will say anything necessary for some “free” and cheap publicity. Now they think they get some “clicks” because they have Third Rate Podcasts, but nobody’s talking about them, and their views are the opposite of MAGA — Or I wouldn’t have won the Presidential Election in a LANDSLIDE. MAGA agrees with me, and just gave CNN a 100% Approval Rating of “TRUMP,” not Hand Flailing Fools like Tucker Carlson, who couldn’t even finish College, he was a broken man when he got fired from Fox, and he’s never been the same — Perhaps he should see a good psychiatrist! Or Megyn Kelly, who nastily asked me the now famous, “Only Rosie O’Donnell,” question, or “Crazy” Candace Owens, who accuses the Highly Respected First Lady of France of being a man, when she is not, and will hopefully win lots of money in the ongoing lawsuit. Actually, to me, the First Lady of France is a far more beautiful woman than Candace, in fact, it’s not even close! Or Bankrupt Alex Jones, who says some of the dumbest things, and lost his entire fortune, as he should have, for his horrendous attack on the families of the Sandy Hook shooting victims, ridiculously claiming it was a hoax. These so-called “pundits” are LOSERS, and they always will be! Now Fake News CNN, The Failing New York Times, and all of the other Radical Left “News” Organizations, are “hailing” them, and giving them “positive” press for the first time in their lives. They’re not “MAGA,” they’re losers, just trying to latch on to MAGA. As President, I could get them on my side anytime I want to, but when they call, I don’t return their calls because I’m too busy on World and Country Affairs and, after a few times, they go “nasty,” just like Marjorie “Traitor” Brown, but I no longer care about that stuff, I only care about doing right for our Country. MAGA is about WINNING and STRENGTH in not allowing Iran to have Nuclear Weapons. MAGA is about MAKING AMERICA GREAT AGAIN, and these people have no idea how to do that, BUT I DO, because THE UNITED STATES IS NOW THE “HOTTEST” COUNTRY ANYWHERE IN THE WORLD! President DONALD J. TRUMP",61294,15373,False,False,False,485,,,,0,nan,https://truthsocial.com/@realDonaldTrump/116376634773749603,nan
116375240064230100,2026-04-09T09:34:00-05:00,Truth Social,realDonaldTrump,,21893,4611,False,False,False,0,,,,0,nan,https://truthsocial.com/@realDonaldTrump/116375240064230100,nan
116374792489555954,2026-04-09T07:40:10-05:00,Truth Social,realDonaldTrump,"None of these people, including our own, very disappointing, NATO, understood anything unless they have pressure placed upon them!!!",29834,6208,False,False,False,19,,,,0,nan,https://truthsocial.com/@realDonaldTrump/116374792489555954,nan
116372694697146221,2026-04-08T22:46:41-05:00,Truth Social,realDonaldTrump,"All U.S. Ships, Aircraft, and Military Personnel, with additional Ammunition, Weaponry, and anything else that is appropriate and necessary for the lethal prosecution and destruction of an already substantially degraded Enemy, will remain in place in, and around, Iran, until such time as the REAL AGREEMENT reached is fully complied with. If for any reason it is not, which is highly unlikely, then the “Shootin’ Starts,” bigger, and better, and stronger than anyone has ever seen before. It was agreed, a long time ago, and despite all of the fake rhetoric to the contrary - NO NUCLEAR WEAPONS and, the Strait of Hormuz WILL BE OPEN & SAFE. In the meantime our great Military is Loading Up and Resting, looking forward, actually, to its next Conquest. AMERICA IS BACK!",44873,10434,False,False,False,129,,,,0,nan,https://truthsocial.com/@realDonaldTrump/116372694697146221,nan
116372497116210545,2026-04-08T21:56:26-05:00,Truth Social,realDonaldTrump,The Failing New York Times and Fake News CNN each reported a totally FAKE TEN POINT PLAN on the Iran negotiations which was meant to discredit the people involved in the peace process. All ten points were a made up HOAX - EVIL LOSERS!!! MAKE AMERICA GREAT AGAIN,34778,8534,False,False,False,48,,,,0,nan,https://truthsocial.com/@realDonaldTrump/116372497116210545,nan
116371693008302124,2026-04-08T18:31:56-05:00,Truth Social,realDonaldTrump,"NATO WASN’T THERE WHEN WE NEEDED THEM, AND THEY WON’T BE THERE IF WE NEED THEM AGAIN. REMEMBER GREENLAND, THAT BIG, POORLY RUN, PIECE OF ICE!!! President DJT",63160,13701,False,False,False,28,,,,0,nan,https://truthsocial.com/@realDonaldTrump/116371693008302124,nan
116369995519355709,2026-04-08T11:20:14-05:00,Truth Social,realDonaldTrump,"Marjorie “Traitor” Brown’s (GREEN TURNS TO BROWN UNDER STRESS!) seat in Congress has been taken over by a wonderful and talented man, Clay Fuller, who won convincingly, and right from the beginning, despite many people running for that “TRUMP” +37 seat, and despite the stench left by Greene. Congratulations to Clay Fuller, a very large improvement over his deranged predecessor! President DONALD J. TRUMP",41565,8451,False,False,False,64,,,,0,nan,https://truthsocial.com/@realDonaldTrump/116369995519355709,nan
116369934305888462,2026-04-08T11:04:40-05:00,Truth Social,realDonaldTrump,"Numerous Agreements, Lists, and Letters are being sent out by people that have absolutely nothing to do with the U.S.A. / Iran Negotiation, in many cases, they are total Fraudsters, Charlatans, and WORSE. They will be rapidly exposed after our Federal Investigation is completed. There is only one group of meaningful “POINTS” that are acceptable to the United States, and we will be discussing them behind closed doors during these Negotiations. These are the POINTS that are the basis on which we agreed to a CEASEFIRE. It is something that is reasonable, and can easily be dispensed with. It’s very much like Fake News CNN last night, headlining a “source” that had no power or authority to write a Letter claiming great authority. President DONALD J. TRUMP",49306,11600,False,False,False,127,,,,0,nan,https://truthsocial.com/@realDonaldTrump/116369934305888462,nan
116369645448805093,2026-04-08T09:51:13-05:00,Truth Social,realDonaldTrump,Secretary Hegseth and Chairman Caine hold a press briefing on Operation Epic Fury:   https://  m.youtube.com/live/tG7-hLW0okE  ?si=42CeLOL2esIAvfQC,21060,4699,False,False,False,16,,,,0,nan,https://truthsocial.com/@realDonaldTrump/116369645448805093,nan
116368854361048135,2026-04-08T06:30:02-05:00,Truth Social,realDonaldTrump,"A Country supplying Military Weapons to Iran will be immediately tariffed, on any and all goods sold to the United States of America, 50%, effective immediately. There will be no exclusions or exemptions! President DJT",44305,9846,False,False,False,35,,,,0,nan,https://truthsocial.com/@realDonaldTrump/116368854361048135,nan
116368825638596650,2026-04-08T06:22:43-05:00,Truth Social,realDonaldTrump,"The United States will work closely with Iran, which we have determined has gone through what will be a very productive Regime Change! There will be no enrichment of Uranium, and the United States will, working with Iran, dig up and remove all of the deeply buried (B-2 Bombers) Nuclear “Dust.” It is now, and has been, under very exacting Satellite Surveillance (Space Force!). Nothing has been touched from the date of attack. We are, and will be, talking Tariff and Sanctions relief with Iran. Many of the 15 points have already been been agreed to. Thank you for your attention to this matter. President DONALD J. TRUMP",34956,8019,False,False,False,108,,,,0,nan,https://truthsocial.com/@realDonaldTrump/116368825638596650,nan
116368738767645698,2026-04-08T06:00:38-05:00,Truth Social,realDonaldTrump,,17057,3695,False,False,False,0,,,,0,nan,https://truthsocial.com/@realDonaldTrump/116368738767645698,nan
116367088879643074,2026-04-07T23:01:03-05:00,Truth Social,realDonaldTrump,"A big day for World Peace! Iran wants it to happen, they’ve had enough! Likewise, so has everyone else! The United States of America will be helping with the traffic buildup in the Strait of Hormuz. There will be lots of positive action! Big money will be made. Iran can start the reconstruction process. We’ll be loading up with supplies of all kinds, and just “hangin’ around” in order to make sure that everything goes well. I feel confident that it will. Just like we are experiencing in the U.S., this could be the Golden Age of the Middle East!!! President DONALD J. TRUMP",39978,9200,False,False,False,104,,,,0,nan,https://truthsocial.com/@realDonaldTrump/116367088879643074,nan
116367011501074973,2026-04-07T22:41:22-05:00,Truth Social,realDonaldTrump,https://  truthsocial.com/@epaleezeldin/  116293314492137728,15702,3576,False,False,False,3,,,@epaleezeldin,0,nan,https://truthsocial.com/@realDonaldTrump/116367011501074973,nan
116367005523554168,2026-04-07T22:39:51-05:00,Truth Social,realDonaldTrump,"No one can believe that Fake News CNN put out a knowingly false and dangerous statement pretending it came from the upper levels of the Iranian Government. It didn’t! It was totally made up and posted, as a headline, for purpose of, perhaps, inflaming a very delicate situation. It was a new, trouble making site from Nigeria, and CNN just got caught cheating - A very dangerous thing  to do!",27890,7164,False,False,False,70,,,,0,nan,https://truthsocial.com/@realDonaldTrump/116367005523554168,nan
116366146721038653,2026-04-07T19:01:26-05:00,Truth Social,realDonaldTrump,"The alleged Statement put out by CNN World News is a FRAUD, as CNN well knows. The false Statement was linked to a Fake News site (from Nigeria) and, of course, immediately picked up by CNN, and blared out as a “legitimate” headline. The Official Statement by Iran was just released, and posted on TRUTH, below. Authorities are looking to determine whether or not a crime was committed on the issuance of the Fake CNN World Statement, or was it a sick rogue player? CNN is being ordered to immediately withdraw this Statement with full apologies for their, as usual, terrible “reporting.” Results of the investigation will be announced in the near future. President DONALD J. TRUMP",35469,9274,False,False,False,117,,,,0,nan,https://truthsocial.com/@realDonaldTrump/116366146721038653,nan
116366072136989268,2026-04-07T18:42:28-05:00,Truth Social,realDonaldTrump,OFFICIAL STATEMENT OF IRAN:,26358,7462,False,False,False,4,,,,0,nan,https://truthsocial.com/@realDonaldTrump/116366072136989268,nan
116365796713313030,2026-04-07T17:32:26-05:00,Truth Social,realDonaldTrump,"Based on conversations with Prime Minister Shehbaz Sharif and Field Marshal Asim Munir, of Pakistan, and wherein they requested that I hold off the destructive force being sent tonight to Iran, and subject to the Islamic Republic of Iran agreeing to the COMPLETE, IMMEDIATE, and SAFE OPENING of the Strait of Hormuz, I agree to suspend the bombing and attack of Iran for a period of two weeks. This will be a double sided CEASEFIRE! The reason for doing so is that we have already met and exceeded all Military objectives, and are very far along with a definitive Agreement concerning Longterm PEACE with Iran, and PEACE in the Middle East. We received a 10 point proposal from Iran, and believe it is a workable basis on which to negotiate. Almost all of the various points of past contention have been agreed to between the United States and Iran, but a two week period will allow the Agreement to be finalized and consummated. On behalf of the United States of America, as President, and also representing the Countries of the Middle East, it is an Honor to have this Longterm problem close to resolution. Thank you for your attention to this matter! President DONALD J. TRUMP",66857,15421,False,False,False,206,,,,0,nan,https://truthsocial.com/@realDonaldTrump/116365796713313030,nan
116365303932078350,2026-04-07T15:27:06-05:00,Truth Social,realDonaldTrump,"It is my Great Honor to endorse Dr. Brian Schmutzler, a MAGA Warrior and REAL Republican running for Indiana's 11th State Senate District, against RINO incumbent Linda Rogers!   A Proven Leader, Brian serves his Community as a Highly Respected Anesthesiologist and Medical Director. In the State Senate, he will fight tirelessly to Protect ""Hoosier"" Values, Grow our Economy, Cut Taxes and Regulations, Promote MADE IN THE U.S.A., Champion American Energy DOMINANCE, Stop Migrant Crime, Strengthen our Military/Veterans, Advance Election Integrity, Promote School Choice, and Defend our always under siege Second Amendment.   Dr. Brian Schmutzler has my Complete and Total Endorsement to be the next State Senator from Indiana's 11th Senate District. Unlike incumbent Linda Rogers, a “RINO” LOSER who has failed the wonderful people of Indiana so badly, DR. BRIAN SCHMUTZLER IS A WINNER WHO WILL NEVER LET YOU DOWN!",19008,3981,False,False,False,140,,,,0,nan,https://truthsocial.com/@realDonaldTrump/116365303932078350,nan
116365290884513075,2026-04-07T15:23:47-05:00,Truth Social,realDonaldTrump,"State Senator Jim Tomes is an America First Patriot who is doing an incredible job representing Indiana’s 49th State Senate District!   A Brave U.S. Army Vietnam Veteran, and Chairman of the Indiana Senate Committee on Veterans Affairs and the Military, Jim knows the Wisdom and Courage required to Defend our Country, Support our Military/Veterans, and Ensure PEACE THROUGH STRENGTH. In the State Senate, he is fighting tirelessly to Protect “Hoosier” Values, Stop Migrant Crime, Grow our Economy, Cut Taxes and Regulations, Unleash American Energy DOMINANCE, Promote MADE IN THE U.S.A., Safeguard our Elections, and Defend our always under siege Second Amendment.   Jim Tomes has my Complete and Total Endorsement for Re-Election — HE WILL NEVER LET YOU DOWN!",15794,3271,False,False,False,118,,,,0,nan,https://truthsocial.com/@realDonaldTrump/116365290884513075,nan
116365290259205790,2026-04-07T15:23:38-05:00,Truth Social,realDonaldTrump,"State Senator Daryl Schmidt is doing a tremendous job representing the Great People of Indiana’s 48th State Senate District!   A Fifth Generation Family Farmer, Daryl is a strong and effective Voice for Indiana Agriculture, and our amazing Farmers and Ranchers. In the State Senate, he is fighting tirelessly to Protect “Hoosier” Values, Grow our Economy, Cut Taxes and Regulations, Promote MADE IN THE U.S.A. and American Energy DOMINANCE, Safeguard our Elections, Stop Migrant Crime, Strengthen our Military/Veterans, and Defend our always under siege Second Amendment.   Daryl Schmidt has my Complete and Total Endorsement for Re-Election — HE WILL NEVER LET YOU DOWN!",14371,2953,False,False,False,102,,,,0,nan,https://truthsocial.com/@realDonaldTrump/116365290259205790,nan
116365289686358949,2026-04-07T15:23:29-05:00,Truth Social,realDonaldTrump,"State Senator Gary Byrne is doing a fantastic job representing the incredible people of Indiana’s 47th Congressional District!   A Highly Respected Businessman, North Harrison School Board Member, and Councilman for Harrison County, prior to becoming a distinguished State Senator, Gary has dedicated his life to serving his Community. In the State Senate, he is working hard to Protect “Hoosier” Values, Grow our Economy, Cut Taxes and Regulations, Champion American Energy DOMINANCE, Promote MADE IN THE U.S.A., Stop Migrant Crime, Strengthen our Military/Veterans, Ensure LAW AND ORDER, Advance Election Integrity, and Protect our always under siege Second Amendment.   Gary Byrne has my Complete and Total Endorsement for Re-Election — HE WILL NEVER LET YOU DOWN!",13542,2785,False,False,False,114,,,,0,nan,https://truthsocial.com/@realDonaldTrump/116365289686358949,nan
116365288989008607,2026-04-07T15:23:18-05:00,Truth Social,realDonaldTrump,"State Senator Chris Garten is a true MAGA Warrior and America First Patriot for the Great People of Indiana’s 45th State Senate District!   As the Majority Floor Leader of the Indiana State Senate, and Brave U.S. Marine Corps Veteran, Chris is a Proven Leader who is doing a fantastic job advancing our AMERICA FIRST Agenda. He is working tirelessly to Protect “Hoosier” Values, Grow the Economy, Cut Taxes and Regulations, Promote MADE IN THE U.S.A., Unleash American Energy DOMINANCE, Stop Migrant Crime, Strengthen our Brave Military/Veterans, Ensure LAW AND ORDER, Safeguard our Elections, and Defend our always under siege Second Amendment.   Chris Garten has my Complete and Total Endorsement for Re-Election — HE WILL NEVER LET YOU DOWN!",13034,2704,False,False,False,118,,,,0,nan,https://truthsocial.com/@realDonaldTrump/116365288989008607,nan
116365288444023601,2026-04-07T15:23:10-05:00,Truth Social,realDonaldTrump,"State Senator Randy Maxwell is a Tremendous Champion for the incredible people of Indiana’s 43rd State Senate District!   As a very successful Businessman, Randy knows the America First Policies required to Grow our Economy, Create GREAT Jobs, Cut Taxes and Regulations, Promote MADE IN THE U.S.A., and Unleash American Energy DOMINANCE. In the State Senate, he is also fighting tirelessly to Protect “Hoosier” Values, Stop Migrant Crime, Ensure LAW AND ORDER, Strengthen our Military/Veterans, Advance Election Integrity, and Defend our always under siege Second Amendment.   Randy Maxwell has my Complete and Total Endorsement for Re-Election — HE WILL NEVER LET YOU DOWN!",12535,2576,False,False,False,102,,,,0,nan,https://truthsocial.com/@realDonaldTrump/116365288444023601,nan
116365287802499897,2026-04-07T15:23:00-05:00,Truth Social,realDonaldTrump,"State Senator Jeff Raatz is an America First Patriot doing a fantastic job representing Indiana’s 27th State Senate District!   A Brave U.S. Army Veteran, Jeff knows the Wisdom and Courage that is required to Defend our Country, Support our Military/Veterans, and Ensure PEACE THROUGH STRENGTH. In the State Senate, Jeff is working hard to Protect “Hoosier” Values, Stop Migrant Crime, Grow our Economy, Cut Taxes, Promote MADE IN THE U.S.A., Champion Small Businesses and American Ingenuity, Ensure U.S. Energy DOMINANCE, Safeguard our Elections, and Defend our always under siege Second Amendment.   Jeff Raatz has my Complete and Total Endorsement for Re-Election — HE WILL NEVER LET YOU DOWN!",12172,2519,False,False,False,108,,,,0,nan,https://truthsocial.com/@realDonaldTrump/116365287802499897,nan
116365287253994322,2026-04-07T15:22:52-05:00,Truth Social,realDonaldTrump,"State Senator Scott Alexander is doing a terrific job representing the wonderful people of Indiana’s 26th State Senate District!   A Successful Entrepreneur and Civic Leader, before his service in the State Senate, Scott is a Proven Leader who has dedicated his life to serving his Community. In the State Senate, he is working hard to Protect “Hoosier” Values, Grow the Economy, Cut Taxes and Regulations, Promote MADE IN THE U.S.A., Champion American Energy DOMINANCE, Stop Migrant Crime, Ensure LAW AND ORDER, Strengthen our Military/Veterans, Advance Election Integrity, and Defend our always under siege Second Amendment.   Scott Alexander has my Complete and Total Endorsement for Re-Election — HE WILL NEVER LET YOU DOWN!",11816,2444,False,False,False,112,,,,0,nan,https://truthsocial.com/@realDonaldTrump/116365287253994322,nan
116365286643586938,2026-04-07T15:22:43-05:00,Truth Social,realDonaldTrump,"State Senator Mike Gaskill is a MAGA Warrior who is doing a tremendous job representing Indiana’s 25th State Senate District!   A Highly Successful Businessman, Mike knows the AMERICA FIRST Policies necessary to Create GREAT Jobs, Promote MADE IN THE U.S.A., Unleash Innovation, and Advance American Energy DOMINANCE. In the State Senate, he is fighting tirelessly to Protect “Hoosier” Values, Grow our Economy, Cut Taxes and Regulations, Stop Migrant Crime, Support our Brave Military/Veterans, Safeguard our Elections, and Defend our always under siege Second Amendment.   Mike Gaskill has my Complete and Total Endorsement for Re-Election — HE WILL NEVER LET YOU DOWN!",11498,2376,False,False,False,101,,,,0,nan,https://truthsocial.com/@realDonaldTrump/116365286643586938,nan
116365286020333679,2026-04-07T15:22:33-05:00,Truth Social,realDonaldTrump,"State Senator Ron Alting is a Strong Champion and Highly Effective Representative for the Great People of  Indiana’s 22nd State Senate District!   A respected Businessman, Lafayette City Council Member, and Indiana Guard Reserve Major, prior to becoming a distinguished State Senator, Ron has dedicated his life to serving his Community. In the State Senate, he is working hard to Protect ""Hoosier"" Values, Grow our Economy, Cut Taxes and Regulations, Champion American Energy DOMINANCE, Promote MADE IN THE U.S.A., Stop Migrant Crime, Strengthen our Military/Veterans, Ensure LAW AND ORDER, Advance Election Integrity, and Defend our always under siege Second Amendment.   Ron Alting has my Complete and Total Endorsement for Re-Election — HE WILL NEVER LET YOU DOWN!",11088,2271,False,False,False,116,,,,0,nan,https://truthsocial.com/@realDonaldTrump/116365286020333679,nan
116365285441680816,2026-04-07T15:22:24-05:00,Truth Social,realDonaldTrump,"State Senator Liz Brown is a MAGA Warrior who is doing an incredible job representing Indiana’s 15th State Senate District!   A successful Attorney, and Fort Wayne City Council Member, prior to becoming a Highly Respected State Senator, Liz has dedicated her life to serving her Community. In the State Senate, she is working tirelessly to Protect ""Hoosier"" Values, Grow our Economy, Cut Taxes and Regulations, Champion American Energy DOMINANCE, Promote MADE IN THE U.S.A., Stop Migrant Crime, Strengthen our Military/Veterans, Safeguard our Elections, and Defend our always under siege Second Amendment.   Liz Brown has my Complete and Total Endorsement for Re-Election — SHE WILL NEVER LET YOU DOWN!",10959,2259,False,False,False,108,,,,0,nan,https://truthsocial.com/@realDonaldTrump/116365285441680816,nan
116365284827791048,2026-04-07T15:22:15-05:00,Truth Social,realDonaldTrump,"State Senator Tyler Johnson is an America First Patriot who is doing a fantastic job representing Indiana’s 14th State Senate District!   A Proven Leader, Tyler serves his Community as a Highly Respected Emergency Room Physician, in addition to being a highly effective State Senator. In the State Senate, he is working tirelessly to Protect ""Hoosier"" Values, Grow our Economy, Cut Taxes and Regulations, Promote MADE IN THE U.S.A., Champion American Energy DOMINANCE, Stop Migrant Crime, Strengthen our Military/Veterans, Advance Election Integrity, Promote School Choice, and Defend our always under siege Second Amendment.   Dr. Tyler Johnson has my Complete and Total Endorsement for Re-Election — HE WILL NEVER LET YOU DOWN!",10695,2198,False,False,False,110,,,,0,nan,https://truthsocial.com/@realDonaldTrump/116365284827791048,nan
116365279658494851,2026-04-07T15:20:56-05:00,Truth Social,realDonaldTrump,"It is my Great Honor to endorse State Representative Michelle Davis, a REAL Republican running for Indiana's 41st State Senate District (which I won by 33 points!), against RINO incumbent Greg Walker! Michelle will be a fantastic replacement for Walker who, for whatever reason, voted against Redistricting in Indiana, which puts the United States Congress in jeopardy. Walker and his RINO friends made Indiana, a State I love and have been very good to, the only State in the Country that essentially said they don’t care about what happens in the United States Congress. We could have easily picked up two seats in Indiana, so Walker, an America Last politician, put our Majority in the House of Representatives at risk, thereby putting our Country in a very dangerous position in losing some of the magnificent gains that we have made over the last year, since I assumed the Office of President.   State Representative Michelle Davis, on the other hand, strongly voted WITH Republicans to pass Redistricting in the State House, unlike “RINO” Greg Walker, who voted with the Democrats in the State Senate to stop it. As your next State Senator, Michelle will fight tirelessly to Protect ""Hoosier"" Values, Advocate for the Working Men and Women of Indiana, Grow our Economy, Cut Taxes and Regulations, Promote American Manufacturing, Advance MADE IN THE U.S.A., Unleash American Energy DOMINANCE, Keep our Border SECURE, Support our Military, Veterans, and Law Enforcement, Advance Election Integrity, and Defend our always under siege Second Amendment.    Michelle Davis has my Complete and Total Endorsement to be the next State Senator from Indiana's 41st Senate District. Unlike incumbent Greg Walker, a “RINO” LOSER who has failed the fantastic people of Indiana so badly, MICHELLE DAVIS IS A WINNER WHO WILL NOT LET YOU DOWN!",10758,2306,False,False,False,296,,,,0,nan,https://truthsocial.com/@realDonaldTrump/116365279658494851,nan
116365277089556863,2026-04-07T15:20:17-05:00,Truth Social,realDonaldTrump,"It is my Great Honor to endorse America First Patriot, Jeff Ellington, a terrific Candidate for Indiana's 39th State Senate District (which I won by a whopping 55 points!). Jeff will be a fantastic replacement for RINO Eric Bassler, who may not even run again because Republicans are so angry with him over his betrayal he committed when he, for whatever reason, voted against Redistricting in Indiana, which essentially made him a partner to the Radical Left Democrats in their quest to take control of the United States House of Representatives, and reverse the great progress we have made in the last year. Bassler and his RINO friends made Indiana, a State I love that is full of Patriots who love America, the only State in the Nation that would rather turn over our Country to Democrats than fight back against their corruption, and finish the job we started over 10 years ago. We could have easily picked up two seats in Indiana, but Bassler, an America Last politician, was played for a fool by the Democrats who want to destroy our Country.   Now, because Bassler looks to be getting “run out of town” by his Voters, Indiana’s Chief RINO Rod Bray has recruited a new “pawn” in his game named Kristi Risk to run for this seat.  She, like Bassler and Bray, was nowhere to be found for Republicans during Redistricting, which means she will never be there for you when the going gets tough. She said there were “more important things” than keeping the House Majority, and protecting the progress we have made over the last year to, MAKE AMERICA GREAT AGAIN. No smart, reliable Republican would ever say such a thing because they would never even think it. For that reason, and more, she cannot be trusted any more than the Failed and Weak “Senator” Bassler.   Jeff Ellington, on the other hand, is a Successful Businessman, Retired Firefighter, Horse Farmer, Greene County GOP Chairman, and former State Representative, who has dedicated his life to serving his Community. As your next State Senator, Jeff will work tirelessly to Protect ""Hoosier"" Values, Champion our Amazing Farmers and Ranchers, Grow our Economy, Cut Taxes and Regulations, Promote MADE IN THE U.S.A., Advance American Energy DOMINANCE, Support our Brave Military, Veterans, and Law Enforcement, Safeguard our Elections, and Protect our always under siege Second Amendment.    Jeff Ellington has my Complete and Total Endorsement to be the next State Senator from Indiana's 39th Senate District. Unlike Eric Bassler or Kristi Risk, JEFF ELLINGTON WILL NEVER LET YOU DOWN!",10330,2201,False,False,False,426,,,,0,nan,https://truthsocial.com/@realDonaldTrump/116365277089556863,nan
116365275300009543,2026-04-07T15:19:50-05:00,Truth Social,realDonaldTrump,"Vigo County Commissioner Brenda Wilson, a Proven America First Patriot, is running against “No Goode” Greg Goode (BAD FOR THE U.S.A.!) in the Republican Primary for Indiana’s 38th Senate District, which I won by 28 points! “No Goode” is an incompetent and ineffective RINO incumbent who, for whatever reason, voted against Redistricting in Indiana, which has made him a hero to Hakeem Jeffries, Ilhan Omar, and every other Radical Left Member of the U.S. House of Representatives. “No Goode” and his RINO friends made Indiana, a State I have tremendous love for, the only State in the Country that essentially said they don’t care about what happens to the United States Congress, and therefore to America’s future. We could have easily picked up two seats in Indiana, but No Goode, an America Last politician, threw in with the Democrats, thereby putting our Country in a very dangerous position, and risking the reversal of so much of the incredible progress we have made over the last year for our Country and our people.   Brenda Wilson, on the other hand, is a Successful Family Farmer, and Highly Respected Vigo County Commissioner, who will be a strong and effective Voice for our amazing Farmers and Indiana Agriculture. As your next State Senator, Brenda will fight tirelessly to Protect ""Hoosier"" Values, Champion Small Businesses, Promote MADE IN THE U.S.A., Grow our Economy, Cut Taxes and Regulations, Advance American Energy DOMINANCE, Keep our Border SECURE, Support our incredible Military, Veterans, and Law Enforcement, Advance Election Integrity, and Protect our always under siege Second Amendment.   Brenda Wilson has my Complete and Total Endorsement, and, unlike “No Goode” — BRENDA WILL NOT LET YOU DOWN!",10107,2202,False,False,False,278,,,,0,nan,https://truthsocial.com/@realDonaldTrump/116365275300009543,nan
116365273811504261,2026-04-07T15:19:27-05:00,Truth Social,realDonaldTrump,"It is my Great Honor to endorse MAGA Warrior and Fountain County GOP Chair, Paula Copenhaver, a terrific Candidate for Indiana's 23rd State Senate District (which I won by 26 points!). Paula is running against an incompetent and ineffective RINO incumbent named Spencer Deery who, for whatever reason, betrayed his voters by voting against Redistricting in Indiana. Deery and his RINO friends made Indiana, a State I love and have been very good to, the only State in the Country that essentially said they don’t care if Democrats and Radical Liberal Judges keep conspiring to steal seats in the United States Congress from Republicans. We could have easily picked up two seats in Indiana, but Deery, an America Last politician, would rather side with Far Left Democrats who will do anything and everything in their power to reverse the incredible progress we have made for the American people over the last year since I reassumed the Office of President.   While “RINO” Spencer Deery prefers Democrats, Paula Copenhaver has helped REAL Republicans get elected across her Community, As your next State Senator, Paula will work hard to Protect ""Hoosier"" Values, Advocate for the Working Men and Women of Indiana, Grow the Economy, Cut Taxes and Regulations, Promote American Manufacturing, Advance MADE IN THE U.S.A., Unleash American Energy DOMINANCE, Keep our Border SECURE, Ensure LAW AND ORDER, Support our Brave Military, Veterans, and Law Enforcement, Safeguard our Elections, and Protect our always under siege Second Amendment.    Paula Copenhaver has my Complete and Total Endorsement to be the next State Senator from Indiana's 23rd Senate District. Unlike incumbent Spencer Deery, a “RINO” who has become a favorite politician of the Far Left, PAULA COPENHAVER IS A WINNER WHO WILL NEVER LET YOU DOWN!",9731,2085,False,False,False,290,,,,0,nan,https://truthsocial.com/@realDonaldTrump/116365273811504261,nan
116365272431087703,2026-04-07T15:19:06-05:00,Truth Social,realDonaldTrump,"It is my Great Honor to endorse America First Patriot Tracey Powell, a fantastic Candidate for Indiana's 21st State Senate District (which I won by 24 points!). Tracey is running against a pathetic RINO incumbent named Jim Buck, who, for whatever reason, voted against Redistricting in Indiana, which puts the United States Congress in jeopardy. Buck and his RINO friends made Indiana, a State I love and have been very good to, the only State in the Country that essentially said they don’t care if Democrats steal Republican House seats to take over the United States Congress. We could have easily picked up two seats in Indiana, helping Democrat seat theft in Blue States, but instead, Buck, an America Last politician, would rather give away our Majority in the House of Representatives, thereby putting our Country in a very dangerous position that could cost us some of the magnificent gains that we have made over the last year, since I assumed the Office of President.   Tracey Powell, on the other hand, is a successful Businessman, Chiropractor, Farmer, and Highly Respected Tipton County Commissioner, who has dedicated his life to serving his Community. As your next State Senator, Tracey will fight tirelessly to Protect ""Hoosier"" Values, Grow the Economy, Cut Taxes and Regulations, Promote MADE IN THE U.S.A., Champion our Amazing Farmers and Agriculture, Unleash American Energy DOMINANCE, Keep our Border SECURE, Ensure LAW AND ORDER, Support our Military, Veterans, and Law Enforcement, Advance Election Integrity, Defend our always under siege Second Amendment.    Tracey Powell has my Complete and Total Endorsement to be the next State Senator from Indiana's 21st Senate District. Unlike incumbent Jim Buck, a “RINO” who failed the wonderful people of Indiana so badly, TRACEY POWELL IS A WINNER WHO WILL NOT LET YOU DOWN!",9446,2027,False,False,False,297,,,,0,nan,https://truthsocial.com/@realDonaldTrump/116365272431087703,nan
116365271173259328,2026-04-07T15:18:47-05:00,Truth Social,realDonaldTrump,"Bluffton City Councilman Blake Fiechter, a True America First Patriot, is running against “RINO” State Senator Travis Holdman, in Indiana’s 19th Senate District who, for whatever reason, voted against Redistricting in Indiana, in a District that I won by 39 points, which puts the United States Congress in jeopardy. Holdman and his RINO friends made Indiana, a State I love and have been very good to, the only State in the Country that essentially said they don’t care about what happens in the United States Congress. We could have easily picked up two seats in Indiana, so Holdman, an America Last politician, put our Majority in the House of Representatives at risk, thereby putting our Country in a very dangerous position in losing some of the magnificent gains that we have made over the last year, since I assumed the Office of President.   On the other hand, Blake Fiechter, a very successful Real Estate Broker, Proud Husband, Loving Father to three girls, and a Highly Respected Councilman in the wonderful City of Bluffton, has dedicated his life to serving the Community which he loves so much. As your next State Senator, Blake will fight tirelessly to Protect ""Hoosier"" Values, Promote our Amazing Farmers and Ranchers, Grow our Economy, Cut Taxes and Regulations, Advance MADE IN THE U.S.A., Promote American Energy DOMINANCE, Keep our Border SECURE, Support our Brave Military, Veterans, and Law Enforcement, Ensure LAW AND ORDER, Safeguard our Elections, and Protect our always under siege Second Amendment.    Blake Fiechter has my Complete and Total Endorsement against RINO Travis Holdman — BLAKE WILL NEVER LET YOU DOWN!",9276,2014,False,False,False,267,,,,0,nan,https://truthsocial.com/@realDonaldTrump/116365271173259328,nan
116365255671979732,2026-04-07T15:14:50-05:00,Truth Social,realDonaldTrump,"It is my Great Honor to endorse Trevor De Vries, an America First Patriot and REAL Republican running for Indiana's 1st State Senate District, against RINO incumbent Dan Dernulc!   A Successful Businessman, Trevor knows the America First Policies required to Grow our Economy, Create GREAT Jobs, Cut Taxes and Regulations, Promote MADE IN THE U.S.A., and Unleash American Energy DOMINANCE. In the State Senate, he will fight tirelessly to Protect “Hoosier” Values, Stop Migrant Crime, Ensure LAW AND ORDER, Strengthen our Military/Veterans, Advance Election Integrity, and Defend our always under siege Second Amendment.   Trevor De Vries has my Complete and Total Endorsement to be the next State Senator from Indiana's 1st Senate District. Unlike incumbent Dan Dernulc, a “RINO” LOSER who has failed the fantastic people of Indiana so badly, TREVOR DE VRIES IS A WINNER WHO WILL NOT LET YOU DOWN!",9470,2070,False,False,False,142,,,,0,nan,https://truthsocial.com/@realDonaldTrump/116365255671979732,nan
116365255045080935,2026-04-07T15:14:40-05:00,Truth Social,realDonaldTrump,"State Representative Martin Carbaugh is a Tremendous Advocate for the Fantastic People of Indiana’s 81st State House District!   A very successful Financial Advisor, Martin is a Proven Leader who is doing a fantastic job advancing our AMERICA FIRST Agenda. He is working tirelessly to Protect “Hoosier” Values, Grow the Economy, Cut Taxes and Regulations, Promote MADE IN THE U.S.A., Unleash American Energy DOMINANCE, Stop Migrant Crime, Strengthen our Brave Military/Veterans, Ensure LAW AND ORDER, Safeguard our Elections, and Defend our always under siege Second Amendment.   Martin Carbaugh has my Complete and Total Endorsement for Re-Election — HE WILL NEVER LET YOU DOWN!",9160,1978,False,False,False,102,,,,0,nan,https://truthsocial.com/@realDonaldTrump/116365255045080935,nan
116365254318832383,2026-04-07T15:14:29-05:00,Truth Social,realDonaldTrump,"State Representative Ben Smaltz is a Highly Effective Champion for the Wonderful People of Indiana’s 52nd State House District!   A Respected Businessman and DeKalb County Council Member, prior to becoming a distinguished State Representative, Ben has dedicated his life to serving his Community. In the State House, he is fighting tirelessly to Protect ""Hoosier"" Values, Grow our Economy, Cut Taxes and Regulations, Champion American Energy DOMINANCE, Promote MADE IN THE U.S.A., Stop Migrant Crime, Strengthen our Military/Veterans, Ensure LAW AND ORDER, Safeguard our Elections, and Defend our always under siege Second Amendment.   Ben Smaltz has my Complete and Total Endorsement for Re-Election — HE WILL NEVER LET YOU DOWN!",8848,1917,False,False,False,109,,,,0,nan,https://truthsocial.com/@realDonaldTrump/116365254318832383,nan
116365253757288920,2026-04-07T15:14:21-05:00,Truth Social,realDonaldTrump,"State Representative Tony Isa is an America First Patriot who is doing a fantastic job representing Indiana’s 51st State House District!   A Successful Entrepreneur and Owner of “Scoops Ice Cream” in Angola, in addition to being a highly effective State Representative, Tony has dedicated his life to serving his Community. In the State House, he is working tirelessly to Protect ""Hoosier"" Values, Grow our Economy, Cut Taxes and Regulations, Promote MADE IN THE U.S.A., Champion American Energy DOMINANCE, Stop Migrant Crime, Strengthen our Military/Veterans, Advance Election Integrity, Promote School Choice, and Defend our always under siege Second Amendment.   Tony Isa has my Complete and Total Endorsement for Re-Election — HE WILL NEVER LET YOU DOWN!",8777,1904,False,False,False,115,,,,0,nan,https://truthsocial.com/@realDonaldTrump/116365253757288920,nan
116365252855784200,2026-04-07T15:14:07-05:00,Truth Social,realDonaldTrump,"State Representative Bob Heaton is doing a terrific job representing the wonderful people of Indiana’s 46th State House District!   A Successful Businessman and College Basketball Player, before his service in the State House, Bob is a Proven Leader who has dedicated his life to serving his Community. In the State House, he is working hard to Protect “Hoosier” Values, Grow the Economy, Cut Taxes and Regulations, Promote MADE IN THE U.S.A., Champion American Energy DOMINANCE, Stop Migrant Crime, Ensure LAW AND ORDER, Strengthen our Military/Veterans, Advance Election Integrity, and Defend our always under siege Second Amendment.   Bob Heaton has my Complete and Total Endorsement for Re-Election — HE WILL NEVER LET YOU DOWN!",8626,1872,False,False,False,113,,,,0,nan,https://truthsocial.com/@realDonaldTrump/116365252855784200,nan
116365252287627343,2026-04-07T15:13:58-05:00,Truth Social,realDonaldTrump,"State Representative Bruce Borders is a MAGA Warrior who is doing an incredible job representing Indiana’s 45th State House District!   A successful Businessman, and former Mayor of Jasonville, prior to becoming a Highly Respected State Representative, Bruce has dedicated his life to serving his Community. In the State House, he is working tirelessly to Protect ""Hoosier"" Values, Grow our Economy, Cut Taxes and Regulations, Champion American Energy DOMINANCE, Promote MADE IN THE U.S.A., Stop Migrant Crime, Strengthen our Military/Veterans, Safeguard our Elections, and Defend our always under siege Second Amendment.   Bruce Borders has my Complete and Total Endorsement for Re-Election — HE WILL NEVER LET YOU DOWN!",8571,1873,False,False,False,107,,,,0,nan,https://truthsocial.com/@realDonaldTrump/116365252287627343,nan
116365251753401925,2026-04-07T15:13:50-05:00,Truth Social,realDonaldTrump,"State Representative Beau Baird is a Strong Champion for the Great People of Indiana’s 44th State House District!   A Highly Respected Businessman and Rancher, prior to becoming a distinguished State Representative, Beau has dedicated his life to serving his Community. In the State House, he is working hard to Protect ""Hoosier"" Values, Grow our Economy, Cut Taxes and Regulations, Champion our Amazing Farmers and Ranchers, Promote MADE IN THE U.S.A., Stop Migrant Crime, Strengthen our Military/Veterans, Ensure LAW AND ORDER, Advance Election Integrity, and Defend our always under siege Second Amendment.   Beau Baird has my Complete and Total Endorsement for Re-Election — HE WILL NEVER LET YOU DOWN!",8424,1817,False,False,False,108,,,,0,nan,https://truthsocial.com/@realDonaldTrump/116365251753401925,nan
116365251073099981,2026-04-07T15:13:40-05:00,Truth Social,realDonaldTrump,"State Representative Heath VanNatter is doing a fantastic job representing the incredible people of Indiana’s 38th State House District!   A Highly Respected Small Business Owner and Homebuilder, prior to becoming a distinguished State Representative, Heath has dedicated his life to serving his Community. In the State House, he is working hard to Protect “Hoosier” Values, Grow our Economy, Cut Taxes and Regulations, Champion American Energy DOMINANCE, Promote MADE IN THE U.S.A., Stop Migrant Crime, Strengthen our Military/Veterans, Ensure LAW AND ORDER, Advance Election Integrity, and Protect our always under siege Second Amendment.   Heath VanNatter has my Complete and Total Endorsement for Re-Election — HE WILL NEVER LET YOU DOWN!",8370,1825,False,False,False,109,,,,0,nan,https://truthsocial.com/@realDonaldTrump/116365251073099981,nan
116365250563239892,2026-04-07T15:13:32-05:00,Truth Social,realDonaldTrump,"State Representative Jeff Thompson is doing a tremendous job representing the Great People of Indiana’s 28th State House District!   A former Educator and Farmer, Jeff is a strong and effective Voice for Indiana Agriculture, and our amazing Farmers and Ranchers. In the State House, he is fighting tirelessly to Protect “Hoosier” Values, Grow our Economy, Cut Taxes and Regulations, Promote MADE IN THE U.S.A. and American Energy DOMINANCE, Safeguard our Elections, Stop Migrant Crime, Strengthen our Military/Veterans, and Defend our always under siege Second Amendment.   Jeff Thompson has my Complete and Total Endorsement for Re-Election — HE WILL NEVER LET YOU DOWN!",8303,1813,False,False,False,102,,,,0,nan,https://truthsocial.com/@realDonaldTrump/116365250563239892,nan
