"ID","Text","Language","Type","Author Name","Author Username","View Count","Reply Count","Retweet Count","Quote Count","Favorite Count","Bookmark Count","Created At","Tweet URL","Source","hashtags","urls","media_type","media_urls"
"2027651077865157033","https://t.co/BZuJDudLej","zxx","Tweet","Donald J. Trump","realDonaldTrump","197789840","149188","155020","27138","999215","112273","2026-02-28 15:44:23","https://x.com/realDonaldTrump/status/2027651077865157033","<a href=""http://twitter.com/download/iphone"" rel=""nofollow"">Twitter for iPhone</a>","","","video","https://video.twimg.com/amplify_video/2027649690032889856/vid/avc1/3840x2026/InXhHRvaG5jNn8QJ.mp4?tag=21"
"2018445404027896054","On behalf of Erin and me, thank you to everyone for the love and support we've received. We both had an unforgettable wedding day, and we'll never forget it. We're humbled and grateful to all.

THANK YOU! 🙏🏻🇺🇸🦅🚀 https://t.co/0qXxYWCY7A","en","Retweet","Dan Scavino Jr.🇺🇸🦅","DanScavino","36028425","25622","13375","832","93751","3534","2026-02-03 06:04:19","https://x.com/DanScavino/status/2018445404027896054","<a href=""http://twitter.com/download/iphone"" rel=""nofollow"">Twitter for iPhone</a>","","","video","https://video.twimg.com/amplify_video/2018445127690092546/vid/avc1/3840x2160/aQSQ2km0-PqhVv1c.mp4?tag=21"
"2017734677436445106","Box Office: ‘Melania’ Heads for $8 Million Opening, the Best Showing in a Decade for a Doc https://t.co/2FKjEMRoxW","en","Retweet","The Hollywood Reporter","THR","27951648","8488","4723","329","32083","813","2026-02-01 07:00:09","https://x.com/THR/status/2017734677436445106","<a href=""https://trueanthem.com"" rel=""nofollow"">trueanthem_pro2</a>","","https://www.hollywoodreporter.com/movies/movie-news/box-office-melania-opening-weekend-1236490092/?taid=697e89790d6a0400013245c2&utm_campaign=trueanthem&utm_medium=social&utm_source=twitter","",""
"2017926543629009209","RECORD BREAKER: “Melania,” a documentary following the first lady in the 20 days before President Trump’s second inauguration, earns $8 million opening weekend — reportedly making it the biggest documentary debut in more than a decade. https://t.co/NOqjPsOYLX","en","Retweet","Fox News","FoxNews","30421176","14263","7665","849","55111","1332","2026-02-01 19:42:33","https://x.com/FoxNews/status/2017926543629009209","<a href=""https://mobile.twitter.com"" rel=""nofollow"">Twitter Web App</a>","","","photo","https://pbs.twimg.com/media/HAEdYGWWQAA6c2e.jpg"
"2017663305876176951","MELANIA, the film.
#1 Highest Opening In 10 Yrs (Doc)
Loved By All - “A” CinemaScore https://t.co/HTVM0Cu2Jv","en","Retweet","MELANIA TRUMP","MELANIATRUMP","21954454","21670","11930","1268","87578","1582","2026-02-01 02:16:33","https://x.com/MELANIATRUMP/status/2017663305876176951","<a href=""https://mobile.twitter.com"" rel=""nofollow"">Twitter Web App</a>","","","photo","https://pbs.twimg.com/media/HAAt9yXWIAEZY_X.jpg"
"2017417980594827718","Last night I saw, “MELANIA,” for the second time. The audience loved it, and so do I. Check it out — A MUST SEE! https://t.co/rjwd5Appkv","en","Tweet","Donald J. Trump","realDonaldTrump","48724735","49586","35600","3885","308649","6531","2026-01-31 10:01:43","https://x.com/realDonaldTrump/status/2017417980594827718","<a href=""http://twitter.com/download/iphone"" rel=""nofollow"">Twitter for iPhone</a>","","https://www.amazon.com/salp/melaniamovie?hhf","",""
"2015833393917747502","MELANIA, the Movie, is a MUST WATCH. Get your tickets today — Selling out, FAST!

Photo: Regine Mahaux
https://t.co/rjwd5Appkv https://t.co/vFpXfV0Mg0","en","Tweet","Donald J. Trump","realDonaldTrump","57595128","66507","41959","5464","408347","10731","2026-01-27 01:05:08","https://x.com/realDonaldTrump/status/2015833393917747502","<a href=""http://twitter.com/download/iphone"" rel=""nofollow"">Twitter for iPhone</a>","","https://www.amazon.com/salp/melaniamovie?hhf","photo","https://pbs.twimg.com/media/G_mtyaXXcAAvj4V.jpg"
"2014874759473828043","I have been briefed on the Record Cold Wave and Historic Winter Storm that will be hitting much of the United States this weekend. The Trump Administration is coordinating with State and Local Officials. FEMA is fully prepared to respond. Stay Safe and Stay Warm! President DJT","en","Tweet","Donald J. Trump","realDonaldTrump","61967763","31644","37479","2437","282093","9642","2026-01-24 09:35:51","https://x.com/realDonaldTrump/status/2014874759473828043","<a href=""http://twitter.com/download/iphone"" rel=""nofollow"">Twitter for iPhone</a>","","","",""
"2014828034075803679","Take this storm seriously, folks.

Moderate to major impacts are expected from the Central US through to the Northeast today through the weekend.
- Hazardous to impossible driving conditions are expected. Avoid travel if at all possible.
- Widespread closures and disruption to infrastructure may also occur.

Stay weather aware and up to date on the latest alerts and weather conditions by following your local national weather service office on social media or checking https://t.co/qk3BcVP5M8.","en","Quoted","National Weather Service","NWS","62655026","1128","3318","634","13538","1599","2026-01-24 06:30:11","https://x.com/NWS/status/2014828034075803679","<a href=""https://buffer.com"" rel=""nofollow"">Buffer</a>","","","photo","https://pbs.twimg.com/media/G_YbauLXcAAdx8t.jpg"
"2014772963719991311","COUNTDOWN: 7 Days until the World will witness an unforgettable, behind-the-scenes, look at one of the most important events of our time.

MELANIA: TWENTY DAYS TO HISTORY:
https://t.co/rjwd5Appkv https://t.co/AHD0rn1M7C","en","Tweet","Donald J. Trump","realDonaldTrump","69520547","40361","48110","4049","392117","25626","2026-01-24 02:51:21","https://x.com/realDonaldTrump/status/2014772963719991311","<a href=""http://twitter.com/download/iphone"" rel=""nofollow"">Twitter for iPhone</a>","","https://www.amazon.com/salp/melaniamovie?hhf","video","https://video.twimg.com/amplify_video/2014772905972776960/vid/avc1/1280x720/m-soU3NaS1n-xyqt.mp4?tag=21"
"2004012442427277591","Merry Christmas to all, including the Radical Left Scum that is doing everything possible to destroy our Country, but are failing badly. We no longer have Open Borders, Men in Women’s Sports, Transgender for Everyone, or Weak Law Enforcement. What we do have is a Record Stock Market and 401K’s, Lowest Crime numbers in decades, No Inflation, and yesterday, a 4.3 GDP, two points better than expected. Tariffs have given us Trillions of Dollars in Growth and Prosperity, and the strongest National Security we have ever had. We are respected again, perhaps like never before. God Bless America!!! President DJT","en","Tweet","Donald J. Trump","realDonaldTrump","83597117","109739","87493","11865","794938","28324","2025-12-25 10:12:53","https://x.com/realDonaldTrump/status/2004012442427277591","<a href=""http://twitter.com/download/iphone"" rel=""nofollow"">Twitter for iPhone</a>","","","",""
"2003565251816554746","THE TRUMP KENNEDY CENTER HONORS will be broadcast tonight, on CBS, and Stream on Paramount+. Tune in at 8 P.M. EST! At the request of the Board, and just about everybody else in America, I am hosting the event. Tell me what you think of my “Master of Ceremony” abilities. If really good, would you like me to leave the Presidency in order to make “hosting” a full time job? We will be honoring true GREATS in the History of Entertainment: Sylvester Stallone, Michael Crawford, KISS, George Strait, and Gloria Gaynor.","en","Tweet","Donald J. Trump","realDonaldTrump","52566777","30227","21322","2211","164077","6062","2025-12-24 04:35:55","https://x.com/realDonaldTrump/status/2003565251816554746","<a href=""http://twitter.com/download/iphone"" rel=""nofollow"">Twitter for iPhone</a>","","","",""
"1995898845134303294","I am asking all America First Patriots in Tennessee’s 7th Congressional District to please GET OUT AND VOTE for a phenomenal Candidate and MAGA Warrior, Matt Van Epps! You can win this Election for Matt, who has my Complete and Total Endorsement. HE WILL BE A GREAT CONGRESSMAN and, unlike his Opponent, he cherishes Christianity and Country Music — She has openly stated that she hates them both!
 
TN-07: Polls close at 7:00 P.M. IF YOU ARE IN LINE BY 7 P.M., STAY IN LINE, AND THEY MUST LET YOU VOTE. GET OUT AND VOTE, VOTE, VOTE FOR MATT VAN EPPS — HE WILL NEVER LET YOU DOWN!
 
Find your voting location and hours at: https://t.co/saCiO9NLKx","en","Tweet","Donald J. Trump","realDonaldTrump","39204810","33662","29603","1174","153068","2907","2025-12-03 00:52:21","https://x.com/realDonaldTrump/status/1995898845134303294","<a href=""http://twitter.com/download/iphone"" rel=""nofollow"">Twitter for iPhone</a>","","","",""
"1995676855651664182","I am asking all America First Patriots in Tennessee’s 7th Congressional District to please GET OUT AND VOTE TOMORROW for a phenomenal Candidate, Matt Van Epps, on Election Day, Tuesday, December 2nd! You can win this Election for MAGA Warrior Matt Van Epps, who has my Complete and Total Endorsement. HE WILL BE A GREAT CONGRESSMAN and, unlike his Opponent, he cherishes Christianity and Country Music — She has openly stated that she hates them both!
 
TN-07: Polls open in all Counties no later than 9:00 A.M., but some open as early as 7:00 A.M. Polls close at 7:00 P.M. IF YOU ARE IN LINE BY 7 P.M., STAY IN LINE, AND THEY MUST LET YOU VOTE! Election Day is TOMORROW, December 2nd. GET OUT AND VOTE, VOTE, VOTE FOR MATT VAN EPPS — HE WILL NEVER LET YOU DOWN!
 
Find your voting location and hours at:
https://t.co/saCiO9NLKx","en","Tweet","Donald J. Trump","realDonaldTrump","31901998","16928","33907","1256","162147","2804","2025-12-02 10:10:14","https://x.com/realDonaldTrump/status/1995676855651664182","<a href=""http://twitter.com/download/iphone"" rel=""nofollow"">Twitter for iPhone</a>","","","",""
"1994760100376891748","To all Airlines, Pilots, Drug Dealers, and Human Traffickers, please consider THE AIRSPACE ABOVE AND SURROUNDING VENEZUELA TO BE CLOSED IN ITS ENTIRETY. Thank you for your attention to this matter! PRESIDENT DONALD J. TRUMP","en","Tweet","Donald J. Trump","realDonaldTrump","93569076","39224","75835","13603","587973","22035","2025-11-29 21:27:23","https://x.com/realDonaldTrump/status/1994760100376891748","<a href=""http://twitter.com/download/iphone"" rel=""nofollow"">Twitter for iPhone</a>","","","",""
"1994438728237064270","The United States did not attend the G20 in South Africa, because the South African Government refuses to acknowledge or address the horrific Human Right Abuses endured by Afrikaners, and other descendants of Dutch, French, and German settlers. To put it more bluntly, they are killing white people, and randomly allowing their farms to be taken from them. Perhaps, worst of all, the soon to be out of business New York Times and the Fake News Media won’t issue a word against this genocide. That’s why all the Liars and Pretenders of the Radical Left Media are going out of business! At the conclusion of the G20, South Africa refused to hand off the G20 Presidency to a Senior Representative from our U.S. Embassy, who attended the Closing Ceremony. Therefore, at my direction, South Africa will NOT be receiving an invitation to the 2026 G20, which will be hosted in the Great City of Miami, Florida next year. South Africa has demonstrated to the World they are not a country worthy of Membership anywhere, and we are going to stop all payments and subsidies to them, effective immediately. Thank you for your attention to this matter!","en","Tweet","Donald J. Trump","realDonaldTrump","68370010","38341","74829","8607","520263","23278","2025-11-29 00:10:22","https://x.com/realDonaldTrump/status/1994438728237064270","<a href=""http://twitter.com/download/iphone"" rel=""nofollow"">Twitter for iPhone</a>","","","",""
"1994438342403141889","Democracy is on trial in the coming Elections in the beautiful country of Honduras on November 30th. Will Maduro and his Narcoterrorists take over another country like they have taken over Cuba, Nicaragua, and Venezuela? The man who is standing up for Democracy, and fighting against Maduro, is Tito Asfura, the Presidential Candidate of the National Party. Tito was the highly successful Mayor of Tegucigalpa where he brought running water to millions, and paved hundreds of kilometers of roads. His chief opponent is Rixi Moncada, who says Fidel Castro is her idol. Normally, the smart people of Honduras, would reject her, and elect Tito Asfura, but the Communists are trying to trick the people by running a third Candidate, Salvador Nasralla. Nasralla is no friend of Freedom. A borderline Communist, he helped Xiomara Castro by running as her Vice President. He won, and helped Castro win. Then he resigned, and is now pretending to be an anti-Communist only for the purposes of splitting Asfura’s vote. The people of Honduras must not be tricked again. The only real friend of Freedom in Honduras is Tito Asfura. Tito and I can work together to fight the Narcocommunists, and bring needed aid to the people of Honduras. I cannot work with Moncada and the Communists, and Nasralla is not a reliable partner for Freedom, and cannot be trusted. I hope the people of Honduras vote for Freedom and Democracy, and elect Tito Asfura, President!","en","Tweet","Donald J. Trump","realDonaldTrump","38213628","13984","31874","2117","197371","6277","2025-11-29 00:08:50","https://x.com/realDonaldTrump/status/1994438342403141889","<a href=""http://twitter.com/download/iphone"" rel=""nofollow"">Twitter for iPhone</a>","","","",""
"1994272683387687053","A very Happy Thanksgiving salutation to all of our Great American Citizens and Patriots who have been so nice in allowing our Country to be divided, disrupted, carved up, murdered, beaten, mugged, and laughed at, along with certain other foolish countries throughout the World, for being “Politically Correct,” and just plain STUPID, when it comes to Immigration. The official United States Foreign population stands at 53 million people (Census), most of which are on welfare, from failed nations, or from prisons, mental institutions, gangs, or drug cartels. They and their children are supported through massive payments from Patriotic American Citizens who, because of their beautiful hearts, do not want to openly complain or cause trouble in any way, shape, or form. They put up with what has happened to our Country, but it’s eating them alive to do so! A migrant earning $30,000 with a green card will get roughly $50,000 in yearly benefits for their family. The real migrant population is much higher. This refugee burden is the leading cause of social dysfunction in America, something that did not exist after World War II (Failed schools, high crime, urban decay, overcrowded hospitals, housing shortages, and large deficits, etc.). As an example, hundreds of thousands of refugees from Somalia are completely taking over the once great State of Minnesota. Somalian gangs are roving the streets looking for “prey” as our wonderful people stay locked in their apartments and houses hoping against hope that they will be left alone. The seriously retarded Governor of Minnesota, Tim Walz, does nothing, either through fear, incompetence, or both, while the worst “Congressman/woman” in our Country, Ilhan Omar, always wrapped in her swaddling hijab, and who probably came into the U.S.A. illegally in that you are not allowed to marry your brother, does nothing but hatefully complain about our Country, its Constitution, and how “badly” she is treated, when her place of origin is a decadent, backward, and crime ridden nation, which is essentially not even a country for lack of Government, Military, Police, schools, etc. Even as we have progressed technologically, Immigration Policy has eroded those gains and living conditions for many. I will permanently pause migration from all Third World Countries to allow the U.S. system to fully recover, terminate all of the millions of Biden illegal admissions, including those signed by Sleepy Joe Biden’s Autopen, and remove anyone who is not a net asset to the United States, or is incapable of loving our Country, end all Federal benefits and subsidies to noncitizens of our Country, denaturalize migrants who undermine domestic tranquility, and deport any Foreign National who is a public charge, security risk, or non-compatible with Western Civilization. These goals will be pursued with the aim of achieving a major reduction in illegal and disruptive populations, including those admitted through an unauthorized and illegal Autopen approval process. Only REVERSE MIGRATION can fully cure this situation. Other than that, HAPPY THANKSGIVING TO ALL, except those that hate, steal, murder, and destroy everything that America stands for — You won’t be here for long!","en","Tweet","Donald J. Trump","realDonaldTrump","86509683","41667","80351","13295","538631","44441","2025-11-28 13:10:34","https://x.com/realDonaldTrump/status/1994272683387687053","<a href=""http://twitter.com/download/iphone"" rel=""nofollow"">Twitter for iPhone</a>","","","",""
"1993801758326616561","https://t.co/oQK0HLgf88","zxx","Tweet","Donald J. Trump","realDonaldTrump","54046784","24835","51499","2362","427544","8616","2025-11-27 05:59:16","https://x.com/realDonaldTrump/status/1993801758326616561","<a href=""http://twitter.com/download/iphone"" rel=""nofollow"">Twitter for iPhone</a>","","","photo","https://pbs.twimg.com/media/G6toIexXAAAuXuy.jpg"
"1993469230528790869","I am asking all America First Patriots in Tennessee’s 7th Congressional District, who haven’t voted yet, to please GET OUT AND VOTE for MAGA Warrior Matt Van Epps, tomorrow, November 26th, the last day to vote early in person. You can win this Election for Matt! PLEASE VOTE FOR MATT VAN EPPS, who has my Complete and Total Endorsement. Polls close at 12 P.M. NOON in most of TN-07, and every vote counts. IF YOU ARE IN LINE BY 12 P.M., STAY IN LINE, AND THEY MUST LET YOU VOTE! TN-07: Early Voting ends November 26th, and Election Day is December 2nd. GET OUT AND VOTE FOR MATT VAN EPPS — HE WILL NEVER LET YOU DOWN!
 
Find your Early Voting location at: https://t.co/saCiO9NLKx","en","Tweet","Donald J. Trump","realDonaldTrump","25810050","16677","37365","1431","164543","3357","2025-11-26 07:57:56","https://x.com/realDonaldTrump/status/1993469230528790869","<a href=""http://twitter.com/download/iphone"" rel=""nofollow"">Twitter for iPhone</a>","","","",""
"1977042287533125837","I had an amazing time filming with my Grandpa to kick off my new series called 1 on 1 with Kai. In the video, everyone gets to see the bond we have, especially on the golf course. This is my favorite video I have filmed so far and holds a lot of meaning to me. I hope you enjoy this very special video. Out now on YouTube! 
https://t.co/uufCTwbO74","en","Retweet","Kai Trump","kaitrump","20478896","23492","17036","938","141308","5068","2025-10-12 00:03:07","https://x.com/kaitrump/status/1977042287533125837","<a href=""http://twitter.com/download/iphone"" rel=""nofollow"">Twitter for iPhone</a>","","","photo","https://pbs.twimg.com/media/G2_derzWAAEnAOE.jpg
https://pbs.twimg.com/media/G2_der1XoAAK-Bj.jpg
https://pbs.twimg.com/media/G2_derwWYAEBsv-.jpg
https://pbs.twimg.com/media/G2_deryWgAAHVfF.jpg"
"1978148814776046046","Don’t forget to get a copy of my son Eric’s book, “UNDER SIEGE,” which is breaking records everywhere. It’s a phenomenal book, that’s a must read for everyone—Congratulations Eric, you deserve it!!! https://t.co/na0jBJ1nxp https://t.co/jUtJ6xrP5P","en","Tweet","Donald J. Trump","realDonaldTrump","48212851","77786","50804","5494","381030","9457","2025-10-15 01:20:04","https://x.com/realDonaldTrump/status/1978148814776046046","<a href=""http://twitter.com/download/iphone"" rel=""nofollow"">Twitter for iPhone</a>","","https://a.co/d/7oPyLF5","photo","https://pbs.twimg.com/media/G3PL3OzXoAEjS8T.jpg"
"1977928905169269143","https://t.co/08KV4EtQDZ","zxx","Tweet","Donald J. Trump","realDonaldTrump","31491494","51046","54954","2735","386387","16941","2025-10-14 10:46:13","https://x.com/realDonaldTrump/status/1977928905169269143","<a href=""http://twitter.com/download/iphone"" rel=""nofollow"">Twitter for iPhone</a>","","","video","https://video.twimg.com/amplify_video/1977907122160451584/vid/avc1/1280x562/nXu4nZNTy51k1Ybq.mp4?tag=21"
"1977233745997381756","I am pleased to announce that the great Dan Scavino, in addition to remaining Deputy Chief of Staff of the Trump Administration, will head the White House Presidential Personnel Office, replacing Sergio Gor, who did a wonderful job in that position, and will now become the Ambassador to India. Dan will be responsible for the selection and appointment of almost all positions in government, a very big and important position. Congratulations Dan, you will do a fantastic job!!! President DJT","en","Tweet","Donald J. Trump","realDonaldTrump","50143108","20137","39887","2030","329157","8054","2025-10-12 12:43:54","https://x.com/realDonaldTrump/status/1977233745997381756","<a href=""http://twitter.com/download/iphone"" rel=""nofollow"">Twitter for iPhone</a>","","","",""
"1973954507001507920","https://t.co/BlX7O7Idjj","zxx","Tweet","Donald J. Trump","realDonaldTrump","34940271","22395","54117","4469","315062","25761","2025-10-03 11:33:23","https://x.com/realDonaldTrump/status/1973954507001507920","<a href=""http://twitter.com/download/iphone"" rel=""nofollow"">Twitter for iPhone</a>","","","video","https://video.twimg.com/amplify_video/1973954438642421760/vid/avc1/720x1280/XNbxlt2mNH4KkSb0.mp4?tag=21"
"1973953812517040164","https://t.co/na2ivYVFoT","zxx","Tweet","Donald J. Trump","realDonaldTrump","78468975","46664","50818","5081","478670","19874","2025-10-03 11:30:37","https://x.com/realDonaldTrump/status/1973953812517040164","<a href=""http://twitter.com/download/iphone"" rel=""nofollow"">Twitter for iPhone</a>","","","video","https://video.twimg.com/amplify_video/1973953761417547776/vid/avc1/694x560/IPsb2cZfj20-B2w9.mp4?tag=21"
"1973221986429222933","It was great being with King Charles, Queen Camilla, and the Royal Family! https://t.co/XFxJAH7aF2","en","Tweet","Donald J. Trump","realDonaldTrump","45676045","19362","30940","1929","409814","9908","2025-10-01 11:02:36","https://x.com/realDonaldTrump/status/1973221986429222933","<a href=""http://twitter.com/download/iphone"" rel=""nofollow"">Twitter for iPhone</a>","","","photo","https://pbs.twimg.com/media/G2JK8DdXMAEUKDp.jpg
https://pbs.twimg.com/media/G2JK8DmWAAAIy8e.jpg
https://pbs.twimg.com/media/G2JK8DdXwAE5adc.jpg
https://pbs.twimg.com/media/G2JK8DrXgAAtbsi.jpg"
"1973221796427211262","Yes, I’m watching. Congratulations! https://t.co/3iN3YnTUnn","en","Tweet","Donald J. Trump","realDonaldTrump","34801710","14772","30999","1119","491135","10385","2025-10-01 11:01:51","https://x.com/realDonaldTrump/status/1973221796427211262","<a href=""http://twitter.com/download/iphone"" rel=""nofollow"">Twitter for iPhone</a>","","","video","https://video.twimg.com/amplify_video/1973221716621991936/vid/avc1/2160x3840/gi0IZvwpPSk1F9cq.mp4?tag=21"
"1973221572585595221","https://t.co/NNNumraCkN","zxx","Tweet","Donald J. Trump","realDonaldTrump","65642114","13352","37008","2487","442578","14786","2025-10-01 11:00:58","https://x.com/realDonaldTrump/status/1973221572585595221","<a href=""http://twitter.com/download/iphone"" rel=""nofollow"">Twitter for iPhone</a>","","","photo","https://pbs.twimg.com/media/G2JKkCOWoAAJCh0.jpg"
"1973218687831384293","https://t.co/AdZzv7LJLt","zxx","Tweet","Donald J. Trump","realDonaldTrump","33592618","11487","28543","1723","264105","6165","2025-10-01 10:49:30","https://x.com/realDonaldTrump/status/1973218687831384293","<a href=""http://twitter.com/download/iphone"" rel=""nofollow"">Twitter for iPhone</a>","","","photo","https://pbs.twimg.com/media/G2JH8HVXsAA1wyz.jpg"
"1973218518893207825","https://t.co/2yyuRkm9r8","zxx","Tweet","Donald J. Trump","realDonaldTrump","30670677","21370","46572","5419","270566","17297","2025-10-01 10:48:50","https://x.com/realDonaldTrump/status/1973218518893207825","<a href=""http://twitter.com/download/iphone"" rel=""nofollow"">Twitter for iPhone</a>","","","video","https://video.twimg.com/amplify_video/1973218461577867264/vid/avc1/1080x768/PAEQ4xgmc3nKyQ7j.mp4?tag=21"
"1973218327330955749","What a great couple—Congratulations! President DJT","en","Tweet","Donald J. Trump","realDonaldTrump","62505278","7523","20976","639","277486","9027","2025-10-01 10:48:04","https://x.com/realDonaldTrump/status/1973218327330955749","<a href=""http://twitter.com/download/iphone"" rel=""nofollow"">Twitter for iPhone</a>","","","",""
"1971001852591550845","She said YES❤️‍🔥💍🙏🇺🇸 https://t.co/BMrWvZbvpN","en","Quoted","Dan Scavino Jr.🇺🇸🦅","DanScavino","67987049","11731","11600","1434","103757","3457","2025-09-25 08:00:35","https://x.com/DanScavino/status/1971001852591550845","<a href=""http://twitter.com/download/iphone"" rel=""nofollow"">Twitter for iPhone</a>","","","video","https://video.twimg.com/amplify_video/1971001673515458560/vid/avc1/3840x2026/KXD8XmhJjogOsdRb.mp4?tag=21"
"1972822596397003159","https://t.co/JzQYLShOCt","zxx","Tweet","Donald J. Trump","realDonaldTrump","42477536","37143","79610","10710","454744","33871","2025-09-30 08:35:34","https://x.com/realDonaldTrump/status/1972822596397003159","<a href=""http://twitter.com/download/iphone"" rel=""nofollow"">Twitter for iPhone</a>","","","video","https://video.twimg.com/amplify_video/1972822529581445121/vid/avc1/1080x764/8Db9OP7jpE2RnEBN.mp4?tag=21"
"1968134929080082432","https://t.co/gZgTprtUvt","zxx","Tweet","Donald J. Trump","realDonaldTrump","43849984","31333","44109","7721","313531","28575","2025-09-17 10:08:27","https://x.com/realDonaldTrump/status/1968134929080082432","<a href=""http://twitter.com/download/iphone"" rel=""nofollow"">Twitter for iPhone</a>","","","video","https://video.twimg.com/amplify_video/1968134864672092160/vid/avc1/1280x720/zVc9n_fVXJt6Pvwn.mp4?tag=21"
"1967654825308590378","MY son Eric’s just out book, “UNDER SIEGE,” immediately went to NUMBER ONE on Amazon. Great going Eric, you deserve it!!! https://t.co/na0jBJ1VmX https://t.co/LBnGcsLMWH","en","Tweet","Donald J. Trump","realDonaldTrump","33553906","32361","48382","2403","336258","8458","2025-09-16 02:20:42","https://x.com/realDonaldTrump/status/1967654825308590378","<a href=""http://twitter.com/download/iphone"" rel=""nofollow"">Twitter for iPhone</a>","","https://a.co/d/7oPyLF5","photo","https://pbs.twimg.com/media/G06DoOyWAAAo777.jpg"
"1966125485894648215","https://t.co/HGH3yQKdO7","zxx","Tweet","Donald J. Trump","realDonaldTrump","27851503","13491","21291","575","160874","4701","2025-09-11 21:03:39","https://x.com/realDonaldTrump/status/1966125485894648215","<a href=""http://twitter.com/download/iphone"" rel=""nofollow"">Twitter for iPhone</a>","","https://x.com/i/broadcasts/1nAKEENWjyeKL","",""
"1965947311718269341","TO MY GREAT FELLOW AMERICANS… https://t.co/oRsrE5TTHr","en","Tweet","Donald J. Trump","realDonaldTrump","158245920","64069","186651","21096","1290692","104368","2025-09-11 09:15:39","https://x.com/realDonaldTrump/status/1965947311718269341","<a href=""http://twitter.com/download/iphone"" rel=""nofollow"">Twitter for iPhone</a>","","","video","https://video.twimg.com/amplify_video/1965947142658232320/vid/avc1/1920x1012/Hv7rMAU22bOdXIjP.mp4?tag=21"
"1963790032939933822","https://t.co/uCKSkNF0D3","zxx","Tweet","Donald J. Trump","realDonaldTrump","58010615","47072","46208","7894","435001","16850","2025-09-05 10:23:23","https://x.com/realDonaldTrump/status/1963790032939933822","<a href=""http://twitter.com/download/iphone"" rel=""nofollow"">Twitter for iPhone</a>","","","video","https://video.twimg.com/amplify_video/1963789940547817472/vid/avc1/1280x720/IP7UqAvgnCzRERNl.mp4?tag=21"
"1963788861743530185","https://t.co/KBZz0iosQX","zxx","Tweet","Donald J. Trump","realDonaldTrump","45963348","20574","27401","3789","225340","9376","2025-09-05 10:18:44","https://x.com/realDonaldTrump/status/1963788861743530185","<a href=""http://twitter.com/download/iphone"" rel=""nofollow"">Twitter for iPhone</a>","","","video","https://video.twimg.com/amplify_video/1963788705132367872/vid/avc1/846x746/_xzGvch67ezrA3Ex.mp4?tag=21"
"1963609005844017347","https://t.co/jauBk37XWF","zxx","Tweet","Donald J. Trump","realDonaldTrump","41737058","18112","47485","5890","406242","21568","2025-09-04 22:24:03","https://x.com/realDonaldTrump/status/1963609005844017347","<a href=""http://twitter.com/download/iphone"" rel=""nofollow"">Twitter for iPhone</a>","","","video","https://video.twimg.com/amplify_video/1963608937934082048/vid/avc1/1280x732/fx7-CW_01wGo2sVw.mp4?tag=21"
"1963586403943481687","https://t.co/tIFFgTibCa","zxx","Tweet","Donald J. Trump","realDonaldTrump","37236742","11799","23787","1941","177527","6418","2025-09-04 20:54:15","https://x.com/realDonaldTrump/status/1963586403943481687","<a href=""http://twitter.com/download/iphone"" rel=""nofollow"">Twitter for iPhone</a>","","","video","https://video.twimg.com/amplify_video/1963586350826856448/vid/avc1/1010x720/KzYOfegP9lzmDRK1.mp4?tag=21"
"1963585926354923597","https://t.co/IVIHaB3DYr","zxx","Tweet","Donald J. Trump","realDonaldTrump","70498856","21693","34750","5164","269301","14762","2025-09-04 20:52:21","https://x.com/realDonaldTrump/status/1963585926354923597","<a href=""http://twitter.com/download/iphone"" rel=""nofollow"">Twitter for iPhone</a>","","","video","https://video.twimg.com/amplify_video/1963585874530033664/vid/avc1/1080x582/QecaqFGwyRZU7OP_.mp4?tag=21"
"1950379902789964153","Due to a massive earthquake that occurred in the Pacific Ocean, a Tsunami Warning is in effect for those living in Hawaii. A Tsunami Watch is in effect for Alaska and the Pacific Coast of the United States. Japan is also in the way. Please visit https://t.co/V5RZFDxYzl for the latest information. STAY STRONG AND STAY SAFE!","en","Tweet","Donald J. Trump","realDonaldTrump","81530624","61877","61347","4499","447645","17114","2025-07-30 10:16:19","https://x.com/realDonaldTrump/status/1950379902789964153","<a href=""http://twitter.com/download/iphone"" rel=""nofollow"">Twitter for iPhone</a>","","https://tsunami.gov/","",""
"1947365170784669754","https://t.co/W4F1joXP8E","zxx","Tweet","Donald J. Trump","realDonaldTrump","46958089","58640","44697","3305","252660","14346","2025-07-22 02:36:51","https://x.com/realDonaldTrump/status/1947365170784669754","<a href=""http://twitter.com/download/iphone"" rel=""nofollow"">Twitter for iPhone</a>","","","video","https://video.twimg.com/amplify_video/1947365070855368704/vid/avc1/964x682/e8Ja9heksIYKgV76.mp4?tag=21"
"1945851150948876456","https://t.co/iDGcFKBR9r","zxx","Tweet","Donald J. Trump","realDonaldTrump","32939305","27056","13215","857","79670","3410","2025-07-17 22:20:41","https://x.com/realDonaldTrump/status/1945851150948876456","<a href=""http://twitter.com/download/iphone"" rel=""nofollow"">Twitter for iPhone</a>","","https://truthsocial.com/@realDonaldTrump/114859213229042831","",""
"1941341699374186746","HAPPY 4TH OF JULY!
🎇🎆🇺🇸🦅https://t.co/54aoHX14mj","en","Tweet","Donald J. Trump","realDonaldTrump","38141626","41657","53469","2617","483360","10543","2025-07-05 11:41:44","https://x.com/realDonaldTrump/status/1941341699374186746","<a href=""http://twitter.com/download/iphone"" rel=""nofollow"">Twitter for iPhone</a>","","","video","https://video.twimg.com/amplify_video/1941337129197445120/vid/avc1/3840x2160/WsXfNzoSjOuZ7txD.mp4?tag=21"
"1941244891578904902","https://t.co/PTPGtD7bjV","zxx","Tweet","Donald J. Trump","realDonaldTrump","38767685","16027","23026","715","138961","4029","2025-07-05 05:17:03","https://x.com/realDonaldTrump/status/1941244891578904902","<a href=""http://twitter.com/download/iphone"" rel=""nofollow"">Twitter for iPhone</a>","","https://x.com/i/broadcasts/1BRJjmBzAEwGw","",""
"1937917613989859810","https://t.co/dQgHNdzAXb","zxx","Tweet","Donald J. Trump","realDonaldTrump","79950691","53145","61578","3852","472461","11685","2025-06-26 00:55:38","https://x.com/realDonaldTrump/status/1937917613989859810","<a href=""http://twitter.com/download/iphone"" rel=""nofollow"">Twitter for iPhone</a>","","","photo","https://pbs.twimg.com/media/GuTdzKoWMAAj13D.jpg"
"1937689416501187006","https://t.co/z5HB3iOgwQ","zxx","Tweet","Donald J. Trump","realDonaldTrump","89305274","48559","63838","4893","529830","14629","2025-06-25 09:48:52","https://x.com/realDonaldTrump/status/1937689416501187006","<a href=""http://twitter.com/download/iphone"" rel=""nofollow"">Twitter for iPhone</a>","","","photo","https://pbs.twimg.com/media/GuQOQYCXEAAsv60.jpg"
"1936612737875956028","https://t.co/2uweRciDEo","zxx","Tweet","Donald J. Trump","realDonaldTrump","184026588","154381","110183","16980","1199325","25778","2025-06-22 10:30:31","https://x.com/realDonaldTrump/status/1936612737875956028","<a href=""http://twitter.com/download/iphone"" rel=""nofollow"">Twitter for iPhone</a>","","","photo","https://pbs.twimg.com/media/GuA7BcwW8AATE-I.jpg"
"1936603680805097741","https://t.co/2OYrMFlw46","zxx","Tweet","Donald J. Trump","realDonaldTrump","88117057","47187","63417","6435","416418","34073","2025-06-22 09:54:32","https://x.com/realDonaldTrump/status/1936603680805097741","<a href=""http://twitter.com/download/iphone"" rel=""nofollow"">Twitter for iPhone</a>","","https://x.com/i/broadcasts/1DXxyqpYydkxM","",""
"1936573183634645387","https://t.co/wu9mMkxtUg","zxx","Tweet","Donald J. Trump","realDonaldTrump","264443725","173952","135032","58188","1239584","62080","2025-06-22 07:53:21","https://x.com/realDonaldTrump/status/1936573183634645387","<a href=""http://twitter.com/download/iphone"" rel=""nofollow"">Twitter for iPhone</a>","","","photo","https://pbs.twimg.com/media/GuAXDBLXAAA2KxP.jpg"
"1935016621569179804","https://t.co/4sy7jjESGk","zxx","Tweet","Donald J. Trump","realDonaldTrump","135401060","83230","60782","11990","588746","16475","2025-06-18 00:48:08","https://x.com/realDonaldTrump/status/1935016621569179804","<a href=""http://twitter.com/download/iphone"" rel=""nofollow"">Twitter for iPhone</a>","","","photo","https://pbs.twimg.com/media/GtqPXO6W8AAoliY.jpg"
"1935016557224050887","https://t.co/VoUY2xVnyK","zxx","Tweet","Donald J. Trump","realDonaldTrump","104047728","64584","57710","10308","509015","20818","2025-06-18 00:47:52","https://x.com/realDonaldTrump/status/1935016557224050887","<a href=""http://twitter.com/download/iphone"" rel=""nofollow"">Twitter for iPhone</a>","","","photo","https://pbs.twimg.com/media/GtqPTaxWMAA9yaB.jpg"
"1935016454644023767","https://t.co/QcySkOWWGN","zxx","Tweet","Donald J. Trump","realDonaldTrump","107541107","53740","50784","7338","558135","20017","2025-06-18 00:47:28","https://x.com/realDonaldTrump/status/1935016454644023767","<a href=""http://twitter.com/download/iphone"" rel=""nofollow"">Twitter for iPhone</a>","","","photo","https://pbs.twimg.com/media/GtqPNeWXcAACtBm.jpg"
"1934008938334228752","https://t.co/8C5WxKK3nc","zxx","Tweet","Donald J. Trump","realDonaldTrump","60447347","35806","49842","2959","308208","14055","2025-06-15 06:03:57","https://x.com/realDonaldTrump/status/1934008938334228752","<a href=""http://twitter.com/download/iphone"" rel=""nofollow"">Twitter for iPhone</a>","","https://x.com/i/broadcasts/1ZkKzYrovPaxv","",""
"1929687626216280184","https://t.co/U8OkJT3IEK","zxx","Tweet","Donald J. Trump","realDonaldTrump","38119913","33295","26897","1218","177017","4222","2025-06-03 07:52:36","https://x.com/realDonaldTrump/status/1929687626216280184","<a href=""http://twitter.com/download/iphone"" rel=""nofollow"">Twitter for iPhone</a>","","","video","https://video.twimg.com/amplify_video/1929205310675099648/vid/avc1/2456x1080/_XFiZiJ97UT4FaFh.mp4?tag=16"
"1929591031139360976","https://t.co/GmmP5VddGr","zxx","Tweet","Donald J. Trump","realDonaldTrump","73059432","39889","55554","3001","406048","9920","2025-06-03 01:28:46","https://x.com/realDonaldTrump/status/1929591031139360976","<a href=""http://twitter.com/download/iphone"" rel=""nofollow"">Twitter for iPhone</a>","","","photo","https://pbs.twimg.com/media/GsdI0M-WIAAFl1r.jpg"
"1928797140408533377","https://t.co/ttc8fsXNVF","zxx","Tweet","Donald J. Trump","realDonaldTrump","38197131","31388","58401","4614","448219","12007","2025-05-31 20:54:08","https://x.com/realDonaldTrump/status/1928797140408533377","<a href=""http://twitter.com/download/iphone"" rel=""nofollow"">Twitter for iPhone</a>","","","video","https://video.twimg.com/amplify_video/1928796983952592896/vid/avc1/964x902/pfVtRRxlMAxiCz2-.mp4?tag=21"
"1927090010353721796","https://t.co/b19JtrkCiS","zxx","Tweet","Donald J. Trump","realDonaldTrump","47245465","23679","42535","1834","319860","7354","2025-05-27 03:50:36","https://x.com/realDonaldTrump/status/1927090010353721796","<a href=""http://twitter.com/download/iphone"" rel=""nofollow"">Twitter for iPhone</a>","","","video","https://video.twimg.com/amplify_video/1927089950253559808/vid/avc1/1350x1080/Dxp39MZlg3znZ7Ir.mp4?tag=21"
"1926281665929691590","https://t.co/ymnea3Wf69","zxx","Tweet","Donald J. Trump","realDonaldTrump","47802586","13928","20400","667","117872","4025","2025-05-24 22:18:32","https://x.com/realDonaldTrump/status/1926281665929691590","<a href=""http://twitter.com/download/iphone"" rel=""nofollow"">Twitter for iPhone</a>","","https://x.com/i/broadcasts/1zqKVjMolLwKB","",""
"1925548216243703820","“THE ONE, BIG, BEAUTIFUL BILL” has PASSED the House of Representatives! This is arguably the most significant piece of Legislation that will ever be signed in the History of our Country! The Bill includes MASSIVE Tax CUTS, No Tax on Tips, No Tax on Overtime, Tax Deductions when you purchase an American Made Vehicle, along with strong Border Security measures, Pay Raises for our ICE and Border Patrol Agents, Funding for the Golden Dome, “TRUMP Savings Accounts” for newborn babies, and much more! Great job by Speaker Mike Johnson, and the House Leadership, and thank you to every Republican who voted YES on this Historic Bill! Now, it’s time for our friends in the United States Senate to get to work, and send this Bill to my desk AS SOON AS POSSIBLE! There is no time to waste. The Democrats have lost control of themselves, and are aimlessly wandering around, showing no confidence, grit, or determination. They have forgotten their landslide loss in the Presidential Election, and are warped in the past, hoping someday to revive Open Borders for the World’s criminals to be able to pour into our Country, men to be able to play in women’s sports, and transgender for everybody. They don’t realize that these things, and so many more like them, will NEVER AGAIN happen!","en","Tweet","Donald J. Trump","realDonaldTrump","63377146","42391","53671","5452","348537","15262","2025-05-22 21:44:04","https://x.com/realDonaldTrump/status/1925548216243703820","<a href=""http://twitter.com/download/iphone"" rel=""nofollow"">Twitter for iPhone</a>","","","",""
"1925201677914603580","https://t.co/ZuagVWL4KS","zxx","Tweet","Donald J. Trump","realDonaldTrump","91657048","45080","64978","8443","542372","18478","2025-05-21 22:47:03","https://x.com/realDonaldTrump/status/1925201677914603580","<a href=""http://twitter.com/download/iphone"" rel=""nofollow"">Twitter for iPhone</a>","","","video","https://video.twimg.com/amplify_video/1925201565087891458/vid/avc1/2160x2120/SccBG6M7hA7VbBD9.mp4?tag=21"
"1924523182909747657","https://t.co/q5CPyHZkLD","zxx","Tweet","Donald J. Trump","realDonaldTrump","66901816","39955","61192","6841","457866","17882","2025-05-20 01:50:57","https://x.com/realDonaldTrump/status/1924523182909747657","<a href=""http://twitter.com/download/iphone"" rel=""nofollow"">Twitter for iPhone</a>","","","photo","https://pbs.twimg.com/media/GrVHoqEW4AA58wT.jpg"
"1923793436068487574","🇦🇪🇺🇸 https://t.co/7fRFm4zCL5","qme","Tweet","Donald J. Trump","realDonaldTrump","42719420","14305","26445","1302","189068","9576","2025-05-18 01:31:12","https://x.com/realDonaldTrump/status/1923793436068487574","<a href=""http://twitter.com/download/iphone"" rel=""nofollow"">Twitter for iPhone</a>","","","video","https://video.twimg.com/amplify_video/1923793369672626176/vid/avc1/1636x720/mJz-zRKSPjgeHInC.mp4?tag=21"
"1923793069138178293","🇶🇦🇺🇸 https://t.co/v1NwTQPWLO","qme","Tweet","Donald J. Trump","realDonaldTrump","58453502","15520","43132","1924","318299","13221","2025-05-18 01:29:44","https://x.com/realDonaldTrump/status/1923793069138178293","<a href=""http://twitter.com/download/iphone"" rel=""nofollow"">Twitter for iPhone</a>","","","video","https://video.twimg.com/amplify_video/1923793010384416769/vid/avc1/1364x720/ntmxuwG5u5VPg2OS.mp4?tag=21"
"1923792625028497464","🇸🇦🇺🇸 https://t.co/i5cRnVmaFv","qme","Tweet","Donald J. Trump","realDonaldTrump","53499125","12891","46141","1979","323006","18546","2025-05-18 01:27:58","https://x.com/realDonaldTrump/status/1923792625028497464","<a href=""http://twitter.com/download/iphone"" rel=""nofollow"">Twitter for iPhone</a>","","","video","https://video.twimg.com/amplify_video/1923792565490286592/vid/avc1/1364x720/VhTfRDMg-BjJuv3x.mp4?tag=21"
"1923432648103333919","THE SUPREME COURT IS BEING PLAYED BY THE RADICAL LEFT LOSERS, WHO HAVE NO SUPPORT, THE PUBLIC HATES THEM, AND THEIR ONLY HOPE IS THE INTIMIDATION OF THE COURT, ITSELF. WE CAN’T LET THAT HAPPEN TO OUR COUNTRY!","en","Tweet","Donald J. Trump","realDonaldTrump","55305846","32970","49133","4843","315524","6867","2025-05-17 01:37:33","https://x.com/realDonaldTrump/status/1923432648103333919","<a href=""http://twitter.com/download/iphone"" rel=""nofollow"">Twitter for iPhone</a>","","","",""
"1923427418913616200","Republicans MUST UNITE behind, “THE ONE, BIG BEAUTIFUL BILL!” Not only does it cut Taxes for ALL Americans, but it will kick millions of Illegal Aliens off of Medicaid to PROTECT it for those who are the ones in real need. The Country will suffer greatly without this Legislation, with their Taxes going up 65%. It will be blamed on the Democrats, but that doesn’t help our Voters. We don’t need “GRANDSTANDERS” in the Republican Party. STOP TALKING, AND GET IT DONE! It is time to fix the MESS that Biden and the Democrats gave us. Thank you for your attention to this matter!","en","Tweet","Donald J. Trump","realDonaldTrump","39593576","19423","40369","2490","232103","4719","2025-05-17 01:16:46","https://x.com/realDonaldTrump/status/1923427418913616200","<a href=""http://twitter.com/download/iphone"" rel=""nofollow"">Twitter for iPhone</a>","","","",""
"1922347924987474196","https://t.co/DskIpIscnd","zxx","Tweet","Donald J. Trump","realDonaldTrump","36030849","15699","27258","1186","141393","6329","2025-05-14 01:47:15","https://x.com/realDonaldTrump/status/1922347924987474196","<a href=""http://twitter.com/download/iphone"" rel=""nofollow"">Twitter for iPhone</a>","","https://x.com/i/broadcasts/1OdKrDyQPLyJX","",""
"1921911904429088892","https://t.co/9uLRtPVKpp","zxx","Tweet","Donald J. Trump","realDonaldTrump","71984852","27779","51788","4534","440754","10053","2025-05-12 20:54:40","https://x.com/realDonaldTrump/status/1921911904429088892","<a href=""http://twitter.com/download/iphone"" rel=""nofollow"">Twitter for iPhone</a>","","","photo","https://pbs.twimg.com/media/GqwAsLDWsAAe7pQ.jpg"
"1921911844026954234","https://t.co/1Y5vg9zbEx","zxx","Tweet","Donald J. Trump","realDonaldTrump","55071055","26780","37851","2897","274288","6041","2025-05-12 20:54:25","https://x.com/realDonaldTrump/status/1921911844026954234","<a href=""http://twitter.com/download/iphone"" rel=""nofollow"">Twitter for iPhone</a>","","","photo","https://pbs.twimg.com/media/GqwAosfXkAAd0nE.jpg"
"1921699954696855934","https://t.co/ifaRjPPHvv","zxx","Tweet","Donald J. Trump","realDonaldTrump","51465924","17037","41917","2086","345208","6004","2025-05-12 06:52:27","https://x.com/realDonaldTrump/status/1921699954696855934","<a href=""http://twitter.com/download/iphone"" rel=""nofollow"">Twitter for iPhone</a>","","","photo","https://pbs.twimg.com/media/Gqs_7DzXgAAcSHG.jpg"
"1921174163848401313","https://t.co/lRPhZpugBV","zxx","Tweet","Donald J. Trump","realDonaldTrump","136238514","120964","117062","35789","983506","24672","2025-05-10 20:03:09","https://x.com/realDonaldTrump/status/1921174163848401313","<a href=""http://twitter.com/download/iphone"" rel=""nofollow"">Twitter for iPhone</a>","","","photo","https://pbs.twimg.com/media/GqlhuBbWQAE3nQ-.jpg"
"1921008311492624867","Today, I signed an Executive Order to launch the first-ever self-deportation program. Illegal aliens who stay in America face punishments, including—sudden deportation, in a place and manner solely of our discretion. TO ALL ILLEGAL ALIENS: BOOK YOUR FREE FLIGHT RIGHT NOW! https://t.co/LO4eyfhZOq","en","Tweet","Donald J. Trump","realDonaldTrump","75052049","30738","70736","7695","468691","24340","2025-05-10 09:04:06","https://x.com/realDonaldTrump/status/1921008311492624867","<a href=""http://twitter.com/download/iphone"" rel=""nofollow"">Twitter for iPhone</a>","","","video","https://video.twimg.com/amplify_video/1921008177753030657/vid/avc1/1280x676/WDMN_sl5HHoZDeuE.mp4?tag=21"
"1920670100987740317","🇺🇸🇬🇧 https://t.co/rGKLly0JtS","qme","Tweet","Donald J. Trump","realDonaldTrump","52126883","13687","32590","1255","280719","9060","2025-05-09 10:40:11","https://x.com/realDonaldTrump/status/1920670100987740317","<a href=""http://twitter.com/download/iphone"" rel=""nofollow"">Twitter for iPhone</a>","","","video","https://video.twimg.com/amplify_video/1920670040162009088/vid/avc1/1280x720/7Qm7tWN49QKNe4cP.mp4?tag=21"
"1920519130941170088","https://t.co/0sUAawNN8S","zxx","Tweet","Donald J. Trump","realDonaldTrump","33801718","8699","17333","646","94256","3407","2025-05-09 00:40:16","https://x.com/realDonaldTrump/status/1920519130941170088","<a href=""http://twitter.com/download/iphone"" rel=""nofollow"">Twitter for iPhone</a>","","https://x.com/i/broadcasts/1djGXVvXgOjxZ","",""
"1919821368733888617","Democratic Rep. Jasmine Crockett accused of ‘abusing her power’ at airport after she cut passengers in wheelchairs https://t.co/b3dlA5LVIS https://t.co/R7kPGl7FWY","en","Retweet","New York Post","nypost","7932807","3825","6502","343","22180","492","2025-05-07 02:27:37","https://x.com/nypost/status/1919821368733888617","<a href=""http://www.socialflow.com"" rel=""nofollow"">SocialFlow</a>","","https://trib.al/Dscc1R8","photo","https://pbs.twimg.com/media/GqSTXI8XgAAqAs6.jpg"
"1919944872020127980","https://t.co/44glnqT0VM","zxx","Tweet","Donald J. Trump","realDonaldTrump","40877480","17353","27506","1051","207433","5063","2025-05-07 10:38:22","https://x.com/realDonaldTrump/status/1919944872020127980","<a href=""http://twitter.com/download/iphone"" rel=""nofollow"">Twitter for iPhone</a>","","","video","https://video.twimg.com/amplify_video/1919944814201593856/vid/avc1/1364x720/G6ZCzkIyE11lytiJ.mp4?tag=21"
"1919447302982299811","https://t.co/JgZKhj4K1Z","zxx","Tweet","Donald J. Trump","realDonaldTrump","22734563","7926","11634","320","59730","1396","2025-05-06 01:41:13","https://x.com/realDonaldTrump/status/1919447302982299811","<a href=""http://twitter.com/download/iphone"" rel=""nofollow"">Twitter for iPhone</a>","","https://x.com/i/broadcasts/1kvJpydAjXwxE","",""
"1919420490663288913","This was so wonderful, 9 years ago today!","en","Tweet","Donald J. Trump","realDonaldTrump","72124626","17109","29157","2347","355666","10336","2025-05-05 23:54:40","https://x.com/realDonaldTrump/status/1919420490663288913","<a href=""http://twitter.com/download/iphone"" rel=""nofollow"">Twitter for iPhone</a>","","","",""
"728297587418247168","Happy #CincoDeMayo! The best taco bowls are made in Trump Tower Grill. I love Hispanics! https://t.co/ufoTeQd8yA https://t.co/k01Mc6CuDI","en","Quoted","Donald J. Trump","realDonaldTrump","","21706","84952","13523","159287","4627","2016-05-06 02:57:30","https://x.com/realDonaldTrump/status/728297587418247168","<a href=""http://twitter.com/download/iphone"" rel=""nofollow"">Twitter for iPhone</a>","#CincoDeMayo","https://www.facebook.com/DonaldTrump/posts/10157008375200725:0","photo","https://pbs.twimg.com/media/ChtuyP0VEAQZlY1.jpg"
"1919398681423299068","https://t.co/EejkjieL01","zxx","Tweet","Donald J. Trump","realDonaldTrump","34127469","6200","24170","848","149215","4315","2025-05-05 22:28:01","https://x.com/realDonaldTrump/status/1919398681423299068","<a href=""http://twitter.com/download/iphone"" rel=""nofollow"">Twitter for iPhone</a>","","","video","https://video.twimg.com/amplify_video/1919398597226885120/vid/avc1/1280x720/XikH4dLLHpFKh2nN.mp4?tag=16"
"1919397513032790522","https://t.co/dZONBuFjpB","zxx","Tweet","Donald J. Trump","realDonaldTrump","23080781","4936","21042","705","124729","3140","2025-05-05 22:23:22","https://x.com/realDonaldTrump/status/1919397513032790522","<a href=""http://twitter.com/download/iphone"" rel=""nofollow"">Twitter for iPhone</a>","","","video","https://video.twimg.com/amplify_video/1919397415435501569/vid/avc1/1280x720/kgMrLcrftKZ_YJhS.mp4?tag=16"
"1919396921593958754","The Democrats are really out of control. They have lost everything, especially their minds! These Radical Left Lunatics are into the “Impeachment thing” again. They have already got two “No Name,” little respected Congressmen, total Whackjobs both, throwing the “Impeachment” of DONALD J. TRUMP around, for about the 20th time, even though they have no idea for what I would be Impeached. Maybe it should be for cleaning up the MESS that they left us on the Border, or the Highest Inflation in our Country’s History or, perhaps, it should be the incompetent Withdrawal from Afghanistan, or Russia, Russia, Russia/Ukraine, Ukraine, Ukraine, or the Attack of Israel on October 7th that only proceeded because they allowed Iran to regain Great Wealth. These Congressmen stated that, they didn’t know why they would Impeach me but, “We just want to do it.” The Republicans should start to think about expelling them from Congress for all of the crimes that they have committed, especially around Election time(s). These are very dishonest people that won’t let our Country heal! Why do we allow them to continuously use Impeachment as a weapon against the President of the United States who, by all accounts, is working hard to SAVE OUR COUNTRY. It’s the same playbook that they used in my First Term, and Republicans are not going to allow them to get away with it again. These are total LOWLIFES, who hate our Country, and everything it stands for. Perhaps we should start playing this game on them, and expel Democrats for the many crimes that they have committed — And these are REAL crimes. Remember, “Shifty” Adam Schiff demanded a Pardon, and they had to use the power of the Auto Pen, and a Full Pardon, for him and the Unselect Committee of Political Thugs, to save them from Expulsion, and probably worse!","en","Tweet","Donald J. Trump","realDonaldTrump","37663717","18067","34461","2586","205662","6647","2025-05-05 22:21:01","https://x.com/realDonaldTrump/status/1919396921593958754","<a href=""http://twitter.com/download/iphone"" rel=""nofollow"">Twitter for iPhone</a>","","","",""
"1919395973802897676","REBUILD, AND OPEN ALCATRAZ! For too long, America has been plagued by vicious, violent, and repeat Criminal Offenders, the dregs of society, who will never contribute anything other than Misery and Suffering. When we were a more serious Nation, in times past, we did not hesitate to lock up the most dangerous criminals, and keep them far away from anyone they could harm. That’s the way it’s supposed to be. No longer will we tolerate these Serial Offenders who spread filth, bloodshed, and mayhem on our streets. That is why, today, I am directing the Bureau of Prisons, together with the Department of Justice, FBI, and Homeland Security, to reopen a substantially enlarged and rebuilt ALCATRAZ, to house America’s most ruthless and violent Offenders. We will no longer be held hostage to criminals, thugs, and Judges that are afraid to do their job and allow us to remove criminals, who came into our Country illegally. The reopening of ALCATRAZ will serve as a symbol of Law, Order, and JUSTICE. We will, MAKE AMERICA GREAT AGAIN!","en","Tweet","Donald J. Trump","realDonaldTrump","35641680","23968","38476","5230","243593","8029","2025-05-05 22:17:15","https://x.com/realDonaldTrump/status/1919395973802897676","<a href=""http://twitter.com/download/iphone"" rel=""nofollow"">Twitter for iPhone</a>","","","photo","https://pbs.twimg.com/media/GqMQdw5XIAAHyJq.jpg"
"1919395751030923738","https://t.co/omDhYkn2PN","zxx","Tweet","Donald J. Trump","realDonaldTrump","40940495","17109","25863","2174","227059","4441","2025-05-05 22:16:22","https://x.com/realDonaldTrump/status/1919395751030923738","<a href=""http://twitter.com/download/iphone"" rel=""nofollow"">Twitter for iPhone</a>","","","photo","https://pbs.twimg.com/media/GqMQQwmX0AAAg4H.jpg"
"1918125229420732456","https://t.co/IDaLzWW3H5","zxx","Tweet","Donald J. Trump","realDonaldTrump","24567422","15604","30817","1547","168826","6888","2025-05-02 10:07:46","https://x.com/realDonaldTrump/status/1918125229420732456","<a href=""http://twitter.com/download/iphone"" rel=""nofollow"">Twitter for iPhone</a>","","","video","https://video.twimg.com/amplify_video/1918083329900896257/vid/avc1/1920x1080/LfxHMoQZV6zuYB_i.mp4?tag=16"
"1918125161058058627","https://t.co/30CHzvOXUY","zxx","Tweet","Donald J. Trump","realDonaldTrump","27870769","9593","37522","1316","169580","5009","2025-05-02 10:07:30","https://x.com/realDonaldTrump/status/1918125161058058627","<a href=""http://twitter.com/download/iphone"" rel=""nofollow"">Twitter for iPhone</a>","","","video","https://video.twimg.com/amplify_video/1918032363168100352/vid/avc1/1920x1080/gL5eF9o6Pq7PRj88.mp4?tag=16"
"1916861996021989540","Join me tomorrow, April 29th—in Warren, Michigan at 6:00PM Eastern! https://t.co/TptdFccVat","en","Tweet","Donald J. Trump","realDonaldTrump","35937003","18196","19969","1112","107173","1726","2025-04-28 22:28:08","https://x.com/realDonaldTrump/status/1916861996021989540","<a href=""http://twitter.com/download/iphone"" rel=""nofollow"">Twitter for iPhone</a>","","https://events.gop.com/events/president-donald-j-trump-to-hold-a-rally-in-warren-michigan","",""
"1915190100058923202","A conversation about online child predators with Homeland Security and John Rich: PLS Repost! https://t.co/zChy4K5HQU","en","Retweet","John Rich🇺🇸","johnrich","8062867","5102","11905","538","25030","2690","2025-04-24 07:44:37","https://x.com/johnrich/status/1915190100058923202","<a href=""http://erased8036141_052BSwz4Zo.com"" rel=""nofollow"">erased8036141_052BSwz4Zo</a>","","https://x.com/i/broadcasts/1ypJdZovBOYKW","",""
"1913359413215142354","Sleepy Joe Biden, THE WORST PRESIDENT IN THE HISTORY OF THE UNITED STATES, has allowed millions and millions of Criminals, many of them murderers, drug dealers, and people released from prisons and mental institutions from all around the world, to enter our Country through it’s very dangerous and ill conceived Open Border. Sorry, but it’s my job to get these killers and thugs out of here. THAT’S WHAT I GOT ELECTED TO DO. MAGA!","en","Tweet","Donald J. Trump","realDonaldTrump","77088975","57371","52625","5330","371402","10585","2025-04-19 06:30:07","https://x.com/realDonaldTrump/status/1913359413215142354","<a href=""http://twitter.com/download/iphone"" rel=""nofollow"">Twitter for iPhone</a>","","","",""
"1913359035132158083","Following my Day One Executive Order, the Office of Personnel Management will be issuing new Civil Service Regulations for career government employees. Moving forward, career government employees, working on policy matters, will be classified as “Schedule Policy/Career,” and will be held to the highest standards of conduct and performance. If these government workers refuse to advance the policy interests of the President, or are engaging in corrupt behavior, they should no longer have a job. This is common sense, and will allow the federal government to finally be “run like a business.” We must root out corruption and implement accountability in our Federal Workforce!","en","Tweet","Donald J. Trump","realDonaldTrump","49880666","17090","32417","2381","193891","5266","2025-04-19 06:28:37","https://x.com/realDonaldTrump/status/1913359035132158083","<a href=""http://twitter.com/download/iphone"" rel=""nofollow"">Twitter for iPhone</a>","","","",""
"1913358867708493982","This is the hand of the man that the Democrats feel should be brought back to the United States, because he is such “a fine and innocent person.” They said he is not a member of MS-13, even though he’s got MS-13 tattooed onto his knuckles, and two Highly Respected Courts found that he was a member of MS-13, beat up his wife, etc. I was elected to take bad people out of the United States, among other things. I must be allowed to do my job. MAKE AMERICA GREAT AGAIN!","en","Tweet","Donald J. Trump","realDonaldTrump","81277857","39684","76106","6356","469055","17199","2025-04-19 06:27:57","https://x.com/realDonaldTrump/status/1913358867708493982","<a href=""http://twitter.com/download/iphone"" rel=""nofollow"">Twitter for iPhone</a>","","","photo","https://pbs.twimg.com/media/Go2dv7oXAAAybJT.jpg"
"1912502477359894605","https://t.co/Y6OFeGKS4l","zxx","Tweet","Donald J. Trump","realDonaldTrump","41973205","18594","21613","1884","144829","9984","2025-04-16 21:44:57","https://x.com/realDonaldTrump/status/1912502477359894605","<a href=""http://twitter.com/download/iphone"" rel=""nofollow"">Twitter for iPhone</a>","","","video","https://video.twimg.com/amplify_video/1912502420581584896/vid/avc1/632x360/gVAYXy9zrR8nxw0F.mp4?tag=16"
"1909258878035828788","The United States has a chance to do something that should have been done DECADES AGO. Don’t be Weak! Don’t be Stupid! Don’t be a PANICAN (A new party based on Weak and Stupid people!). Be Strong, Courageous, and Patient, and GREATNESS will be the result!","en","Tweet","Donald J. Trump","realDonaldTrump","94948677","65571","67800","10276","480952","15100","2025-04-07 22:56:03","https://x.com/realDonaldTrump/status/1909258878035828788","<a href=""http://twitter.com/download/iphone"" rel=""nofollow"">Twitter for iPhone</a>","","","",""
"1909258777380974625","Oil prices are down, interest rates are down (the slow moving Fed should cut rates!), food prices are down, there is NO INFLATION, and the long time abused USA is bringing in Billions of Dollars a week from the abusing countries on Tariffs that are already in place. This is despite the fact that the biggest abuser of them all, China, whose markets are crashing, just raised its Tariffs by 34%, on top of its long term ridiculously high Tariffs (Plus!), not acknowledging my warning for abusing countries not to retaliate. They’ve made enough, for decades, taking advantage of the Good OL’ USA! Our past “leaders” are to blame for allowing this, and so much else, to happen to our Country. MAKE AMERICA GREAT AGAIN!","en","Tweet","Donald J. Trump","realDonaldTrump","109178187","53103","64356","9400","479552","20169","2025-04-07 22:55:39","https://x.com/realDonaldTrump/status/1909258777380974625","<a href=""http://twitter.com/download/iphone"" rel=""nofollow"">Twitter for iPhone</a>","","","",""
"1908300360810479821","These Houthis gathered for instructions on an attack. Oops, there will be no attack by these Houthis! 

They will never sink our ships again! https://t.co/lEzfyDgWP5","en","Tweet","Donald J. Trump","realDonaldTrump","144016120","70154","57173","23002","453968","37937","2025-04-05 07:27:15","https://x.com/realDonaldTrump/status/1908300360810479821","<a href=""http://twitter.com/download/iphone"" rel=""nofollow"">Twitter for iPhone</a>","","","video","https://video.twimg.com/amplify_video/1908300301850779648/vid/avc1/1080x604/3lZUOyCEzmuZY0bj.mp4?tag=16"
"1907782254572470670","https://t.co/ZoSf5TdLqo","zxx","Tweet","Donald J. Trump","realDonaldTrump","39877638","25865","29840","1956","172966","6364","2025-04-03 21:08:29","https://x.com/realDonaldTrump/status/1907782254572470670","<a href=""http://twitter.com/download/iphone"" rel=""nofollow"">Twitter for iPhone</a>","","","video","https://video.twimg.com/amplify_video/1907777886095912960/vid/avc1/1920x1080/oEnF98wBlPMwznao.mp4?tag=16"
"1907525286150754745","https://t.co/CdTzF2sfMZ","zxx","Tweet","Donald J. Trump","realDonaldTrump","41492288","13542","22464","1261","113303","4534","2025-04-03 04:07:22","https://x.com/realDonaldTrump/status/1907525286150754745","<a href=""http://twitter.com/download/iphone"" rel=""nofollow"">Twitter for iPhone</a>","","https://x.com/i/broadcasts/1DXGyqbjAoVGM","",""
"1907459922113028104","https://t.co/k8Eh7B8fq3","zxx","Tweet","Donald J. Trump","realDonaldTrump","47757521","12475","28038","1638","150139","7434","2025-04-02 23:47:38","https://x.com/realDonaldTrump/status/1907459922113028104","<a href=""http://twitter.com/download/iphone"" rel=""nofollow"">Twitter for iPhone</a>","","","video","https://video.twimg.com/amplify_video/1907459768446300162/vid/avc1/1280x720/SsWWd7-MwJoL4TQj.mp4?tag=16"
"1907428426648023398","https://t.co/RPXb6Y9E6y","zxx","Tweet","Donald J. Trump","realDonaldTrump","79097276","36943","44137","4562","360713","5886","2025-04-02 21:42:29","https://x.com/realDonaldTrump/status/1907428426648023398","<a href=""http://twitter.com/download/iphone"" rel=""nofollow"">Twitter for iPhone</a>","","","photo","https://pbs.twimg.com/media/GniMC0aXwAAlnUJ.jpg"
"1907174400144589035","REPUBLICANS MUST DEFUND AND TOTALLY DISASSOCIATE THEMSELVES FROM NPR &amp; PBS, THE RADICAL LEFT “MONSTERS” THAT SO BADLY HURT OUR COUNTRY!","en","Tweet","Donald J. Trump","realDonaldTrump","66613782","21276","36484","3746","250396","3995","2025-04-02 04:53:05","https://x.com/realDonaldTrump/status/1907174400144589035","<a href=""http://twitter.com/download/iphone"" rel=""nofollow"">Twitter for iPhone</a>","","","",""
"1906780985888522694","The Iran-backed Houthi Terrorists have been decimated by the relentless strikes over the past two weeks. Many of their Fighters and Leaders are no longer with us. We hit them every day and night — Harder and harder. Their capabilities that threaten Shipping and the Region are rapidly being destroyed. Our attacks will continue until they are no longer a threat to Freedom of Navigation. The choice for the Houthis is clear: Stop shooting at U.S. ships, and we will stop shooting at you. Otherwise, we have only just begun, and the real pain is yet to come, for both the Houthis and their sponsors in Iran.","en","Tweet","Donald J. Trump","realDonaldTrump","66290606","23443","37006","2919","254251","6333","2025-04-01 02:49:47","https://x.com/realDonaldTrump/status/1906780985888522694","<a href=""http://twitter.com/download/iphone"" rel=""nofollow"">Twitter for iPhone</a>","","","",""
"1906780813204836475","There will never have been a transformation of a Country like the transformation that is happening, for all to see, in the United States of America. Companies are pouring into our Country at levels never seen before, with Jobs (and Money!) to follow. It is a beautiful thing to watch!","en","Tweet","Donald J. Trump","realDonaldTrump","74924219","35139","48192","4037","350729","8375","2025-04-01 02:49:06","https://x.com/realDonaldTrump/status/1906780813204836475","<a href=""http://twitter.com/download/iphone"" rel=""nofollow"">Twitter for iPhone</a>","","","",""
"1906780560141250562","In two months, there has been more Private Investment spoken for, and/or committed to, than in four years of the Sleepy Joe Biden Administration — A fact that the Fake News hates talking about!","en","Tweet","Donald J. Trump","realDonaldTrump","52817092","9724","23631","952","169556","2247","2025-04-01 02:48:06","https://x.com/realDonaldTrump/status/1906780560141250562","<a href=""http://twitter.com/download/iphone"" rel=""nofollow"">Twitter for iPhone</a>","","","",""
"1906772680805646368","Thank you President Bukele, of El Salvador, for taking the criminals that were so stupidly allowed, by the Crooked Joe Biden Administration, to enter our Country, and giving them such a wonderful place to live!","en","Tweet","Donald J. Trump","realDonaldTrump","65090435","12781","53688","1995","340416","8737","2025-04-01 02:16:47","https://x.com/realDonaldTrump/status/1906772680805646368","<a href=""http://twitter.com/download/iphone"" rel=""nofollow"">Twitter for iPhone</a>","","","",""
"1906703745158660177","Last night, in a joint military operation with our allies from the United States, we transferred 17 extremely dangerous criminals linked to Tren de Aragua and MS-13.

All individuals are confirmed murderers and high-profile offenders, including six child rapists.

This operation is another step in the fight against terrorism and organized crime.","en","Quoted","Nayib Bukele","nayibbukele","70034030","8739","26555","3367","148068","7481","2025-03-31 21:42:52","https://x.com/nayibbukele/status/1906703745158660177","<a href=""http://twitter.com/download/iphone"" rel=""nofollow"">Twitter for iPhone</a>","","","video","https://video.twimg.com/amplify_video/1906703618968862720/vid/avc1/1080x1920/HzEvvK3xCZTvhYMr.mp4?tag=16"
"1906701492192420117","https://t.co/PRHm1dTtSX","zxx","Tweet","Donald J. Trump","realDonaldTrump","39804895","11325","21703","1268","118846","5053","2025-03-31 21:33:55","https://x.com/realDonaldTrump/status/1906701492192420117","<a href=""http://twitter.com/download/iphone"" rel=""nofollow"">Twitter for iPhone</a>","","","video","https://video.twimg.com/amplify_video/1906701334314663936/vid/avc1/1636x720/9jb1n63wgGRFWwsz.mp4?tag=16"
"1906700623615078744","America First Patriot Randy Fine is running to represent the Wonderful People of Florida’s 6th Congressional District! A highly successful, Harvard educated businessman, and greatly respected State Legislator, Randy has been a tremendous Voice for MAGA. In Congress, Randy will be an incredible fighter, who will work tirelessly with me to Strengthen our Economy, Lower Taxes, Secure the Border, Champion our Military/Vets, Ensure American Energy DOMINANCE, Protect our always under siege Second Amendment, and Advance PEACE THROUGH STRENGTH.
 
Randy Fine has my Complete and Total Endorsement! Election Day is this Tuesday, April 1st. GET OUT AND VOTE FOR RANDY — HE WILL NOT LET YOU DOWN! https://t.co/3Bnn5ZweH2","en","Tweet","Donald J. Trump","realDonaldTrump","64443289","9615","19882","1138","99718","1442","2025-03-31 21:30:28","https://x.com/realDonaldTrump/status/1906700623615078744","<a href=""http://twitter.com/download/iphone"" rel=""nofollow"">Twitter for iPhone</a>","","","",""
"1906700533240680783","Jimmy Patronis, Chief Financial Officer and Fire Marshall for the Great State of Florida, is running an incredible Campaign for Congress in Florida’s 1st Congressional District! A fourth generation Floridian from the beautiful Panhandle, and owner of an iconic seafood restaurant, Jimmy has been a wonderful friend to me, and to MAGA. As your next Congressman, Jimmy will fight hard alongside of me to Grow our Economy, Cut Taxes, Secure our Border, Stop Migrant Crime, Strengthen our Brave Military/Vets, Restore American Energy DOMINANCE, and Defend our always under siege Second Amendment.
 
Florida, Election Day is this Tuesday, April 1st. GET OUT AND VOTE FOR JIMMY PATRONIS. Jimmy has my Complete and Total Endorsement — HE WILL NEVER LET YOU DOWN! https://t.co/xP3nBIgOep","en","Tweet","Donald J. Trump","realDonaldTrump","29267915","3192","18050","337","88116","935","2025-03-31 21:30:06","https://x.com/realDonaldTrump/status/1906700533240680783","<a href=""http://twitter.com/download/iphone"" rel=""nofollow"">Twitter for iPhone</a>","","","",""
"1905233167272779893","🚨 SIGNAL SCANDAL:  Katherine Maher, the leftist NPR CEO, is currently the Chair of the Board of Signal!

WHAT ARE THE ODDS?","en","Retweet","Publius","OcrazioCornPop","8162480","5622","24371","2497","65078","3565","2025-03-27 20:19:19","https://x.com/OcrazioCornPop/status/1905233167272779893","<a href=""http://twitter.com/download/android"" rel=""nofollow"">Twitter for Android</a>","","","photo","https://pbs.twimg.com/media/GnC_eCHXsAALfC3.jpg
https://pbs.twimg.com/media/GnC_eBZWgAAW2Ju.jpg"
"1905689237749727368","https://t.co/i1rW9HroWn","zxx","Tweet","Donald J. Trump","realDonaldTrump","68862688","25021","48398","6178","291014","23423","2025-03-29 02:31:34","https://x.com/realDonaldTrump/status/1905689237749727368","<a href=""http://twitter.com/download/iphone"" rel=""nofollow"">Twitter for iPhone</a>","","","video","https://video.twimg.com/amplify_video/1905689034154016769/vid/avc1/1280x720/FpyY0R_sKGfzuRo5.mp4?tag=16"
"1904362652987429338","FIGHT, FIGHT, FIGHT!!! https://t.co/irQ5B6TRE2","en","Tweet","Donald J. Trump","realDonaldTrump","24282084","24141","44956","2692","251359","11271","2025-03-25 10:40:12","https://x.com/realDonaldTrump/status/1904362652987429338","<a href=""http://twitter.com/download/iphone"" rel=""nofollow"">Twitter for iPhone</a>","","","video","https://video.twimg.com/amplify_video/1904362577611603969/vid/avc1/576x576/PShD2paxCaK1JUhb.mp4?tag=16"
"1903215026682380513","https://t.co/6TBzTaF8iM","zxx","Tweet","Donald J. Trump","realDonaldTrump","51243717","42649","62702","4646","298642","9276","2025-03-22 06:39:57","https://x.com/realDonaldTrump/status/1903215026682380513","<a href=""http://twitter.com/download/iphone"" rel=""nofollow"">Twitter for iPhone</a>","","","photo","https://pbs.twimg.com/media/GmmT-d3aEAAlGZx.jpg"
"1903169887318819153","🚨 Newly Filed Motion To Disqualify Radical Obama Judge Beryl Howell From Trump Case

Read More: https://t.co/CyEILbUhyq https://t.co/dR9EXT1rDj","en","Retweet","🇺🇸 Mike Davis 🇺🇸","mrddmia","4088039","3222","10113","223","38061","604","2025-03-22 03:40:34","https://x.com/mrddmia/status/1903169887318819153","<a href=""https://mobile.twitter.com"" rel=""nofollow"">Twitter Web App</a>","","https://cdn.prod.website-files.com/65a5dbf7ffda034a47a316a2/67ddbfb4f6e170fa00b1b4ef_DQ_Motion.pdf","photo","https://pbs.twimg.com/media/GmlqpCoaEAAgqhQ.png"
"1902818394946277485","https://t.co/7l5mGYjROe","zxx","Tweet","Donald J. Trump","realDonaldTrump","30558541","10920","19103","666","99140","2493","2025-03-21 04:23:52","https://x.com/realDonaldTrump/status/1902818394946277485","<a href=""http://twitter.com/download/iphone"" rel=""nofollow"">Twitter for iPhone</a>","","https://x.com/i/broadcasts/1nAJEgjywMeKL","",""
"1899637674241048800","Elon Musk: “As a function of the great policies of President Trump and his administration, and as an act of faith in America, Tesla is going to DOUBLE vehicle output in the United States within the next two years…” https://t.co/g8jY77yxtP","en","Tweet","Donald J. Trump","realDonaldTrump","46243644","44112","41849","3144","312476","7172","2025-03-12 09:44:49","https://x.com/realDonaldTrump/status/1899637674241048800","<a href=""http://twitter.com/download/iphone"" rel=""nofollow"">Twitter for iPhone</a>","","","video","https://video.twimg.com/amplify_video/1899637616896618498/vid/avc1/1280x720/UMeMNwyEGucFoDJ_.mp4?tag=16"
"1899636898533867969","Number one, it's a great product, as good as it gets—and number two, because @ElonMusk has devoted his energy and his life to doing this and I think he has been treated very unfairly… https://t.co/6qrfwrbT0f","en","Tweet","Donald J. Trump","realDonaldTrump","56241194","30465","44946","3726","376333","8938","2025-03-12 09:41:44","https://x.com/realDonaldTrump/status/1899636898533867969","<a href=""http://twitter.com/download/iphone"" rel=""nofollow"">Twitter for iPhone</a>","","","video","https://video.twimg.com/amplify_video/1899636827901833216/vid/avc1/1280x720/W5aN5y68FAmGyiiV.mp4?tag=16"
"1899573054474461464","President Trump, @Elon, and X leave the Oval Office and head over to the South Portico of the @WhiteHouse where Elon helped @POTUS choose his new @Tesla… https://t.co/5jJLVXzRAi","en","Retweet","Dan Scavino","Scavino47","7483302","5515","9101","408","57265","1560","2025-03-12 05:28:03","https://x.com/Scavino47/status/1899573054474461464","<a href=""http://twitter.com/download/iphone"" rel=""nofollow"">Twitter for iPhone</a>","","","video","https://video.twimg.com/amplify_video/1899572869132177408/vid/avc1/1824x1080/U2-FO9sfg6twxnE-.mp4?tag=16"
"1897851767817216426","https://t.co/ReyOK1CGPF","zxx","Tweet","Donald J. Trump","realDonaldTrump","37631305","30176","39189","2236","234550","10830","2025-03-07 11:28:16","https://x.com/realDonaldTrump/status/1897851767817216426","<a href=""http://twitter.com/download/iphone"" rel=""nofollow"">Twitter for iPhone</a>","","","video","https://video.twimg.com/amplify_video/1897851681368358912/vid/avc1/1920x1080/7ojUsjHQCLIJuTxV.mp4?tag=16"
"1897291442982437353","America is Back. Thank you, @realDonaldTrump! https://t.co/ABazdwMFt8","en","Retweet","America","america","6553796","9467","9053","635","47003","1704","2025-03-05 22:21:44","https://x.com/america/status/1897291442982437353","<a href=""http://twitter.com/download/iphone"" rel=""nofollow"">Twitter for iPhone</a>","","","video","https://video.twimg.com/amplify_video/1897291353286946816/vid/avc1/1920x1080/urt3t5be1SbE4NsZ.mp4?tag=16"
"1897109875856920752","https://t.co/LwOIz29x2t","zxx","Tweet","Donald J. Trump","realDonaldTrump","41234746","24990","30488","1808","177540","9168","2025-03-05 10:20:15","https://x.com/realDonaldTrump/status/1897109875856920752","<a href=""http://twitter.com/download/iphone"" rel=""nofollow"">Twitter for iPhone</a>","","https://x.com/i/broadcasts/1lDxLzYBAEzGm","",""
"1895566669281636846","https://t.co/Ja8HQTFpf7","zxx","Tweet","Donald J. Trump","realDonaldTrump","108657231","125457","91775","10848","747477","26263","2025-03-01 04:08:06","https://x.com/realDonaldTrump/status/1895566669281636846","<a href=""http://twitter.com/download/iphone"" rel=""nofollow"">Twitter for iPhone</a>","","","photo","https://pbs.twimg.com/media/Gk5n1qdXgAAtFBR.jpg"
"1895194651646370296","Behind the scenes at the @WhiteHouse as President @realDonaldTrump welcomes UK Prime Minister @Keir_Starmer to the West Wing🇺🇸🇬🇧 https://t.co/UUwtqDp9BZ","en","Retweet","Dan Scavino","Scavino47","10628028","7491","7216","330","39859","1441","2025-02-28 03:29:50","https://x.com/Scavino47/status/1895194651646370296","<a href=""http://twitter.com/download/iphone"" rel=""nofollow"">Twitter for iPhone</a>","","","video","https://video.twimg.com/amplify_video/1895194434255339520/vid/avc1/1920x1080/hJ_vfumbPnhdF6mQ.mp4?tag=16"
"1895210401891262760","https://t.co/tJ22x6ldl3","zxx","Tweet","Donald J. Trump","realDonaldTrump","35254314","15170","15888","587","89849","2885","2025-02-28 04:32:25","https://x.com/realDonaldTrump/status/1895210401891262760","<a href=""http://twitter.com/download/iphone"" rel=""nofollow"">Twitter for iPhone</a>","","https://x.com/i/broadcasts/1lDxLzYZyOLGm","",""
"1894862986138808530","https://t.co/qpU1uT8B8Z","zxx","Tweet","Donald J. Trump","realDonaldTrump","35442470","33201","21167","774","112789","4868","2025-02-27 05:31:55","https://x.com/realDonaldTrump/status/1894862986138808530","<a href=""http://twitter.com/download/iphone"" rel=""nofollow"">Twitter for iPhone</a>","","https://x.com/i/broadcasts/1MnGnwqMBleJO","",""
"1894126415932526802","https://t.co/9pZeARuStB","zxx","Tweet","Donald J. Trump","realDonaldTrump","58709561","55070","41016","3523","294968","8950","2025-02-25 04:45:03","https://x.com/realDonaldTrump/status/1894126415932526802","<a href=""http://twitter.com/download/iphone"" rel=""nofollow"">Twitter for iPhone</a>","","","photo","https://pbs.twimg.com/media/GklJ6zyW8AA63ci.jpg"
"1894113204319424674","https://t.co/BlCIdTrJDd","zxx","Tweet","Donald J. Trump","realDonaldTrump","29238235","13626","15691","456","81164","2721","2025-02-25 03:52:33","https://x.com/realDonaldTrump/status/1894113204319424674","<a href=""http://twitter.com/download/iphone"" rel=""nofollow"">Twitter for iPhone</a>","","https://x.com/i/broadcasts/1YqKDZvRqqeJV","",""
"1892397388595093561","https://t.co/nmaExq4VMw","zxx","Tweet","Donald J. Trump","realDonaldTrump","57819448","44728","40666","2734","289838","4266","2025-02-20 10:14:31","https://x.com/realDonaldTrump/status/1892397388595093561","<a href=""http://twitter.com/download/iphone"" rel=""nofollow"">Twitter for iPhone</a>","","","photo","https://pbs.twimg.com/media/GkMlZPpXEAA_PJ_.jpg"
"1892344088172646484","https://t.co/BlidhHnH2i","zxx","Tweet","Donald J. Trump","realDonaldTrump","32282664","11513","17613","663","99314","3391","2025-02-20 06:42:43","https://x.com/realDonaldTrump/status/1892344088172646484","<a href=""http://twitter.com/download/iphone"" rel=""nofollow"">Twitter for iPhone</a>","","https://x.com/i/broadcasts/1dRJZYBmbNaGB","",""
"1892242622623699357","https://t.co/PMcrOwXejI","zxx","Tweet","Donald J. Trump","realDonaldTrump","114119613","84584","100336","21821","606137","35766","2025-02-19 23:59:32","https://x.com/realDonaldTrump/status/1892242622623699357","<a href=""http://twitter.com/download/iphone"" rel=""nofollow"">Twitter for iPhone</a>","","","photo","https://pbs.twimg.com/media/GkKYoYPWMAAuCdj.jpg"
"1892012275789135905","https://t.co/xcDIB8Pi30","zxx","Tweet","Donald J. Trump","realDonaldTrump","58518919","40510","67296","5700","464011","9238","2025-02-19 08:44:13","https://x.com/realDonaldTrump/status/1892012275789135905","<a href=""http://twitter.com/download/iphone"" rel=""nofollow"">Twitter for iPhone</a>","","","photo","https://pbs.twimg.com/media/GkHHI3WWcAAK0Br.jpg"
"1892012075603382664","https://t.co/vtx3xYvguL","zxx","Tweet","Donald J. Trump","realDonaldTrump","43921224","14921","26131","2294","191744","6006","2025-02-19 08:43:25","https://x.com/realDonaldTrump/status/1892012075603382664","<a href=""http://twitter.com/download/iphone"" rel=""nofollow"">Twitter for iPhone</a>","","","video","https://video.twimg.com/amplify_video/1891976210017669120/vid/avc1/1280x720/ex4r0LzkDj3C98PN.mp4?tag=16"
"1891572283161944433","On Trade, I have decided, for purposes of Fairness, that I will charge a RECIPROCAL Tariff meaning, whatever Countries charge the United States of America, we will charge them - No more, no less!

For purposes of this United States Policy, we will consider Countries that use the VAT System, which is far more punitive than a Tariff, to be similar to that of a Tariff. Sending merchandise, product, or anything by any other name through another Country, for purposes of unfairly harming America, will not be accepted. In addition, we will make provision for subsidies provided by Countries in order to take Economic advantage of the United States. Likewise, provisions will be made for Nonmonetary Tariffs and Trade Barriers that some Countries charge in order to keep our product out of their domain or, if they do not even let U.S. businesses operate. We are able to accurately determine the cost of these Nonmonetary Trade Barriers. It is fair to all, no other Country can complain and, in some cases, if a Country feels that the United States would be getting too high a Tariff, all they have to do is reduce or terminate their Tariff against us. There are no Tariffs if you manufacture or build your product in the United States.

For many years, the U.S. has been treated unfairly by other Countries, both friend and foe. This System will immediately bring Fairness and Prosperity back into the previously complex and unfair System of Trade. America has helped many Countries throughout the years, at great financial cost. It is now time that these Countries remember this, and treat us fairly – A LEVEL PLAYING FIELD FOR AMERICAN WORKERS. I have instructed my Secretary of State, Secretary of Commerce, Secretary of the Treasury, and United States Trade Representative (USTR) to do all work necessary to deliver RECIPROCITY to our System of Trade!","en","Tweet","Donald J. Trump","realDonaldTrump","76099280","32996","63562","7614","418589","21197","2025-02-18 03:35:50","https://x.com/realDonaldTrump/status/1891572283161944433","<a href=""http://twitter.com/download/iphone"" rel=""nofollow"">Twitter for iPhone</a>","","","",""
"1891571953682481498","https://t.co/eZUiPWNEEE","zxx","Tweet","Donald J. Trump","realDonaldTrump","60063474","20805","49405","1834","533988","8208","2025-02-18 03:34:32","https://x.com/realDonaldTrump/status/1891571953682481498","<a href=""http://twitter.com/download/iphone"" rel=""nofollow"">Twitter for iPhone</a>","","","video","https://video.twimg.com/amplify_video/1891203801211674624/vid/avc1/1080x1920/oEHLswLGipl5M58p.mp4?tag=16"
"1891571874498232512","https://t.co/WTZYKOPVnK","zxx","Tweet","Donald J. Trump","realDonaldTrump","42511376","16222","37479","1244","401590","5497","2025-02-18 03:34:13","https://x.com/realDonaldTrump/status/1891571874498232512","<a href=""http://twitter.com/download/iphone"" rel=""nofollow"">Twitter for iPhone</a>","","","video","https://video.twimg.com/amplify_video/1891201561637920768/vid/avc1/1080x1920/TwA6ac3rAQqnIEwe.mp4?tag=16"
"1890831570535055759","He who saves his Country does not violate any Law.","en","Tweet","Donald J. Trump","realDonaldTrump","245096765","71185","101343","32604","712500","25888","2025-02-16 02:32:31","https://x.com/realDonaldTrump/status/1890831570535055759","<a href=""http://twitter.com/download/iphone"" rel=""nofollow"">Twitter for iPhone</a>","","","",""
"1889529852757201368","WELCOME HOME, MARC!🇺🇸 https://t.co/0b2Igcqudp","en","Tweet","Donald J. Trump","realDonaldTrump","52602621","23278","45487","2114","408630","9306","2025-02-12 12:19:57","https://x.com/realDonaldTrump/status/1889529852757201368","<a href=""http://twitter.com/download/iphone"" rel=""nofollow"">Twitter for iPhone</a>","","","video","https://video.twimg.com/amplify_video/1889529708280221696/vid/avc1/640x360/SghsMmqoeE6o3Pfy.mp4?tag=16"
"1889332439241085203","https://t.co/J5xnOUDsw1","zxx","Tweet","Donald J. Trump","realDonaldTrump","43366964","38557","70628","3428","396672","5091","2025-02-11 23:15:30","https://x.com/realDonaldTrump/status/1889332439241085203","<a href=""http://twitter.com/download/iphone"" rel=""nofollow"">Twitter for iPhone</a>","","","photo","https://pbs.twimg.com/media/GjhB0u6WAAEg-SV.jpg"
"1889332296919998557","https://t.co/TEXWLRe6pl","zxx","Tweet","Donald J. Trump","realDonaldTrump","40257273","18209","41775","2111","261636","4186","2025-02-11 23:14:56","https://x.com/realDonaldTrump/status/1889332296919998557","<a href=""http://twitter.com/download/iphone"" rel=""nofollow"">Twitter for iPhone</a>","","","photo","https://pbs.twimg.com/media/GjhBtB-WMAAxpSX.jpg"
"1888725523393904876","https://t.co/M1HzBZKrnA","zxx","Tweet","Donald J. Trump","realDonaldTrump","41695321","29668","47556","2489","385204","13953","2025-02-10 07:03:50","https://x.com/realDonaldTrump/status/1888725523393904876","<a href=""http://twitter.com/download/iphone"" rel=""nofollow"">Twitter for iPhone</a>","","","video","https://video.twimg.com/amplify_video/1888725454556655617/vid/avc1/720x720/s6y-jB1kpSiZTSlh.mp4?tag=16"
"1888714144435851295","https://t.co/KyCbNARsA9","zxx","Tweet","Donald J. Trump","realDonaldTrump","45683801","16448","54704","2822","340689","24834","2025-02-10 06:18:37","https://x.com/realDonaldTrump/status/1888714144435851295","<a href=""http://twitter.com/download/iphone"" rel=""nofollow"">Twitter for iPhone</a>","","","video","https://video.twimg.com/amplify_video/1888713588228915200/vid/avc1/1920x1080/mgkpGJFNJX-BrWiQ.mp4?tag=16"
"1887916067491574108","https://t.co/fT2wFwfU0A","zxx","Tweet","Donald J. Trump","realDonaldTrump","77233561","32853","36366","11008","414648","8636","2025-02-08 01:27:20","https://x.com/realDonaldTrump/status/1887916067491574108","<a href=""http://twitter.com/download/iphone"" rel=""nofollow"">Twitter for iPhone</a>","","","photo","https://pbs.twimg.com/media/GjM5p8uWsAAmI4T.jpg"
"1887916006523166886","https://t.co/6MGaxjbHUz","zxx","Tweet","Donald J. Trump","realDonaldTrump","60989134","17673","51043","2135","312032","4321","2025-02-08 01:27:06","https://x.com/realDonaldTrump/status/1887916006523166886","<a href=""http://twitter.com/download/iphone"" rel=""nofollow"">Twitter for iPhone</a>","","","photo","https://pbs.twimg.com/media/GjM5mRkWgAA6djv.jpg"
"1887635430385885279","https://t.co/0DvI2cPDBo","zxx","Tweet","Donald J. Trump","realDonaldTrump","51340368","17995","53284","2977","428654","5647","2025-02-07 06:52:11","https://x.com/realDonaldTrump/status/1887635430385885279","<a href=""http://twitter.com/download/iphone"" rel=""nofollow"">Twitter for iPhone</a>","","","photo","https://pbs.twimg.com/media/GjI6aouXsAAmSd9.jpg"
"1887543203953275347","https://t.co/UeyP7NHjAo","zxx","Tweet","Donald J. Trump","realDonaldTrump","48770225","26072","69985","3798","392629","7374","2025-02-07 00:45:43","https://x.com/realDonaldTrump/status/1887543203953275347","<a href=""http://twitter.com/download/iphone"" rel=""nofollow"">Twitter for iPhone</a>","","","photo","https://pbs.twimg.com/media/GjHmibqWIAAk86a.jpg"
"1887543148781461806","https://t.co/JivikzDa3v","zxx","Tweet","Donald J. Trump","realDonaldTrump","65746887","43018","38747","9023","297443","16940","2025-02-07 00:45:30","https://x.com/realDonaldTrump/status/1887543148781461806","<a href=""http://twitter.com/download/iphone"" rel=""nofollow"">Twitter for iPhone</a>","","","photo","https://pbs.twimg.com/media/GjHmfMrWwAAGHsa.jpg"
"1886855810451485180","https://t.co/aw80b4Y6oN","zxx","Tweet","Donald J. Trump","realDonaldTrump","59375061","14599","33956","1124","428104","4127","2025-02-05 03:14:15","https://x.com/realDonaldTrump/status/1886855810451485180","<a href=""http://twitter.com/download/iphone"" rel=""nofollow"">Twitter for iPhone</a>","","","photo","https://pbs.twimg.com/media/Gi91W6wWkAA31NT.jpg"
"1886456105372459141","https://t.co/DC5Mx8yCiB","zxx","Tweet","Donald J. Trump","realDonaldTrump","75396891","28561","60671","7725","572724","16625","2025-02-04 00:45:58","https://x.com/realDonaldTrump/status/1886456105372459141","<a href=""http://twitter.com/download/iphone"" rel=""nofollow"">Twitter for iPhone</a>","","","photo","https://pbs.twimg.com/media/Gi4J01QX0AARHLT.jpg"
"1886453721871319097","https://t.co/PK1V8YklhY","zxx","Tweet","Donald J. Trump","realDonaldTrump","86380119","14362","33433","5497","300375","21662","2025-02-04 00:36:30","https://x.com/realDonaldTrump/status/1886453721871319097","<a href=""http://twitter.com/download/iphone"" rel=""nofollow"">Twitter for iPhone</a>","","","video","https://video.twimg.com/amplify_video/1886453664904069121/vid/avc1/568x320/aJICBxmnyzwFPHMy.mp4?tag=16"
"1885740103223648412","This morning I ordered precision Military air strikes on the Senior ISIS Attack Planner and other terrorists he recruited and led in Somalia. These killers, who we found hiding in caves, threatened the United States and our Allies. The strikes destroyed the caves they live in, and killed many terrorists without, in any way, harming civilians. Our Military has targeted this ISIS Attack Planner for years, but Biden and his cronies wouldn’t act quickly enough to get the job done. I did! The message to ISIS and all others who would attack Americans is that “WE WILL FIND YOU, AND WE WILL KILL YOU!”","en","Quoted","Donald J. Trump","realDonaldTrump","167177522","41188","94471","12667","738525","24860","2025-02-02 01:20:50","https://x.com/realDonaldTrump/status/1885740103223648412","<a href=""http://twitter.com/download/iphone"" rel=""nofollow"">Twitter for iPhone</a>","","","",""
"1885821495080825305","https://t.co/SWZtSm6NMX","zxx","Tweet","Donald J. Trump","realDonaldTrump","77908990","42224","50078","5914","383761","11539","2025-02-02 06:44:15","https://x.com/realDonaldTrump/status/1885821495080825305","<a href=""http://twitter.com/download/iphone"" rel=""nofollow"">Twitter for iPhone</a>","","","photo","https://pbs.twimg.com/media/GivIoV_XQAAgv-p.jpg"
"1885740103223648412","This morning I ordered precision Military air strikes on the Senior ISIS Attack Planner and other terrorists he recruited and led in Somalia. These killers, who we found hiding in caves, threatened the United States and our Allies. The strikes destroyed the caves they live in, and killed many terrorists without, in any way, harming civilians. Our Military has targeted this ISIS Attack Planner for years, but Biden and his cronies wouldn’t act quickly enough to get the job done. I did! The message to ISIS and all others who would attack Americans is that “WE WILL FIND YOU, AND WE WILL KILL YOU!”","en","Tweet","Donald J. Trump","realDonaldTrump","167177522","41188","94471","12667","738525","24860","2025-02-02 01:20:50","https://x.com/realDonaldTrump/status/1885740103223648412","<a href=""http://twitter.com/download/iphone"" rel=""nofollow"">Twitter for iPhone</a>","","","",""
"1885740072705650821","https://t.co/ltyGcGiiKR","zxx","Tweet","Donald J. Trump","realDonaldTrump","37748487","12088","40019","1915","278784","4134","2025-02-02 01:20:43","https://x.com/realDonaldTrump/status/1885740072705650821","<a href=""http://twitter.com/download/iphone"" rel=""nofollow"">Twitter for iPhone</a>","","","photo","https://pbs.twimg.com/media/Git-mj-XUAABQve.jpg"
"1885739966350667907","https://t.co/0qevDBhdLk","zxx","Tweet","Donald J. Trump","realDonaldTrump","52321956","6631","21641","777","273384","2351","2025-02-02 01:20:17","https://x.com/realDonaldTrump/status/1885739966350667907","<a href=""http://twitter.com/download/iphone"" rel=""nofollow"">Twitter for iPhone</a>","","","photo","https://pbs.twimg.com/media/Git-gZQWYAAh5-6.jpg"
"1885739833399619760","It is so good to have the Venezuela Hostages back home and, very important to note, that Venezuela has agreed to receive, back into their Country, all Venezuela illegal aliens who were encamped in the U.S., including gang members of Tren de Aragua. Venezuela has further agreed to supply the transportation back. We are in the process of removing record numbers of illegal aliens from all Countries, and all Countries have agreed to accept these illegal aliens back. Furthermore, record numbers of criminals are being removed from our Country, and the Border numbers are the strongest they have been since the First Term of the Trump Administration!","en","Tweet","Donald J. Trump","realDonaldTrump","53510117","10641","39906","2336","310973","5295","2025-02-02 01:19:46","https://x.com/realDonaldTrump/status/1885739833399619760","<a href=""http://twitter.com/download/iphone"" rel=""nofollow"">Twitter for iPhone</a>","","","",""
"1885485623735124467","Just been informed that we are bringing six hostages home from Venezuela. Thank you to Ric Grenell and my entire staff. Great job!","en","Tweet","Donald J. Trump","realDonaldTrump","70891180","12434","45701","2255","468549","4802","2025-02-01 08:29:37","https://x.com/realDonaldTrump/status/1885485623735124467","<a href=""http://twitter.com/download/iphone"" rel=""nofollow"">Twitter for iPhone</a>","","","",""
"1885473025476145386","Photo of beautiful water flow that I just opened in California. Today, 1.6 billion gallons and, in 3 days, it will be 5.2 billion gallons. Everybody should be happy about this long fought Victory! I only wish they listened to me six years ago – There would have been no fire! https://t.co/Oaz92ZeiTh","en","Tweet","Donald J. Trump","realDonaldTrump","67430954","26572","70005","5116","520783","12533","2025-02-01 07:39:34","https://x.com/realDonaldTrump/status/1885473025476145386","<a href=""http://twitter.com/download/iphone"" rel=""nofollow"">Twitter for iPhone</a>","","","photo","https://pbs.twimg.com/media/GiqLuRlXMAA_ZUC.jpg"
"1885345948047462910","https://t.co/jIOdjGiwi0","zxx","Tweet","Donald J. Trump","realDonaldTrump","64228625","10739","27827","2030","189986","4612","2025-01-31 23:14:36","https://x.com/realDonaldTrump/status/1885345948047462910","<a href=""http://twitter.com/download/iphone"" rel=""nofollow"">Twitter for iPhone</a>","","","photo","https://pbs.twimg.com/media/GioYJMAXMAA5_RZ.jpg"
"1885345244167745561","https://t.co/0qNyRa9km3","zxx","Tweet","Donald J. Trump","realDonaldTrump","36249022","12731","28611","1547","175140","7321","2025-01-31 23:11:48","https://x.com/realDonaldTrump/status/1885345244167745561","<a href=""http://twitter.com/download/iphone"" rel=""nofollow"">Twitter for iPhone</a>","","","video","https://video.twimg.com/amplify_video/1885344149563420673/vid/avc1/1280x720/NdNvO9unwz1bdSGM.mp4?tag=16"
"1884672621138100423","Proud of you, Bobby, for taking the lead—and of every American who has every reason to give up but refuses to stop fighting. We WILL win. 🇺🇸 https://t.co/MnJEzrmFIr","en","Retweet","Nicole Shanahan","NicoleShanahan","6328069","5492","23244","712","197019","1199","2025-01-30 02:39:03","https://x.com/NicoleShanahan/status/1884672621138100423","<a href=""https://mobile.twitter.com"" rel=""nofollow"">Twitter Web App</a>","","","photo","https://pbs.twimg.com/media/GiezuEBWUAAeqsp.png"
"1884308797239554429","https://t.co/matfK2s03a","zxx","Tweet","Donald J. Trump","realDonaldTrump","57415013","29038","41939","3561","398786","4445","2025-01-29 02:33:20","https://x.com/realDonaldTrump/status/1884308797239554429","<a href=""http://twitter.com/download/iphone"" rel=""nofollow"">Twitter for iPhone</a>","","","photo","https://pbs.twimg.com/media/GiZo3QOWYAINdjT.jpg"
"1884308740792541440","https://t.co/XkdLbwRePR","zxx","Tweet","Donald J. Trump","realDonaldTrump","60477454","18425","37342","2263","391668","3701","2025-01-29 02:33:07","https://x.com/realDonaldTrump/status/1884308740792541440","<a href=""http://twitter.com/download/iphone"" rel=""nofollow"">Twitter for iPhone</a>","","","photo","https://pbs.twimg.com/media/GiZo0ApWgAAKepj.jpg"
"1883337238198829126","https://t.co/hmxumW2iC0","zxx","Tweet","Donald J. Trump","realDonaldTrump","48059958","26893","44382","2588","316725","6010","2025-01-26 10:12:42","https://x.com/realDonaldTrump/status/1883337238198829126","<a href=""http://twitter.com/download/iphone"" rel=""nofollow"">Twitter for iPhone</a>","","","photo","https://pbs.twimg.com/media/GiL1PHSXwAAw8Zk.jpg"
"1883206626787881080","THE GOLDEN AGE OF AMERICA BEGINS RIGHT NOW! https://t.co/PSfDlAFpeO","en","Tweet","Donald J. Trump","realDonaldTrump","55553874","38483","68263","5191","498206","20451","2025-01-26 01:33:42","https://x.com/realDonaldTrump/status/1883206626787881080","<a href=""http://twitter.com/download/iphone"" rel=""nofollow"">Twitter for iPhone</a>","","","video","https://video.twimg.com/amplify_video/1883205928939393024/vid/avc1/1920x1080/LlTSHSyaAWn4wsfY.mp4?tag=16"
"1883195857237062111","MAKE AMERICA GREAT AGAIN! https://t.co/K6FkyX1AZp","en","Tweet","Donald J. Trump","realDonaldTrump","41427063","22352","51610","1918","560055","8092","2025-01-26 00:50:55","https://x.com/realDonaldTrump/status/1883195857237062111","<a href=""http://twitter.com/download/iphone"" rel=""nofollow"">Twitter for iPhone</a>","","","video","https://video.twimg.com/amplify_video/1882793593976315904/vid/avc1/1080x1920/Xv2-DRESr0ZnZaNO.mp4?tag=16"
"1882156626028929186","Happy 20th Anniversary to Melania! https://t.co/VIcXSQb4QO","en","Tweet","Donald J. Trump","realDonaldTrump","103596384","58470","83486","5281","1333216","15622","2025-01-23 04:01:23","https://x.com/realDonaldTrump/status/1882156626028929186","<a href=""http://twitter.com/download/iphone"" rel=""nofollow"">Twitter for iPhone</a>","","","photo","https://pbs.twimg.com/media/Gh7DeUsXYAE5Ne6.jpg"
"1880446012168249386","My NEW Official Trump Meme is HERE! It’s time to celebrate everything we stand for: WINNING! Join my very special Trump Community. GET YOUR $TRUMP NOW. Go to https://t.co/GX3ZxT5xyq — Have Fun! https://t.co/flIKYyfBrC","en","Retweet","Donald J. Trump","realDonaldTrump","119173975","73147","63027","23731","395151","22228","2025-01-18 10:44:00","https://x.com/realDonaldTrump/status/1880446012168249386","<a href=""http://twitter.com/download/iphone"" rel=""nofollow"">Twitter for iPhone</a>","","http://gettrumpmemes.com/","photo","https://pbs.twimg.com/media/GhivrlDWAAA7Ex3.jpg"
"1881419736648499257","Donald J. Trump Attends the Presidential Parade https://t.co/xath35WNXE","en","Tweet","Donald J. Trump","realDonaldTrump","82302623","22501","51122","1916","412792","10935","2025-01-21 03:13:14","https://x.com/realDonaldTrump/status/1881419736648499257","<a href=""https://studio.twitter.com"" rel=""nofollow"">Twitter Media Studio</a>","","https://x.com/i/broadcasts/1YpKkllqyAEGj","",""
"1881372933710589978","The 60th Presidential Inauguration Ceremony https://t.co/kTB4w2VCdI","en","Tweet","Donald J. Trump","realDonaldTrump","80966429","41427","108247","8799","692770","26878","2025-01-21 00:07:16","https://x.com/realDonaldTrump/status/1881372933710589978","<a href=""https://studio.twitter.com"" rel=""nofollow"">Twitter Media Studio</a>","","https://x.com/i/broadcasts/1LyxBggOplzKN","",""
"1881089112771572032","RT @MELANIATRUMP: The Official Melania Meme is live!

You can buy $MELANIA now.  

https://t.co/mgSwtOQYnq

FUAfBo2jgks6gB4Z4LfZkqSZgzNucis…","en","Tweet","Donald J. Trump","realDonaldTrump","59055","0","2725","0","0","0","2025-01-20 05:19:28","https://x.com/realDonaldTrump/status/1881089112771572032","<a href=""http://twitter.com/download/iphone"" rel=""nofollow"">Twitter for iPhone</a>","","http://Melaniameme.com","",""
"1881073769449492971","President Trump’s Celebratory Victory Rally https://t.co/MCKNpDh8kG","en","Tweet","Donald J. Trump","realDonaldTrump","93343841","35975","67595","4570","461481","18342","2025-01-20 04:18:29","https://x.com/realDonaldTrump/status/1881073769449492971","<a href=""https://studio.twitter.com"" rel=""nofollow"">Twitter Media Studio</a>","","https://x.com/i/broadcasts/1lDxLllOmXRxm","",""
"1880670273768435759","I am extremely proud of what we continue to accomplish in crypto. $Trump is currently the hottest digital meme on earth and I truly believe that @WorldLibertyFi will revolutionize DeFi/Cefi and will be the future of finance. We are just getting started! 🚀🚀","en","Retweet","Eric Trump","EricTrump","29416640","15241","13507","2246","72013","3596","2025-01-19 01:35:09","https://x.com/EricTrump/status/1880670273768435759","<a href=""http://twitter.com/download/iphone"" rel=""nofollow"">Twitter for iPhone</a>","","","",""
"1880446012168249386","My NEW Official Trump Meme is HERE! It’s time to celebrate everything we stand for: WINNING! Join my very special Trump Community. GET YOUR $TRUMP NOW. Go to https://t.co/GX3ZxT5xyq — Have Fun! https://t.co/flIKYyfBrC","en","Tweet","Donald J. Trump","realDonaldTrump","119173975","73147","63027","23731","395151","22228","2025-01-18 10:44:00","https://x.com/realDonaldTrump/status/1880446012168249386","<a href=""http://twitter.com/download/iphone"" rel=""nofollow"">Twitter for iPhone</a>","","http://gettrumpmemes.com/","photo","https://pbs.twimg.com/media/GhivrlDWAAA7Ex3.jpg"
"1878969190335590889","https://t.co/5xCdrWmQEH","zxx","Tweet","Donald J. Trump","realDonaldTrump","84221337","27637","81872","11472","668145","74460","2025-01-14 08:55:39","https://x.com/realDonaldTrump/status/1878969190335590889","<a href=""http://twitter.com/download/iphone"" rel=""nofollow"">Twitter for iPhone</a>","","","video","https://video.twimg.com/amplify_video/1878969120143601665/vid/avc1/360x640/uYdKBv7vTzu5WOck.mp4?tag=16"
"1876089056817455175","Members of Congress are getting to work on one powerful Bill that will bring our Country back, and make it greater than ever before. We must Secure our Border, Unleash American Energy, and Renew the Trump Tax Cuts, which were the largest in History, but we will make it even better - NO TAX ON TIPS. IT WILL ALL BE MADE UP WITH TARIFFS, AND MUCH MORE, FROM COUNTRIES THAT HAVE TAKEN ADVANTAGE OF THE U.S. FOR YEARS. Republicans must unite, and quickly deliver these Historic Victories for the American People. Get smart, tough, and send the Bill to my desk to sign as soon as possible. MAKE AMERICA GREAT AGAIN!","en","Tweet","Donald J. Trump","realDonaldTrump","65363209","33050","47359","3500","308629","5982","2025-01-06 10:11:01","https://x.com/realDonaldTrump/status/1876089056817455175","<a href=""http://twitter.com/download/iphone"" rel=""nofollow"">Twitter for iPhone</a>","","","",""
"1875050089305252190","TRUMP WAS RIGHT ABOUT EVERYTHING!","en","Tweet","Donald J. Trump","realDonaldTrump","101791711","33479","53278","7843","508081","8624","2025-01-03 13:22:32","https://x.com/realDonaldTrump/status/1875050089305252190","<a href=""http://twitter.com/download/iphone"" rel=""nofollow"">Twitter for iPhone</a>","","","",""
"1875050002046726519","Our Country is a disaster, a laughing stock all over the World! This is what happens when you have OPEN BORDERS, with weak, ineffective, and virtually nonexistent leadership. The DOJ, FBI, and Democrat state and local prosecutors have not done their job. They are incompetent and corrupt, having spent all of their waking hours unlawfully attacking their political opponent, ME, rather than focusing on protecting Americans from the outside and inside violent SCUM that has infiltrated all aspects of our government, and our Nation itself. Democrats should be ashamed of themselves for allowing this to happen to our Country. The CIA must get involved, NOW, before it is too late. The USA is breaking down - A violent erosion of Safety, National Security, and Democracy is taking place all across our Nation. Only strength and powerful leadership will stop it. See you on January 20th. MAKE AMERICA GREAT AGAIN!","en","Tweet","Donald J. Trump","realDonaldTrump","71195202","32128","60505","4985","417602","9510","2025-01-03 13:22:11","https://x.com/realDonaldTrump/status/1875050002046726519","<a href=""http://twitter.com/download/iphone"" rel=""nofollow"">Twitter for iPhone</a>","","","",""
"1875049915367235899","With the Biden “Open Border’s Policy” I said, many times during Rallies, and elsewhere, that Radical Islamic Terrorism, and other forms of violent crime, will become so bad in America that it will become hard to even imagine or believe. That time has come, only worse than ever imagined. Joe Biden is the WORST PRESIDENT IN THE HISTORY OF AMERICA, A COMPLETE AND TOTAL DISASTER. What he and his group of Election Interfering “thugs” have done to our Country will not soon be forgotten! MAGA","en","Tweet","Donald J. Trump","realDonaldTrump","54982666","13951","38450","1832","234064","4370","2025-01-03 13:21:51","https://x.com/realDonaldTrump/status/1875049915367235899","<a href=""http://twitter.com/download/iphone"" rel=""nofollow"">Twitter for iPhone</a>","","","",""
"1875049777186136481","The Tariffs, and Tariffs alone, created this vast wealth for our Country. Then we switched over to Income Tax. We were never so wealthy as during this period. Tariffs will pay off our debt and, MAKE AMERICA WEALTHY AGAIN!","en","Tweet","Donald J. Trump","realDonaldTrump","50307359","13039","26819","2357","137081","6273","2025-01-03 13:21:18","https://x.com/realDonaldTrump/status/1875049777186136481","<a href=""http://twitter.com/download/iphone"" rel=""nofollow"">Twitter for iPhone</a>","","","",""
"1873880292043481203","This is a really remarkable chart of tariffs as % of total federal revenue. The Second Industrial Revolution, perhaps the most fertile era for technology development and deployment in human history, was 1870-1914. https://t.co/nn0zt1QVjT","en","Quoted","Marc Andreessen 🇺🇸","pmarca","50195845","1099","1762","471","8585","1784","2024-12-31 07:54:11","https://x.com/pmarca/status/1873880292043481203","<a href=""https://mobile.twitter.com"" rel=""nofollow"">Twitter Web App</a>","","","photo","https://pbs.twimg.com/media/GgFbmY9WUAAZ5eN.jpg"
"1874179147855257723","MAKE AMERICA GREAT AGAIN! https://t.co/IirB0lIah7","en","Tweet","Donald J. Trump","realDonaldTrump","61384218","36841","60641","4656","419340","19424","2025-01-01 03:41:44","https://x.com/realDonaldTrump/status/1874179147855257723","<a href=""http://twitter.com/download/iphone"" rel=""nofollow"">Twitter for iPhone</a>","","","video","https://video.twimg.com/amplify_video/1874179085611515904/vid/avc1/1920x1080/esfoyxwKmGVX66U3.mp4?tag=16"
"1874101153891295635","We just won a Historic Landslide and Mandate from the American People, but Senate Democrats are organizing to improperly stall and delay the confirmation process of many of our Great Nominees. They will try all sorts of tricks starting very soon. Republicans must not allow them to do that. We have a Country to run, and many big problems to solve, mostly created by Democrats. REPUBLICANS, BE SMART AND TOUGH!!!","en","Tweet","Donald J. Trump","realDonaldTrump","61046965","24852","57221","3106","338676","5649","2024-12-31 22:31:48","https://x.com/realDonaldTrump/status/1874101153891295635","<a href=""http://twitter.com/download/iphone"" rel=""nofollow"">Twitter for iPhone</a>","","","",""
"1872051253846614426","https://t.co/dt3qNahL3Q","zxx","Tweet","Donald J. Trump","realDonaldTrump","93438345","33126","100630","8145","1003914","30113","2024-12-26 06:46:14","https://x.com/realDonaldTrump/status/1872051253846614426","<a href=""http://twitter.com/download/iphone"" rel=""nofollow"">Twitter for iPhone</a>","","","animated_gif","https://video.twimg.com/tweet_video/GfrcsPlWMAAmkVv.mp4"
"1870914841101340759","A beautiful morning in Phoenix, Arizona at @TPUSA #AMFEST2024. THANK YOU! https://t.co/bMGsEBQGvl","en","Tweet","Donald J. Trump","realDonaldTrump","32108823","14128","24629","1033","165430","5488","2024-12-23 03:30:32","https://x.com/realDonaldTrump/status/1870914841101340759","<a href=""http://twitter.com/download/iphone"" rel=""nofollow"">Twitter for iPhone</a>","#AMFEST2024","","video","https://video.twimg.com/amplify_video/1870908779321081857/vid/avc1/1280x720/HhVs5ANAS7oYmTO-.mp4?tag=14"
"1868085790485758308","Christmas is coming! The hottest gift is my new book, “SAVE AMERICA.” No other book captures our Movement, our Campaign, and our FUTURE. Get your copy today! https://t.co/awtik9uN8p https://t.co/YdteHKrdJk","en","Tweet","Donald J. Trump","realDonaldTrump","30999613","24326","19797","2075","129858","3349","2024-12-15 08:08:54","https://x.com/realDonaldTrump/status/1868085790485758308","<a href=""http://twitter.com/download/iphone"" rel=""nofollow"">Twitter for iPhone</a>","","http://45Books.com","photo","https://pbs.twimg.com/media/GezGHY4acAAKCqG.jpg"
"1868000735360905364","https://t.co/IVKeU3dqY6","zxx","Tweet","Donald J. Trump","realDonaldTrump","132760400","36296","72902","16681","778009","29383","2024-12-15 02:30:55","https://x.com/realDonaldTrump/status/1868000735360905364","<a href=""http://twitter.com/download/iphone"" rel=""nofollow"">Twitter for iPhone</a>","","","photo","https://pbs.twimg.com/media/Gex4wMCbYAAZDPq.jpg"
"1867819780809666804","Will be going to the Army/Navy Game tomorrow to root on these fantastic young men. Should be a great game. See you there! DJT","en","Tweet","Donald J. Trump","realDonaldTrump","60991524","9370","19290","927","270296","2299","2024-12-14 14:31:52","https://x.com/realDonaldTrump/status/1867819780809666804","<a href=""http://twitter.com/download/iphone"" rel=""nofollow"">Twitter for iPhone</a>","","","",""
"1867686000711155989","The Republican Party will use its best efforts to eliminate Daylight Saving Time, which has a small but strong constituency, but shouldn’t! Daylight Saving Time is inconvenient, and very costly to our Nation.","en","Tweet","Donald J. Trump","realDonaldTrump","79784455","27213","40392","8961","418425","10908","2024-12-14 05:40:17","https://x.com/realDonaldTrump/status/1867686000711155989","<a href=""http://twitter.com/download/iphone"" rel=""nofollow"">Twitter for iPhone</a>","","","",""
"1867002787545965017","The resignation of Christopher Wray is a great day for America as it will end the Weaponization of what has become known as the United States Department of Injustice. I just don’t know what happened to him. We will now restore the Rule of Law for all Americans. Under the leadership of Christopher Wray, the FBI illegally raided my home, without cause, worked diligently on illegally impeaching and indicting me, and has done everything else to interfere with the success and future of America. They have used their vast powers to threaten and destroy many innocent Americans, some of which will never be able to recover from what has been done to them. Kash Patel is the most qualified Nominee to lead the FBI in the Agency’s History, and is committed to helping ensure that Law, Order, and Justice will be brought back to our Country again, and soon. As everyone knows, I have great respect for the rank-and-file of the FBI, and they have great respect for me. They want to see these changes every bit as much as I do but, more importantly, the American People are demanding a strong, but fair, System of Justice. We want our FBI back, and that will now happen. I look forward to Kash Patel’s confirmation, so that the process of Making the FBI Great Again can begin. Thank you!","en","Tweet","Donald J. Trump","realDonaldTrump","58597861","20540","54355","2859","343007","6519","2024-12-12 08:25:26","https://x.com/realDonaldTrump/status/1867002787545965017","<a href=""http://twitter.com/download/iphone"" rel=""nofollow"">Twitter for iPhone</a>","","","",""
"1865434273953509462","Opposition fighters in Syria, in an unprecedented move, have totally taken over numerous cities, in a highly coordinated offensive, and are now on the outskirts of Damascus, obviously preparing to make a very big move toward taking out Assad. Russia, because they are so tied up in Ukraine, and with the loss there of over 600,000 soldiers, seems incapable of stopping this literal march through Syria, a country they have protected for years. This is where former President Obama refused to honor his commitment of protecting the RED LINE IN THE SAND, and all hell broke out, with Russia stepping in. But now they are, like possibly Assad himself, being forced out, and it may actually be the best thing that can happen to them. There was never much of a benefit in Syria for Russia, other than to make Obama look really stupid. In any event, Syria is a mess, but is not our friend, & THE UNITED STATES SHOULD HAVE NOTHING TO DO WITH IT. THIS IS NOT OUR FIGHT. LET IT PLAY OUT. DO NOT GET INVOLVED!","en","Tweet","Donald J. Trump","realDonaldTrump","100106906","34768","63684","9449","440051","20892","2024-12-08 00:32:43","https://x.com/realDonaldTrump/status/1865434273953509462","<a href=""http://twitter.com/download/iphone"" rel=""nofollow"">Twitter for iPhone</a>","","","",""
"1864898649752272919","A GREAT HONOR, THANK YOU! https://t.co/ALfxh0BDX5","en","Tweet","Donald J. Trump","realDonaldTrump","38730153","12880","30189","1301","200368","5988","2024-12-06 13:04:20","https://x.com/realDonaldTrump/status/1864898649752272919","<a href=""http://twitter.com/download/iphone"" rel=""nofollow"">Twitter for iPhone</a>","","","video","https://video.twimg.com/amplify_video/1864898556223524864/vid/avc1/640x360/kVMw1NNxxp39ayVH.mp4?tag=16"
"1864358177728516252","I am delighted to nominate Jared Isaacman, an accomplished business leader, philanthropist, pilot, and astronaut, as Administrator of the National Aeronautics and Space Administration (NASA). Jared will drive NASA’s mission of discovery and inspiration, paving the way for groundbreaking achievements in Space science, technology, and exploration.
 
Over the past 25 years, as the Founder and CEO of Shift4, Jared has demonstrated exceptional leadership, building a trailblazing global financial technology company. He also co-founded and served as CEO of Draken International, a defense aerospace company, for over a decade, supporting the U.S. Department of Defense, and our Allies.
 
Jared’s passion for Space, astronaut experience, and dedication to pushing the boundaries of exploration, unlocking the mysteries of the universe, and advancing the new Space economy, make him ideally suited to lead NASA into a bold new Era.
 
Congratulations to Jared, his wife Monica, and their children, Mila and Liv!","en","Tweet","Donald J. Trump","realDonaldTrump","178128337","13734","28220","2100","239772","6498","2024-12-05 01:16:42","https://x.com/realDonaldTrump/status/1864358177728516252","<a href=""http://twitter.com/download/iphone"" rel=""nofollow"">Twitter for iPhone</a>","","","",""
"1863009545858998512","The idea that the BRICS Countries are trying to move away from the Dollar while we stand by and watch is OVER. We require a commitment from these Countries that they will neither create a new BRICS Currency, nor back any other Currency to replace the mighty U.S. Dollar or, they will face 100% Tariffs, and should expect to say goodbye to selling into the wonderful U.S. Economy. They can go find another “sucker!” There is no chance that the BRICS will replace the U.S. Dollar in International Trade, and any Country that tries should wave goodbye to America.","en","Tweet","Donald J. Trump","realDonaldTrump","113983164","53353","68419","24066","473886","27354","2024-12-01 07:57:43","https://x.com/realDonaldTrump/status/1863009545858998512","<a href=""http://twitter.com/download/iphone"" rel=""nofollow"">Twitter for iPhone</a>","","","",""
"1862281187600793830","https://t.co/FhHeS8WdrK","zxx","Tweet","Donald J. Trump","realDonaldTrump","88206973","21693","59047","9724","423205","37199","2024-11-29 07:43:29","https://x.com/realDonaldTrump/status/1862281187600793830","<a href=""http://twitter.com/download/iphone"" rel=""nofollow"">Twitter for iPhone</a>","","","video","https://video.twimg.com/amplify_video/1862281131728543744/vid/avc1/1280x720/gH8kGDkkA3xTF9H3.mp4?tag=16"
"1862127644222832894","Happy Thanksgiving to all, including to the Radical Left Lunatics who have worked so hard to destroy our Country, but who have miserably failed, and will always fail, because their ideas and policies are so hopelessly bad that the great people of our Nation just gave a landslide victory to those who want to MAKE AMERICA GREAT AGAIN! Don’t worry, our Country will soon be respected, productive, fair, and strong, and you will be, more than ever before, proud to be an American!","en","Tweet","Donald J. Trump","realDonaldTrump","93530122","47275","90499","11065","816106","19175","2024-11-28 21:33:21","https://x.com/realDonaldTrump/status/1862127644222832894","<a href=""http://twitter.com/download/iphone"" rel=""nofollow"">Twitter for iPhone</a>","","","",""
"1861148158128169007","These cases, like all of the other cases I have been forced to go through, are empty and lawless, and should never have been brought. Over $100 Million Dollars of Taxpayer Dollars has been wasted in the Democrat Party’s fight against their Political Opponent, ME. Nothing like this has ever happened in our Country before. They have also used State Prosecutors and District Attorneys, such as Fani Willis and her lover, Nathan Wade (who had absolutely zero experience in cases such as this, but was paid MILLIONS, enough for them to take numerous trips and cruises around the globe!), Letitia James, who inappropriately, unethically, and probably illegally, campaigned on “GETTING TRUMP” in order to win Political Office, and Alvin Bragg, who himself never wanted to bring this case against me, but was forced to do so by the Justice Department and the Democrat Party. It was a political hijacking, and a low point in the History of our Country that such a thing could have happened, and yet, I persevered, against all odds, and WON. MAKE AMERICA GREAT AGAIN!","en","Tweet","Donald J. Trump","realDonaldTrump","68373843","29341","61182","3403","389055","8048","2024-11-26 04:41:14","https://x.com/realDonaldTrump/status/1861148158128169007","<a href=""http://twitter.com/download/iphone"" rel=""nofollow"">Twitter for iPhone</a>","","","",""
"1859305952945557883","JUSTICE FOR LAKEN RILEY! The Illegal who killed our beloved Laken Riley was just found GUILTY on all counts for his horrific crimes. Although the pain and heartbreak will last forever, hopefully this can help bring some peace and closure to her wonderful family who fought for Justice, and to ensure that other families don’t have to go through what they have. We love you, Laken, and our hearts will always be with you. It is time to secure our Border, and remove these criminals and thugs from our Country, so nothing like this can happen again!","en","Tweet","Donald J. Trump","realDonaldTrump","48099387","19792","52434","2111","430657","5753","2024-11-21 02:40:58","https://x.com/realDonaldTrump/status/1859305952945557883","<a href=""http://twitter.com/download/iphone"" rel=""nofollow"">Twitter for iPhone</a>","","","",""
"1859295102000067005","The Democrats are trying to stack the Courts with Radical Left Judges on their way out the door. Republican Senators need to Show Up and Hold the Line — No more Judges confirmed before Inauguration Day!","en","Tweet","Donald J. Trump","realDonaldTrump","69336902","18925","55430","3188","301764","3717","2024-11-21 01:57:51","https://x.com/realDonaldTrump/status/1859295102000067005","<a href=""http://twitter.com/download/iphone"" rel=""nofollow"">Twitter for iPhone</a>","","","",""
"1858995829014753522",".@SpaceX Starship🚀🇺🇸🦅 https://t.co/hiliGwkW9p","en","Retweet","Dan Scavino Jr.🇺🇸🦅","DanScavino","8104386","3902","12181","537","71947","1951","2024-11-20 06:08:38","https://x.com/DanScavino/status/1858995829014753522","<a href=""http://twitter.com/download/iphone"" rel=""nofollow"">Twitter for iPhone</a>","","","video","https://video.twimg.com/amplify_video/1858995502530129922/vid/avc1/1080x1920/pPoJiqenAnsoIWIQ.mp4?tag=16"
"1857841326542434339","Watch Starship's sixth flight test → https://t.co/oIFc3u9laE https://t.co/acpdO2brbP","en","Retweet","SpaceX","SpaceX","18744059","4125","13189","1581","58722","5183","2024-11-17 01:41:03","https://x.com/SpaceX/status/1857841326542434339","<a href=""https://studio.twitter.com"" rel=""nofollow"">Twitter Media Studio</a>","","http://spacex.com/launches/mission/?missionId=starship-flight-6
https://x.com/i/broadcasts/1RDGlydZAeOJL","",""
"1858956663711256605","I’m heading to the Great State of Texas to watch the launch of the largest object ever to be elevated, not only to Space, but simply by lifting off the ground. Good luck to @ElonMusk and the Great Patriots involved in this incredible project!","en","Tweet","Donald J. Trump","realDonaldTrump","74752777","9036","29781","1439","266868","3661","2024-11-20 03:33:01","https://x.com/realDonaldTrump/status/1858956663711256605","<a href=""http://twitter.com/download/iphone"" rel=""nofollow"">Twitter for iPhone</a>","","","",""
"1858894148914606196","All systems and weather are looking good for today's flight test of Starship.

The live launch webcast on @X will go live ~40 minutes before liftoff, which is targeted for 4:00 p.m. CT → https://t.co/1xyLhQKE2N https://t.co/lqy2CsL4vz","en","Quoted","SpaceX","SpaceX","30207462","1164","4659","656","33006","1268","2024-11-19 23:24:36","https://x.com/SpaceX/status/1858894148914606196","<a href=""https://mobile.twitter.com"" rel=""nofollow"">Twitter Web App</a>","","http://x.com/SpaceX/status/1857841326542434339","photo","https://pbs.twimg.com/media/GcwaT2tbcAQ_1Qt.jpg
https://pbs.twimg.com/media/GcwaT2ta4AAx-iz.jpg
https://pbs.twimg.com/media/GcwaT2tbQAAnD7b.jpg
https://pbs.twimg.com/media/GcwaT2vbsAA6iw7.jpg"
"1858209912691572779","THANK YOU TO THE GREAT DANA WHITE AND #UFC309! https://t.co/0zsThFsyTD","en","Tweet","Donald J. Trump","realDonaldTrump","27659237","11049","38104","1355","338744","8708","2024-11-18 02:05:41","https://x.com/realDonaldTrump/status/1858209912691572779","<a href=""http://twitter.com/download/iphone"" rel=""nofollow"">Twitter for iPhone</a>","#UFC309","","video","https://video.twimg.com/amplify_video/1858209801672572928/vid/avc1/1920x1080/Sr-NMrT6xU5Ld5aO.mp4?tag=16"
"1857984297677771101","President @realDonaldTrump entering The World’s Most Famous Arena, Madison Square Garden—in New York City with @danawhite, @DonaldJTrumpJr, @EricTrump, @elonmusk, @RobertKennedyJr, @VivekGRamaswamy, @TulsiGabbard, @KidRock, and @SpeakerJohnson…

“THE MAN IN THE ARENA”
#POTUS4547 #UFC309","en","Retweet","Dan Scavino Jr.🇺🇸🦅","DanScavino","6242263","3296","12344","579","60320","2214","2024-11-17 11:09:10","https://x.com/DanScavino/status/1857984297677771101","<a href=""http://twitter.com/download/iphone"" rel=""nofollow"">Twitter for iPhone</a>","#POTUS4547, #UFC309","","video","https://video.twimg.com/amplify_video/1857983469772541952/vid/avc1/1080x1920/yWhPk9I6Bd3_IFL8.mp4?tag=16"
"1857755476378661190","“THEY SAID HE WAS DONE FOREVER” https://t.co/arqDRl9g6D","en","Tweet","Donald J. Trump","realDonaldTrump","23031022","12990","52245","3061","268617","13672","2024-11-16 19:59:55","https://x.com/realDonaldTrump/status/1857755476378661190","<a href=""http://twitter.com/download/iphone"" rel=""nofollow"">Twitter for iPhone</a>","","","video","https://video.twimg.com/amplify_video/1857755339191398400/vid/avc1/1280x720/-0IbhKqTs936PhrS.mp4?tag=16"
"1857170020427595797","I am thrilled to announce Robert F. Kennedy Jr. as The United States Secretary of Health and Human Services (HHS). For too long, Americans have been crushed by the industrial food complex and drug companies who have engaged in deception, misinformation, and disinformation when it comes to Public Health. The Safety and Health of all Americans is the most important role of any Administration, and HHS will play a big role in helping ensure that everybody will be protected from harmful chemicals, pollutants, pesticides, pharmaceutical products, and food additives that have contributed to the overwhelming Health Crisis in this Country. Mr. Kennedy will restore these Agencies to the traditions of Gold Standard Scientific Research, and beacons of Transparency, to end the Chronic Disease epidemic, and to Make America Great and Healthy Again!","en","Tweet","Donald J. Trump","realDonaldTrump","159451538","47245","120203","24159","834714","23906","2024-11-15 05:13:32","https://x.com/realDonaldTrump/status/1857170020427595797","<a href=""http://twitter.com/download/iphone"" rel=""nofollow"">Twitter for iPhone</a>","","","",""
"1856897697795457319","https://t.co/aXDfu4Q4md","zxx","Tweet","Donald J. Trump","realDonaldTrump","18372228","8548","28940","1311","182820","5941","2024-11-14 11:11:25","https://x.com/realDonaldTrump/status/1856897697795457319","<a href=""http://twitter.com/download/iphone"" rel=""nofollow"">Twitter for iPhone</a>","","","video","https://video.twimg.com/amplify_video/1856897463451324417/vid/avc1/1920x1080/Jo3-_gGB8uMlm1it.mp4?tag=16"
"1856810027937599512","https://t.co/vubA3ICEyG","zxx","Tweet","Donald J. Trump","realDonaldTrump","24659871","11959","25492","2041","184017","3666","2024-11-14 05:23:03","https://x.com/realDonaldTrump/status/1856810027937599512","<a href=""http://twitter.com/download/iphone"" rel=""nofollow"">Twitter for iPhone</a>","","","photo","https://pbs.twimg.com/media/GcS24KeXUAA6QeE.jpg"
"1856809713331310947","https://t.co/4lCRczNHDo","zxx","Tweet","Donald J. Trump","realDonaldTrump","22258985","4924","22625","1197","178186","3531","2024-11-14 05:21:48","https://x.com/realDonaldTrump/status/1856809713331310947","<a href=""http://twitter.com/download/iphone"" rel=""nofollow"">Twitter for iPhone</a>","","","photo","https://pbs.twimg.com/media/GcS2l9FW8AA_ZHn.jpg"
"1856809653939966031","https://t.co/sB5cqjtqM4","zxx","Tweet","Donald J. Trump","realDonaldTrump","10193984","4757","12393","682","79362","1775","2024-11-14 05:21:34","https://x.com/realDonaldTrump/status/1856809653939966031","<a href=""http://twitter.com/download/iphone"" rel=""nofollow"">Twitter for iPhone</a>","","","photo","https://pbs.twimg.com/media/GcS2ig-WoAARQ-P.jpg"
"1856809593432612949","https://t.co/jCNiai0hKc","zxx","Tweet","Donald J. Trump","realDonaldTrump","12375752","2458","15392","309","91313","1770","2024-11-14 05:21:19","https://x.com/realDonaldTrump/status/1856809593432612949","<a href=""http://twitter.com/download/iphone"" rel=""nofollow"">Twitter for iPhone</a>","","","photo","https://pbs.twimg.com/media/GcS2e-ZXUAAGYyz.jpg"
"1856687752143900689","Thank you — So beautiful!!! https://t.co/zPLgq08xIv","en","Tweet","Donald J. Trump","realDonaldTrump","48007118","10313","34581","1629","469404","2788","2024-11-13 21:17:10","https://x.com/realDonaldTrump/status/1856687752143900689","<a href=""http://twitter.com/download/iphone"" rel=""nofollow"">Twitter for iPhone</a>","","","photo","https://pbs.twimg.com/media/GcRHqJ5bYAAxxrP.jpg"
"1856658569124262092","https://t.co/042NfHZOQU","zxx","Tweet","Donald J. Trump","realDonaldTrump","34792684","8410","33690","4969","296788","9454","2024-11-13 19:21:12","https://x.com/realDonaldTrump/status/1856658569124262092","<a href=""http://twitter.com/download/iphone"" rel=""nofollow"">Twitter for iPhone</a>","","","photo","https://pbs.twimg.com/media/GcQtIO_XAAAzUUQ.jpg"
"1856658486878228981","https://t.co/fPSZoe9S5c","zxx","Tweet","Donald J. Trump","realDonaldTrump","20550930","3906","21326","711","149757","3056","2024-11-13 19:20:52","https://x.com/realDonaldTrump/status/1856658486878228981","<a href=""http://twitter.com/download/iphone"" rel=""nofollow"">Twitter for iPhone</a>","","","photo","https://pbs.twimg.com/media/GcQtDdhW4AA3zvv.jpg"
"1856658367055310981","https://t.co/jVxEwyJkzO","zxx","Tweet","Donald J. Trump","realDonaldTrump","17876061","7093","21994","852","170712","3068","2024-11-13 19:20:24","https://x.com/realDonaldTrump/status/1856658367055310981","<a href=""http://twitter.com/download/iphone"" rel=""nofollow"">Twitter for iPhone</a>","","","photo","https://pbs.twimg.com/media/GcQs8dBXMAAte4T.jpg"
"1856657947524296816","https://t.co/aKvxTVik9J","zxx","Tweet","Donald J. Trump","realDonaldTrump","8440641","1940","10883","263","67400","1195","2024-11-13 19:18:44","https://x.com/realDonaldTrump/status/1856657947524296816","<a href=""http://twitter.com/download/iphone"" rel=""nofollow"">Twitter for iPhone</a>","","","photo","https://pbs.twimg.com/media/GcQsj6PWQAAHou8.jpg"
"1856657768410681625","https://t.co/InjOBZ4Xpn","zxx","Tweet","Donald J. Trump","realDonaldTrump","7095986","1651","12228","180","76550","1167","2024-11-13 19:18:01","https://x.com/realDonaldTrump/status/1856657768410681625","<a href=""http://twitter.com/download/iphone"" rel=""nofollow"">Twitter for iPhone</a>","","","photo","https://pbs.twimg.com/media/GcQsZquXoAAFDU5.jpg"
"1856657706255356191","https://t.co/iG62GDzXZ9","zxx","Tweet","Donald J. Trump","realDonaldTrump","9090141","2888","12813","383","87759","1455","2024-11-13 19:17:46","https://x.com/realDonaldTrump/status/1856657706255356191","<a href=""http://twitter.com/download/iphone"" rel=""nofollow"">Twitter for iPhone</a>","","","photo","https://pbs.twimg.com/media/GcQsVwtXAAAxLYU.jpg"
"1856466759546745256","https://t.co/vjRLqAVGde","zxx","Tweet","Donald J. Trump","realDonaldTrump","24993362","7185","40163","2467","408791","10154","2024-11-13 06:39:01","https://x.com/realDonaldTrump/status/1856466759546745256","<a href=""http://twitter.com/download/iphone"" rel=""nofollow"">Twitter for iPhone</a>","","","video","https://video.twimg.com/amplify_video/1856466404578557952/vid/avc1/720x1280/pWTtEF5qL8u8PW-1.mp4?tag=16"
"1856461682572414992","https://t.co/GfHUFsRnv3","zxx","Tweet","Donald J. Trump","realDonaldTrump","9811777","4644","14298","502","88932","1738","2024-11-13 06:18:51","https://x.com/realDonaldTrump/status/1856461682572414992","<a href=""http://twitter.com/download/iphone"" rel=""nofollow"">Twitter for iPhone</a>","","","photo","https://pbs.twimg.com/media/GcN6DGoasAAQgNv.jpg"
"1856461126546129078","https://t.co/dhQSAED9pJ","zxx","Tweet","Donald J. Trump","realDonaldTrump","23884790","7736","23655","1977","223502","5075","2024-11-13 06:16:38","https://x.com/realDonaldTrump/status/1856461126546129078","<a href=""http://twitter.com/download/iphone"" rel=""nofollow"">Twitter for iPhone</a>","","","photo","https://pbs.twimg.com/media/GcN5jDJbMAATBzi.jpg"
"1856460949223563378","https://t.co/0C8DjDtqo5","zxx","Tweet","Donald J. Trump","realDonaldTrump","16923551","3168","15255","449","123280","1984","2024-11-13 06:15:56","https://x.com/realDonaldTrump/status/1856460949223563378","<a href=""http://twitter.com/download/iphone"" rel=""nofollow"">Twitter for iPhone</a>","","","photo","https://pbs.twimg.com/media/GcN5YqHasAIckwe.jpg"
"1856460881795920190","https://t.co/iSL3XQbHul","zxx","Tweet","Donald J. Trump","realDonaldTrump","13577778","6182","15869","522","117901","3511","2024-11-13 06:15:40","https://x.com/realDonaldTrump/status/1856460881795920190","<a href=""http://twitter.com/download/iphone"" rel=""nofollow"">Twitter for iPhone</a>","","","photo","https://pbs.twimg.com/media/GcN5UmGasAIagUK.jpg"
"1856040461951013109","https://t.co/qH4jDmLF9h","zxx","Tweet","Donald J. Trump","realDonaldTrump","44557934","22721","63934","2484","738119","5646","2024-11-12 02:25:04","https://x.com/realDonaldTrump/status/1856040461951013109","<a href=""http://twitter.com/download/iphone"" rel=""nofollow"">Twitter for iPhone</a>","","","photo","https://pbs.twimg.com/media/GcH69okW0AAfnKG.jpg"
"1855736016025551351","HAPPY 249TH BIRTHDAY TO OUR GREAT U.S. MARINES!!!","en","Tweet","Donald J. Trump","realDonaldTrump","41067725","9620","41333","1326","363469","3741","2024-11-11 06:15:18","https://x.com/realDonaldTrump/status/1855736016025551351","<a href=""http://twitter.com/download/iphone"" rel=""nofollow"">Twitter for iPhone</a>","","","",""
"1855611449889972410","Happy Birthday, Marines! 

Today, we celebrate 249 years of unmatched courage, unwavering dedication, and a legacy of service that has shaped our nation’s history. https://t.co/7H5dqpjo0z","en","Quoted","U.S. Marines","USMC","105636638","2809","10641","2197","46784","1902","2024-11-10 22:00:19","https://x.com/USMC/status/1855611449889972410","<a href=""https://prod1.sprinklr.com"" rel=""nofollow"">Sprinklr Publishing</a>","","","video","https://video.twimg.com/amplify_video/1855611373012549633/vid/avc1/1080x1920/AAIRDeY2e1lXn5Sl.mp4?tag=16"
"1855692242981155259","Any Republican Senator seeking the coveted LEADERSHIP position in the United States Senate must agree to Recess Appointments (in the Senate!), without which we will not be able to get people confirmed in a timely manner. Sometimes the votes can take two years, or more. This is what they did four years ago, and we cannot let it happen again. We need positions filled IMMEDIATELY! Additionally, no Judges should be approved during this period of time because the Democrats are looking to ram through their Judges as the Republicans fight over Leadership. THIS IS NOT ACCEPTABLE. THANK YOU!","en","Tweet","Donald J. Trump","realDonaldTrump","78360898","17586","70401","3948","369241","8724","2024-11-11 03:21:22","https://x.com/realDonaldTrump/status/1855692242981155259","<a href=""http://twitter.com/download/iphone"" rel=""nofollow"">Twitter for iPhone</a>","","","",""
"1855404088734945765","I am very surprised that the Democrats, who fought a hard and valiant fight in the 2020 Presidential Election, raising a record amount of money, didn’t have lots of $’s left over. Now they are being squeezed by vendors and others. Whatever we can do to help them during this difficult period, I would strongly recommend we, as a Party and for the sake of desperately needed UNITY, do. We have a lot of money left over in that our biggest asset in the campaign was “Earned Media,” and that doesn’t cost very much. MAKE AMERICA GREAT AGAIN!","en","Tweet","Donald J. Trump","realDonaldTrump","69206781","52530","54906","7317","554502","17353","2024-11-10 08:16:21","https://x.com/realDonaldTrump/status/1855404088734945765","<a href=""http://twitter.com/download/iphone"" rel=""nofollow"">Twitter for iPhone</a>","","","",""
"1854546155381617119","They say red light helps you sleep better https://t.co/XvVFnmcF9O","en","Retweet","Elon Musk","elonmusk","146665380","58099","170826","12769","1630328","54961","2024-11-07 23:27:13","https://x.com/elonmusk/status/1854546155381617119","<a href=""http://twitter.com/download/iphone"" rel=""nofollow"">Twitter for iPhone</a>","","","photo","https://pbs.twimg.com/media/Gbyr5aUXYB4swH7.jpg"
"1853995861497307624","California - 1 More Hour!

Polls are open until 8:00 PM local. If you are in line by the cutoff they must let you vote.

GO NOW and STAY IN LINE!

Find your voting location at the link below!

https://t.co/czQRkZmr59","en","Tweet","Donald J. Trump","realDonaldTrump","33207323","19566","20988","1174","196022","1523","2024-11-06 11:00:33","https://x.com/realDonaldTrump/status/1853995861497307624","<a href=""http://twitter.com/download/iphone"" rel=""nofollow"">Twitter for iPhone</a>","","http://SwampTheVoteUSA.com","",""
"1853958758654726398","HI REPUBLICANS! IF YOU’RE IN LINE—STAY IN LINE… https://t.co/5vEA2kXZXU","en","Retweet","Donald J. Trump","realDonaldTrump","70721653","31112","96092","4705","1027890","13743","2024-11-06 08:33:07","https://x.com/realDonaldTrump/status/1853958758654726398","<a href=""http://twitter.com/download/iphone"" rel=""nofollow"">Twitter for iPhone</a>","","","video","https://video.twimg.com/amplify_video/1853958659971104770/vid/avc1/1080x1920/Wdo_xPLBS_TotQyQ.mp4?tag=16"
"1853980946002821617","Montana - 1 More Hour!

Polls are open until 8:00 PM local.

If you are in line by the cutoff they must let you vote.

GO NOW and STAY IN LINE!

Find your voting location at the link below!

https://t.co/czQRkZmr59","en","Tweet","Donald J. Trump","realDonaldTrump","16337287","3782","11936","238","85150","480","2024-11-06 10:01:17","https://x.com/realDonaldTrump/status/1853980946002821617","<a href=""http://twitter.com/download/iphone"" rel=""nofollow"">Twitter for iPhone</a>","","http://SwampTheVoteUSA.com","",""
"1853980907041882307","Nevada - 1 More Hour!

Polls are open until 7:00 PM local. If you are in line by the cutoff they must let you vote.

GO NOW and STAY IN LINE!

Find your voting location at the link below!
https://t.co/czQRkZmr59","en","Tweet","Donald J. Trump","realDonaldTrump","13899211","2746","12761","210","80122","450","2024-11-06 10:01:08","https://x.com/realDonaldTrump/status/1853980907041882307","<a href=""http://twitter.com/download/iphone"" rel=""nofollow"">Twitter for iPhone</a>","","http://SwampTheVoteUSA.com","",""
"1853977454685356105","Pennsylvania - Cambria County polling hours have been EXTENDED to 10pm, and Laflin Borough polling hours have been EXTENDED to 9:30pm. STAY IN LINE AND VOTE! https://t.co/czQRkZmYUH","en","Tweet","Donald J. Trump","realDonaldTrump","16379399","3820","21953","502","128164","855","2024-11-06 09:47:25","https://x.com/realDonaldTrump/status/1853977454685356105","<a href=""http://twitter.com/download/iphone"" rel=""nofollow"">Twitter for iPhone</a>","","http://SwampTheVoteUSA.com","",""
"1853952446298812619","GET OUT AND VOTE—STILL TIME LEFT! https://t.co/czQRkZmYUH https://t.co/ZuF4Txvujp","en","Retweet","Donald J. Trump","realDonaldTrump","27123857","7079","24087","817","220909","1620","2024-11-06 08:08:02","https://x.com/realDonaldTrump/status/1853952446298812619","<a href=""http://twitter.com/download/iphone"" rel=""nofollow"">Twitter for iPhone</a>","","http://SwampTheVoteUSA.com","video","https://video.twimg.com/amplify_video/1853952394721189895/vid/avc1/640x360/ybWpiAFgV7Ot29yC.mp4?tag=16"
"1853966006407872709","Wisconsin - 1 More Hour!

Polls are open until 8:00 PM local.

If you are in line by the cutoff they must let you vote.

GO NOW and STAY IN LINE!

Find your voting location at the link below!

https://t.co/czQRkZmr59","en","Tweet","Donald J. Trump","realDonaldTrump","10423400","2773","12633","259","76742","422","2024-11-06 09:01:55","https://x.com/realDonaldTrump/status/1853966006407872709","<a href=""http://twitter.com/download/iphone"" rel=""nofollow"">Twitter for iPhone</a>","","http://SwampTheVoteUSA.com","",""
"1853965831736098953","Arizona - 1 More Hour!

Polls are open until 7:00 PM local. If you are in line by the cutoff they must let you vote.

GO NOW and STAY IN LINE!

Find your voting location at the link below!https://t.co/czQRkZmr59","en","Tweet","Donald J. Trump","realDonaldTrump","8465035","1711","9728","177","58787","347","2024-11-06 09:01:13","https://x.com/realDonaldTrump/status/1853965831736098953","<a href=""http://twitter.com/download/iphone"" rel=""nofollow"">Twitter for iPhone</a>","","http://SwampTheVoteUSA.com","",""
"1853965539313582230","Michigan - 1 More Hour!

Polls are open until 8:00 PM local.

If you are in line by the cutoff they must let you vote!

GO NOW and STAY IN LINE!

Find your voting location at the link below!

https://t.co/czQRkZmYUH","en","Tweet","Donald J. Trump","realDonaldTrump","7586018","1966","9813","179","57085","301","2024-11-06 09:00:04","https://x.com/realDonaldTrump/status/1853965539313582230","<a href=""http://twitter.com/download/iphone"" rel=""nofollow"">Twitter for iPhone</a>","","http://SwampTheVoteUSA.com","",""
"1853965479355838921","New York - 1 More Hour!

Polls are open until 9:00 PM local.

If you are in line by the cutoff they must let you vote.

GO NOW and STAY IN LINE!

Find your voting location at the link below! https://t.co/czQRkZmr59","en","Tweet","Donald J. Trump","realDonaldTrump","7409575","1712","10909","210","58048","352","2024-11-06 08:59:49","https://x.com/realDonaldTrump/status/1853965479355838921","<a href=""http://twitter.com/download/iphone"" rel=""nofollow"">Twitter for iPhone</a>","","http://SwampTheVoteUSA.com","",""
"1853965449483964485","Iowa - 1 More Hour!

Polls are open until 8:00 PM local.

If you are in line by the cutoff they must let you vote.

GO NOW and STAY IN LINE!

Find your voting location at the link below!

https://t.co/czQRkZmr59","en","Tweet","Donald J. Trump","realDonaldTrump","6517801","1431","8505","126","48417","272","2024-11-06 08:59:42","https://x.com/realDonaldTrump/status/1853965449483964485","<a href=""http://twitter.com/download/iphone"" rel=""nofollow"">Twitter for iPhone</a>","","http://SwampTheVoteUSA.com","",""
"1853958758654726398","HI REPUBLICANS! IF YOU’RE IN LINE—STAY IN LINE… https://t.co/5vEA2kXZXU","en","Tweet","Donald J. Trump","realDonaldTrump","70721653","31112","96092","4705","1027890","13743","2024-11-06 08:33:07","https://x.com/realDonaldTrump/status/1853958758654726398","<a href=""http://twitter.com/download/iphone"" rel=""nofollow"">Twitter for iPhone</a>","","","video","https://video.twimg.com/amplify_video/1853958659971104770/vid/avc1/1080x1920/Wdo_xPLBS_TotQyQ.mp4?tag=16"
"1853952446298812619","GET OUT AND VOTE—STILL TIME LEFT! https://t.co/czQRkZmYUH https://t.co/ZuF4Txvujp","en","Tweet","Donald J. Trump","realDonaldTrump","27123857","7079","24087","817","220909","1620","2024-11-06 08:08:02","https://x.com/realDonaldTrump/status/1853952446298812619","<a href=""http://twitter.com/download/iphone"" rel=""nofollow"">Twitter for iPhone</a>","","http://SwampTheVoteUSA.com","video","https://video.twimg.com/amplify_video/1853952394721189895/vid/avc1/640x360/ybWpiAFgV7Ot29yC.mp4?tag=16"
"1853950660628062638","Maine - 1 More Hour!

Polls are open until 8:00 PM local.

If you are in line by the cutoff they must let you vote.

Maine has Ranked Choice Voting.  Vote Trump First Choice every round! GO NOW and STAY IN LINE!

Find your voting location: https://t.co/czQRkZmr59","en","Tweet","Donald J. Trump","realDonaldTrump","8730562","2457","15569","285","83156","462","2024-11-06 08:00:56","https://x.com/realDonaldTrump/status/1853950660628062638","<a href=""http://twitter.com/download/iphone"" rel=""nofollow"">Twitter for iPhone</a>","","http://SwampTheVoteUSA.com","",""
"1853950446332760144","Pennsylvania - 1 More Hour!

Polls are open until 8:00 PM local.

Open until 10:00 PM in Cambria County ONLY.

If you are in line by the cutoff they must let you vote.

GO NOW and STAY IN LINE!

Find your voting location at the link below!

https://t.co/czQRkZmr59","en","Tweet","Donald J. Trump","realDonaldTrump","10413920","2530","18486","358","107775","582","2024-11-06 08:00:05","https://x.com/realDonaldTrump/status/1853950446332760144","<a href=""http://twitter.com/download/iphone"" rel=""nofollow"">Twitter for iPhone</a>","","http://SwampTheVoteUSA.com","",""
"1853946933490155903","https://t.co/b4fRNCt5SM","zxx","Tweet","Donald J. Trump","realDonaldTrump","27125697","7744","29494","981","282781","2929","2024-11-06 07:46:08","https://x.com/realDonaldTrump/status/1853946933490155903","<a href=""http://twitter.com/download/iphone"" rel=""nofollow"">Twitter for iPhone</a>","","","video","https://video.twimg.com/amplify_video/1853946851902328838/vid/avc1/576x1024/oT1brFvuS6Ba-iYm.mp4?tag=16"
"1853913978130563131","https://t.co/PH2h2teIIO","zxx","Tweet","Donald J. Trump","realDonaldTrump","40551044","12545","67404","3425","537648","12941","2024-11-06 05:35:11","https://x.com/realDonaldTrump/status/1853913978130563131","<a href=""http://twitter.com/download/iphone"" rel=""nofollow"">Twitter for iPhone</a>","","","video","https://video.twimg.com/amplify_video/1853446877905088512/vid/avc1/1278x720/REBaqUG61SHbpjZC.mp4?tag=16"
"1853899971054993699","https://t.co/BDohSqF4Z9","zxx","Tweet","Donald J. Trump","realDonaldTrump","22133081","5234","33780","1151","222121","6466","2024-11-06 04:39:31","https://x.com/realDonaldTrump/status/1853899971054993699","<a href=""http://twitter.com/download/iphone"" rel=""nofollow"">Twitter for iPhone</a>","","","video","https://video.twimg.com/amplify_video/1853899918202580992/vid/avc1/640x360/2bxwksJOTg1qh6c1.mp4?tag=16"
"1853897238361104489","STAY IN LINE—TOO BIG TO RIG! https://t.co/N3xUNg0g4H","en","Tweet","Donald J. Trump","realDonaldTrump","13460633","3665","24602","645","133300","893","2024-11-06 04:28:40","https://x.com/realDonaldTrump/status/1853897238361104489","<a href=""http://twitter.com/download/iphone"" rel=""nofollow"">Twitter for iPhone</a>","","http://ProtectTheVote.com","",""
"1853891159074242994","https://t.co/1ig82Uccji","zxx","Tweet","Donald J. Trump","realDonaldTrump","25383896","6368","31905","951","213818","2225","2024-11-06 04:04:30","https://x.com/realDonaldTrump/status/1853891159074242994","<a href=""http://twitter.com/download/iphone"" rel=""nofollow"">Twitter for iPhone</a>","","","video","https://video.twimg.com/amplify_video/1853891110298357761/vid/avc1/576x1024/bNqIeXBit2ItQP06.mp4?tag=16"
"1853860800047227317","Republicans: We are doing GREAT! Stay on Line. Do not let them move you. STAY ON LINE AND VOTE!","en","Quoted","Donald J. Trump","realDonaldTrump","98306090","18603","86206","5856","867778","7066","2024-11-06 02:03:52","https://x.com/realDonaldTrump/status/1853860800047227317","<a href=""http://twitter.com/download/iphone"" rel=""nofollow"">Twitter for iPhone</a>","","","",""
"1853875592426643930","If you want to see me in Washington, DC, VOTE FOR PRESIDENT TRUMP. 🇺🇸","en","Retweet","Robert F. Kennedy Jr","RobertKennedyJr","11134077","5969","37742","1148","335564","1679","2024-11-06 03:02:39","https://x.com/RobertKennedyJr/status/1853875592426643930","<a href=""http://twitter.com/download/iphone"" rel=""nofollow"">Twitter for iPhone</a>","","","",""
"1853865204855042187","Your vote will lead us to Greatness.

Your vote will unleash a new GOLDEN AGE!

Your vote will MAKE AMERICA GREAT AGAIN! GREATER THAN EVER BEFORE!

VOTE TRUMP!

#VotedForTrump #Election2024 https://t.co/L4KGAUA7KQ","en","Tweet","Donald J. Trump","realDonaldTrump","42445522","54841","71302","4961","587654","12406","2024-11-06 02:21:22","https://x.com/realDonaldTrump/status/1853865204855042187","<a href=""http://twitter.com/download/iphone"" rel=""nofollow"">Twitter for iPhone</a>","#VotedForTrump, #Election2024","","video","https://video.twimg.com/amplify_video/1853865141646848000/vid/avc1/1280x720/3EFzPsKm55RRvkMQ.mp4?tag=16"
"1853862784464794040","https://t.co/k6jz59fnsE","zxx","Tweet","Donald J. Trump","realDonaldTrump","13965380","5526","37231","1176","167997","1842","2024-11-06 02:11:45","https://x.com/realDonaldTrump/status/1853862784464794040","<a href=""http://twitter.com/download/iphone"" rel=""nofollow"">Twitter for iPhone</a>","","","photo","https://pbs.twimg.com/media/Gbo-YM0WcAAfKWl.jpg"
"1853861767731905021","TODAY is our last chance to defeat the corrupt establishment. GET OUT AND VOTE! https://t.co/rexA4e363N","en","Tweet","Donald J. Trump","realDonaldTrump","27240649","9669","48487","2204","364922","6738","2024-11-06 02:07:43","https://x.com/realDonaldTrump/status/1853861767731905021","<a href=""http://twitter.com/download/iphone"" rel=""nofollow"">Twitter for iPhone</a>","","","video","https://video.twimg.com/amplify_video/1853861378064269312/vid/avc1/1920x1080/9fiPGFddc2iv1Qkp.mp4?tag=16"
"1853860800047227317","Republicans: We are doing GREAT! Stay on Line. Do not let them move you. STAY ON LINE AND VOTE!","en","Tweet","Donald J. Trump","realDonaldTrump","98306090","18603","86206","5856","867778","7066","2024-11-06 02:03:52","https://x.com/realDonaldTrump/status/1853860800047227317","<a href=""http://twitter.com/download/iphone"" rel=""nofollow"">Twitter for iPhone</a>","","","",""
"1853809363149852915","It is now officially ELECTION DAY! This will be the most important day in American History.

Voter enthusiasm is THROUGH THE ROOF because people want to Make America Great Again. That means lines are going to be long!

I need you to deliver your vote no matter how long it takes. STAY IN LINE! 

The Radical Communist Democrats want you to pack up and go home. 

Together, we are going to have a tremendous victory and MAKE AMERICA GREAT AGAIN!","en","Tweet","Donald J. Trump","realDonaldTrump","48812102","29200","85901","4133","655791","7534","2024-11-05 22:39:28","https://x.com/realDonaldTrump/status/1853809363149852915","<a href=""http://twitter.com/download/iphone"" rel=""nofollow"">Twitter for iPhone</a>","","","",""
"1853766064082976848","https://t.co/gacImboG5S","zxx","Tweet","Donald J. Trump","realDonaldTrump","28683488","7702","46106","2336","321225","7922","2024-11-05 19:47:25","https://x.com/realDonaldTrump/status/1853766064082976848","<a href=""http://twitter.com/download/iphone"" rel=""nofollow"">Twitter for iPhone</a>","","","video","https://video.twimg.com/amplify_video/1853765998416924673/vid/avc1/1280x720/MuxSnEAOB-qLApHK.mp4?tag=16"
"1853698717691297804","A GREAT DAY IN NORTH CAROLINA, PENNSYLVANIA, AND MICHIGAN—THANK YOU! 

IT’S TIME TO GET OUT AND VOTE—SO TOGETHER, WE CAN MAKE AMERICA GREAT AGAIN!!! https://t.co/QrckeupQKi https://t.co/eQisvQHxMZ","en","Tweet","Donald J. Trump","realDonaldTrump","12301509","5839","26319","639","181510","1839","2024-11-05 15:19:49","https://x.com/realDonaldTrump/status/1853698717691297804","<a href=""http://twitter.com/download/iphone"" rel=""nofollow"">Twitter for iPhone</a>","","http://SwampTheVote.com","video","https://video.twimg.com/amplify_video/1853698592701132800/vid/avc1/1366x720/e3nyM4ysGOP-QEEA.mp4?tag=16"
"1853666987328893045","LIVE: President Trump in Grand Rapids, #Michigan 

Text TRUMP to 88022 https://t.co/WosfSV3ezw","en","Retweet","Team Trump (Text TRUMP to 88022)","TeamTrump","3011685","1159","5254","145","24893","474","2024-11-05 13:13:43","https://x.com/TeamTrump/status/1853666987328893045","<a href=""https://studio.twitter.com"" rel=""nofollow"">Twitter Media Studio</a>","#Michigan","https://x.com/i/broadcasts/1gqxvNOgpMRxB","",""
"1853658523994841381","Thank you @MegynKelly, a great honor! https://t.co/8vIpEedd02","en","Tweet","Donald J. Trump","realDonaldTrump","19628728","5910","27541","779","290362","3946","2024-11-05 12:40:06","https://x.com/realDonaldTrump/status/1853658523994841381","<a href=""http://twitter.com/download/iphone"" rel=""nofollow"">Twitter for iPhone</a>","","","video","https://video.twimg.com/ext_tw_video/1853619759159431168/pu/vid/avc1/1280x720/TEbgFrC_iQFOD1Kt.mp4?tag=12"
"1853604263982711137","THE GREATEST MOVEMENT IN POLITICAL HISTORY.

VOTE, VOTE, VOTE!
https://t.co/vzPdKfzA42","en","Retweet","Trump War Room","TrumpWarRoom","2663636","1154","5705","140","31823","536","2024-11-05 09:04:29","https://x.com/TrumpWarRoom/status/1853604263982711137","<a href=""https://mobile.twitter.com"" rel=""nofollow"">Twitter Web App</a>","","","video","https://video.twimg.com/amplify_video/1853603407786856448/vid/avc1/1920x1080/UVtcACuW69-qZaVF.mp4?tag=16"
"1853613573886390320","President Trump thanks his children at his last Pennsylvania campaign rally. ❤️ https://t.co/sWYNLzLcZk","en","Retweet","Trump War Room","TrumpWarRoom","2599333","1178","5509","107","35622","599","2024-11-05 09:41:29","https://x.com/TrumpWarRoom/status/1853613573886390320","<a href=""https://mobile.twitter.com"" rel=""nofollow"">Twitter Web App</a>","","","video","https://video.twimg.com/ext_tw_video/1853613525282746368/pu/vid/avc1/1280x720/RgdvM8Q3ja10brYM.mp4?tag=12"
"1853652137865056365","Thank you for your endorsement, Joe Rogan—A great honor! https://t.co/0XQUtMgn9b","en","Tweet","Donald J. Trump","realDonaldTrump","33571069","8379","71195","1400","685635","8745","2024-11-05 12:14:43","https://x.com/realDonaldTrump/status/1853652137865056365","<a href=""http://twitter.com/download/iphone"" rel=""nofollow"">Twitter for iPhone</a>","","","video","https://video.twimg.com/amplify_video/1853651487458725888/vid/avc1/720x1280/-RUSMUhTqQZeMUew.mp4?tag=16"
"1853650184724770855","Roberto Clemente, the Pride of Puerto Rico, was one of the greatest baseball players in history, and also a tremendous humanitarian. He gave his life helping others, dying in a plane crash while delivering relief supplies to earthquake victims on New Year’s Eve 1972. He remains a legend in Puerto Rico and in Pittsburgh. It was my pleasure to talk about his legacy with his oldest son, Roberto Jr., at our rally in Pittsburgh. It’s wonderful to have his support.","en","Tweet","Donald J. Trump","realDonaldTrump","15403718","4693","29856","671","210392","2469","2024-11-05 12:06:57","https://x.com/realDonaldTrump/status/1853650184724770855","<a href=""http://twitter.com/download/iphone"" rel=""nofollow"">Twitter for iPhone</a>","","","photo","https://pbs.twimg.com/media/Gbl8_nMaoAAY0CN.jpg"
"1853649484686790946","A great honor, from a great fighter. Thank you!","en","Tweet","Donald J. Trump","realDonaldTrump","38902628","3195","26269","335","335150","2854","2024-11-05 12:04:10","https://x.com/realDonaldTrump/status/1853649484686790946","<a href=""http://twitter.com/download/iphone"" rel=""nofollow"">Twitter for iPhone</a>","","","",""
"1853643318787268689","Growing up Democrat and starting to understand the state of politics over the last few decades I know how I want to live and how I want to raise my family ⁦@realDonaldTrump⁩ https://t.co/UdGb73IegZ","en","Quoted","KAMARU USMAN","USMAN84kg","42239945","3554","10787","1963","113678","1581","2024-11-05 11:39:40","https://x.com/USMAN84kg/status/1853643318787268689","<a href=""http://twitter.com/download/iphone"" rel=""nofollow"">Twitter for iPhone</a>","","","photo","https://pbs.twimg.com/media/Gbl2xiqWgAAs8vw.jpg"
"1853636169684378033","THANK YOU PITTSBURGH, PENNSYLVANIA! I WILL END INFLATION, I WILL STOP THE INVASION OF CRIMINALS COMING ACROSS OUR BORDER, I WILL STRENGTHEN OUR MILITARY, I WILL RESTORE PEACE IN THE WORLD, and I WILL RESCUE THE AMERICAN DREAM! https://t.co/cy4NOa5J7k","en","Tweet","Donald J. Trump","realDonaldTrump","33250309","13468","63385","2097","592172","5831","2024-11-05 11:11:16","https://x.com/realDonaldTrump/status/1853636169684378033","<a href=""http://twitter.com/download/iphone"" rel=""nofollow"">Twitter for iPhone</a>","","","video","https://video.twimg.com/amplify_video/1853628411962388480/vid/avc1/1280x720/mmB5Z9ElyoOkRTpc.mp4?tag=14"
"1853588107787940229","Tomorrow is our last chance to defeat the corrupt establishment. GET OUT AND VOTE! #FightForAmerica https://t.co/czQRkZmr59 https://t.co/vKF0bXhBnb","en","Tweet","Donald J. Trump","realDonaldTrump","19957625","10712","41792","1979","204386","4425","2024-11-05 08:00:17","https://x.com/realDonaldTrump/status/1853588107787940229","<a href=""http://twitter.com/download/iphone"" rel=""nofollow"">Twitter for iPhone</a>","#FightForAmerica","http://SwampTheVoteUSA.com","video","https://video.twimg.com/amplify_video/1853587861519433728/vid/avc1/1920x1080/sV3QIHYknVHuhyay.mp4?tag=16"
"1853571107439399155","We are building the biggest and broadest coalition in American Political History. This includes record-breaking numbers of Arab and Muslim Voters in Michigan who want PEACE. They know Kamala and her warmonger Cabinet will invade the Middle East, get millions of Muslims killed, and start World War III. VOTE TRUMP, AND BRING BACK PEACE!","en","Tweet","Donald J. Trump","realDonaldTrump","30182661","9242","39861","2429","240779","4437","2024-11-05 06:52:44","https://x.com/realDonaldTrump/status/1853571107439399155","<a href=""http://twitter.com/download/iphone"" rel=""nofollow"">Twitter for iPhone</a>","","","",""
"1853570492805881884","THANK YOU—READING, PENNSYLVANIA! 

We are just ONE DAY away from the best jobs, the biggest paychecks, and the brightest economic future the world has ever seen—but you must get out and VOTE! #FightForAmerica https://t.co/RVLfXUTwYY","en","Tweet","Donald J. Trump","realDonaldTrump","7411362","4028","19141","443","127207","1122","2024-11-05 06:50:17","https://x.com/realDonaldTrump/status/1853570492805881884","<a href=""http://twitter.com/download/iphone"" rel=""nofollow"">Twitter for iPhone</a>","#FightForAmerica","","video","https://video.twimg.com/amplify_video/1853559388595683328/vid/avc1/1280x720/PY2PgRN4kYAyLDa3.mp4?tag=14"
"1853515403106099557","https://t.co/9PSLDwcIvq","zxx","Tweet","Donald J. Trump","realDonaldTrump","31199618","10652","62698","3707","423530","13212","2024-11-05 03:11:23","https://x.com/realDonaldTrump/status/1853515403106099557","<a href=""http://twitter.com/download/iphone"" rel=""nofollow"">Twitter for iPhone</a>","","","video","https://video.twimg.com/amplify_video/1852907918057766912/vid/avc1/1280x720/ZW8JoUCGp1a-pd0b.mp4?tag=14"
"1853497606476898642","We are just ONE DAY AWAY from what will be the most important political event in the history of our Country—but you have to GET OUT AND VOTE! Together, WE will MAKE AMERICA GREAT AGAIN!!! https://t.co/Xt7VkqTXhF","en","Tweet","Donald J. Trump","realDonaldTrump","12963589","8492","35597","1115","228271","1882","2024-11-05 02:00:40","https://x.com/realDonaldTrump/status/1853497606476898642","<a href=""http://twitter.com/download/iphone"" rel=""nofollow"">Twitter for iPhone</a>","","","video","https://video.twimg.com/amplify_video/1853492283179483136/vid/avc1/1280x720/sKzw-TO2UqDjkPOx.mp4?tag=14"
"1853440835062575163","VOTE TRUMP. No matter what state you live in, do NOT vote for me. Let's get President Trump back in the White House and me to Washington so we can Make America Healthy Again, end the forever wars, and protect our civil liberties. 🇺🇸 https://t.co/uwXOQllZIQ","en","Retweet","Robert F. Kennedy Jr","RobertKennedyJr","46642699","6414","43028","2366","181611","4258","2024-11-04 22:15:05","https://x.com/RobertKennedyJr/status/1853440835062575163","<a href=""http://twitter.com/download/iphone"" rel=""nofollow"">Twitter for iPhone</a>","","","video","https://video.twimg.com/amplify_video/1853440707186630656/vid/avc1/1280x720/HTdrEwHM_B5NSmIv.mp4?tag=16"
"1853452986854367694","https://t.co/czQRkZmr59 
#FightForAmerica https://t.co/ucHm11wySj","qme","Tweet","Donald J. Trump","realDonaldTrump","6301215","3803","20920","990","74220","3171","2024-11-04 23:03:22","https://x.com/realDonaldTrump/status/1853452986854367694","<a href=""http://twitter.com/download/iphone"" rel=""nofollow"">Twitter for iPhone</a>","#FightForAmerica","http://SwampTheVoteUSA.com","video","https://video.twimg.com/amplify_video/1853452834995400704/vid/avc1/1920x1080/z9mhl6L5WgbXUs2i.mp4?tag=16"
"1853446955176718678","MAKE AMERICA GREAT AGAIN! https://t.co/czQRkZmr59 
#FightForAmerica https://t.co/KT1SzCpQpt","en","Tweet","Donald J. Trump","realDonaldTrump","16935676","11924","37651","2274","194125","4123","2024-11-04 22:39:24","https://x.com/realDonaldTrump/status/1853446955176718678","<a href=""http://twitter.com/download/iphone"" rel=""nofollow"">Twitter for iPhone</a>","#FightForAmerica","http://SwampTheVoteUSA.com","video","https://video.twimg.com/amplify_video/1853446877905088512/vid/avc1/1278x720/REBaqUG61SHbpjZC.mp4?tag=16"
"1853440314591134016","https://t.co/SK1UHPYZwT","zxx","Tweet","Donald J. Trump","realDonaldTrump","8166390","2976","13850","318","63326","1119","2024-11-04 22:13:00","https://x.com/realDonaldTrump/status/1853440314591134016","<a href=""http://twitter.com/download/iphone"" rel=""nofollow"">Twitter for iPhone</a>","","","video","https://video.twimg.com/amplify_video/1853440262132953088/vid/avc1/1280x720/k41Vtgqbubyd10qD.mp4?tag=16"
"1853427785894678531","https://t.co/gZ1J89f1Nv","zxx","Tweet","Donald J. Trump","realDonaldTrump","32158039","9894","58878","3138","361236","16479","2024-11-04 21:23:13","https://x.com/realDonaldTrump/status/1853427785894678531","<a href=""http://twitter.com/download/iphone"" rel=""nofollow"">Twitter for iPhone</a>","","","video","https://video.twimg.com/amplify_video/1853427733469990912/vid/avc1/640x360/95FfadQ26t3q8qbg.mp4?tag=16"
"1853325580869013583","A great day in Pennsylvania, North Carolina, and Georgia—THANK YOU! 

Everyone be sure to get out and VOTE!  Go to: https://t.co/czQRkZmr59 https://t.co/jmCyp7uTSu","en","Tweet","Donald J. Trump","realDonaldTrump","6649658","5379","19061","481","105082","980","2024-11-04 14:37:06","https://x.com/realDonaldTrump/status/1853325580869013583","<a href=""http://twitter.com/download/iphone"" rel=""nofollow"">Twitter for iPhone</a>","","http://SwampTheVoteUSA.com","video","https://video.twimg.com/amplify_video/1853325427257016320/vid/avc1/1366x720/hhfU4emo9HdbJcYg.mp4?tag=16"
"1853279976193507602","Mimi Ramirez-Rodriguez was kidnapped and murdered by an illegal alien—leaving behind a 9 year-old girl. I met her grieving mom Carmen tonight in Georgia. With your vote Tuesday, we will end Kamala’s invasion and we will not allow illegals to spill one more drop of American blood. https://t.co/BEt6r0LvNy","en","Tweet","Donald J. Trump","realDonaldTrump","11388272","5285","31384","780","144752","2077","2024-11-04 11:35:53","https://x.com/realDonaldTrump/status/1853279976193507602","<a href=""http://twitter.com/download/iphone"" rel=""nofollow"">Twitter for iPhone</a>","","","video","https://video.twimg.com/amplify_video/1853276203605749760/vid/avc1/1920x1080/Vb7KegQr2p6CA0Wd.mp4?tag=16"
"1853271833186800050","I was thrilled to be back in GEORGIA tonight, with thousands of proud, hardworking American Patriots! We are just two days away from what will be the most important political event in the history of our Country—but you have to GET OUT AND VOTE! https://t.co/BnPJun9DXC","en","Tweet","Donald J. Trump","realDonaldTrump","6961149","4819","22957","484","141231","1226","2024-11-04 11:03:31","https://x.com/realDonaldTrump/status/1853271833186800050","<a href=""http://twitter.com/download/iphone"" rel=""nofollow"">Twitter for iPhone</a>","","","video","https://video.twimg.com/amplify_video/1853269321927335936/vid/avc1/1280x720/CKtG_mA9M0D1DCj-.mp4?tag=14"
"1853116147341967534","It's the people that Make America Great 🇺🇸 Unity 2024 https://t.co/26YxgpBbFA","en","Retweet","Nicole Shanahan","NicoleShanahan","7717948","5758","31580","4860","99413","9104","2024-11-04 00:44:53","https://x.com/NicoleShanahan/status/1853116147341967534","<a href=""https://studio.twitter.com"" rel=""nofollow"">Twitter Media Studio</a>","","","video","https://video.twimg.com/amplify_video/1852907918057766912/vid/avc1/1280x720/ZW8JoUCGp1a-pd0b.mp4?tag=14"
"1853224673355472975","https://t.co/czQRkZmr59 https://t.co/n9O9bZbQur","zxx","Tweet","Donald J. Trump","realDonaldTrump","6078013","3436","16806","511","70483","1210","2024-11-04 07:56:08","https://x.com/realDonaldTrump/status/1853224673355472975","<a href=""http://twitter.com/download/iphone"" rel=""nofollow"">Twitter for iPhone</a>","","http://SwampTheVoteUSA.com","video","https://video.twimg.com/amplify_video/1853224524919250944/vid/avc1/1920x1080/QGhK2Ux23QFdE3JB.mp4?tag=16"
"1853217640032223660","KAMALA BROKE IT, BUT I WILL FIX IT! With your VOTE, inflation will END. The border will be SAFE &amp; SECURE. We will have PEACE across the globe. WITH YOUR VOTE, AMERICA WILL ENTER A NEW GOLDEN AGE! Vote TRUMP to MAKE AMERICA GREAT AGAIN! #BringBackTrump https://t.co/q8n2Y21PYw","en","Tweet","Donald J. Trump","realDonaldTrump","11728023","6585","29203","937","138568","1682","2024-11-04 07:28:11","https://x.com/realDonaldTrump/status/1853217640032223660","<a href=""http://twitter.com/download/iphone"" rel=""nofollow"">Twitter for iPhone</a>","#BringBackTrump","","video","https://video.twimg.com/amplify_video/1853217163454332928/vid/avc1/1280x720/4akA0qL0gDTZQvJF.mp4?tag=16"
"1853211419090854019","CALIFORNIA! Early Voting ends tomorrow! Let's make this election #TooBigToRig! https://t.co/0g7DLPeh2F https://t.co/1dziCPrWYE","en","Tweet","Donald J. Trump","realDonaldTrump","5254835","2736","10873","332","53521","414","2024-11-04 07:03:27","https://x.com/realDonaldTrump/status/1853211419090854019","<a href=""http://twitter.com/download/iphone"" rel=""nofollow"">Twitter for iPhone</a>","#TooBigToRig","http://vote.donaldjtrump.com/ca","photo","https://pbs.twimg.com/media/Gbft6dPbUAA3Mvs.jpg"
"1853211213133689205","MONTANA! You have until tomorrow to vote in-person and request your absentee ballot! Let's #SwampTheVote! https://t.co/azx46QiJo0 https://t.co/zGMIaZOLcf","en","Tweet","Donald J. Trump","realDonaldTrump","3334044","1593","8588","158","34799","185","2024-11-04 07:02:38","https://x.com/realDonaldTrump/status/1853211213133689205","<a href=""http://twitter.com/download/iphone"" rel=""nofollow"">Twitter for iPhone</a>","#SwampTheVote","http://vote.donaldjtrump.com/mt","photo","https://pbs.twimg.com/media/GbfttLDbUAATW-R.jpg"
"1853210872631746636","NEBRASKA! In-person Early Voting ends tomorrow. Get out and vote! Together, we'll make this election #TooBigToRig!
https://t.co/fpykjyATCW https://t.co/OgEhM81Eol","en","Tweet","Donald J. Trump","realDonaldTrump","3191375","1755","7668","218","31719","201","2024-11-04 07:01:17","https://x.com/realDonaldTrump/status/1853210872631746636","<a href=""http://twitter.com/download/iphone"" rel=""nofollow"">Twitter for iPhone</a>","#TooBigToRig","http://trumpvote24.com/ne","photo","https://pbs.twimg.com/media/GbftZrhboAAV7pd.jpg"
"1852800758397415708","At Trump rallies, we don't tell Christians to get lost - we tell Christians to vote. It's time to stand up and reclaim our religious freedoms! Christians, this November 5th, get out and vote! #TooBigToRig 

https://t.co/eHpQYpgYbZ https://t.co/HDOHTeerH1","en","Retweet","Team Trump (Text TRUMP to 88022)","TeamTrump","1576706","930","4546","123","17591","268","2024-11-03 03:51:38","https://x.com/TeamTrump/status/1852800758397415708","<a href=""https://mobile.twitter.com"" rel=""nofollow"">Twitter Web App</a>","#TooBigToRig","http://believers.donaldjtrump.com","video","https://video.twimg.com/ext_tw_video/1852800597533302784/pu/vid/avc1/1280x720/9vtIFb745hlc9rBJ.mp4?tag=12"
"1853207952733450273","With your vote on Tuesday, I WILL END INFLATION, I WILL STOP THE INVASION OF CRIMINALS COMING INTO OUR COUNTRY, and I WILL BRING BACK THE AMERICAN DREAM!

Thank you—North Carolina, I love you! #MAGA https://t.co/wm847ziWMU","en","Tweet","Donald J. Trump","realDonaldTrump","18420401","14343","52146","1830","347187","3291","2024-11-04 06:49:41","https://x.com/realDonaldTrump/status/1853207952733450273","<a href=""http://twitter.com/download/iphone"" rel=""nofollow"">Twitter for iPhone</a>","#MAGA","","video","https://video.twimg.com/amplify_video/1853205886938095616/vid/avc1/1280x720/BwFGxWOv3DugkDHk.mp4?tag=14"
"1853145105521340748","https://t.co/WdmEhpHDeA","zxx","Tweet","Donald J. Trump","realDonaldTrump","11230965","5586","17312","782","78274","2419","2024-11-04 02:39:57","https://x.com/realDonaldTrump/status/1853145105521340748","<a href=""http://twitter.com/download/iphone"" rel=""nofollow"">Twitter for iPhone</a>","","","video","https://video.twimg.com/amplify_video/1850561366886588416/vid/avc1/1920x1080/cZFZ1pE3oNWb9a8R.mp4?tag=16"
"1853144777593954468","https://t.co/9eVxITqqZl","zxx","Tweet","Donald J. Trump","realDonaldTrump","9932131","2894","17029","647","74279","1691","2024-11-04 02:38:39","https://x.com/realDonaldTrump/status/1853144777593954468","<a href=""http://twitter.com/download/iphone"" rel=""nofollow"">Twitter for iPhone</a>","","","video","https://video.twimg.com/amplify_video/1850959250677198848/vid/avc1/1280x720/brJbwzzbErZZgA3p.mp4?tag=16"
"1853094903498031279","https://t.co/BaOva7eFrF","zxx","Tweet","Donald J. Trump","realDonaldTrump","10589320","3808","19712","465","88194","1804","2024-11-03 23:20:28","https://x.com/realDonaldTrump/status/1853094903498031279","<a href=""http://twitter.com/download/iphone"" rel=""nofollow"">Twitter for iPhone</a>","","","video","https://video.twimg.com/amplify_video/1853094724758061056/vid/avc1/1278x720/y25TNLaXNAqIJhoM.mp4?tag=16"
"1852873888956567844","WHEN WE GET KNOCKED DOWN, WE DON’T STAY DOWN—WE GET UP AGAIN…

FIGHT!

FIGHT!!

FIGHT!!!

https://t.co/czQRkZmYUH https://t.co/yEXLPcsoYu","en","Retweet","Donald J. Trump","realDonaldTrump","11641598","10339","51402","2762","260260","5462","2024-11-03 08:42:14","https://x.com/realDonaldTrump/status/1852873888956567844","<a href=""http://twitter.com/download/iphone"" rel=""nofollow"">Twitter for iPhone</a>","","http://SwampTheVoteUSA.com","video","https://video.twimg.com/amplify_video/1852873810976083968/vid/avc1/1280x720/8_zzGslKfvjZlm2s.mp4?tag=16"
"1852945058305114396","As we rescue our economy, I will also restore our borders. Over the past 4 years, Kamala has orchestrated the most egregious betrayal that any leader in American history has ever inflicted on our people. She has violated her oath, eradicated our sovereign border, and unleashed an army of gangs and criminal migrants from prisons and jails, insane asylums and mental institutions around the world, from Venezuela to the Congo—stealing countless American lives.","en","Tweet","Donald J. Trump","realDonaldTrump","22737058","8723","31846","995","181278","1964","2024-11-03 13:25:02","https://x.com/realDonaldTrump/status/1852945058305114396","<a href=""http://twitter.com/download/iphone"" rel=""nofollow"">Twitter for iPhone</a>","","","",""
"1852944751370109241","If Kamala wins, you are 3 days away from the start of a 1929-style economic depression. If I win, you are 3 days away from the best jobs, the biggest paychecks, and the brightest economic future the world has ever seen.

Kamala’s inflation nightmare has cost the typical American family $30,000 dollars in higher prices—and now, she wants to impose the largest tax hike in American history, and raise your taxes by $3,000 dollars a year. 

I will massively cut taxes for workers and small businesses—and we will have NO TAX ON TIPS, NO TAX ON OVERTIME, and NO TAX ON SOCIAL SECURITY benefits!","en","Tweet","Donald J. Trump","realDonaldTrump","66096814","37366","94611","7918","648911","15339","2024-11-03 13:23:49","https://x.com/realDonaldTrump/status/1852944751370109241","<a href=""http://twitter.com/download/iphone"" rel=""nofollow"">Twitter for iPhone</a>","","","",""
"1852928257261555738","https://t.co/xE7d8Uo6qz","zxx","Tweet","Donald J. Trump","realDonaldTrump","36856689","15695","40838","2963","315387","6351","2024-11-03 12:18:16","https://x.com/realDonaldTrump/status/1852928257261555738","<a href=""http://twitter.com/download/iphone"" rel=""nofollow"">Twitter for iPhone</a>","","","photo","https://pbs.twimg.com/media/Gbbsa7MaIAAq4xn.jpg"
"1852918109457518929","Three beautiful MAGA RALLIES today in Gastonia, North Carolina, followed by Salem, Virginia—and this evening in Greensboro, North Carolina! On Tuesday, you have to stand up, and you have to tell Kamala that you’ve had enough, you can’t take anymore, “Kamala Harris, You’re Fired!” https://t.co/IUVfbyUUAC","en","Tweet","Donald J. Trump","realDonaldTrump","8648512","7448","31206","794","161721","1762","2024-11-03 11:37:57","https://x.com/realDonaldTrump/status/1852918109457518929","<a href=""http://twitter.com/download/iphone"" rel=""nofollow"">Twitter for iPhone</a>","","","video","https://video.twimg.com/amplify_video/1852916944388923392/vid/avc1/1280x720/b7d5iq3BIoR02BWy.mp4?tag=16"
"1852915920567681509","THANK YOU—GREENSBORO, NORTH CAROLINA! #MAGA https://t.co/qf8zsEyeMG","en","Tweet","Donald J. Trump","realDonaldTrump","8443528","3461","15331","316","112102","952","2024-11-03 11:29:15","https://x.com/realDonaldTrump/status/1852915920567681509","<a href=""http://twitter.com/download/iphone"" rel=""nofollow"">Twitter for iPhone</a>","#MAGA","","video","https://video.twimg.com/amplify_video/1852910526348877824/vid/avc1/1280x720/fTBCx5Tz5n8mSFvf.mp4?tag=14"
"1852873888956567844","WHEN WE GET KNOCKED DOWN, WE DON’T STAY DOWN—WE GET UP AGAIN…

FIGHT!

FIGHT!!

FIGHT!!!

https://t.co/czQRkZmYUH https://t.co/yEXLPcsoYu","en","Tweet","Donald J. Trump","realDonaldTrump","11641598","10339","51402","2762","260260","5462","2024-11-03 08:42:14","https://x.com/realDonaldTrump/status/1852873888956567844","<a href=""http://twitter.com/download/iphone"" rel=""nofollow"">Twitter for iPhone</a>","","http://SwampTheVoteUSA.com","video","https://video.twimg.com/amplify_video/1852873810976083968/vid/avc1/1280x720/8_zzGslKfvjZlm2s.mp4?tag=16"
"1852873106357957028","IF YOU HAVEN’T VOTED YET, PLEASE CLICK THE LINK BELOW TO MAKE YOUR PLAN. We can’t afford to take ANY chances—YOU MUST VOTE! Stand with me with your vote and with your voice. Together, WE WILL MAKE AMERICA GREAT AGAIN! #StandWithTrump https://t.co/czQRkZmr59","en","Tweet","Donald J. Trump","realDonaldTrump","5969401","3735","14013","437","58753","458","2024-11-03 08:39:07","https://x.com/realDonaldTrump/status/1852873106357957028","<a href=""http://twitter.com/download/iphone"" rel=""nofollow"">Twitter for iPhone</a>","#StandWithTrump","http://SwampTheVoteUSA.com","",""
"1852868249492345218","OHIO! You have until tomorrow to vote early in-person! We need to make this election #TooBigToRig! https://t.co/vCq8PtebJ4 https://t.co/y7FmVf9M3d","en","Tweet","Donald J. Trump","realDonaldTrump","3858067","2628","10754","287","45345","274","2024-11-03 08:19:49","https://x.com/realDonaldTrump/status/1852868249492345218","<a href=""http://twitter.com/download/iphone"" rel=""nofollow"">Twitter for iPhone</a>","#TooBigToRig","http://vote.donaldjtrump.com/oh","photo","https://pbs.twimg.com/media/Gba1zj_awAAkdYI.jpg"
"1852867994721947971","NEW YORK! In-person early voting ends tomorrow! Let's #SwampTheVote and make this election #TooBigToRig! https://t.co/nRCsdCSvkK https://t.co/vwcg4xJb08","en","Tweet","Donald J. Trump","realDonaldTrump","3173764","2048","8385","215","34107","230","2024-11-03 08:18:49","https://x.com/realDonaldTrump/status/1852867994721947971","<a href=""http://twitter.com/download/iphone"" rel=""nofollow"">Twitter for iPhone</a>","#SwampTheVote, #TooBigToRig","https://vote.donaldjtrump.com/ny/","photo","https://pbs.twimg.com/media/Gba1j1Ka0AAqtum.jpg"
"1852867085556191691","It was hardworking PATRIOTS like you who built this Country—and 3 days from now, it is hardworking PATRIOTS like you who are going to SAVE our Country!

THANK YOU, VIRGINIA! https://t.co/otRQ8frX9F","en","Tweet","Donald J. Trump","realDonaldTrump","9296593","4339","16142","412","92945","921","2024-11-03 08:15:12","https://x.com/realDonaldTrump/status/1852867085556191691","<a href=""http://twitter.com/download/iphone"" rel=""nofollow"">Twitter for iPhone</a>","","","video","https://video.twimg.com/amplify_video/1852862614361309184/vid/avc1/1280x720/eue9Uv1yGEDTKhve.mp4?tag=14"
"1852797733595172974","Today, I was thrilled to be back in beautiful North Carolina, with thousands of proud, hardworking American Patriots! With your VOTE on Tuesday, I WILL END INFLATION, I WILL STOP THE INVASION, and I WILL BRING BACK THE AMERICAN DREAM! https://t.co/czQRkZmr59 https://t.co/9rsDIB1YK4","en","Tweet","Donald J. Trump","realDonaldTrump","11709053","5236","20785","446","111811","762","2024-11-03 03:39:37","https://x.com/realDonaldTrump/status/1852797733595172974","<a href=""http://twitter.com/download/iphone"" rel=""nofollow"">Twitter for iPhone</a>","","http://SwampTheVoteUSA.com","photo","https://pbs.twimg.com/media/GbZ1sUDagAAWKPe.jpg
https://pbs.twimg.com/media/GbZ1sUMawAAq2Zi.jpg
https://pbs.twimg.com/media/GbZ1sUUb0AAHBtA.jpg
https://pbs.twimg.com/media/GbZ1sUPbYAA0bxo.jpg"
"1852793440427233631","The United States is now an OCCUPIED COUNTRY, but it will soon be an occupied country no longer. November 5th, 2024 will be LIBERATION DAY in America! #VOTE https://t.co/QRZgJF7J2F","en","Quoted","Donald J. Trump","realDonaldTrump","23144821","7201","37262","1420","207486","2647","2024-11-03 03:22:34","https://x.com/realDonaldTrump/status/1852793440427233631","<a href=""http://twitter.com/download/iphone"" rel=""nofollow"">Twitter for iPhone</a>","#VOTE","","video","https://video.twimg.com/amplify_video/1852791322618527744/vid/avc1/1280x720/LXRbzeHBlYypff1o.mp4?tag=14"
"1852793440427233631","The United States is now an OCCUPIED COUNTRY, but it will soon be an occupied country no longer. November 5th, 2024 will be LIBERATION DAY in America! #VOTE https://t.co/QRZgJF7J2F","en","Tweet","Donald J. Trump","realDonaldTrump","23144821","7201","37262","1420","207486","2647","2024-11-03 03:22:34","https://x.com/realDonaldTrump/status/1852793440427233631","<a href=""http://twitter.com/download/iphone"" rel=""nofollow"">Twitter for iPhone</a>","#VOTE","","video","https://video.twimg.com/amplify_video/1852791322618527744/vid/avc1/1280x720/LXRbzeHBlYypff1o.mp4?tag=14"
"1852747752813265335","MY PROMISES TO AMERICA!
https://t.co/czQRkZmr59 https://t.co/kivoUYxG5B","en","Tweet","Donald J. Trump","realDonaldTrump","6642645","5037","17652","632","71077","1404","2024-11-03 00:21:01","https://x.com/realDonaldTrump/status/1852747752813265335","<a href=""http://twitter.com/download/iphone"" rel=""nofollow"">Twitter for iPhone</a>","","http://SwampTheVoteUSA.com","video","https://video.twimg.com/amplify_video/1852747678566019072/vid/avc1/1280x720/1Je1mf5NK9zJr7lG.mp4?tag=16"
"1852572937842282854","A GREAT DAY IN MICHIGAN &amp; WISCONSIN, THANK YOU—MAGA2024! https://t.co/czQRkZmr59 https://t.co/bo4SmHsvQF","en","Tweet","Donald J. Trump","realDonaldTrump","10970167","5436","14804","367","89073","998","2024-11-02 12:46:22","https://x.com/realDonaldTrump/status/1852572937842282854","<a href=""http://twitter.com/download/iphone"" rel=""nofollow"">Twitter for iPhone</a>","","http://SwampTheVoteUSA.com","video","https://video.twimg.com/amplify_video/1852572629711921152/vid/avc1/1920x1080/7pskTtwLOI7zK8a3.mp4?tag=16"
